X,Y,id,obec,datum,komunikace,komunika_1,zavineni,ridic_kate,ridic_ovli,vinik_alko,ridic_stav,obeti_usmr,obeti_lehc,obeti_tezc,vozidel_ce,vinik_vozi,vinik_vo_1,skoda,unik_hmot,vinik_vo_2,vinik_vo_3,vinik_vo_4,vinik_skod,vyprosteni,nehoda_cha,srazka_voz,hlavni_pri,povrch_sta,meteo,rozhled,nehoda_pol,prednost_v,smerove_po,druh_krizu,smer_jizdy,nehoda_dru,pevna_prek,povrch_dru,komunika_2,viditelnos,komunika_3,rizeni_pro,objekty,misto_neho,smyk,neighbors_TargetID,neighbors_Distance,neighbors_prejezdy-dec_Název definičního úseku,neighbors_prejezdy-dec_Žkm přejezdu,neighbors_prejezdy-dec_Přejezd s trolejovým vedením,neighbors_prejezdy-dec_Třída pozemní komunikace,neighbors_prejezdy-dec_Číslo pozemní komunikace,neighbors_prejezdy-dec_Místní název přejezdu,neighbors_prejezdy-dec_Zeměpisná šířka,neighbors_prejezdy-dec_Zeměpisná délka,neighbors_prejezdy-dec_field_10,neighbors_prejezdy-dec_field_11
12.395948339008861,50.092893269423264,190206130051,Cheb (Karlovarský kraj),2013-02-18 18:30:00,silnice 3.třídy,21226,řidičem motorového vozidla,s řidičským oprávněním skupiny b,řidič nebyl ovlivněn,ne,dobrý -žádné nepříznivé okolnosti nebyly zjištěny,0,1,0,1,PEUGEOT,nedošlo k požáru,150,"došlo k úniku pohonných hmot, oleje, chl",osobní automobil bez přívěsu,1998,"soukromé, nevyužívané k výdělečné činnos",150,nebylo třeba užít násilí,nehoda s následky na životě nebo zdraví,"nepřichází v úvahu, nejde o srážku jedou","nepř. rychlosti stavu vozovky (náledí, výtluky, bláto, mokrý povrch apod.)",povrch mokrý,neztížené,dobré,mimo komunikaci,přednost vyznačena dopravními značkami,zatáčka,neurčeno,jedoucí - proti směru staničení na komun,srážka s pevnou překážkou,"jiná překážka (zábradlí,oplocení,násep,n",živice,"dobrý, bez závad","v noci - s veřejným osvětlením,viditelno",dvoupruhová,místní úprava (vyplní se pol. 24),železniční přejezd zabezpečený,mimo křižovatku,ano,P100,7.20071164617,Tršnice - Cheb (klášterecké staničení),"234,565",Ano,III.,21226,Hradiště,50° 05' 34.51476'' N,12° 23' 45.75966'' E,50.09292,12.39604
12.69846565414508,49.955826812285032,190206130170,Mariánské Lázně (Karlovarský kraj),2013-06-22 21:20:00,silnice 3.třídy,2110,řidičem motorového vozidla,s řidičským oprávněním skupiny b,řidič nebyl ovlivněn,"ano, obsah alkoholu v&nbsp;krvi 1,5‰ a více",pod vlivem alkoholu obsah alkoholu v krvi 1‰ a více,0,1,0,1,RENAULT,nedošlo k požáru,510,"došlo k úniku pohonných hmot, oleje, chl",osobní automobil bez přívěsu,2010,"soukromá organizace (podnikatel, s.r.o.,",500,nebylo třeba užít násilí,nehoda s následky na životě nebo zdraví,"nepřichází v úvahu, nejde o srážku jedou",jiný druh nesprávného způsobu jízdy,"povrch suchý, neznečistěný",neztížené,dobré,na krajnici,žádná místní úprava,přímý úsek po projetí zatáčkou (do vzdál,neurčeno,jedoucí - ve směru staničení na komunika,jiný druh nehody,"nepřichází v úvahu, nejde o srážku s pev",živice,"dobrý, bez závad","ve dne, viditelnost nezhoršená vlivem po",dvoupruhová,žádný způsob řízení provozu,železniční přejezd zabezpečený,mimo křižovatku,ne,P301,6.15063684023,Chodová Planá - Mariánské Lázně,"424,316",Ano,III.,2110,U nádraží,49° 57' 20.79846'' N,12° 41' 54.30176'' E,49.95578,12.69842
12.779708743122322,50.271408935972332,190306130018,Nová Role (Karlovarský kraj),2013-01-11 14:03:00,komunikace místní,0,řidičem motorového vozidla,s řidičským oprávněním skupiny b,řidič nebyl ovlivněn,ne,dobrý -žádné nepříznivé okolnosti nebyly zjištěny,0,0,0,2,IVECO,nedošlo k požáru,2000,žádné z uvedených,"nákladní automobil (včetně multikáry, au",2004,"soukromá organizace (podnikatel, s.r.o.,",1500,nebylo třeba užít násilí,nehoda pouze s hmotnou škodou,z boku,jiné nedání přednosti,povrch mokrý,neztížené,dobré,na jízdním pruhu,žádná místní úprava,zatáčka,neurčeno,vozidlo jedoucí - na komunikaci bez stan,srážka s vlakem,"nepřichází v úvahu, nejde o srážku s pev",živice,"dobrý, bez závad","ve dne, viditelnost nezhoršená vlivem po",dvoupruhová,světelným signalizačním zařízením,železniční přejezd zabezpečený,mimo křižovatku,ne,P156,4.34049011135,SEDLECKÝ KAOLIN Božičany - Nová Role,"6,212",Ne,C,,,50° 16' 17.13233'' N,12° 46' 47.14035'' E,50.27143,12.77976
12.762315847194566,50.238800983948273,190306130023,Mírová (Karlovarský kraj),2013-01-18 14:50:00,silnice 2.třídy,222,řidičem motorového vozidla,s řidičským oprávněním skupiny b,řidič nebyl ovlivněn,ne,dobrý -žádné nepříznivé okolnosti nebyly zjištěny,0,0,0,2,ŠKODA,nedošlo k požáru,2000,"došlo k úniku pohonných hmot, oleje, chl",osobní automobil bez přívěsu,2010,"soukromé, nevyužívané k výdělečné činnos",1500,nebylo třeba užít násilí,nehoda pouze s hmotnou škodou,z boku,jiné nedání přednosti,povrch mokrý,neztížené,dobré,na jízdním pruhu,přednost nevyznačena - vyplývá z pravide,přímý úsek,neurčeno,jedoucí - proti směru staničení na komun,srážka s vlakem,"nepřichází v úvahu, nejde o srážku s pev",živice,"dobrý, bez závad","ve dne, viditelnost nezhoršená vlivem po",dvoupruhová,místní úprava (vyplní se pol. 24),železniční přejezd zabezpečený,mimo křižovatku,ne,P255,46.6975986741,Chodov-staniční kolejiště - CHODOS,"1,919",Ne,II.,222,,50° 14' 20.25183'' N,12° 45' 42.17042'' E,50.23896,12.76171
12.849922920282737,50.22857089631519,190306130169,Karlovy Vary (Karlovarský kraj),2013-04-04 16:43:00,komunikace místní,0,řidičem motorového vozidla,s řidičským oprávněním skupiny b,řidič nebyl ovlivněn,ne,dobrý -žádné nepříznivé okolnosti nebyly zjištěny,0,5,0,4,RENAULT,nedošlo k požáru,800,"došlo k úniku pohonných hmot, oleje, chl",osobní automobil bez přívěsu,1999,"soukromé, nevyužívané k výdělečné činnos",400,nebylo třeba užít násilí,nehoda s následky na životě nebo zdraví,zezadu,nedodržení bezpečné vzdálenosti za vozidlem,"povrch suchý, neznečistěný",neztížené,dobré,na jízdním pruhu,žádná místní úprava,přímý úsek,neurčeno,vozidlo jedoucí - na komunikaci bez stan,srážka s jedoucím nekolejovým vozidlem,"nepřichází v úvahu, nejde o srážku s pev",živice,"dobrý, bez závad","ve dne, viditelnost nezhoršená vlivem po",dvoupruhová,žádný způsob řízení provozu,železniční přejezd zabezpečený,mimo křižovatku,ne,P394,6.28767050042,Karlovy Vary-Březová - Karlovy Vary dol.n.,"52,314",Ne,A,,,50° 13' 42.90821'' N,12° 50' 59.40832'' E,50.22859,12.84984
12.858157021699313,49.976800268978636,190306130245,Teplá (Karlovarský kraj),2013-05-14 21:15:00,silnice 2.třídy,198,řidičem motorového vozidla,s řidičským oprávněním skupiny b,řidič nebyl ovlivněn,ne,dobrý -žádné nepříznivé okolnosti nebyly zjištěny,0,0,0,1,VOLKSWAGEN,nedošlo k požáru,100,žádné z uvedených,osobní automobil bez přívěsu,2009,ministerstvo vnitra,100,nebylo třeba užít násilí,nehoda pouze s hmotnou škodou,"nepřichází v úvahu, nejde o srážku jedou",jiný druh nepřiměřené rychlosti,"povrch suchý, neznečistěný",neztížené,dobré,na jízdním pruhu,žádná místní úprava,přímý úsek,neurčeno,jedoucí - ve směru staničení na komunika,jiný druh nehody,"nepřichází v úvahu, nejde o srážku s pev",živice,nesouvislé výtluky,"v noci - bez veřejného osvětlení,viditel",dvoupruhová,žádný způsob řízení provozu,železniční přejezd zabezpečený,mimo křižovatku,ne,P366,3.52667756129,Teplá - Poutnov,"18,85",Ne,II.,198,,49° 58' 36.57134'' N,12° 51' 29.31593'' E,49.97683,12.85814
12.790420510887985,50.235146259630909,190306130531,Jenišov (Karlovarský kraj),2013-09-09 23:05:00,silnice 3.třídy,2226,řidičem motorového vozidla,s řidičským oprávněním skupiny b,řidič nebyl ovlivněn,ne,dobrý -žádné nepříznivé okolnosti nebyly zjištěny,0,0,0,1,ŠKODA,nedošlo k požáru,60,žádné z uvedených,osobní automobil bez přívěsu,1998,"soukromé, nevyužívané k výdělečné činnos",50,nebylo třeba užít násilí,nehoda pouze s hmotnou škodou,"nepřichází v úvahu, nejde o srážku jedou","nepř. rychlosti stavu vozovky (náledí, výtluky, bláto, mokrý povrch apod.)",povrch mokrý,neztížené,dobré,mimo komunikaci,žádná místní úprava,zatáčka,neurčeno,jedoucí - proti směru staničení na komun,srážka s pevnou překážkou,"jiná překážka (zábradlí,oplocení,násep,n",živice,"dobrý, bez závad","v noci - bez veřejného osvětlení,viditel",dvoupruhová,žádný způsob řízení provozu,železniční přejezd zabezpečený,mimo křižovatku,ne,P85,1.67255870664,Karlovy Vary-Dvory - Chodov-karlovarské zhlaví,"193,244",Ano,III.,2226,,50° 14' 06.58149'' N,12° 47' 25.55177'' E,50.23516,12.79043
12.748906667515525,50.192285612801186,190906120433,Loket (Karlovarský kraj),2012-12-26 02:45:00,silnice 2.třídy,209,řidičem motorového vozidla,nezjištěno,jiné ovlivnění,nezjišťováno,jiný nepříznivý stav,0,1,0,1,žádná z uvedených,žádná z uvedených,20,žádné z uvedených,"nezjištěno, řidič ujel",,žádná z uvedených,0,žádná z uvedených,nehoda s následky na životě nebo zdraví,"nepřichází v úvahu, nejde o srážku jedou",jiný druh nesprávného způsobu jízdy,povrch mokrý,neztížené,dobré,na jízdním pruhu,přednost vyznačena dopravními značkami,křižovatka styková - tříramenná,místní komunikace,žádná z uvedených,srážka s chodcem,"nepřichází v úvahu, nejde o srážku s pev",živice,"dobrý, bez závad","v noci - s veřejným osvětlením,viditelno",dvoupruhová,místní úprava (vyplní se pol. 24),železniční přejezd zabezpečený,"na křižovatce, uvnitř hranic křižovatky",ne,P405,1.3440197178,Loket - Nové Sedlo u Lokte,"15,61",Ne,II.,209,,50° 11' 32.21638'' N,12° 44' 56.00634'' E,50.19228,12.74889
12.496850320795373,50.340389596711759,190906130057,Kraslice (Karlovarský kraj),2013-02-15 15:10:00,komunikace místní,0,řidičem motorového vozidla,s řidičským oprávněním skupiny c,řidič nebyl ovlivněn,ne,dobrý -žádné nepříznivé okolnosti nebyly zjištěny,0,0,0,1,MERCEDES,nedošlo k požáru,50,žádné z uvedených,"nákladní automobil (včetně multikáry, au",2010,"soukromá organizace (podnikatel, s.r.o.,",0,nebylo třeba užít násilí,nehoda pouze s hmotnou škodou,"nepřichází v úvahu, nejde o srážku jedou",nesprávné otáčení nebo couvání,"na vozovce je náledí, ujetý sníh - nepos",neztížené,dobré,na krajnici,přednost vyznačena dopravními značkami,zatáčka,neurčeno,vozidlo jedoucí - na komunikaci bez stan,srážka s pevnou překážkou,"odrazník, patník, sloupek, dopr.značky a",živice,"dobrý, bez závad","ve dne, viditelnost nezhoršená vlivem po",žádná z uvedených,místní úprava (vyplní se pol. 24),železniční přejezd zabezpečený,mimo křižovatku,ne,P147,5.71905175248,Kraslice - Kraslice st.hr.,"24,791",Ne,MK,,,50° 20' 25.53321'' N,12° 29' 48.83349'' E,50.34043,12.4969
12.568251710540894,50.135790275824661,190906130222,Dasnice (Karlovarský kraj),2013-07-07 23:59:00,komunikace místní,0,řidičem motorového vozidla,nezjištěno,jiné ovlivnění,nezjišťováno,jiný nepříznivý stav,0,0,0,1,žádná z uvedených,žádná z uvedených,100,žádné z uvedených,"nezjištěno, řidič ujel",,žádná z uvedených,0,žádná z uvedených,nehoda pouze s hmotnou škodou,"nepřichází v úvahu, nejde o srážku jedou",jiný druh nesprávného způsobu jízdy,"povrch suchý, neznečistěný",neztížené,dobré,na jízdním pruhu,žádná místní úprava,zatáčka,neurčeno,žádná z uvedených,srážka s pevnou překážkou,závory železničního přejezdu,štěrk,zvlněný povrch v podélném směru,"ve dne, viditelnost nezhoršená vlivem po",dvoupruhová,světelným signalizačním zařízením,železniční přejezd zabezpečený,mimo křižovatku,ne,P89,15.5790080146,žst. Dasnice,"216,93",Ano,O,,,50° 08' 08.42763'' N,12° 34' 05.28611'' E,50.13567,12.56814
14.290105457223383,50.067003555782222,2100096443,Praha (Hlavní město Praha),2009-06-21 21:20:00,komunikace sledovaná (ve vybraných městech),0,řidičem motorového vozidla,s řidičským oprávněním skupiny b,řidič nebyl ovlivněn,ne,dobrý -žádné nepříznivé okolnosti nebyly zjištěny,0,0,0,2,VOLKSWAGEN,nedošlo k požáru,650,"došlo k úniku pohonných hmot, oleje, chl",osobní automobil bez přívěsu,1998,"soukromé, nevyužívané k výdělečné činnos",600,nebylo třeba užít násilí,nehoda pouze s hmotnou škodou,z boku,jiné nedání přednosti,"povrch suchý, neznečistěný",neztížené,dobré,na jízdním pruhu,žádná místní úprava,přímý úsek po projetí zatáčkou (do vzdál,neurčeno,jedoucí - proti směru staničení na komun,srážka s vlakem,"nepřichází v úvahu, nejde o srážku s pev",živice,"dobrý, bez závad","ve dne, viditelnost nezhoršená vlivem po",dvoupruhová,žádný způsob řízení provozu,železniční přejezd nezabezpečený,mimo křižovatku,ne,P2199,2.53680703641,Praha-Zličín - Hostivice,"15,972",Ne,III.,,ul. ŽalanskéhoXStrojírenská,50° 04' 01.26285'' N,14° 17' 24.46376'' E,50.06702,14.29013
14.37548187243137,49.994071767476747,2100096576,Praha (Hlavní město Praha),2009-06-24 16:30:00,komunikace místní,0,řidičem motorového vozidla,s řidičským oprávněním skupiny b,řidič nebyl ovlivněn,ne,dobrý -žádné nepříznivé okolnosti nebyly zjištěny,0,0,0,1,ŠKODA,nedošlo k požáru,50,"došlo k úniku pohonných hmot, oleje, chl",osobní automobil bez přívěsu,2001,policie ČR,50,nebylo třeba užít násilí,nehoda pouze s hmotnou škodou,"nepřichází v úvahu, nejde o srážku jedou","nepř. rychlosti stavu vozovky (náledí, výtluky, bláto, mokrý povrch apod.)","povrch suchý, neznečistěný",neztížené,dobré,žádné z uvedených,žádná místní úprava,přímý úsek,neurčeno,vozidlo jedoucí - na komunikaci bez stan,srážka s pevnou překážkou,"zeď,pevná část mostů,podjezdů,tunelů apo",živice,zvlněný povrch v podélném směru,"ve dne, viditelnost nezhoršená vlivem po",dvoupruhová,žádný způsob řízení provozu,železniční přejezd nezabezpečený,mimo křižovatku,ne,P262,1492.10321865,žst. Praha-Radotín,"10,028",Ano,III.,,"u okrsku, ul. Na Betonce",49° 59' 02.46094'' N,14° 21' 42.10760'' E,49.98402,14.3617
14.80546319359093,49.869729268331362,10106090468,Chocerady (Středočeský kraj),2009-06-20 19:15:00,silnice 2.třídy,113,řidičem nemotorového vozidla,ostatní řidiči vozidel,řidič nebyl ovlivněn,nezjišťováno,dobrý -žádné nepříznivé okolnosti nebyly zjištěny,0,0,1,2,žádná z uvedených,žádná z uvedených,80,žádné z uvedených,jízdní kolo,,"soukromé, nevyužívané k výdělečné činnos",80,nebylo třeba užít násilí,nehoda s následky na životě nebo zdraví,z boku,jiné nedání přednosti,"povrch suchý, neznečistěný",neztížené,dobré,na jízdním pruhu,žádná místní úprava,přímý úsek,neurčeno,jedoucí - proti směru staničení na komun,srážka s vlakem,"nepřichází v úvahu, nejde o srážku s pev",živice,"dobrý, bez závad","ve dne, viditelnost nezhoršená vlivem po",dvoupruhová,světelným signalizačním zařízením,železniční přejezd zabezpečený,mimo křižovatku,ne,P5790,11.8462668253,Vlkovec - Hvězdonice,"55,464",Ne,II.,113,,49° 52' 10.87532'' N,14° 48' 19.10908'' E,49.86969,14.80531
14.577823579027742,49.83922492711126,10106100780,Týnec nad Sázavou (Středočeský kraj),2010-12-27 15:07:00,silnice 2.třídy,106,řidičem motorového vozidla,s řidičským oprávněním skupiny b,řidič nebyl ovlivněn,ne,dobrý -žádné nepříznivé okolnosti nebyly zjištěny,0,0,0,2,ŠKODA,žádná z uvedených,1000,"došlo k úniku pohonných hmot, oleje, chl",osobní automobil bez přívěsu,2005,"soukromé, nevyužívané k výdělečné činnos",500,nebylo třeba užít násilí,nehoda pouze s hmotnou škodou,z boku,proti příkazu dopravní značky STŮJ DEJ PŘEDNOST,"souvislá sněhová vrstva, rozbředlý sníh",neztížené,dobré,na jízdním pruhu,přednost vyznačena dopravními značkami,zatáčka,neurčeno,jedoucí - ve směru staničení na komunika,srážka s vlakem,"nepřichází v úvahu, nejde o srážku s pev",živice,"dobrý, bez závad","ve dne, viditelnost nezhoršená vlivem po",dvoupruhová,místní úprava (vyplní se pol. 24),železniční přejezd nezabezpečený,mimo křižovatku,ne,P5690,1.72151313427,Týnec n.Sázavou - Krhanice,"11,194",Ne,II.,106,,49° 50' 21.16169'' N,14° 34' 40.18786'' E,49.83921,14.57783
15.007190042419669,50.073052001966282,10406090304,Radim (Středočeský kraj),2009-06-23 14:55:00,silnice 3.třídy,3292,řidičem motorového vozidla,s řidičským oprávněním skupiny b,řidič nebyl ovlivněn,ne,dobrý -žádné nepříznivé okolnosti nebyly zjištěny,0,0,0,2,ŠKODA,nedošlo k požáru,50,žádné z uvedených,osobní automobil bez přívěsu,1990,"soukromé, nevyužívané k výdělečné činnos",20,nebylo třeba užít násilí,nehoda pouze s hmotnou škodou,boční,proti příkazu dopravní značky STŮJ DEJ PŘEDNOST,povrch mokrý,neztížené,dobré,na jízdním pruhu,přednost vyznačena dopravními značkami,přímý úsek,neurčeno,jedoucí - ve směru staničení na komunika,srážka s vlakem,"nepřichází v úvahu, nejde o srážku s pev",živice,"dobrý, bez závad","ve dne, viditelnost nezhoršená vlivem po",dvoupruhová,místní úprava (vyplní se pol. 24),železniční přejezd nezabezpečený,mimo křižovatku,ne,P4956,4.38984795489,"km 2,500 DÚ 1522 08 - Plaňany","2,757",Ne,III.,3292,,50° 04' 23.00754'' N,15° 00' 25.68129'' E,50.07306,15.00713
14.901661769640617,50.419977753005256,10706070002,Mladá Boleslav (Středočeský kraj),2007-01-01 06:30:00,silnice 1.třídy,38,řidičem motorového vozidla,s řidičským oprávněním skupiny b,řidič nebyl ovlivněn,ne,dobrý -žádné nepříznivé okolnosti nebyly zjištěny,0,0,0,1,CITROEN,žádná z uvedených,200,žádné z uvedených,osobní automobil bez přívěsu,1995,"soukromé, nevyužívané k výdělečné činnos",150,nebylo třeba užít násilí,nehoda pouze s hmotnou škodou,"nepřichází v úvahu, nejde o srážku jedou",řidič se plně nevěnoval řízení vozidla,povrch mokrý,neztížené,dobré,na jízdním pruhu,žádná místní úprava,přímý úsek,neurčeno,jedoucí - proti směru staničení na komun,srážka s pevnou překážkou,závory železničního přejezdu,dlažba,"dobrý, bez závad","v noci - s veřejným osvětlením,viditelno",dvoupruhová,žádný způsob řízení provozu,železniční přejezd zabezpečený,mimo křižovatku,ano,P4637,12.8459283555,Mlada Boleslav hl.n. - Mladá Boleslav město,"16,455",Ne,I.,38,ul.Jaselská,50° 25' 12.05530'' N,14° 54' 06.59553'' E,50.42002,14.90183
14.907276550061592,50.495341241034829,10706071359,Bakov nad Jizerou (Středočeský kraj),2007-07-07 14:10:00,silnice 3.třídy,26823,řidičem motorového vozidla,s řidičským oprávněním skupiny b,řidič nebyl ovlivněn,ne,dobrý -žádné nepříznivé okolnosti nebyly zjištěny,0,1,1,2,FORD,žádná z uvedených,1500,žádné z uvedených,osobní automobil bez přívěsu,2005,"soukromá organizace (podnikatel, s.r.o.,",1000,použitím páčidel apod.,nehoda s následky na životě nebo zdraví,boční,jiné nedání přednosti,"povrch suchý, neznečistěný",neztížené,dobré,na jízdním pruhu,žádná místní úprava,přímý úsek,neurčeno,jedoucí - ve směru staničení na komunika,srážka s vlakem,"nepřichází v úvahu, nejde o srážku s pev",živice,"dobrý, bez závad","ve dne, viditelnost nezhoršená vlivem po",dvoupruhová,světelným signalizačním zařízením,železniční přejezd nezabezpečený,mimo křižovatku,ne,P3208,2.56572848307,Bakov nad Jizerou - PAPÍRNY Bělá pod Bezdězem,"3,574",Ne,III.,26823,,50° 29' 43.25008'' N,14° 54' 26.30344'' E,50.49535,14.90731
14.964036618064377,50.36043529350588,10706110989,Dobrovice (Středočeský kraj),2011-12-22 10:15:00,komunikace místní,0,řidičem motorového vozidla,s řidičským oprávněním skupiny c,řidič nebyl ovlivněn,ne,dobrý -žádné nepříznivé okolnosti nebyly zjištěny,0,0,0,2,SCANIA,nedošlo k požáru,450,žádné z uvedených,nákladní automobil s návěsem,2006,"soukromá organizace (podnikatel, s.r.o.,",0,nebylo třeba užít násilí,nehoda pouze s hmotnou škodou,z boku,jiné nedání přednosti,povrch mokrý,neztížené,dobré,na jízdním pruhu,přednost vyznačena dopravními značkami,přímý úsek,neurčeno,vozidlo jedoucí - na komunikaci bez stan,srážka s vlakem,"nepřichází v úvahu, nejde o srážku s pev",živice,"dobrý, bez závad","ve dne, viditelnost nezhoršená vlivem po",dvoupruhová,místní úprava (vyplní se pol. 24),železniční přejezd nezabezpečený,mimo křižovatku,ne,P2800,1698.82051653,Luštěnice - Dobrovice,"20,999",Ne,III.,2746,,50° 21' 10.97122'' N,14° 56' 35.31094'' E,50.35305,14.94314
13.721623896382722,50.101041673979452,11206090203,Rakovník (Středočeský kraj),2009-06-23 10:45:00,komunikace místní,0,řidičem motorového vozidla,ostatní řidiči vozidel,řidič nebyl ovlivněn,ne,dobrý -žádné nepříznivé okolnosti nebyly zjištěny,0,0,0,2,žádná z uvedených,nedošlo k požáru,450,žádné z uvedených,"jiné motorové vozidlo (zemědělské, stave",,"soukromá organizace (podnikatel, s.r.o.,",250,nebylo třeba užít násilí,nehoda pouze s hmotnou škodou,z boku,jiné nedání přednosti,povrch mokrý,déšť,"špatné vlivem okolní zástavby (budovy,pl",na jízdním pruhu,přednost vyznačena dopravními značkami,křižovatka průsečná - čtyřramenná,účelová komunikace,"vozidlo odstavené, parkující - na komuni",srážka s vlakem,"nepřichází v úvahu, nejde o srážku s pev",živice,"dobrý, bez závad","ve dne, zhoršená viditelnost vlivem pově",dvoupruhová,místní úprava (vyplní se pol. 24),železniční přejezd zabezpečený,"na křižovatce,jedná-li se o křížení siln",ne,P2330,114.629903551,Rakovník - TOS Rakovník,"1,181",Ne,III.,22912,,50° 06' 05.56404'' N,13° 43' 12.82583'' E,50.10155,13.72023
14.707092190705048,50.20569028580951,11506090376,Brandýs nad Labem-Stará Boleslav (Středočeský kraj),2009-06-24 11:00:00,silnice 2.třídy,610,řidičem motorového vozidla,nezjištěno,jiné ovlivnění,nezjišťováno,jiný nepříznivý stav,0,0,0,1,žádná z uvedených,žádná z uvedených,60,žádné z uvedených,"nezjištěno, řidič ujel",,žádná z uvedených,0,žádná z uvedených,nehoda pouze s hmotnou škodou,"nepřichází v úvahu, nejde o srážku jedou",řidič se plně nevěnoval řízení vozidla,"povrch suchý, neznečistěný",neztížené,dobré,na jízdním pruhu,žádná místní úprava,přímý úsek,neurčeno,žádná z uvedených,srážka s pevnou překážkou,"jiná překážka (zábradlí,oplocení,násep,n",živice,"dobrý, bez závad","ve dne, viditelnost nezhoršená vlivem po",dvoupruhová,žádný způsob řízení provozu,železniční přejezd zabezpečený,mimo křižovatku,ne,P2779,6.49457526115,Lysá nad Labem - Stará Boleslav,"347,245",Ano,II.,610,,50° 12' 20.39077'' N,14° 42' 25.81356'' E,50.20566,14.70717
14.259072348787109,50.032092679157046,11606090358,Jinočany (Středočeský kraj),2009-06-25 07:15:00,silnice 3.třídy,516,řidičem motorového vozidla,s řidičským oprávněním skupiny b,řidič nebyl ovlivněn,ne,dobrý -žádné nepříznivé okolnosti nebyly zjištěny,0,0,0,2,ŠKODA,nedošlo k požáru,350,žádné z uvedených,"nákladní automobil (včetně multikáry, au",1996,"soukromé, nevyužívané k výdělečné činnos",300,nebylo třeba užít násilí,nehoda pouze s hmotnou škodou,"nepřichází v úvahu, nejde o srážku jedou",proti příkazu dopravní značky STŮJ DEJ PŘEDNOST,povrch mokrý,neztížené,dobré,na jízdním pruhu,přednost vyznačena dopravními značkami,přímý úsek,neurčeno,jedoucí - ve směru staničení na komunika,jiný druh nehody,"nepřichází v úvahu, nejde o srážku s pev",živice,"dobrý, bez závad","ve dne, viditelnost nezhoršená vlivem po",dvoupruhová,místní úprava (vyplní se pol. 24),železniční přejezd nezabezpečený,mimo křižovatku,ne,P2229,48.9966986506,Praha-Řeporyje - Rudná u Prahy,"14,325",Ne,III.,516,,50° 01' 54.88895'' N,14° 15' 30.40771'' E,50.03191,14.25845
14.303443782080333,49.103841926561415,20106090544,Dívčice (Jihočeský kraj),2009-06-27 17:50:00,silnice 2.třídy,122,řidičem motorového vozidla,s řidičským oprávněním skupiny b,řidič nebyl ovlivněn,ne,dobrý -žádné nepříznivé okolnosti nebyly zjištěny,0,0,0,1,FIAT,nedošlo k požáru,205,žádné z uvedených,osobní automobil bez přívěsu,1969,"soukromé, nevyužívané k výdělečné činnos",5,nebylo třeba užít násilí,nehoda pouze s hmotnou škodou,"nepřichází v úvahu, nejde o srážku jedou",řidič se plně nevěnoval řízení vozidla,povrch mokrý,déšť,dobré,na jízdním pruhu,žádná místní úprava,přímý úsek,neurčeno,jedoucí - ve směru staničení na komunika,srážka s pevnou překážkou,závory železničního přejezdu,živice,"dobrý, bez závad","ve dne, viditelnost nezhoršená vlivem po",dvoupruhová,světelným signalizačním zařízením,železniční přejezd zabezpečený,mimo křižovatku,ne,P1139,11.8260369503,,"0,104",ano,II.,,,49° 6' 14.12801'' N,14° 18' 13.46255'' E,49.10392,14.30374
14.109960721592884,49.327662578165437,20506090121,Písek (Jihočeský kraj),2009-06-27 17:59:00,komunikace místní,0,řidičem motorového vozidla,s řidičským oprávněním skupiny b,řidič nebyl ovlivněn,ne,dobrý -žádné nepříznivé okolnosti nebyly zjištěny,0,2,0,2,ŠKODA,nedošlo k požáru,4500,"došlo k úniku pohonných hmot, oleje, chl",osobní automobil bez přívěsu,2006,"soukromé, nevyužívané k výdělečné činnos",2000,použitím speciální vyprošťovací techniky,nehoda s následky na životě nebo zdraví,z boku,jiné nedání přednosti,"povrch suchý, neznečistěný",neztížené,dobré,na jízdním pruhu,žádná místní úprava,přímý úsek,neurčeno,vozidlo jedoucí - na komunikaci bez stan,srážka s vlakem,"nepřichází v úvahu, nejde o srážku s pev",živice,"dobrý, bez závad","ve dne, viditelnost nezhoršená vlivem po",dvoupruhová,žádný způsob řízení provozu,železniční přejezd zabezpečený,mimo křižovatku,ne,P488,0.8285057519,Písek - Čížová,"17,132",Ne,B,,Dobešický,49° 19' 39.61583'' N,14° 06' 35.86331'' E,49.32767,14.10996
12.766688077742373,49.576563704820558,30106140171,Hostouň (Plzeňský kraj),2014-06-29 13:50:00,silnice 2.třídy,197,řidičem motorového vozidla,s řidičským oprávněním skupiny b,řidič nebyl ovlivněn,ne,dobrý -žádné nepříznivé okolnosti nebyly zjištěny,0,0,0,1,CITROEN,nedošlo k požáru,50,žádné z uvedených,osobní automobil bez přívěsu,1996,"soukromé, nevyužívané k výdělečné činnos",40,nebylo třeba užít násilí,nehoda pouze s hmotnou škodou,"nepřichází v úvahu, nejde o srážku jedou",nezvládnutí řízení vozidla,povrch mokrý,déšť,dobré,mimo komunikaci,žádná místní úprava,zatáčka,neurčeno,jedoucí - proti směru staničení na komun,srážka s pevnou překážkou,"odrazník, patník, sloupek, dopr.značky a",živice,"dobrý, bez závad","ve dne, zhoršená viditelnost vlivem pově",dvoupruhová,žádný způsob řízení provozu,železniční přejezd nezabezpečený,mimo křižovatku,ano,P715,18.8939188587,Hostouň - Újezd Sv. Kříže,"31,678",Ne,II.,197,Svržno-Újezd st.sil.,49° 34' 35.71828'' N,12° 45' 59.14138'' E,49.57659,12.76643