X,Y,id,obec,datum,komunikace,komunika_1,zavineni,ridic_kate,ridic_ovli,vinik_alko,ridic_stav,obeti_usmr,obeti_lehc,obeti_tezc,vozidel_ce,vinik_vozi,vinik_vo_1,skoda,unik_hmot,vinik_vo_2,vinik_vo_3,vinik_vo_4,vinik_skod,vyprosteni,nehoda_cha,srazka_voz,hlavni_pri,povrch_sta,meteo,rozhled,nehoda_pol,prednost_v,smerove_po,druh_krizu,smer_jizdy,nehoda_dru,pevna_prek,povrch_dru,komunika_2,viditelnos,komunika_3,rizeni_pro,objekty,misto_neho,smyk,neighbors_TargetID,neighbors_Distance,neighbors_prejezdy-dec_Název definičního úseku,neighbors_prejezdy-dec_Žkm přejezdu,neighbors_prejezdy-dec_Přejezd s trolejovým vedením,neighbors_prejezdy-dec_Třída pozemní komunikace,neighbors_prejezdy-dec_Číslo pozemní komunikace,neighbors_prejezdy-dec_Místní název přejezdu,neighbors_prejezdy-dec_Zeměpisná šířka,neighbors_prejezdy-dec_Zeměpisná délka,neighbors_prejezdy-dec_field_10,neighbors_prejezdy-dec_field_11
12.397545246528454,50.057148698463934,30206070008,Cheb (Karlovarský kraj),2007-01-01 23:59:00,silnice 3.třídy,2148,řidičem motorového vozidla,nezjištěno,jiné ovlivnění,nezjišťováno,jiný nepříznivý stav,0,0,0,1,žádná z uvedených,žádná z uvedených,30,žádné z uvedených,"nezjištěno, řidič ujel",,žádná z uvedených,0,žádná z uvedených,nehoda pouze s hmotnou škodou,"nepřichází v úvahu, nejde o srážku jedou",řidič se plně nevěnoval řízení vozidla,"povrch suchý, neznečistěný",neztížené,dobré,na jízdním pruhu,přednost vyznačena dopravními značkami,přímý úsek,neurčeno,žádná z uvedených,srážka s pevnou překážkou,závory železničního přejezdu,živice,"dobrý, bez závad","ve dne, viditelnost nezhoršená vlivem po",dvoupruhová,místní úprava (vyplní se pol. 24),železniční přejezd zabezpečený,mimo křižovatku,ne,P309,912.67226387,Lipová u Chebu - Cheb (velenické staničení),"453,267",Ano,MK,,,50° 03' 33.07323'' N,12° 23' 06.73759'' E,50.05919,12.3852
12.730819906458487,50.319684933103844,30306070012,Nejdek (Karlovarský kraj),2007-01-01 05:38:00,silnice 3.třídy,20912,chodcem,nezjištěno,jiné ovlivnění,ne,jiný nepříznivý stav,0,1,0,1,žádná z uvedených,žádná z uvedených,0,žádné z uvedených,vlak,,žádná z uvedených,0,žádná z uvedených,nehoda s následky na životě nebo zdraví,boční,nezaviněná řidičem,povrch mokrý,neztížené,dobré,na jízdním pruhu,přednost vyznačena dopravními značkami,zatáčka,neurčeno,žádná z uvedených,srážka s vlakem,"nepřichází v úvahu, nejde o srážku s pev",živice,"dobrý, bez závad","v noci - s veřejným osvětlením,viditelno",dvoupruhová,místní úprava (vyplní se pol. 24),železniční přejezd zabezpečený,mimo křižovatku,ne,P172,4.81303840809,žst. Nejdek,"19,212",Ne,III.,20912,,50° 19' 10.74541'' N,12° 43' 50.80977'' E,50.31965,12.73078
12.748746034158748,50.192369943982406,30906070004,Loket (Karlovarský kraj),2007-01-01 20:50:00,silnice 2.třídy,209,řidičem motorového vozidla,s řidičským oprávněním skupiny c,řidič nebyl ovlivněn,nezjišťováno,dobrý -žádné nepříznivé okolnosti nebyly zjištěny,0,0,0,1,SCANIA,řidič ujel - zjištěn,50,žádné z uvedených,nákladní automobil s návěsem,2001,"soukromá organizace (podnikatel, s.r.o.,",0,nebylo třeba užít násilí,nehoda pouze s hmotnou škodou,"nepřichází v úvahu, nejde o srážku jedou",jiný druh nesprávného způsobu jízdy,povrch mokrý,déšť,dobré,na jízdním pruhu,přednost vyznačena dopravními značkami,křižovatka styková - tříramenná,místní komunikace,zachycuje směr jízdy křižovatkou,srážka s pevnou překážkou,"odrazník, patník, sloupek, dopr.značky a",živice,"dobrý, bez závad","v noci - s veřejným osvětlením, zhoršená",dvoupruhová,místní úprava (vyplní se pol. 24),železniční přejezd zabezpečený,"na křižovatce, uvnitř hranic křižovatky",ne,P405,14.3420623075,Loket - Nové Sedlo u Lokte,"15,61",Ne,II.,209,,50° 11' 32.21638'' N,12° 44' 56.00634'' E,50.19228,12.74889
12.726559864781914,49.899300898640185,31006070008,Chodová Planá (Plzeňský kraj),2007-01-01 12:15:00,silnice 1.třídy,21,chodcem,nezjištěno,jiné ovlivnění,ne,jiný nepříznivý stav,0,0,1,1,žádná z uvedených,žádná z uvedených,0,žádné z uvedených,vlak,,žádná z uvedených,0,žádná z uvedených,nehoda s následky na životě nebo zdraví,"nepřichází v úvahu, nejde o srážku jedou",nezaviněná řidičem,povrch mokrý,neztížené,dobré,mimo komunikaci,žádná místní úprava,přímý úsek,neurčeno,žádná z uvedených,srážka s chodcem,"nepřichází v úvahu, nejde o srážku s pev",jiný nezpevněný povrch,"dobrý, bez závad","ve dne, viditelnost nezhoršená vlivem po",dvoupruhová,světelným signalizačním zařízením,železniční přejezd zabezpečený,mimo křižovatku,ne,P299,11.5968608669,Planá u Mar.Lázní - Chodová Planá,"417,128",Ano,I.,21,silnice I tř. č.21,49° 53' 57.85461'' N,12° 43' 35.80611'' E,49.8994,12.72661
14.19411921456121,50.4777127369954,40606080751,Oleško (Ústecký kraj),2008-05-31 03:00:00,silnice 3.třídy,24048,řidičem motorového vozidla,nezjištěno,jiné ovlivnění,nezjišťováno,jiný nepříznivý stav,0,0,0,1,žádná z uvedených,žádná z uvedených,200,žádné z uvedených,"nezjištěno, řidič ujel",,žádná z uvedených,0,žádná z uvedených,nehoda pouze s hmotnou škodou,"nepřichází v úvahu, nejde o srážku jedou",nepř. rychlosti vlastnostem vozidla a nákladu,"povrch suchý, neznečistěný",neztížené,dobré,na jízdním pruhu,žádná místní úprava,přímý úsek,neurčeno,žádná z uvedených,srážka s pevnou překážkou,závory železničního přejezdu,živice,"dobrý, bez závad","v noci - s veřejným osvětlením,viditelno",dvoupruhová,žádný způsob řízení provozu,železniční přejezd zabezpečený,mimo křižovatku,ne,P2416,5.49377270835,Hrobce - Bohušovice nad Ohří,"484,881",Ano,III.,24048,Oleško,50° 28' 39.90341'' N,14° 11' 39.02915'' E,50.47775,14.19417
14.377592927053843,50.608835060947428,40606140020,Úštěk (Ústecký kraj),2014-01-01 20:30:00,silnice 1.třídy,15,řidičem motorového vozidla,s řidičským oprávněním skupiny b,řidič nebyl ovlivněn,"ano, obsah alkoholu v&nbsp;krvi 1,5‰ a více",pod vlivem alkoholu obsah alkoholu v krvi 1‰ a více,0,2,0,1,FORD,nedošlo k požáru,1000,žádné z uvedených,osobní automobil bez přívěsu,2003,"soukromé, nevyužívané k výdělečné činnos",1000,nebylo třeba užít násilí,nehoda s následky na životě nebo zdraví,"nepřichází v úvahu, nejde o srážku jedou","nepř. rychlosti dopravně technickému stavu vozovky (zatáčka,klesání,stoupání,šířka apod.)",povrch mokrý,neztížené,dobré,na jízdním pruhu,žádná místní úprava,zatáčka,neurčeno,jedoucí - proti směru staničení na komun,srážka s pevnou překážkou,"zeď,pevná část mostů,podjezdů,tunelů apo",živice,"dobrý, bez závad","v noci - bez veřejného osvětlení,viditel",dvoupruhová,žádný způsob řízení provozu,železniční přejezd nezabezpečený,mimo křižovatku,ne,P3367,17.8254095334,Úštěk - Blíževedly,"67,487",Ne,I.,15,,50° 36' 31.28742'' N,14° 22' 39.71029'' E,50.60869,14.3777
15.507427663655994,50.498489277935235,50406090212,Nová Paka (Královéhradecký kraj),2009-06-21 08:25:00,komunikace místní,0,řidičem motorového vozidla,"nezjištěno, řidič místo nehody opustil",jiné ovlivnění,nezjišťováno,jiný nepříznivý stav,0,0,0,2,BMW,nedošlo k požáru,10,žádné z uvedených,osobní automobil bez přívěsu,1996,"soukromé, nevyužívané k výdělečné činnos",10,nebylo třeba užít násilí,nehoda pouze s hmotnou škodou,boční,proti příkazu dopravní značky STŮJ DEJ PŘEDNOST,"povrch suchý, neznečistěný",neztížené,dobré,na jízdním pruhu,přednost vyznačena dopravními značkami,přímý úsek,neurčeno,vozidlo jedoucí - na komunikaci bez stan,srážka s vlakem,"nepřichází v úvahu, nejde o srážku s pev",živice,"dobrý, bez závad","ve dne, viditelnost nezhoršená vlivem po",dvoupruhová,místní úprava (vyplní se pol. 24),železniční přejezd nezabezpečený,mimo křižovatku,ne,P4485,0.878670501011,Nová Paka - Stará Paka,"71,389",Ne,C,,Šlejharka,50° 29' 54.56566'' N,15° 30' 26.80186'' E,50.49849,15.50744
15.164267435781817,50.48651196984865,50406090221,Libošovice (Královéhradecký kraj),2009-06-26 06:48:00,silnice 3.třídy,27930,řidičem motorového vozidla,s řidičským oprávněním skupiny b,řidič nebyl ovlivněn,ne,dobrý -žádné nepříznivé okolnosti nebyly zjištěny,0,0,0,2,ŠKODA,nedošlo k požáru,200,žádné z uvedených,osobní automobil bez přívěsu,1995,"soukromé, nevyužívané k výdělečné činnos",150,nebylo třeba užít násilí,nehoda pouze s hmotnou škodou,čelní,jiné nedání přednosti,"povrch suchý, neznečistěný",neztížené,"špatné vlivem přechodné vegetace (tráva,",na jízdním pruhu,přednost vyznačena dopravními značkami,přímý úsek,neurčeno,jedoucí - ve směru staničení na komunika,srážka s vlakem,"nepřichází v úvahu, nejde o srážku s pev",živice,"dobrý, bez závad","ve dne, viditelnost nezhoršená vlivem po",dvoupruhová,místní úprava (vyplní se pol. 24),železniční přejezd nezabezpečený,mimo křižovatku,ne,P4676,2.07564759139,Sobotka - Mladějov v Čechách,"41,72",Ne,III.,27930,na z. Libošovice,50° 29' 11.49906'' N,15° 09' 51.35170'' E,50.48653,15.16426
15.285544425208359,50.488831091735939,50406100559,Libuň (Královéhradecký kraj),2010-12-29 16:10:00,silnice 3.třídy,28112,řidičem motorového vozidla,s řidičským oprávněním skupiny b,řidič nebyl ovlivněn,ne,dobrý -žádné nepříznivé okolnosti nebyly zjištěny,0,1,0,2,ŠKODA,nedošlo k požáru,1700,žádné z uvedených,osobní automobil bez přívěsu,2004,"soukromé, nevyužívané k výdělečné činnos",600,nebylo třeba užít násilí,nehoda s následky na životě nebo zdraví,boční,"nepř. rychlosti stavu vozovky (náledí, výtluky, bláto, mokrý povrch apod.)","na vozovce je náledí, ujetý sníh - nepos",neztížené,dobré,na jízdním pruhu,žádná místní úprava,přímý úsek,neurčeno,jedoucí - ve směru staničení na komunika,srážka s jedoucím nekolejovým vozidlem,"nepřichází v úvahu, nejde o srážku s pev",živice,"dobrý, bez závad","ve dne, viditelnost nezhoršená vlivem po",dvoupruhová,žádný způsob řízení provozu,železniční přejezd nezabezpečený,mimo křižovatku,ano,P4696,4.23328135484,Mladějov v Čechách - Libuň,"52,044",Ne,III.,28112,,50° 29' 19.69600'' N,15° 17' 07.83191'' E,50.4888,15.28551
15.729899340805613,50.538693665006683,51006070028,Hostinné (Královéhradecký kraj),2007-01-01 23:00:00,silnice 2.třídy,325,řidičem motorového vozidla,nezjištěno,jiné ovlivnění,nezjišťováno,jiný nepříznivý stav,0,0,0,1,žádná z uvedených,žádná z uvedených,100,žádné z uvedených,"nezjištěno, řidič ujel",,žádná z uvedených,0,žádná z uvedených,nehoda pouze s hmotnou škodou,"nepřichází v úvahu, nejde o srážku jedou",vyhýbání bez dostatečné boční vůle,povrch mokrý,déšť,dobré,na jízdním pruhu,žádná místní úprava,přímý úsek,neurčeno,žádná z uvedených,srážka s pevnou překážkou,závory železničního přejezdu,živice,"dobrý, bez závad","v noci - s veřejným osvětlením,viditelno",dvoupruhová,žádný způsob řízení provozu,železniční přejezd zabezpečený,mimo křižovatku,ne,P4534,11.6708575607,Kunčice n/Labem - Hostinné,"106,741",Ne,II.,325,,50° 32' 19.40751'' N,15° 43' 47.04977'' E,50.53872,15.72974
15.650280669584216,50.567979760584009,51006090334,Kunčice nad Labem (Královéhradecký kraj),2009-06-23 12:25:00,silnice 3.třídy,32551,řidičem motorového vozidla,s řidičským oprávněním skupiny c,řidič nebyl ovlivněn,ne,dobrý -žádné nepříznivé okolnosti nebyly zjištěny,0,1,0,1,TATRA,žádná z uvedených,160,žádné z uvedených,nákladní automobil s návěsem,1987,"soukromá organizace (podnikatel, s.r.o.,",50,použitím speciální vyprošťovací techniky,nehoda s následky na životě nebo zdraví,"nepřichází v úvahu, nejde o srážku jedou","nepř. rychlosti stavu vozovky (náledí, výtluky, bláto, mokrý povrch apod.)",povrch mokrý,déšť,dobré,mimo komunikaci,žádná místní úprava,zatáčka,neurčeno,jedoucí - proti směru staničení na komun,havárie,"nepřichází v úvahu, nejde o srážku s pev",živice,"dobrý, bez závad","ve dne, viditelnost nezhoršená vlivem po",dvoupruhová,žádný způsob řízení provozu,železniční přejezd zabezpečený,mimo křižovatku,ano,P4523,10.1984269091,Kunčice n/Labem - Hostinné,"99,736",Ne,III.,32551,,50° 34' 04.88835'' N,15° 39' 01.48673'' E,50.56802,15.65041
15.897347967324276,50.568731875449537,51006140020,Trutnov (Královéhradecký kraj),2014-01-01 18:15:00,komunikace místní,0,řidičem motorového vozidla,s řidičským oprávněním skupiny b,řidič nebyl ovlivněn,ne,dobrý -žádné nepříznivé okolnosti nebyly zjištěny,0,0,0,1,VOLKSWAGEN,nedošlo k požáru,150,žádné z uvedených,osobní automobil bez přívěsu,2006,"soukromé, nevyužívané k výdělečné činnos",150,nebylo třeba užít násilí,nehoda pouze s hmotnou škodou,"nepřichází v úvahu, nejde o srážku jedou",vjetí na nezpevněnou krajnici,povrch mokrý,neztížené,dobré,mimo komunikaci,žádná místní úprava,zatáčka,neurčeno,vozidlo jedoucí - na komunikaci bez stan,havárie,"nepřichází v úvahu, nejde o srážku s pev",živice,"dobrý, bez závad","v noci - bez veřejného osvětlení,viditel",dvoupruhová,žádný způsob řízení provozu,železniční přejezd zabezpečený,mimo křižovatku,ano,P4788,2.49659783747,Trutnov hl.n. - Kalná Voda,"1,104",Ne,C,,ul. Skřivánčí,50° 34' 07.34689'' N,15° 53' 50.42672'' E,50.56871,15.89734
17.537207297291168,49.199254367686763,60506090141,Otrokovice (Zlínský kraj),2009-06-21 08:44:00,silnice 1.třídy,55,řidičem motorového vozidla,s řidičským oprávněním skupiny b,řidič nebyl ovlivněn,ne,dobrý -žádné nepříznivé okolnosti nebyly zjištěny,0,2,0,2,ŠKODA,nedošlo k požáru,610,žádné z uvedených,osobní automobil bez přívěsu,1990,"soukromé, nevyužívané k výdělečné činnos",100,nebylo třeba užít násilí,nehoda s následky na životě nebo zdraví,z boku,jízda na “červené světlo“,"povrch suchý, neznečistěný",neztížené,dobré,na jízdním pruhu,žádná místní úprava,křižovatka průsečná - čtyřramenná,silnice 1.třídy,zachycuje směr jízdy křižovatkou,srážka s vlakem,"nepřichází v úvahu, nejde o srážku s pev",živice,"dobrý, bez závad","ve dne, viditelnost nezhoršená vlivem po",třípruhová,světelným signalizačním zařízením,železniční přejezd zabezpečený,"na křižovatce, uvnitř hranic křižovatky",ne,P8223,9.53877049673,Otrokovice - ZPS Zlín,"0,624",Ne,I.,,Kvítkovice,49° 11' 57.64152'' N,17° 32' 13.90729'' E,49.19934,17.5372
17.356714468285567,48.936861332199797,60606090432,Vnorovy (Jihomoravský kraj),2009-12-15 05:40:00,silnice 1.třídy,55,řidičem motorového vozidla,s řidičským oprávněním skupiny b,řidič nebyl ovlivněn,"ano, obsah alkoholu v&nbsp;krvi do 0,99‰ (2)","pod vlivem alkoholu, obsah alkoholu v krvi do 0,99‰",0,1,0,1,ŠKODA,žádná z uvedených,3500,"došlo k úniku pohonných hmot, oleje, chl",osobní automobil bez přívěsu,2002,"soukromé, nevyužívané k výdělečné činnos",1000,použitím speciální vyprošťovací techniky,nehoda s následky na životě nebo zdraví,"nepřichází v úvahu, nejde o srážku jedou",řidič se plně nevěnoval řízení vozidla,"povrch suchý, neznečistěný",neztížené,dobré,mimo komunikaci,žádná místní úprava,přímý úsek po projetí zatáčkou (do vzdál,neurčeno,jedoucí - proti směru staničení na komun,srážka s pevnou překážkou,závory železničního přejezdu,živice,"dobrý, bez závad","v noci - s veřejným osvětlením,viditelno",dvoupruhová,žádný způsob řízení provozu,železniční přejezd zabezpečený,mimo křižovatku,ano,P8134,4.18091158823,Veselí nad Moravou - Strážnice,"2,398",Ne,I.,55,I/55 hlavní u žel.zast.Zarazic,48° 56' 12.74212'' N,17° 21' 24.36853'' E,48.93687,17.35677
17.208942050457395,48.978661709451174,60606130372,Vracov (Jihomoravský kraj),2013-08-23 07:50:00,silnice 3.třídy,4257,řidičem motorového vozidla,s řidičským oprávněním skupiny b,řidič nebyl ovlivněn,ne,dobrý -žádné nepříznivé okolnosti nebyly zjištěny,0,0,0,2,MERCEDES,žádná z uvedených,3350,žádné z uvedených,osobní automobil bez přívěsu,2000,"soukromé, nevyužívané k výdělečné činnos",650,nebylo třeba užít násilí,nehoda pouze s hmotnou škodou,z boku,jiné nedání přednosti,"povrch suchý, neznečistěný",neztížené,dobré,na jízdním pruhu,žádná místní úprava,přímý úsek,neurčeno,jedoucí - ve směru staničení na komunika,srážka s vlakem,"nepřichází v úvahu, nejde o srážku s pev",živice,"dobrý, bez závad","ve dne, viditelnost nezhoršená vlivem po",dvoupruhová,světelným signalizačním zařízením,železniční přejezd nezabezpečený,mimo křižovatku,ne,P7938,23.5569768082,Vlkoš - Bzenec,"73,512",Ne,III.,4257,ve Vracově u školy,48° 58' 42.40606'' N,17° 12' 32.15349'' E,48.97845,17.20893
15.568958338796238,49.595323159199872,61606090091,Havlíčkův Brod (Kraj Vysočina),2009-06-18 13:43:00,komunikace místní,0,řidičem motorového vozidla,s řidičským oprávněním skupiny b,řidič nebyl ovlivněn,ne,dobrý -žádné nepříznivé okolnosti nebyly zjištěny,0,1,0,2,ŠKODA,nedošlo k požáru,500,žádné z uvedených,"nákladní automobil (včetně multikáry, au",1999,"soukromá organizace (podnikatel, s.r.o.,",250,nebylo třeba užít násilí,nehoda s následky na životě nebo zdraví,z boku,proti příkazu dopravní značky STŮJ DEJ PŘEDNOST,"povrch suchý, neznečistěný",neztížené,dobré,na jízdním pruhu,přednost vyznačena dopravními značkami,přímý úsek,neurčeno,vozidlo jedoucí - na komunikaci bez stan,srážka s vlakem,"nepřichází v úvahu, nejde o srážku s pev",jiný nezpevněný povrch,"dobrý, bez závad","ve dne, viditelnost nezhoršená vlivem po",dvoupruhová,místní úprava (vyplní se pol. 24),železniční přejezd nezabezpečený,mimo křižovatku,ne,P3765,11.704007879,AMYLON - Lípa,"1,911",Ne,O,,obecní cesta,49° 35' 43.30678'' N,15° 34' 08.77897'' E,49.59536,15.56911
15.589699797466022,49.601751867706838,61606090097,Havlíčkův Brod (Kraj Vysočina),2009-06-20 22:40:00,silnice 3.třídy,3810,řidičem motorového vozidla,s řidičským oprávněním skupiny b,řidič nebyl ovlivněn,"ano, obsah alkoholu v&nbsp;krvi do 0,99‰ (2)","pod vlivem alkoholu, obsah alkoholu v krvi do 0,99‰",0,2,0,1,ŠKODA,nedošlo k požáru,900,žádné z uvedených,osobní automobil bez přívěsu,2007,"soukromé, nevyužívané k výdělečné činnos",100,nebylo třeba užít násilí,nehoda s následky na životě nebo zdraví,"nepřichází v úvahu, nejde o srážku jedou","nepř. rychlosti dopravně technickému stavu vozovky (zatáčka,klesání,stoupání,šířka apod.)","povrch suchý, neznečistěný",neztížené,špatné vlivem profilu komunikace (nepřeh,mimo komunikaci,žádná místní úprava,zatáčka,neurčeno,jedoucí - ve směru staničení na komunika,srážka s pevnou překážkou,"sloup - telefonní, veř.osvětlení, el.ved",živice,"dobrý, bez závad","v noci - s veřejným osvětlením,viditelno",dvoupruhová,žádný způsob řízení provozu,železniční přejezd zabezpečený,mimo křižovatku,ne,P5258,5.04954510393,Havlíčkův Brod - ZETOR Havl.Brod,"0,542",Ano,III.,3810,na škvárovně,49° 36' 06.31688'' N,15° 35' 22.68050'' E,49.60175,15.58963
18.544272065954061,49.677551433623599,70208133313,Hnojník (Moravskoslezský kraj),2013-09-19 21:58:00,komunikace místní,0,řidičem motorového vozidla,s řidičským oprávněním skupiny b,řidič nebyl ovlivněn,ne,dobrý -žádné nepříznivé okolnosti nebyly zjištěny,0,1,2,2,ŠKODA,nedošlo k požáru,2200,žádné z uvedených,osobní automobil bez přívěsu,2011,"soukromá organizace (podnikatel, s.r.o.,",2000,použitím speciální vyprošťovací techniky,nehoda s následky na životě nebo zdraví,z boku,proti příkazu dopravní značky STŮJ DEJ PŘEDNOST,"povrch suchý, neznečistěný",neztížené,dobré,na jízdním pruhu,přednost vyznačena dopravními značkami,křižovatka průsečná - čtyřramenná,místní komunikace,vozidlo jedoucí - na komunikaci bez stan,srážka s vlakem,"nepřichází v úvahu, nejde o srážku s pev",živice,"dobrý, bez závad","v noci - s veřejným osvětlením,viditelno",dvoupruhová,místní úprava (vyplní se pol. 24),železniční přejezd nezabezpečený,"na křižovatce,jedná-li se o křížení siln",ne,P8326,8.19544103388,Hnojník - Český Těšín,"127,066",Ne,C,,,49° 40' 38.92348'' N,18° 32' 39.48840'' E,49.67748,18.5443
17.26303860797308,49.587748121071101,70506070078,Olomouc (Olomoucký kraj),2007-01-01 17:50:00,komunikace místní,0,řidičem nemotorového vozidla,ostatní řidiči vozidel,řidič nebyl ovlivněn,nezjišťováno,dobrý -žádné nepříznivé okolnosti nebyly zjištěny,0,0,1,2,žádná z uvedených,žádná z uvedených,0,žádné z uvedených,jízdní kolo,,"soukromé, nevyužívané k výdělečné činnos",0,nebylo třeba užít násilí,nehoda s následky na životě nebo zdraví,z boku,jiné nedání přednosti,povrch mokrý,"na počátku deště, slabý déšť","špatné vlivem okolní zástavby (budovy,pl",na jízdním pruhu,žádná místní úprava,křižovatka průsečná - čtyřramenná,místní komunikace,vozidlo jedoucí - na komunikaci bez stan,srážka s vlakem,"nepřichází v úvahu, nejde o srážku s pev",jiný nezpevněný povrch,"dobrý, bez závad","v noci - s veřejným osvětlením,viditelno",dvoupruhová,světelným signalizačním zařízením,železniční přejezd zabezpečený,"na křižovatce,jedná-li se o křížení siln",ne,P7604,2.53916217249,Areál vl. Olomouc - Olomouc-Nová Ulice,"1,49",Ne,III.,3551,U Pevnůstky,49° 35' 15.81694'' N,17° 15' 47.00170'' E,49.58773,17.26306
17.971843974084791,49.917693924429251,70606090515,Opava (Moravskoslezský kraj),2009-06-23 11:25:00,komunikace místní,0,řidičem motorového vozidla,s řidičským oprávněním skupiny b,řidič nebyl ovlivněn,ne,dobrý -žádné nepříznivé okolnosti nebyly zjištěny,0,1,0,2,FORD,nedošlo k požáru,1900,žádné z uvedených,"nákladní automobil (včetně multikáry, au",1999,"soukromé, využívané k výdělečné činnosti",300,nebylo třeba užít násilí,nehoda s následky na životě nebo zdraví,z boku,vozidlu přijíždějícímu zprava,povrch mokrý,déšť,dobré,na jízdním pruhu,žádná místní úprava,křižovatka průsečná - čtyřramenná,místní komunikace,vozidlo jedoucí - na komunikaci bez stan,srážka s vlakem,"nepřichází v úvahu, nejde o srážku s pev",živice,"dobrý, bez závad","ve dne, zhoršená viditelnost vlivem pově",dvoupruhová,světelným signalizačním zařízením,železniční přejezd nezabezpečený,"na křižovatce,jedná-li se o křížení siln",ne,P7744,6.92977801577,Štítina - Opava-Komárov,"284,986",Ano,C,,Komárov do Tevy,49° 55' 03.71248'' N,17° 58' 18.97225'' E,49.9177,17.97194
17.275956083121741,49.602315470325117,140506141736,Olomouc (Olomoucký kraj),2014-12-15 16:58:00,silnice 2.třídy,448,řidičem motorového vozidla,s řidičským oprávněním skupiny b,řidič nebyl ovlivněn,"ano, obsah alkoholu v&nbsp;krvi 1,5‰ a více",pod vlivem alkoholu obsah alkoholu v krvi 1‰ a více,0,3,0,4,HYUNDAI,nedošlo k požáru,2700,žádné z uvedených,osobní automobil bez přívěsu,,"soukromé, nevyužívané k výdělečné činnos",1000,nebylo třeba užít násilí,nehoda s následky na životě nebo zdraví,zezadu,nepřizpůsobení rychlosti hustotě provozu,povrch mokrý,"na počátku deště, slabý déšť",dobré,na jízdním pruhu,žádná místní úprava,přímý úsek,neurčeno,jedoucí - ve směru staničení na komunika,srážka s jedoucím nekolejovým vozidlem,"nepřichází v úvahu, nejde o srážku s pev",živice,"dobrý, bez závad","ve dne, zhoršená viditelnost vlivem pově",dvoupruhová,žádný způsob řízení provozu,železniční přejezd zabezpečený,mimo křižovatku,ne,P4199,2.50292646487,Olomouc hl.n. - Bohuňovice,"102,539",Ne,II.,448,U podjezdu,49° 36' 08.36392'' N,17° 16' 33.57333'' E,49.60232,17.27599
17.682011852242724,49.396765394711281,150806110400,Bystřice pod Hostýnem (Zlínský kraj),2011-12-22 20:42:00,komunikace místní,0,řidičem motorového vozidla,s řidičským oprávněním skupiny b,řidič nebyl ovlivněn,ne,dobrý -žádné nepříznivé okolnosti nebyly zjištěny,0,0,0,2,VOLKSWAGEN,žádná z uvedených,250,žádné z uvedených,osobní automobil bez přívěsu,2001,"soukromé, nevyužívané k výdělečné činnos",200,nebylo třeba užít násilí,nehoda pouze s hmotnou škodou,z boku,jiné nedání přednosti,"na vozovce je náledí, ujetý sníh - nepos",neztížené,dobré,na jízdním pruhu,žádná místní úprava,přímý úsek,neurčeno,vozidlo jedoucí - na komunikaci bez stan,srážka s vlakem,"nepřichází v úvahu, nejde o srážku s pev",živice,"dobrý, bez závad","v noci - s veřejným osvětlením,viditelno",dvoupruhová,světelným signalizačním zařízením,železniční přejezd zabezpečený,mimo křižovatku,ano,P7275,11.3350659098,Bystřice p.Host. - Loukov,"36,336",Ne,MK,,spojnice mezi obcí,49° 23' 48.55688'' N,17° 40' 54.75451'' E,49.39682,17.68188
16.023980675683784,49.213916617283338,161006140101,Smrk (Kraj Vysočina),2014-03-20 15:55:00,silnice 3.třídy,39015,řidičem motorového vozidla,s řidičským oprávněním skupiny b,řidič nebyl ovlivněn,ne,dobrý -žádné nepříznivé okolnosti nebyly zjištěny,1,0,0,2,ŠKODA,nedošlo k požáru,530,žádné z uvedených,osobní automobil bez přívěsu,2001,"soukromé, nevyužívané k výdělečné činnos",500,nebylo třeba užít násilí,nehoda s následky na životě nebo zdraví,boční,jízda na “červené světlo“,"povrch suchý, neznečistěný",neztížené,dobré,mimo komunikaci,žádná místní úprava,přímý úsek,neurčeno,jedoucí - ve směru staničení na komunika,srážka s vlakem,"nepřichází v úvahu, nejde o srážku s pev",živice,"dobrý, bez závad","ve dne, viditelnost nezhoršená vlivem po",dvoupruhová,světelným signalizačním zařízením,železniční přejezd zabezpečený,mimo křižovatku,ne,P3854,1.00020434434,Studenec - Vladislav,"39,47",Ne,III.,39015,není,49° 12' 50.07115'' N,16° 01' 26.37251'' E,49.21391,16.02399
15.610990931767963,49.579443655846404,161606120210,Havlíčkův Brod (Kraj Vysočina),2012-06-14 08:00:00,komunikace účelová - ostatní (parkoviště apod.),0,řidičem motorového vozidla,s řidičským oprávněním skupiny b,řidič nebyl ovlivněn,ne,dobrý -žádné nepříznivé okolnosti nebyly zjištěny,0,0,0,2,ŠKODA,nedošlo k požáru,520,žádné z uvedených,"nákladní automobil (včetně multikáry, au",2009,"soukromá organizace (podnikatel, s.r.o.,",500,nebylo třeba užít násilí,nehoda pouze s hmotnou škodou,z boku,jízda na “červené světlo“,"povrch suchý, neznečistěný",neztížené,dobré,na jízdním pruhu,žádná místní úprava,zatáčka,neurčeno,vozidlo jedoucí - na komunikaci bez stan,srážka s vlakem,"nepřichází v úvahu, nejde o srážku s pev",živice,"dobrý, bez závad","ve dne, viditelnost nezhoršená vlivem po",dvoupruhová,světelným signalizačním zařízením,železniční přejezd zabezpečený,mimo křižovatku,ne,P3681,3.85900431301,Šlapanov - Havlíčkův Brod,"221,107",Ano,MK,,,49° 34' 45.92898'' N,15° 36' 39.72449'' E,49.57942,15.61103