X,Y,id,obec,datum,komunikace,komunika_1,zavineni,ridic_kate,ridic_ovli,vinik_alko,ridic_stav,obeti_usmr,obeti_lehc,obeti_tezc,vozidel_ce,vinik_vozi,vinik_vo_1,skoda,unik_hmot,vinik_vo_2,vinik_vo_3,vinik_vo_4,vinik_skod,vyprosteni,nehoda_cha,srazka_voz,hlavni_pri,povrch_sta,meteo,rozhled,nehoda_pol,prednost_v,smerove_po,druh_krizu,smer_jizdy,nehoda_dru,pevna_prek,povrch_dru,komunika_2,viditelnos,komunika_3,rizeni_pro,objekty,misto_neho,smyk,neighbors_TargetID,neighbors_Distance,neighbors_prejezdy-dec_Název definičního úseku,neighbors_prejezdy-dec_Žkm přejezdu,neighbors_prejezdy-dec_Přejezd s trolejovým vedením,neighbors_prejezdy-dec_Třída pozemní komunikace,neighbors_prejezdy-dec_Číslo pozemní komunikace,neighbors_prejezdy-dec_Místní název přejezdu,neighbors_prejezdy-dec_Zeměpisná šířka,neighbors_prejezdy-dec_Zeměpisná délka,neighbors_prejezdy-dec_field_10,neighbors_prejezdy-dec_field_11
15.026580028119094,50.789250514191998,180506101612,Stráž nad Nisou (Liberecký kraj),2010-12-28 11:20:00,komunikace místní,0,řidičem motorového vozidla,s řidičským oprávněním skupiny c,řidič nebyl ovlivněn,ne,dobrý -žádné nepříznivé okolnosti nebyly zjištěny,0,2,1,2,MAN,nedošlo k požáru,53000,žádné z uvedených,"nákladní automobil (včetně multikáry, au",2003,"soukromá organizace (podnikatel, s.r.o.,",3000,nebylo třeba užít násilí,nehoda s následky na životě nebo zdraví,z boku,jiné nedání přednosti,"souvislá sněhová vrstva, rozbředlý sníh",sněžení,dobré,žádné z uvedených,žádná místní úprava,přímý úsek,neurčeno,vozidlo jedoucí - na komunikaci bez stan,srážka s vlakem,"nepřichází v úvahu, nejde o srážku s pev",živice,jiný (neuvedený) stav nebo závada komuni,"ve dne, zhoršená viditelnost vlivem pově",dvoupruhová,žádný způsob řízení provozu,železniční přejezd zabezpečený,mimo křižovatku,ne,P2819,2.36266896197,Liberec - Mníšek u Liberce,"164,187",Ne,C,,"Neumannova ulice, z. Stráž n/N",50° 47' 21.33385'' N,15° 01' 35.78004'' E,50.78926,15.02661
12.396110341991667,50.092911264250745,190206100512,Cheb (Karlovarský kraj),2010-12-28 14:45:00,silnice 3.třídy,21226,řidičem motorového vozidla,s řidičským oprávněním skupiny c,řidič nebyl ovlivněn,ne,dobrý -žádné nepříznivé okolnosti nebyly zjištěny,0,0,0,2,RENAULT,nedošlo k požáru,24000,žádné z uvedených,nákladní automobil s návěsem,2002,"soukromá organizace (podnikatel, s.r.o.,",900,nebylo třeba užít násilí,nehoda pouze s hmotnou škodou,z boku,jiný druh nesprávného způsobu jízdy,"na vozovce je náledí, ujetý sníh - nepos","tvoří se námraza, náledí",dobré,na jízdním pruhu,žádná místní úprava,přímý úsek,neurčeno,jedoucí - proti směru staničení na komun,srážka s vlakem,"nepřichází v úvahu, nejde o srážku s pev",živice,"dobrý, bez závad","ve dne, viditelnost nezhoršená vlivem po",dvoupruhová,žádný způsob řízení provozu,železniční přejezd zabezpečený,mimo křižovatku,ne,P100,5.12741219076,Tršnice - Cheb (klášterecké staničení),"234,565",Ano,III.,21226,Hradiště,50° 05' 34.51476'' N,12° 23' 45.75966'' E,50.09292,12.39604
12.97072204286448,49.248853334691042,2100070387,N/A,2007-01-10 10:20:00,komunikace místní,0,řidičem motorového vozidla,s řidičským oprávněním skupiny c,oslněn sluncem,ne,dobrý -žádné nepříznivé okolnosti nebyly zjištěny,0,0,0,2,VOLKSWAGEN,žádná z uvedených,2000,žádné z uvedených,osobní automobil bez přívěsu,2005,"soukromá organizace (podnikatel, s.r.o.,",2000,nebylo třeba užít násilí,nehoda pouze s hmotnou škodou,boční,jiný druh nesprávného způsobu jízdy,"povrch suchý, neznečistěný",neztížené,dobré,žádné z uvedených,přednost vyznačena dopravními značkami,přímý úsek,neurčeno,vozidlo jedoucí - na komunikaci bez stan,srážka s vlakem,"nepřichází v úvahu, nejde o srážku s pev",živice,"dobrý, bez závad","ve dne, viditelnost nezhoršená vlivem po",dvoupruhová,místní úprava (vyplní se pol. 24),železniční přejezd nezabezpečený,mimo křižovatku,ne,P835,14114.1006455,Zelená Lhota - Nýrsko,"26,073",Ne,C,,Dešenice-les,49° 15' 55.03939'' N,13° 09' 46.67792'' E,49.26529,13.16297
14.603651247519986,50.023617853603241,2100070430,Praha (Hlavní město Praha),2007-01-11 06:10:00,komunikace místní,0,závadou komunikace,s řidičským oprávněním skupiny b,řidič nebyl ovlivněn,nezjišťováno,dobrý -žádné nepříznivé okolnosti nebyly zjištěny,0,0,0,1,ŠKODA,nedošlo k požáru,50,žádné z uvedených,osobní automobil bez přívěsu,1993,"soukromé, nevyužívané k výdělečné činnos",50,nebylo třeba užít násilí,nehoda pouze s hmotnou škodou,"nepřichází v úvahu, nejde o srážku jedou",nezaviněná řidičem,"povrch suchý, neznečistěný",neztížené,dobré,žádné z uvedených,žádná místní úprava,přímý úsek,neurčeno,vozidlo jedoucí - na komunikaci bez stan,jiný druh nehody,"nepřichází v úvahu, nejde o srážku s pev",živice,jiný (neuvedený) stav nebo závada komuni,"v noci - bez veřejného osvětlení,viditel",dvoupruhová,žádný způsob řízení provozu,železniční přejezd zabezpečený,mimo křižovatku,ne,P5674,2.54306401459,Říčany - Praha Uhříněves,"169,968",Ano,III.,3338,Benický přejezd,50° 01' 25.11343'' N,14° 36' 13.17853'' E,50.02364,14.60366
12.97072204286448,49.248853334691042,2100076713,N/A,2007-05-12 19:30:00,komunikace sledovaná (ve vybraných městech),0,řidičem motorového vozidla,s řidičským oprávněním skupiny c,řidič nebyl ovlivněn,ne,dobrý -žádné nepříznivé okolnosti nebyly zjištěny,0,0,0,1,ŠKODA,nedošlo k požáru,50,žádné z uvedených,osobní automobil bez přívěsu,2006,"soukromá organizace (podnikatel, s.r.o.,",50,nebylo třeba užít násilí,nehoda pouze s hmotnou škodou,"nepřichází v úvahu, nejde o srážku jedou",řidič se plně nevěnoval řízení vozidla,"povrch suchý, neznečistěný",neztížené,dobré,žádné z uvedených,žádná místní úprava,přímý úsek,neurčeno,jedoucí - ve směru staničení na komunika,srážka s pevnou překážkou,závory železničního přejezdu,živice,"dobrý, bez závad","ve dne, viditelnost nezhoršená vlivem po",třípruhová,žádný způsob řízení provozu,železniční přejezd zabezpečený,mimo křižovatku,ne,P835,14114.1006455,Zelená Lhota - Nýrsko,"26,073",Ne,C,,Dešenice-les,49° 15' 55.03939'' N,13° 09' 46.67792'' E,49.26529,13.16297
14.393415177928842,50.05607642017214,2100077024,Praha (Hlavní město Praha),2007-05-17 12:05:00,komunikace místní,0,řidičem motorového vozidla,s řidičským oprávněním skupiny b,řidič nebyl ovlivněn,ne,dobrý -žádné nepříznivé okolnosti nebyly zjištěny,0,0,0,2,FORD,nedošlo k požáru,530,žádné z uvedených,"nákladní automobil (včetně multikáry, au",1995,"soukromá organizace (podnikatel, s.r.o.,",500,nebylo třeba užít násilí,nehoda pouze s hmotnou škodou,z boku,jiné nedání přednosti,povrch mokrý,neztížené,dobré,žádné z uvedených,přednost nevyznačena - vyplývá z pravide,přímý úsek,neurčeno,vozidlo jedoucí - na komunikaci bez stan,srážka s vlakem,"nepřichází v úvahu, nejde o srážku s pev",živice,"dobrý, bez závad","ve dne, viditelnost nezhoršená vlivem po",žádná z uvedených,žádný způsob řízení provozu,železniční přejezd nezabezpečený,mimo křižovatku,ne,P2192,0.791429790319,Praha-Žvahov - Praha-Jinonice,"7,139",Ne,III.,,"ul. Výmolova, ke hřbitovu",50° 03' 21.85212'' N,14° 23' 36.31175'' E,50.05607,14.39342
14.285265085989586,50.067418677770931,2100077156,Praha (Hlavní město Praha),2007-05-19 09:55:00,komunikace místní,0,řidičem motorového vozidla,s řidičským oprávněním skupiny c,řidič nebyl ovlivněn,ne,dobrý -žádné nepříznivé okolnosti nebyly zjištěny,1,0,2,2,ŠKODA,žádná z uvedených,4300,žádné z uvedených,osobní automobil bez přívěsu,2000,"soukromé, nevyužívané k výdělečné činnos",2000,nebylo třeba užít násilí,nehoda s následky na životě nebo zdraví,boční,řidič se plně nevěnoval řízení vozidla,"povrch suchý, neznečistěný",neztížené,dobré,na jízdním pruhu,žádná místní úprava,přímý úsek,neurčeno,vozidlo jedoucí - na komunikaci bez stan,srážka s vlakem,"nepřichází v úvahu, nejde o srážku s pev",štěrk,"dobrý, bez závad","ve dne, viditelnost nezhoršená vlivem po",žádná z uvedených,žádný způsob řízení provozu,železniční přejezd nezabezpečený,mimo křižovatku,ne,P2200,2.18365686839,Praha-Zličín - Hostivice,"16,332",Ne,O,,ke hřbitovu,50° 04' 02.73788'' N,14° 17' 07.03364'' E,50.06743,14.28529
14.346587380943131,49.975018921483041,2100085216,Praha (Hlavní město Praha),2008-03-03 18:05:00,komunikace sledovaná (ve vybraných městech),0,závadou komunikace,s řidičským oprávněním skupiny b,řidič nebyl ovlivněn,nezjišťováno,dobrý -žádné nepříznivé okolnosti nebyly zjištěny,0,0,0,1,VOLKSWAGEN,nedošlo k požáru,240,žádné z uvedených,osobní automobil bez přívěsu,1998,"soukromá organizace (podnikatel, s.r.o.,",200,nebylo třeba užít násilí,nehoda pouze s hmotnou škodou,"nepřichází v úvahu, nejde o srážku jedou",nezaviněná řidičem,"povrch suchý, neznečistěný",neztížené,dobré,na jízdním pruhu,žádná místní úprava,přímý úsek,neurčeno,jedoucí - ve směru staničení na komunika,jiný druh nehody,"nepřichází v úvahu, nejde o srážku s pev",živice,jiný (neuvedený) stav nebo závada komuni,"ve dne, zhoršená viditelnost (svítání,so",dvoupruhová,žádný způsob řízení provozu,železniční přejezd zabezpečený,mimo křižovatku,ne,P263,7.73737720617,Praha-Radotín - Dobřichovice,"11,524",Ano,II.,115,,49° 58' 29.83898'' N,14° 20' 47.49480'' E,49.97496,14.34653
14.361548573019821,49.984103941497338,2100088557,Praha (Hlavní město Praha),2008-04-12 12:30:00,komunikace místní,0,řidičem motorového vozidla,s řidičským oprávněním skupiny c,řidič nebyl ovlivněn,ne,dobrý -žádné nepříznivé okolnosti nebyly zjištěny,0,0,0,1,OPEL,nedošlo k požáru,450,žádné z uvedených,osobní automobil bez přívěsu,2003,"soukromé, nevyužívané k výdělečné činnos",200,nebylo třeba užít násilí,nehoda pouze s hmotnou škodou,"nepřichází v úvahu, nejde o srážku jedou",jiný druh nesprávného způsobu jízdy,"povrch suchý, neznečistěný",neztížené,dobré,žádné z uvedených,žádná místní úprava,přímý úsek,neurčeno,vozidlo jedoucí - na komunikaci bez stan,srážka s pevnou překážkou,závory železničního přejezdu,živice,"dobrý, bez závad","ve dne, viditelnost nezhoršená vlivem po",žádná z uvedených,žádný způsob řízení provozu,železniční přejezd zabezpečený,mimo křižovatku,ne,P262,14.3190332873,žst. Praha-Radotín,"10,028",Ano,III.,,"u okrsku, ul. Na Betonce",49° 59' 02.46094'' N,14° 21' 42.10760'' E,49.98402,14.3617
14.388616041668785,50.011842063555719,2100090030,Praha (Hlavní město Praha),2009-01-01 05:00:00,komunikace sledovaná (ve vybraných městech),0,řidičem motorového vozidla,nezjištěno,jiné ovlivnění,nezjišťováno,jiný nepříznivý stav,0,0,0,1,žádná z uvedených,žádná z uvedených,50,žádné z uvedených,"nezjištěno, řidič ujel",,žádná z uvedených,0,žádná z uvedených,nehoda pouze s hmotnou škodou,"nepřichází v úvahu, nejde o srážku jedou",jiný druh nesprávného způsobu jízdy,"povrch suchý, neznečistěný",neztížené,dobré,na jízdním pruhu,žádná místní úprava,přímý úsek,neurčeno,žádná z uvedených,srážka s pevnou překážkou,závory železničního přejezdu,živice,"dobrý, bez závad","v noci - s veřejným osvětlením,viditelno",dvoupruhová,žádný způsob řízení provozu,železniční přejezd zabezpečený,mimo křižovatku,ne,P261,18.5837795357,Praha-Smíchov-jižní zhlaví - Praha-Radotín,"6,29",Ano,II.,,U závodiště,50° 00' 42.37126'' N,14° 23' 19.85841'' E,50.01177,14.38885
14.436372875574765,50.104649973141036,2100092683,Praha (Hlavní město Praha),2009-03-11 14:00:00,komunikace sledovaná (ve vybraných městech),0,řidičem motorového vozidla,"nezjištěno, řidič místo nehody opustil",jiné ovlivnění,ne,jiný nepříznivý stav,0,0,0,1,MAZDA,řidič ujel - nezjištěn,10,žádné z uvedených,osobní automobil bez přívěsu,2005,"soukromé, nevyužívané k výdělečné činnos",0,nebylo třeba užít násilí,nehoda pouze s hmotnou škodou,"nepřichází v úvahu, nejde o srážku jedou",řidič se plně nevěnoval řízení vozidla,"povrch suchý, neznečistěný",neztížené,dobré,žádné z uvedených,žádná místní úprava,přímý úsek,neurčeno,jedoucí - proti směru staničení na komun,srážka s pevnou překážkou,závory železničního přejezdu,živice,"dobrý, bez závad","ve dne, viditelnost nezhoršená vlivem po",dvoupruhová,žádný způsob řízení provozu,železniční přejezd zabezpečený,mimo křižovatku,ne,P1,3.72068150466,Praha-Bubny - Praha-Dejvice,"0,767",Ne,B,,Bubenská třída,50° 06' 16.85545'' N,14° 26' 10.84575'' E,50.10468,14.43635
14.546844871922383,50.141216287121409,2100092790,Praha (Hlavní město Praha),2009-03-14 21:00:00,komunikace sledovaná (ve vybraných městech),0,řidičem motorového vozidla,bez příslušného řidičského oprávnění,řidič nebyl ovlivněn,"ano, obsah alkoholu v&nbsp;krvi do 0,99‰ (2)","pod vlivem alkoholu, obsah alkoholu v krvi do 0,99‰",0,0,0,1,RENAULT,nedošlo k požáru,180,žádné z uvedených,osobní automobil bez přívěsu,1990,"soukromé, nevyužívané k výdělečné činnos",100,nebylo třeba užít násilí,nehoda pouze s hmotnou škodou,"nepřichází v úvahu, nejde o srážku jedou",nepř. rychlosti vlastnostem vozidla a nákladu,"povrch suchý, neznečistěný",neztížené,dobré,na jízdním pruhu,žádná místní úprava,přímý úsek,neurčeno,jedoucí - ve směru staničení na komunika,srážka s pevnou překážkou,závory železničního přejezdu,živice,"dobrý, bez závad","v noci - s veřejným osvětlením,viditelno",dvoupruhová,žádný způsob řízení provozu,železniční přejezd zabezpečený,mimo křižovatku,ne,P2656,7.09730356119,Praha-Satalice - Praha-Čakovice,"17,104",Ne,B,3,Semilská,50° 08' 28.60310'' N,14° 32' 48.65912'' E,50.14128,14.54685
14.29011177318,50.067036259240155,2100094219,Praha (Hlavní město Praha),2009-04-21 10:50:00,komunikace sledovaná (ve vybraných městech),0,řidičem motorového vozidla,s řidičským oprávněním skupiny c,řidič nebyl ovlivněn,ne,dobrý -žádné nepříznivé okolnosti nebyly zjištěny,0,0,0,2,JEEP,nedošlo k požáru,3100,žádné z uvedených,osobní automobil bez přívěsu,2002,"soukromé, nevyužívané k výdělečné činnos",3000,nebylo třeba užít násilí,nehoda pouze s hmotnou škodou,čelní,jiné nedání přednosti,"povrch suchý, neznečistěný",neztížené,dobré,žádné z uvedených,přednost nevyznačena - vyplývá z pravide,zatáčka,neurčeno,jedoucí - proti směru staničení na komun,srážka s vlakem,"nepřichází v úvahu, nejde o srážku s pev",živice,"dobrý, bez závad","ve dne, viditelnost nezhoršená vlivem po",dvoupruhová,žádný způsob řízení provozu,železniční přejezd nezabezpečený,mimo křižovatku,ne,P2199,2.22826819126,Praha-Zličín - Hostivice,"15,972",Ne,III.,,ul. ŽalanskéhoXStrojírenská,50° 04' 01.26285'' N,14° 17' 24.46376'' E,50.06702,14.29013
14.40742302213774,50.098083572272273,2200070295,Praha (Hlavní město Praha),2007-01-11 12:20:00,komunikace sledovaná (ve vybraných městech),0,řidičem motorového vozidla,s řidičským oprávněním skupiny b,řidič nebyl ovlivněn,ne,dobrý -žádné nepříznivé okolnosti nebyly zjištěny,0,0,0,2,ŠKODA,nedošlo k požáru,600,žádné z uvedených,osobní automobil bez přívěsu,1999,"soukromá organizace (podnikatel, s.r.o.,",200,nebylo třeba užít násilí,nehoda pouze s hmotnou škodou,z boku,při přejíždění z jednoho pruhu do druhého,"povrch suchý, neznečistěný",neztížené,dobré,na jízdním pruhu,přednost nevyznačena - vyplývá z pravide,přímý úsek,neurčeno,jedoucí - ve směru staničení na komunika,srážka s jedoucím nekolejovým vozidlem,"nepřichází v úvahu, nejde o srážku s pev",živice,"dobrý, bez závad","ve dne, viditelnost nezhoršená vlivem po",žádná z uvedených,místní úprava (vyplní se pol. 24),železniční přejezd zabezpečený,mimo křižovatku,ne,P3,5.62172835581,Praha-Bubny - Praha-Dejvice,"3,111",Ne,C,,Špejchar,50° 05' 53.18570'' N,14° 24' 26.94983'' E,50.09811,14.40749
14.328951618145114,50.090552821059731,2200070827,Praha (Hlavní město Praha),2007-01-26 13:23:00,komunikace místní,0,řidičem motorového vozidla,bez příslušného řidičského oprávnění,řidič nebyl ovlivněn,nezjišťováno,dobrý -žádné nepříznivé okolnosti nebyly zjištěny,0,1,2,2,MITSUBISHI,žádná z uvedených,450,žádné z uvedených,osobní automobil bez přívěsu,1987,"soukromé, nevyužívané k výdělečné činnos",200,použitím speciální vyprošťovací techniky,nehoda s následky na životě nebo zdraví,z boku,jiné nedání přednosti,"souvislá sněhová vrstva, rozbředlý sníh",neztížené,dobré,žádné z uvedených,žádná místní úprava,přímý úsek,neurčeno,vozidlo jedoucí - na komunikaci bez stan,srážka s vlakem,"nepřichází v úvahu, nejde o srážku s pev",živice,"dobrý, bez závad","ve dne, viditelnost nezhoršená vlivem po",žádná z uvedených,žádný způsob řízení provozu,železniční přejezd nezabezpečený,mimo křižovatku,ne,P10,2.10325564653,Praha-Veleslavín - Praha-Ruzyně,"9,279",Ne,O,,ulice Krajní,50° 05' 25.95927'' N,14° 19' 44.13907'' E,50.09054,14.32893
14.475424625475648,50.095791982590235,2200071317,Praha (Hlavní město Praha),2007-02-11 08:15:00,komunikace účelová - polní a lesní cesty atd.,0,řidičem motorového vozidla,nezjištěno,jiné ovlivnění,nezjišťováno,jiný nepříznivý stav,0,0,0,1,žádná z uvedených,žádná z uvedených,100,žádné z uvedených,"nezjištěno, řidič ujel",,žádná z uvedených,0,žádná z uvedených,nehoda pouze s hmotnou škodou,"nepřichází v úvahu, nejde o srážku jedou",jiný druh nesprávného způsobu jízdy,na vozovce je bláto,neztížené,dobré,na jízdním pruhu,žádná místní úprava,přímý úsek,neurčeno,žádná z uvedených,srážka s pevnou překážkou,závory železničního přejezdu,živice,"nesprávně umístěná,znečistěná,chybějící","ve dne, viditelnost nezhoršená vlivem po",dvoupruhová,žádný způsob řízení provozu,železniční přejezd zabezpečený,mimo křižovatku,ne,P1,2965.03005564,Praha-Bubny - Praha-Dejvice,"0,767",Ne,B,,Bubenská třída,50° 06' 16.85545'' N,14° 26' 10.84575'' E,50.10468,14.43635
14.515032041956593,50.15098977330598,2200076828,Praha (Hlavní město Praha),2007-07-17 07:00:00,komunikace sledovaná (ve vybraných městech),0,řidičem motorového vozidla,nezjištěno,jiné ovlivnění,nezjišťováno,jiný nepříznivý stav,0,0,0,1,žádná z uvedených,žádná z uvedených,50,žádné z uvedených,"nezjištěno, řidič ujel",,žádná z uvedených,0,žádná z uvedených,nehoda pouze s hmotnou škodou,"nepřichází v úvahu, nejde o srážku jedou",jiný druh nesprávného způsobu jízdy,"povrch suchý, neznečistěný",neztížené,dobré,na jízdním pruhu,žádná místní úprava,přímý úsek,neurčeno,žádná z uvedených,srážka s pevnou překážkou,závory železničního přejezdu,živice,"dobrý, bez závad","ve dne, viditelnost nezhoršená vlivem po",žádná z uvedených,žádný způsob řízení provozu,železniční přejezd zabezpečený,mimo křižovatku,ne,P2658,22.7479714895,Praha-Čakovice - Měšice u Prahy,"19,791",Ne,B,18,Cukrovarská,50° 09' 03.53574'' N,14° 30' 55.27119'' E,50.15098,14.51535
14.494375902854934,50.141531783052997,2200076848,Praha (Hlavní město Praha),2007-07-17 15:20:00,uzel (křižovatka sledovaná ve vybraných městech),0,řidičem motorového vozidla,nezjištěno,jiné ovlivnění,nezjišťováno,jiný nepříznivý stav,0,0,0,2,žádná z uvedených,žádná z uvedených,100,žádné z uvedených,"nezjištěno, řidič ujel",,žádná z uvedených,0,žádná z uvedených,nehoda pouze s hmotnou škodou,boční,při přejíždění z jednoho pruhu do druhého,"povrch suchý, neznečistěný",neztížené,dobré,na jízdním pruhu,přednost vyznačena dopravními značkami,křižovatka průsečná - čtyřramenná,neurčeno,žádná z uvedených,srážka s jedoucím nekolejovým vozidlem,"nepřichází v úvahu, nejde o srážku s pev",živice,"dobrý, bez závad","ve dne, viditelnost nezhoršená vlivem po",třípruhová,místní úprava (vyplní se pol. 24),železniční přejezd zabezpečený,mimo zónu 11-19 a 22-28,ne,P2659,1810.94263347,Praha-Čakovice - Měšice u Prahy,"19,98",Ne,O,,do Calofrigu,50° 09' 08.09571'' N,14° 30' 48.40590'' E,50.15225,14.51345
14.361742654963358,49.983929737461722,3100072749,Praha (Hlavní město Praha),2007-08-16 23:59:00,komunikace sledovaná (ve vybraných městech),0,řidičem motorového vozidla,nezjištěno,jiné ovlivnění,nezjišťováno,jiný nepříznivý stav,0,0,0,1,žádná z uvedených,žádná z uvedených,12,žádné z uvedených,"nezjištěno, řidič ujel",,žádná z uvedených,0,žádná z uvedených,nehoda pouze s hmotnou škodou,"nepřichází v úvahu, nejde o srážku jedou",jiný druh nesprávného způsobu jízdy,"povrch suchý, neznečistěný",neztížené,dobré,na kolejích tramvaje,žádná místní úprava,přímý úsek,neurčeno,žádná z uvedených,srážka s pevnou překážkou,závory železničního přejezdu,živice,"dobrý, bez závad","ve dne, viditelnost nezhoršená vlivem po",třípruhová,světelným signalizačním zařízením,železniční přejezd zabezpečený,mimo křižovatku,ne,P262,10.49617966,žst. Praha-Radotín,"10,028",Ano,III.,,"u okrsku, ul. Na Betonce",49° 59' 02.46094'' N,14° 21' 42.10760'' E,49.98402,14.3617
14.40475785957142,50.097634370106263,3100072967,Praha (Hlavní město Praha),2007-08-18 19:09:00,komunikace místní,0,řidičem motorového vozidla,s řidičským oprávněním skupiny c,řidič nebyl ovlivněn,ne,dobrý -žádné nepříznivé okolnosti nebyly zjištěny,0,0,0,1,OPEL,nedošlo k požáru,20,žádné z uvedených,osobní automobil bez přívěsu,2001,"soukromé, nevyužívané k výdělečné činnos",0,nebylo třeba užít násilí,nehoda pouze s hmotnou škodou,"nepřichází v úvahu, nejde o srážku jedou",řidič se plně nevěnoval řízení vozidla,"povrch suchý, neznečistěný",neztížené,dobré,na jízdním pruhu,žádná místní úprava,přímý úsek,neurčeno,vozidlo jedoucí - na komunikaci bez stan,srážka s pevnou překážkou,závory železničního přejezdu,živice,"dobrý, bez závad","ve dne, viditelnost nezhoršená vlivem po",žádná z uvedených,žádný způsob řízení provozu,železniční přejezd zabezpečený,mimo křižovatku,ne,P4,5.23506055038,Praha-Bubny - Praha-Dejvice,"3,313",Ne,MK,,na Hradčanské,50° 05' 51.65615'' N,14° 24' 17.06778'' E,50.09768,14.40474
14.602105692506246,50.114748808673873,3100073783,Praha (Hlavní město Praha),2007-08-29 06:35:00,komunikace sledovaná (ve vybraných městech),0,řidičem motorového vozidla,s řidičským oprávněním skupiny d,řidič nebyl ovlivněn,ne,dobrý -žádné nepříznivé okolnosti nebyly zjištěny,0,0,0,1,MAN,žádná z uvedených,100,žádné z uvedených,"nákladní automobil (včetně multikáry, au",2006,"soukromá organizace (podnikatel, s.r.o.,",100,nebylo třeba užít násilí,nehoda pouze s hmotnou škodou,"nepřichází v úvahu, nejde o srážku jedou",jiný druh nesprávného způsobu jízdy,"povrch suchý, neznečistěný",neztížené,dobré,na jízdním pruhu,žádná místní úprava,přímý úsek,neurčeno,jedoucí - ve směru staničení na komunika,srážka s pevnou překážkou,závory železničního přejezdu,živice,"dobrý, bez závad","ve dne, viditelnost nezhoršená vlivem po",žádná z uvedených,žádný způsob řízení provozu,železniční přejezd zabezpečený,mimo křižovatku,ne,P3617,10.1758785128,Praha-Horní Počernice - Skály (počernická část),"21,209",Ano,B,,ulice Bystrá,50° 06' 52.76550'' N,14° 36' 07.71574'' E,50.11466,14.60214
14.475220728665521,50.095958614688321,3100076674,Praha (Hlavní město Praha),2007-09-26 14:20:00,komunikace sledovaná (ve vybraných městech),0,řidičem motorového vozidla,"nezjištěno, řidič místo nehody opustil",jiné ovlivnění,nezjišťováno,jiný nepříznivý stav,0,0,0,1,MAN,řidič ujel - nezjištěn,100,žádné z uvedených,nákladní automobil s přívěsem,2007,"soukromá organizace (podnikatel, s.r.o.,",0,nebylo třeba užít násilí,nehoda pouze s hmotnou škodou,"nepřichází v úvahu, nejde o srážku jedou",jiný druh nesprávného způsobu jízdy,"povrch suchý, znečist. (písek,listí,štěr",neztížené,dobré,na jízdním pruhu,žádná místní úprava,přímý úsek,neurčeno,jedoucí - ve směru staničení na komunika,srážka s pevnou překážkou,závory železničního přejezdu,živice,"dobrý, bez závad","ve dne, viditelnost nezhoršená vlivem po",dvoupruhová,žádný způsob řízení provozu,železniční přejezd zabezpečený,mimo křižovatku,ne,P1,2945.12152665,Praha-Bubny - Praha-Dejvice,"0,767",Ne,B,,Bubenská třída,50° 06' 16.85545'' N,14° 26' 10.84575'' E,50.10468,14.43635
14.546864882268519,50.141205785341143,3100078706,Praha (Hlavní město Praha),2007-10-17 23:59:00,komunikace sledovaná (ve vybraných městech),0,řidičem motorového vozidla,nezjištěno,jiné ovlivnění,nezjišťováno,jiný nepříznivý stav,0,0,0,1,žádná z uvedených,žádná z uvedených,200,žádné z uvedených,"nezjištěno, řidič ujel",,žádná z uvedených,0,žádná z uvedených,nehoda pouze s hmotnou škodou,"nepřichází v úvahu, nejde o srážku jedou",jiný druh nesprávného způsobu jízdy,"povrch suchý, neznečistěný",neztížené,dobré,na jízdním pruhu,žádná místní úprava,přímý úsek,neurčeno,žádná z uvedených,srážka s pevnou překážkou,závory železničního přejezdu,živice,"dobrý, bez závad","ve dne, viditelnost nezhoršená vlivem po",dvoupruhová,žádný způsob řízení provozu,železniční přejezd zabezpečený,mimo křižovatku,ne,P2656,8.3242223409,Praha-Satalice - Praha-Čakovice,"17,104",Ne,B,3,Semilská,50° 08' 28.60310'' N,14° 32' 48.65912'' E,50.14128,14.54685
14.515353998380293,50.150993929823343,3100080888,Praha (Hlavní město Praha),2008-05-13 00:01:00,komunikace sledovaná (ve vybraných městech),0,řidičem motorového vozidla,nezjištěno,jiné ovlivnění,nezjišťováno,jiný nepříznivý stav,0,0,0,2,žádná z uvedených,žádná z uvedených,100,žádné z uvedených,"nezjištěno, řidič ujel",,žádná z uvedených,0,žádná z uvedených,nehoda pouze s hmotnou škodou,boční,jiný druh nesprávného způsobu jízdy,"povrch suchý, neznečistěný",neztížené,dobré,na jízdním pruhu,přednost vyznačena dopravními značkami,křižovatka průsečná - čtyřramenná,neurčeno,žádná z uvedených,srážka s jedoucím nekolejovým vozidlem,"nepřichází v úvahu, nejde o srážku s pev",živice,"dobrý, bez závad","v noci - s veřejným osvětlením,viditelno",žádná z uvedených,místní úprava (vyplní se pol. 24),železniční přejezd zabezpečený,"na křižovatce,jedná-li se o křížení siln",ne,P2658,1.57396034358,Praha-Čakovice - Měšice u Prahy,"19,791",Ne,B,18,Cukrovarská,50° 09' 03.53574'' N,14° 30' 55.27119'' E,50.15098,14.51535