X,Y,id,obec,datum,komunikace,komunika_1,zavineni,ridic_kate,ridic_ovli,vinik_alko,ridic_stav,obeti_usmr,obeti_lehc,obeti_tezc,vozidel_ce,vinik_vozi,vinik_vo_1,skoda,unik_hmot,vinik_vo_2,vinik_vo_3,vinik_vo_4,vinik_skod,vyprosteni,nehoda_cha,srazka_voz,hlavni_pri,povrch_sta,meteo,rozhled,nehoda_pol,prednost_v,smerove_po,druh_krizu,smer_jizdy,nehoda_dru,pevna_prek,povrch_dru,komunika_2,viditelnos,komunika_3,rizeni_pro,objekty,misto_neho,smyk,neighbors_TargetID,neighbors_Distance,neighbors_prejezdy-dec_Název definičního úseku,neighbors_prejezdy-dec_Žkm přejezdu,neighbors_prejezdy-dec_Přejezd s trolejovým vedením,neighbors_prejezdy-dec_Třída pozemní komunikace,neighbors_prejezdy-dec_Číslo pozemní komunikace,neighbors_prejezdy-dec_Místní název přejezdu,neighbors_prejezdy-dec_Zeměpisná šířka,neighbors_prejezdy-dec_Zeměpisná délka,neighbors_prejezdy-dec_field_10,neighbors_prejezdy-dec_field_11
15.329051983404892,49.942558671452851,10506070301,Církvice (Středočeský kraj),2007-05-05 00:10:00,silnice 3.třídy,3321,řidičem motorového vozidla,s řidičským oprávněním skupiny b,řidič nebyl ovlivněn,ne,dobrý -žádné nepříznivé okolnosti nebyly zjištěny,0,0,0,2,OPEL,nedošlo k požáru,2400,žádné z uvedených,osobní automobil bez přívěsu,2003,"soukromé, nevyužívané k výdělečné činnos",800,nebylo třeba užít násilí,nehoda pouze s hmotnou škodou,z boku,jiný druh nesprávného způsobu jízdy,"povrch suchý, neznečistěný",neztížené,dobré,na jízdním pruhu,přednost vyznačena dopravními značkami,přímý úsek,neurčeno,jedoucí - proti směru staničení na komun,srážka s vlakem,"nepřichází v úvahu, nejde o srážku s pev",živice,přechodná uzavírka silnice nebo jízdního,"v noci - bez veřejného osvětlení,viditel",dvoupruhová,místní úprava (vyplní se pol. 24),železniční přejezd zabezpečený,mimo křižovatku,ne,P3723,14.3852050978,Čáslav - Kutná Hora hl.n.,"284,569",Ano,III.,3321,,49° 56' 33.61425'' N,15° 19' 44.20781'' E,49.94267,15.32895
15.403823462939833,49.904880255126244,10506070349,Čáslav (Středočeský kraj),2007-05-19 21:40:00,komunikace místní,0,řidičem motorového vozidla,s řidičským oprávněním skupiny b,řidič nebyl ovlivněn,"ano, obsah alkoholu v&nbsp;krvi do 0,99‰ (2)","pod vlivem alkoholu, obsah alkoholu v krvi do 0,99‰",0,0,0,2,ŠKODA,nedošlo k požáru,250,žádné z uvedených,osobní automobil bez přívěsu,1994,"soukromé, nevyužívané k výdělečné činnos",200,nebylo třeba užít násilí,nehoda pouze s hmotnou škodou,z boku,jiné nedání přednosti,"povrch suchý, neznečistěný",neztížené,dobré,na jízdním pruhu,přednost vyznačena dopravními značkami,křižovatka styková - tříramenná,místní komunikace,vozidlo jedoucí - na komunikaci bez stan,srážka s vlakem,"nepřichází v úvahu, nejde o srážku s pev",živice,"dobrý, bez závad","v noci - s veřejným osvětlením,viditelno",dvoupruhová,místní úprava (vyplní se pol. 24),železniční přejezd zabezpečený,"na křižovatce,jedná-li se o křížení siln",ne,P3716,3.37256178232,Golčův Jeníkov - Čáslav,"276,831",Ano,C,,U Nemocnice,49° 54' 17.45076'' N,15° 24' 13.75924'' E,49.90485,15.40382
15.47465389899684,49.895521571026279,10506070726,Žleby (Středočeský kraj),2007-09-24 11:27:00,komunikace místní,0,řidičem motorového vozidla,s řidičským oprávněním skupiny b,řidič nebyl ovlivněn,ne,dobrý -žádné nepříznivé okolnosti nebyly zjištěny,1,0,1,2,ŠKODA,nedošlo k požáru,230,žádné z uvedených,osobní automobil bez přívěsu,1971,"soukromé, nevyužívané k výdělečné činnos",100,nebylo třeba užít násilí,nehoda s následky na životě nebo zdraví,čelní,nesprávné otáčení nebo couvání,"povrch suchý, neznečistěný",neztížené,dobré,na jízdním pruhu,žádná místní úprava,zatáčka,neurčeno,vozidlo jedoucí - na komunikaci bez stan,srážka s vlakem,"nepřichází v úvahu, nejde o srážku s pev",jiný nezpevněný povrch,"dobrý, bez závad","ve dne, viditelnost nezhoršená vlivem po",dvoupruhová,žádný způsob řízení provozu,železniční přejezd nezabezpečený,mimo křižovatku,ne,P3747,5.31320439141,Skovice - Žleby,"7,077",Ne,H,,,49° 53' 44.01469'' N,15° 28' 28.60528'' E,49.89556,15.47461
15.422825830116196,49.917146670755876,10506070828,Vrdy (Středočeský kraj),2007-11-11 18:55:00,silnice 1.třídy,17,řidičem motorového vozidla,s řidičským oprávněním skupiny c,řidič nebyl ovlivněn,"ano, obsah alkoholu v&nbsp;krvi do 0,99‰ (2)","pod vlivem alkoholu, obsah alkoholu v krvi do 0,99‰",0,0,0,2,FIAT,nedošlo k požáru,250,"došlo k úniku pohonných hmot, oleje, chl",osobní automobil bez přívěsu,1986,"soukromé, nevyužívané k výdělečné činnos",150,nebylo třeba užít násilí,nehoda pouze s hmotnou škodou,z boku,nepřizpůsobení rychlosti hustotě provozu,"povrch suchý, neznečistěný",neztížené,dobré,na jízdním pruhu,žádná místní úprava,přímý úsek,neurčeno,jedoucí - ve směru staničení na komunika,srážka s vlakem,"nepřichází v úvahu, nejde o srážku s pev",živice,"dobrý, bez závad","v noci - bez veřejného osvětlení,viditel",dvoupruhová,žádný způsob řízení provozu,železniční přejezd nezabezpečený,mimo křižovatku,ne,P3737,10.5724637821,Čáslav-místní nádr. - Skovice,"2,14",Ne,I.,17,,49° 55' 01.58172'' N,15° 25' 21.69407'' E,49.91711,15.42269
15.422833080159021,49.917139097175294,10506070977,Vrdy (Středočeský kraj),2007-12-11 20:00:00,silnice 1.třídy,17,řidičem nemotorového vozidla,ostatní řidiči vozidel,řidič nebyl ovlivněn,nezjišťováno,dobrý -žádné nepříznivé okolnosti nebyly zjištěny,0,0,1,2,žádná z uvedených,nedošlo k požáru,1,žádné z uvedených,jízdní kolo,,"soukromé, nevyužívané k výdělečné činnos",1,nebylo třeba užít násilí,nehoda s následky na životě nebo zdraví,"nepřichází v úvahu, nejde o srážku jedou",nezvládnutí řízení vozidla,"povrch suchý, neznečistěný",neztížené,dobré,na jízdním pruhu,přednost vyznačena dopravními značkami,přímý úsek,neurčeno,jedoucí - proti směru staničení na komun,havárie,"nepřichází v úvahu, nejde o srážku s pev",živice,"dobrý, bez závad","ve dne, viditelnost nezhoršená vlivem po",dvoupruhová,místní úprava (vyplní se pol. 24),železniční přejezd nezabezpečený,mimo křižovatku,ne,P3737,10.7725155879,Čáslav-místní nádr. - Skovice,"2,14",Ne,I.,17,,49° 55' 01.58172'' N,15° 25' 21.69407'' E,49.91711,15.42269
15.030326056129654,49.775474277564363,10506080059,Čestín (Středočeský kraj),2008-01-25 12:00:00,silnice 3.třídy,12519,řidičem motorového vozidla,s řidičským oprávněním skupiny c,řidič nebyl ovlivněn,ne,dobrý -žádné nepříznivé okolnosti nebyly zjištěny,0,0,0,2,MERCEDES,nedošlo k požáru,4720,žádné z uvedených,"nákladní automobil (včetně multikáry, au",2007,"soukromá organizace (podnikatel, s.r.o.,",4500,nebylo třeba užít násilí,nehoda pouze s hmotnou škodou,z boku,proti příkazu dopravní značky STŮJ DEJ PŘEDNOST,povrch mokrý,neztížené,dobré,na jízdním pruhu,přednost vyznačena dopravními značkami,zatáčka,neurčeno,jedoucí - ve směru staničení na komunika,srážka s vlakem,"nepřichází v úvahu, nejde o srážku s pev",živice,"dobrý, bez závad","ve dne, viditelnost nezhoršená vlivem po",dvoupruhová,místní úprava (vyplní se pol. 24),železniční přejezd nezabezpečený,mimo křižovatku,ne,P5827,22.8583252672,Kácov - SÁZAVAN Zruč n/Sáz.,"2,028",Ne,III.,12519,U zastávky Kácov,49° 46' 31.19093'' N,15° 01' 48.37240'' E,49.77533,15.0301
15.328952866624517,49.942712914048577,10506080255,Církvice (Středočeský kraj),2008-04-29 23:59:00,silnice 3.třídy,3321,řidičem motorového vozidla,nezjištěno,jiné ovlivnění,nezjišťováno,jiný nepříznivý stav,0,0,0,1,žádná z uvedených,žádná z uvedených,100,žádné z uvedených,"nezjištěno, řidič ujel",,žádná z uvedených,0,žádná z uvedených,nehoda pouze s hmotnou škodou,"nepřichází v úvahu, nejde o srážku jedou",řidič se plně nevěnoval řízení vozidla,"povrch suchý, neznečistěný",neztížené,dobré,na jízdním pruhu,žádná místní úprava,přímý úsek,neurčeno,žádná z uvedených,srážka s pevnou překážkou,závory železničního přejezdu,živice,"dobrý, bez závad","v noci - bez veřejného osvětlení,viditel",dvoupruhová,žádný způsob řízení provozu,železniční přejezd zabezpečený,mimo křižovatku,ne,P3723,4.77571660472,Čáslav - Kutná Hora hl.n.,"284,569",Ano,III.,3321,,49° 56' 33.61425'' N,15° 19' 44.20781'' E,49.94267,15.32895
15.165703338045068,49.730927022925876,10506080272,Vlastějovice (Středočeský kraj),2008-05-11 14:48:00,komunikace místní,0,řidičem motorového vozidla,s řidičským oprávněním skupiny b,řidič nebyl ovlivněn,ne,dobrý -žádné nepříznivé okolnosti nebyly zjištěny,0,2,1,2,PEUGEOT,nedošlo k požáru,1540,žádné z uvedených,osobní automobil bez přívěsu,2003,"soukromé, nevyužívané k výdělečné činnos",1000,nebylo třeba užít násilí,nehoda s následky na životě nebo zdraví,z boku,proti příkazu dopravní značky STŮJ DEJ PŘEDNOST,"povrch suchý, neznečistěný",neztížené,"špatné vlivem přechodné vegetace (tráva,",na jízdním pruhu,přednost vyznačena dopravními značkami,přímý úsek,neurčeno,vozidlo jedoucí - na komunikaci bez stan,srážka s vlakem,"nepřichází v úvahu, nejde o srážku s pev",štěrk,"dobrý, bez závad","ve dne, viditelnost nezhoršená vlivem po",dvoupruhová,místní úprava (vyplní se pol. 24),železniční přejezd nezabezpečený,mimo křižovatku,ne,P5857,2.24049594798,Zruč n/Sázavou - Vlastějovice,"19,803",Ne,H,,,49° 43' 51.26760'' N,15° 09' 56.59678'' E,49.73091,15.16572
15.363364207580483,49.929073048375827,10506080296,Třebešice (Středočeský kraj),2008-05-24 23:59:00,silnice 2.třídy,339,řidičem motorového vozidla,nezjištěno,jiné ovlivnění,nezjišťováno,jiný nepříznivý stav,0,0,0,1,žádná z uvedených,žádná z uvedených,150,žádné z uvedených,"nezjištěno, řidič ujel",,žádná z uvedených,0,žádná z uvedených,nehoda pouze s hmotnou škodou,"nepřichází v úvahu, nejde o srážku jedou",jiný druh nesprávného způsobu jízdy,"povrch suchý, neznečistěný",neztížené,dobré,na jízdním pruhu,žádná místní úprava,přímý úsek,neurčeno,žádná z uvedených,srážka s pevnou překážkou,závory železničního přejezdu,živice,"dobrý, bez závad","ve dne, viditelnost nezhoršená vlivem po",dvoupruhová,žádný způsob řízení provozu,železniční přejezd zabezpečený,mimo křižovatku,ne,P3719,3.09600327062,Čáslav - Kutná Hora hl.n.,"281,182",Ano,II.,339,Kalabousek,49° 55' 44.59787'' N,15° 21' 48.02773'' E,49.92905,15.36334
15.314721149818968,49.956845504491689,10506080834,Církvice (Středočeský kraj),2008-12-19 16:30:00,komunikace místní,0,řidičem nemotorového vozidla,ostatní řidiči vozidel,řidič nebyl ovlivněn,nezjišťováno,dobrý -žádné nepříznivé okolnosti nebyly zjištěny,1,0,0,2,žádná z uvedených,nedošlo k požáru,60,žádné z uvedených,jízdní kolo,,"soukromé, nevyužívané k výdělečné činnos",30,nebylo třeba užít násilí,nehoda s následky na životě nebo zdraví,z boku,jiné nedání přednosti,povrch mokrý,neztížené,dobré,na jízdním pruhu,přednost vyznačena dopravními značkami,přímý úsek,neurčeno,vozidlo jedoucí - na komunikaci bez stan,srážka s vlakem,"nepřichází v úvahu, nejde o srážku s pev",živice,"dobrý, bez závad","v noci - s veřejným osvětlením,viditelno",dvoupruhová,místní úprava (vyplní se pol. 24),železniční přejezd zabezpečený,mimo křižovatku,ne,P3724,2.31750019998,Čáslav - Kutná Hora hl.n.,"286,468",Ano,O,,Do Depa,49° 57' 24.62599'' N,15° 18' 52.88832'' E,49.95684,15.31469
15.42286711059776,49.917169320620609,10506090036,Vrdy (Středočeský kraj),2009-02-02 06:05:00,silnice 1.třídy,17,řidičem motorového vozidla,s řidičským oprávněním skupiny d,řidič nebyl ovlivněn,ne,dobrý -žádné nepříznivé okolnosti nebyly zjištěny,0,0,0,2,MAN,nedošlo k požáru,3210,žádné z uvedených,nákladní automobil s návěsem,2001,"soukromá organizace (podnikatel, s.r.o.,",3000,nebylo třeba užít násilí,nehoda pouze s hmotnou škodou,z boku,jiné nedání přednosti,"povrch suchý, neznečistěný",neztížené,dobré,na jízdním pruhu,žádná místní úprava,přímý úsek,neurčeno,jedoucí - proti směru staničení na komun,srážka s vlakem,"nepřichází v úvahu, nejde o srážku s pev",živice,"dobrý, bez závad","v noci - bez veřejného osvětlení,viditel",dvoupruhová,žádný způsob řízení provozu,železniční přejezd nezabezpečený,mimo křižovatku,ne,P3737,14.327804449,Čáslav-místní nádr. - Skovice,"2,14",Ne,I.,17,,49° 55' 01.58172'' N,15° 25' 21.69407'' E,49.91711,15.42269
14.481501805977322,50.359857792759577,10606070017,Mělník (Středočeský kraj),2007-01-01 07:50:00,silnice 1.třídy,9,řidičem motorového vozidla,s řidičským oprávněním skupiny b,řidič nebyl ovlivněn,ne,dobrý -žádné nepříznivé okolnosti nebyly zjištěny,0,0,0,1,OPEL,nedošlo k požáru,850,žádné z uvedených,osobní automobil bez přívěsu,1998,"soukromé, nevyužívané k výdělečné činnos",450,nebylo třeba užít násilí,nehoda pouze s hmotnou škodou,"nepřichází v úvahu, nejde o srážku jedou","nepř. rychlosti stavu vozovky (náledí, výtluky, bláto, mokrý povrch apod.)",povrch mokrý,neztížené,dobré,mimo komunikaci,žádná místní úprava,zatáčka,neurčeno,jedoucí - proti směru staničení na komun,srážka s pevnou překážkou,"sloup - telefonní, veř.osvětlení, el.ved",živice,"dobrý, bez závad","ve dne, viditelnost nezhoršená vlivem po",dvoupruhová,žádný způsob řízení provozu,železniční přejezd zabezpečený,mimo křižovatku,ano,P2999,27.5289723765,Mělník - Mělník Labe ZV501,"1,115",Ne,I.,9,Plavecký bazén,50° 21' 36.15060'' N,14° 28' 52.47676'' E,50.36004,14.48124
14.396746512325377,50.326181046526692,10606070060,Lužec nad Vltavou (Středočeský kraj),2007-01-19 18:45:00,silnice 3.třídy,24627,řidičem motorového vozidla,s řidičským oprávněním skupiny b,řidič nebyl ovlivněn,ne,dobrý -žádné nepříznivé okolnosti nebyly zjištěny,0,1,0,2,FORD,nedošlo k požáru,650,žádné z uvedených,osobní automobil bez přívěsu,1993,registrované mimo území ČR,600,nebylo třeba užít násilí,nehoda s následky na životě nebo zdraví,čelní,jiné nedání přednosti,"povrch suchý, neznečistěný",neztížené,dobré,na jízdním pruhu,přednost vyznačena dopravními značkami,přímý úsek,neurčeno,jedoucí - ve směru staničení na komunika,srážka s vlakem,"nepřichází v úvahu, nejde o srážku s pev",živice,"dobrý, bez závad","v noci - bez veřejného osvětlení,viditel",dvoupruhová,místní úprava (vyplní se pol. 24),železniční přejezd nezabezpečený,mimo křižovatku,ano,P2439,11.6049952963,"BETONIKA, RAF Lužec n.Vlt. - Lužec nad Vltavou","2,377",Ne,III.,24627,,50° 19' 34.53784'' N,14° 23' 47.91576'' E,50.32626,14.39664
14.542051901489542,50.380680226268048,10606070067,Lhotka (Středočeský kraj),2007-01-22 12:50:00,silnice 2.třídy,273,řidičem motorového vozidla,s řidičským oprávněním skupiny b,řidič nebyl ovlivněn,ne,dobrý -žádné nepříznivé okolnosti nebyly zjištěny,0,0,0,2,PEUGEOT,nedošlo k požáru,500,žádné z uvedených,osobní automobil bez přívěsu,2005,"soukromá organizace (podnikatel, s.r.o.,",500,nebylo třeba užít násilí,nehoda pouze s hmotnou škodou,z boku,jiné nedání přednosti,"povrch suchý, neznečistěný",neztížené,dobré,na jízdním pruhu,žádná místní úprava,přímý úsek,neurčeno,jedoucí - proti směru staničení na komun,srážka s vlakem,"nepřichází v úvahu, nejde o srážku s pev",živice,"dobrý, bez závad","ve dne, viditelnost nezhoršená vlivem po",dvoupruhová,žádný způsob řízení provozu,železniční přejezd nezabezpečený,mimo křižovatku,ne,P3022,9.90711411234,Mělník - Lhotka u Mělníka,"10,579",Ne,II.,273,,50° 22' 50.75304'' N,14° 32' 31.15038'' E,50.38076,14.54199
14.318817263221293,50.260341172935092,10606070208,Veltrusy (Středočeský kraj),2007-02-28 13:00:00,silnice 2.třídy,101,řidičem motorového vozidla,s řidičským oprávněním skupiny d,řidič nebyl ovlivněn,ne,dobrý -žádné nepříznivé okolnosti nebyly zjištěny,0,0,0,2,FIAT,nedošlo k požáru,2600,"došlo k úniku pohonných hmot, oleje, chl","nákladní automobil (včetně multikáry, au",2003,"soukromé, nevyužívané k výdělečné činnos",2000,použitím speciální vyprošťovací techniky,nehoda pouze s hmotnou škodou,čelní,proti příkazu dopravní značky STŮJ DEJ PŘEDNOST,"povrch suchý, neznečistěný",neztížené,dobré,na jízdním pruhu,přednost vyznačena dopravními značkami,přímý úsek,neurčeno,jedoucí - ve směru staničení na komunika,srážka s vlakem,"nepřichází v úvahu, nejde o srážku s pev",živice,"dobrý, bez závad","ve dne, viditelnost nezhoršená vlivem po",dvoupruhová,místní úprava (vyplní se pol. 24),železniční přejezd nezabezpečený,mimo křižovatku,ne,P2468,2069.7129466,Chvatěruby - Úžice,"4,696",Ne,V,,Chvatěrubský v polích,50° 15' 06.36944'' N,14° 20' 40.48663'' E,50.25177,14.34458
14.30642795161635,50.237695418800072,10606070268,Kralupy nad Vltavou (Středočeský kraj),2007-03-15 22:10:00,komunikace místní,0,řidičem motorového vozidla,s řidičským oprávněním skupiny c,řidič nebyl ovlivněn,ne,dobrý -žádné nepříznivé okolnosti nebyly zjištěny,0,0,0,1,IVECO,nedošlo k požáru,50,žádné z uvedených,nákladní automobil s návěsem,1997,"soukromá organizace (podnikatel, s.r.o.,",0,nebylo třeba užít násilí,nehoda pouze s hmotnou škodou,"nepřichází v úvahu, nejde o srážku jedou",řidič se plně nevěnoval řízení vozidla,"povrch suchý, neznečistěný",neztížené,dobré,na jízdním pruhu,žádná místní úprava,přímý úsek,neurčeno,vozidlo jedoucí - na komunikaci bez stan,srážka s pevnou překážkou,závory železničního přejezdu,živice,"dobrý, bez závad","v noci - s veřejným osvětlením,viditelno",dvoupruhová,žádný způsob řízení provozu,železniční přejezd zabezpečený,mimo křižovatku,ne,P2394,8.87036046563,žst. Kralupy nad Vltavou - (Buštěhradská část),"0,685",Ano,III.,10147,u Barev a Laků,50° 14' 15.84007'' N,14° 18' 23.55175'' E,50.23773,14.30654
14.383045641212611,50.342567795559631,10606070289,Lužec nad Vltavou (Středočeský kraj),2007-03-19 21:10:00,silnice 3.třídy,24627,řidičem motorového vozidla,"nezjištěno, řidič místo nehody opustil",jiné ovlivnění,nezjišťováno,jiný nepříznivý stav,0,1,0,2,AUDI,nedošlo k požáru,35000,"došlo k úniku pohonných hmot, oleje, chl",osobní automobil bez přívěsu,2003,"soukromé, nevyužívané k výdělečné činnos",5000,nebylo třeba užít násilí,nehoda s následky na životě nebo zdraví,čelní,řidič se plně nevěnoval řízení vozidla,"povrch suchý, neznečistěný",neztížené,dobré,na jízdním pruhu,žádná místní úprava,přímý úsek po projetí zatáčkou (do vzdál,neurčeno,jedoucí - ve směru staničení na komunika,srážka s vlakem,"nepřichází v úvahu, nejde o srážku s pev",živice,"dobrý, bez závad","v noci - bez veřejného osvětlení,viditel",dvoupruhová,žádný způsob řízení provozu,železniční přejezd zabezpečený,mimo křižovatku,ne,P2403,8.23564017825,Vraňany - Dolní Beřkovice,"451,414",Ano,III.,24627,,50° 20' 33.26798'' N,14° 22' 58.54787'' E,50.34257,14.38293
14.481301001192611,50.360030690906527,10606070352,Mělník (Středočeský kraj),2007-04-04 20:45:00,silnice 1.třídy,9,řidičem motorového vozidla,s řidičským oprávněním skupiny b,řidič nebyl ovlivněn,ne,dobrý -žádné nepříznivé okolnosti nebyly zjištěny,0,0,0,2,FIAT,nedošlo k požáru,750,"došlo k úniku pohonných hmot, oleje, chl",osobní automobil bez přívěsu,2003,"soukromé, nevyužívané k výdělečné činnos",300,nebylo třeba užít násilí,nehoda pouze s hmotnou škodou,čelní,"nepř. rychlosti stavu vozovky (náledí, výtluky, bláto, mokrý povrch apod.)",povrch mokrý,"na počátku deště, slabý déšť",dobré,na jízdním pruhu,žádná místní úprava,zatáčka,neurčeno,jedoucí - proti směru staničení na komun,srážka s jedoucím nekolejovým vozidlem,"nepřichází v úvahu, nejde o srážku s pev",živice,"dobrý, bez závad","v noci - s veřejným osvětlením, zhoršená",dvoupruhová,žádný způsob řízení provozu,železniční přejezd zabezpečený,mimo křižovatku,ne,P2999,4.46327078232,Mělník - Mělník Labe ZV501,"1,115",Ne,I.,9,Plavecký bazén,50° 21' 36.15060'' N,14° 28' 52.47676'' E,50.36004,14.48124
14.556307957881318,50.267290164586534,10606070582,Tišice (Středočeský kraj),2007-05-26 01:30:00,komunikace místní,0,řidičem motorového vozidla,s řidičským oprávněním skupiny b,řidič nebyl ovlivněn,"ano, obsah alkoholu v&nbsp;krvi do 0,99‰ (2)","pod vlivem alkoholu, obsah alkoholu v krvi do 0,99‰",0,0,0,1,SUZUKI,nedošlo k požáru,400,žádné z uvedených,osobní automobil bez přívěsu,2003,"soukromé, nevyužívané k výdělečné činnos",400,nebylo třeba užít násilí,nehoda pouze s hmotnou škodou,"nepřichází v úvahu, nejde o srážku jedou",jiný druh nepřiměřené rychlosti,"povrch suchý, neznečistěný",neztížené,dobré,mimo komunikaci,žádná místní úprava,přímý úsek,neurčeno,vozidlo jedoucí - na komunikaci bez stan,srážka s pevnou překážkou,"jiná překážka (zábradlí,oplocení,násep,n",štěrk,"dobrý, bez závad","v noci - s veřejným osvětlením,viditelno",dvoupruhová,žádný způsob řízení provozu,železniční přejezd zabezpečený,mimo křižovatku,ne,P2674,161.731784489,Neratovice - Všetaty,"37,252",Ne,II.,331,Tišický ve městě,50° 16' 05.47889'' N,14° 33' 29.13559'' E,50.26819,14.55809
14.612520123325503,50.392783587570847,10606070722,Nebužely (Středočeský kraj),2007-06-22 12:50:00,silnice 3.třídy,27317,řidičem motorového vozidla,s řidičským oprávněním skupiny b,řidič nebyl ovlivněn,ne,dobrý -žádné nepříznivé okolnosti nebyly zjištěny,0,1,0,2,FORD,nedošlo k požáru,1100,žádné z uvedených,osobní automobil bez přívěsu,1999,"soukromé, nevyužívané k výdělečné činnos",1000,nebylo třeba užít násilí,nehoda s následky na životě nebo zdraví,boční,jiné nedání přednosti,"povrch suchý, neznečistěný",neztížené,dobré,na jízdním pruhu,přednost vyznačena dopravními značkami,přímý úsek,neurčeno,jedoucí - ve směru staničení na komunika,srážka s vlakem,"nepřichází v úvahu, nejde o srážku s pev",živice,"dobrý, bez závad","ve dne, viditelnost nezhoršená vlivem po",dvoupruhová,místní úprava (vyplní se pol. 24),železniční přejezd nezabezpečený,mimo křižovatku,ano,P3031,20.7084820604,Nebužely - Živonín,"17,2",Ne,III.,27317,,50° 23' 34.55455'' N,14° 36' 45.72140'' E,50.39293,14.6127
14.552446737368978,50.227443511600384,10606070942,Kostelec nad Labem (Středočeský kraj),2007-08-08 08:10:00,silnice 3.třídy,2447,řidičem motorového vozidla,s řidičským oprávněním skupiny c,řidič nebyl ovlivněn,ne,dobrý -žádné nepříznivé okolnosti nebyly zjištěny,0,4,0,2,AVIA,nedošlo k požáru,3600,žádné z uvedených,"nákladní automobil (včetně multikáry, au",1985,"soukromá organizace (podnikatel, s.r.o.,",1000,nebylo třeba užít násilí,nehoda s následky na životě nebo zdraví,z boku,řidič se plně nevěnoval řízení vozidla,"povrch suchý, neznečistěný",neztížené,dobré,na jízdním pruhu,žádná místní úprava,přímý úsek po projetí zatáčkou (do vzdál,neurčeno,jedoucí - proti směru staničení na komun,srážka s vlakem,"nepřichází v úvahu, nejde o srážku s pev",živice,"dobrý, bez závad","ve dne, viditelnost nezhoršená vlivem po",dvoupruhová,žádný způsob řízení provozu,železniční přejezd nezabezpečený,mimo křižovatku,ne,P2752,13.2747891906,Kostelec nad Labem - Jiřice,"9,925",Ne,III.,2447,Jiřický směr Nová Ves,50° 13' 38.63930'' N,14° 33' 09.44031'' E,50.2274,14.55262
14.472668929103598,50.369026353210316,10606071325,Mělník (Středočeský kraj),2007-11-11 17:40:00,komunikace místní,0,řidičem motorového vozidla,s řidičským oprávněním skupiny c,řidič nebyl ovlivněn,ne,jiný nepříznivý stav,3,0,0,2,ŠKODA,žádná z uvedených,3050,"došlo k úniku pohonných hmot, oleje, chl",osobní automobil bez přívěsu,1998,"soukromé, nevyužívané k výdělečné činnos",2500,nebylo třeba užít násilí,nehoda s následky na životě nebo zdraví,čelní,jiné nedání přednosti,"povrch suchý, neznečistěný",neztížené,dobré,na jízdním pruhu,žádná místní úprava,přímý úsek,neurčeno,vozidlo jedoucí - na komunikaci bez stan,srážka s vlakem,"nepřichází v úvahu, nejde o srážku s pev",živice,"dobrý, bez závad","v noci - bez veřejného osvětlení,viditel",dvoupruhová,světelným signalizačním zařízením,železniční přejezd nezabezpečený,mimo křižovatku,ne,P2939,0.709024050556,Mělník - Liběchov,"374,003",Ano,C,,7 zlodějů,50° 22' 08.46831'' N,14° 28' 21.61077'' E,50.36902,14.47267
14.418226571753772,50.366007868007067,10606071419,Cítov (Středočeský kraj),2007-11-21 14:30:00,silnice 2.třídy,246,řidičem motorového vozidla,nezjištěno,jiné ovlivnění,ne,jiný nepříznivý stav,0,0,0,1,žádná z uvedených,žádná z uvedených,50,žádné z uvedených,"nezjištěno, řidič ujel",,žádná z uvedených,0,žádná z uvedených,nehoda pouze s hmotnou škodou,"nepřichází v úvahu, nejde o srážku jedou",jiný druh nesprávného způsobu jízdy,"povrch suchý, neznečistěný",neztížené,dobré,na jízdním pruhu,žádná místní úprava,přímý úsek,neurčeno,žádná z uvedených,srážka s pevnou překážkou,závory železničního přejezdu,živice,"dobrý, bez závad","ve dne, viditelnost nezhoršená vlivem po",dvoupruhová,žádný způsob řízení provozu,železniční přejezd zabezpečený,mimo křižovatku,ne,P2405,15.2707735593,Vraňany - Dolní Beřkovice,"455,046",Ano,II.,246,,50° 21' 58.00291'' N,14° 25' 06.13580'' E,50.36611,14.41837
14.386407269640973,50.422835162936749,10606071445,Horní Počaply (Středočeský kraj),2007-11-26 15:24:00,komunikace místní,0,řidičem motorového vozidla,nezjištěno,jiné ovlivnění,nezjišťováno,jiný nepříznivý stav,0,0,0,1,žádná z uvedených,žádná z uvedených,70,žádné z uvedených,"nezjištěno, řidič ujel",,žádná z uvedených,0,žádná z uvedených,nehoda pouze s hmotnou škodou,"nepřichází v úvahu, nejde o srážku jedou",nezvládnutí řízení vozidla,"na vozovce je náledí, ujetý sníh - nepos",sněžení,dobré,na jízdním pruhu,přednost vyznačena dopravními značkami,přímý úsek,neurčeno,žádná z uvedených,srážka s pevnou překážkou,závory železničního přejezdu,živice,"dobrý, bez závad","ve dne, zhoršená viditelnost vlivem pově",dvoupruhová,místní úprava (vyplní se pol. 24),železniční přejezd zabezpečený,mimo křižovatku,ne,P2409,7.98729998478,Hněvice - ČEZ-EMĚ (vl. ČEZ),"3,935",Ne,III.,24621,,50° 25' 21.97780'' N,14° 23' 10.90002'' E,50.42277,14.38636