X,Y,id,obec,datum,komunikace,komunika_1,zavineni,ridic_kate,ridic_ovli,vinik_alko,ridic_stav,obeti_usmr,obeti_lehc,obeti_tezc,vozidel_ce,vinik_vozi,vinik_vo_1,skoda,unik_hmot,vinik_vo_2,vinik_vo_3,vinik_vo_4,vinik_skod,vyprosteni,nehoda_cha,srazka_voz,hlavni_pri,povrch_sta,meteo,rozhled,nehoda_pol,prednost_v,smerove_po,druh_krizu,smer_jizdy,nehoda_dru,pevna_prek,povrch_dru,komunika_2,viditelnos,komunika_3,rizeni_pro,objekty,misto_neho,smyk,neighbors_TargetID,neighbors_Distance,neighbors_prejezdy-dec_Název definičního úseku,neighbors_prejezdy-dec_Žkm přejezdu,neighbors_prejezdy-dec_Přejezd s trolejovým vedením,neighbors_prejezdy-dec_Třída pozemní komunikace,neighbors_prejezdy-dec_Číslo pozemní komunikace,neighbors_prejezdy-dec_Místní název přejezdu,neighbors_prejezdy-dec_Zeměpisná šířka,neighbors_prejezdy-dec_Zeměpisná délka,neighbors_prejezdy-dec_field_10,neighbors_prejezdy-dec_field_11
14.947698516623275,50.409295520247412,10706081454,Mladá Boleslav (Středočeský kraj),2008-08-08 09:50:00,silnice 1.třídy,16,řidičem motorového vozidla,s řidičským oprávněním skupiny c,řidič nebyl ovlivněn,ne,dobrý -žádné nepříznivé okolnosti nebyly zjištěny,0,0,0,3,AVIA,žádná z uvedených,500,žádné z uvedených,"nákladní automobil (včetně multikáry, au",1976,"soukromá organizace (podnikatel, s.r.o.,",100,nebylo třeba užít násilí,nehoda pouze s hmotnou škodou,zezadu,nedodržení bezpečné vzdálenosti za vozidlem,"povrch suchý, neznečistěný",neztížené,dobré,na jízdním pruhu,žádná místní úprava,přímý úsek,neurčeno,jedoucí - ve směru staničení na komunika,srážka s jedoucím nekolejovým vozidlem,"nepřichází v úvahu, nejde o srážku s pev",živice,"dobrý, bez závad","ve dne, viditelnost nezhoršená vlivem po",dvoupruhová,žádný způsob řízení provozu,železniční přejezd zabezpečený,mimo křižovatku,ne,P4638,43.8646012425,Mladá Boleslav město - PREYMESSER Řepov,"19,98",Ne,I.,16,"ul.Jičínská, hl.přejezd v Řepově",50° 24' 33.21539'' N,14° 56' 49.52755'' E,50.40923,14.94709
15.03857557436444,50.420974488639374,10706081899,Dlouhá Lhota (Středočeský kraj),2008-10-14 16:30:00,silnice 3.třídy,27939,řidičem motorového vozidla,s řidičským oprávněním skupiny b,řidič nebyl ovlivněn,ne,dobrý -žádné nepříznivé okolnosti nebyly zjištěny,0,0,0,2,MERCEDES,nedošlo k požáru,300,žádné z uvedených,osobní automobil bez přívěsu,2008,"soukromá organizace (podnikatel, s.r.o.,",200,nebylo třeba užít násilí,nehoda pouze s hmotnou škodou,z boku,řidič se plně nevěnoval řízení vozidla,"povrch suchý, neznečistěný",neztížené,dobré,na jízdním pruhu,přednost vyznačena dopravními značkami,přímý úsek,neurčeno,jedoucí - ve směru staničení na komunika,srážka s vlakem,"nepřichází v úvahu, nejde o srážku s pev",živice,"dobrý, bez závad","ve dne, viditelnost nezhoršená vlivem po",dvoupruhová,místní úprava (vyplní se pol. 24),železniční přejezd nezabezpečený,mimo křižovatku,ne,P4650,9.51773661625,Kolomuty - Dolní Bousov,"26,891",Ne,III.,27939,hl. přejezd v Dlouhé Lhotě,50° 25' 15.35460'' N,15° 02' 19.29698'' E,50.42093,15.03869
14.738300018231566,50.205964446338861,10706082322,Skorkov (Středočeský kraj),2008-12-12 13:00:00,komunikace místní,0,řidičem motorového vozidla,s řidičským oprávněním skupiny b,řidič nebyl ovlivněn,nezjišťováno,dobrý -žádné nepříznivé okolnosti nebyly zjištěny,0,0,1,3,FIAT,žádná z uvedených,2100,"došlo k úniku pohonných hmot, oleje, chl","nákladní automobil (včetně multikáry, au",2005,"soukromá organizace (podnikatel, s.r.o.,",1000,nebylo třeba užít násilí,nehoda s následky na životě nebo zdraví,z boku,řidič se plně nevěnoval řízení vozidla,"na vozovce je náledí, ujetý sníh - nepos",sněžení,dobré,na jízdním pruhu,žádná místní úprava,přímý úsek,neurčeno,vozidlo jedoucí - na komunikaci bez stan,srážka s vlakem,"nepřichází v úvahu, nejde o srážku s pev",živice,"dobrý, bez závad","ve dne, viditelnost nezhoršená vlivem po",dvoupruhová,žádný způsob řízení provozu,železniční přejezd zabezpečený,mimo křižovatku,ne,P2778,5.96558970921,Lysá nad Labem - Stará Boleslav,"345,017",Ano,2L,,,50° 12' 21.52771'' N,14° 44' 18.17293'' E,50.20598,14.73838
14.805325784267938,50.330336650861909,10706090133,Chotětov (Středočeský kraj),2009-02-17 08:50:00,silnice 2.třídy,272,řidičem motorového vozidla,s řidičským oprávněním skupiny b,řidič nebyl ovlivněn,ne,dobrý -žádné nepříznivé okolnosti nebyly zjištěny,0,0,0,1,ŠKODA,žádná z uvedených,1200,žádné z uvedených,osobní automobil bez přívěsu,2008,"soukromá organizace (podnikatel, s.r.o.,",800,nebylo třeba užít násilí,nehoda pouze s hmotnou škodou,"nepřichází v úvahu, nejde o srážku jedou","nepř. rychlosti stavu vozovky (náledí, výtluky, bláto, mokrý povrch apod.)","na vozovce je náledí, ujetý sníh - posyp",neztížené,dobré,na jízdním pruhu,žádná místní úprava,zatáčka,neurčeno,jedoucí - proti směru staničení na komun,srážka s pevnou překážkou,závory železničního přejezdu,živice,"dobrý, bez závad","ve dne, viditelnost nezhoršená vlivem po",dvoupruhová,žádný způsob řízení provozu,železniční přejezd zabezpečený,mimo křižovatku,ano,P2692,6.56173514431,Kropáčova Vrutice - Chotětov,"59,543",Ne,II.,272,,50° 19' 49.01209'' N,14° 48' 19.09257'' E,50.33028,14.8053
15.00427598165302,50.413333565139283,10706090444,Březno (Středočeský kraj),2009-05-18 06:15:00,silnice 3.třídy,2801,řidičem motorového vozidla,s řidičským oprávněním skupiny c,řidič nebyl ovlivněn,ne,dobrý -žádné nepříznivé okolnosti nebyly zjištěny,0,0,0,2,VOLKSWAGEN,nedošlo k požáru,850,žádné z uvedených,osobní automobil bez přívěsu,2000,"soukromá organizace (podnikatel, s.r.o.,",800,nebylo třeba užít násilí,nehoda pouze s hmotnou škodou,boční,jiné nedání přednosti,"povrch suchý, neznečistěný",neztížené,dobré,na jízdním pruhu,žádná místní úprava,přímý úsek,neurčeno,jedoucí - ve směru staničení na komunika,srážka s vlakem,"nepřichází v úvahu, nejde o srážku s pev",živice,"dobrý, bez závad","ve dne, viditelnost nezhoršená vlivem po",dvoupruhová,žádný způsob řízení provozu,železniční přejezd nezabezpečený,mimo křižovatku,ne,P4646,3.90106438774,Kolomuty - Dolní Bousov,"24,3",Ne,III.,2801,před zn. Březno,50° 24' 47.87207'' N,15° 00' 15.33562'' E,50.4133,15.00426
14.984073307639958,50.131527607562688,10806070100,Sadská (Středočeský kraj),2007-01-29 04:43:00,silnice 2.třídy,334,řidičem motorového vozidla,s řidičským oprávněním skupiny c,řidič nebyl ovlivněn,ne,dobrý -žádné nepříznivé okolnosti nebyly zjištěny,0,1,0,2,FORD,nedošlo k požáru,1000,"došlo k úniku pohonných hmot, oleje, chl","nákladní automobil (včetně multikáry, au",1997,"soukromá organizace (podnikatel, s.r.o.,",800,nebylo třeba užít násilí,nehoda s následky na životě nebo zdraví,z boku,proti příkazu dopravní značky STŮJ DEJ PŘEDNOST,povrch mokrý,"na počátku deště, slabý déšť",dobré,na jízdním pruhu,přednost vyznačena přenosnými dopravními,přímý úsek,neurčeno,jedoucí - ve směru staničení na komunika,srážka s vlakem,"nepřichází v úvahu, nejde o srážku s pev",živice,"dobrý, bez závad","ve dne, viditelnost nezhoršená vlivem po",dvoupruhová,místní úprava (vyplní se pol. 24),železniční přejezd zabezpečený,mimo křižovatku,ne,P4940,7.47602344418,Třebestovice - Sadská,"5,775",Ano,II.,334,na zhlaví č.2 ŽST Sadská,50° 07' 53.34999'' N,14° 59' 02.98983'' E,50.13149,14.98416
14.831743972383409,50.196907129384016,10806070233,Lysá nad Labem (Středočeský kraj),2007-03-18 17:15:00,komunikace místní,0,řidičem motorového vozidla,s řidičským oprávněním skupiny b,řidič nebyl ovlivněn,ne,dobrý -žádné nepříznivé okolnosti nebyly zjištěny,0,0,0,1,FORD,nedošlo k požáru,450,žádné z uvedených,osobní automobil bez přívěsu,1999,"soukromé, nevyužívané k výdělečné činnos",450,nebylo třeba užít násilí,nehoda pouze s hmotnou škodou,"nepřichází v úvahu, nejde o srážku jedou",řidič se plně nevěnoval řízení vozidla,povrch mokrý,"na počátku deště, slabý déšť",dobré,na jízdním pruhu,žádná místní úprava,přímý úsek,neurčeno,vozidlo jedoucí - na komunikaci bez stan,srážka s pevnou překážkou,"jiná překážka (zábradlí,oplocení,násep,n",živice,"dobrý, bez závad","ve dne, viditelnost nezhoršená vlivem po",dvoupruhová,žádný způsob řízení provozu,železniční přejezd zabezpečený,mimo křižovatku,ne,P2772,14.9112834664,Lysá nad Labem - Stará Boleslav,"338,275",Ano,O,,Kovona,50° 11' 48.52332'' N,14° 49' 53.76028'' E,50.19681,14.8316
15.116852080725222,50.154198281743355,10806070278,Poděbrady (Středočeský kraj),2007-03-31 07:50:00,komunikace místní,0,řidičem motorového vozidla,nezjištěno,jiné ovlivnění,nezjišťováno,jiný nepříznivý stav,0,0,0,1,žádná z uvedených,žádná z uvedených,80,žádné z uvedených,"nezjištěno, řidič ujel",,žádná z uvedených,0,žádná z uvedených,nehoda pouze s hmotnou škodou,"nepřichází v úvahu, nejde o srážku jedou",řidič se plně nevěnoval řízení vozidla,"povrch suchý, neznečistěný",neztížené,dobré,na jízdním pruhu,žádná místní úprava,přímý úsek,neurčeno,žádná z uvedených,srážka s pevnou překážkou,závory železničního přejezdu,živice,"dobrý, bez závad","ve dne, viditelnost nezhoršená vlivem po",dvoupruhová,světelným signalizačním zařízením,železniční přejezd zabezpečený,mimo křižovatku,ne,P3590,0.597336076439,Poděbrady - Babín,"315,861",Ano,C,,U Velkoobchodu,50° 09' 15.10357'' N,15° 07' 00.69046'' E,50.1542,15.11686
14.85517814804275,50.189583193046161,10806070368,Lysá nad Labem (Středočeský kraj),2007-04-26 18:00:00,silnice 3.třídy,331,řidičem motorového vozidla,nezjištěno,jiné ovlivnění,nezjišťováno,jiný nepříznivý stav,0,0,0,1,žádná z uvedených,žádná z uvedených,70,žádné z uvedených,"nezjištěno, řidič ujel",,žádná z uvedených,0,žádná z uvedených,nehoda pouze s hmotnou škodou,"nepřichází v úvahu, nejde o srážku jedou",jiný druh nesprávného způsobu jízdy,"povrch suchý, neznečistěný",neztížené,dobré,na jízdním pruhu,žádná místní úprava,přímý úsek,neurčeno,žádná z uvedených,srážka s pevnou překážkou,závory železničního přejezdu,jiný nezpevněný povrch,"dobrý, bez závad","ve dne, viditelnost nezhoršená vlivem po",dvoupruhová,žádný způsob řízení provozu,železniční přejezd zabezpečený,mimo křižovatku,ne,P3609,556.810047968,Kostomlaty nad Labem - Lysá nad Labem,"336,233",Ano,O,,U Výtahu,50° 11' 37.03370'' N,14° 51' 35.23998'' E,50.19362,14.85979
15.306159239508856,50.208996151852709,10806070370,Městec Králové (Středočeský kraj),2007-04-26 19:00:00,silnice 2.třídy,324,řidičem motorového vozidla,nezjištěno,jiné ovlivnění,nezjišťováno,jiný nepříznivý stav,0,0,0,1,žádná z uvedených,žádná z uvedených,70,žádné z uvedených,"nezjištěno, řidič ujel",,žádná z uvedených,0,žádná z uvedených,nehoda pouze s hmotnou škodou,"nepřichází v úvahu, nejde o srážku jedou",jiný druh nesprávného způsobu jízdy,"povrch suchý, neznečistěný",neztížené,dobré,na jízdním pruhu,žádná místní úprava,přímý úsek,neurčeno,žádná z uvedených,srážka s pevnou překážkou,závory železničního přejezdu,živice,"dobrý, bez závad","ve dne, viditelnost nezhoršená vlivem po",dvoupruhová,žádný způsob řízení provozu,železniční přejezd zabezpečený,mimo křižovatku,ne,P4576,30.2875726963,,"0,097",ne,MK,,,49° 45' 26.971'' N,16° 29' 0.301'' E,49.75749,16.48342
15.064641684779685,50.188321613472311,10806070483,Nymburk (Středočeský kraj),2007-05-23 07:10:00,komunikace místní,0,řidičem motorového vozidla,s řidičským oprávněním skupiny c,řidič nebyl ovlivněn,ne,dobrý -žádné nepříznivé okolnosti nebyly zjištěny,0,0,0,1,AVIA,žádná z uvedených,80,žádné z uvedených,"nákladní automobil (včetně multikáry, au",2000,"soukromá organizace (podnikatel, s.r.o.,",10,nebylo třeba užít násilí,nehoda pouze s hmotnou škodou,"nepřichází v úvahu, nejde o srážku jedou",řidič se plně nevěnoval řízení vozidla,"povrch suchý, neznečistěný",neztížené,dobré,na jízdním pruhu,žádná místní úprava,přímý úsek,neurčeno,vozidlo jedoucí - na komunikaci bez stan,srážka s pevnou překážkou,závory železničního přejezdu,živice,"dobrý, bez závad","ve dne, viditelnost nezhoršená vlivem po",žádná z uvedených,žádný způsob řízení provozu,železniční přejezd zabezpečený,mimo křižovatku,ne,P3595,3.91030245446,žst. Nymburk hl.n.,"321,18",Ano,O,,Do Depa,50° 11' 17.90360'' N,15° 03' 52.51242'' E,50.18831,15.06459
14.907702753533508,50.187377964928672,10806070670,Ostrá (Středočeský kraj),2007-07-07 12:50:00,silnice 3.třídy,3316,řidičem motorového vozidla,s řidičským oprávněním skupiny d,řidič nebyl ovlivněn,ne,dobrý -žádné nepříznivé okolnosti nebyly zjištěny,0,0,0,1,VOLVO,žádná z uvedených,140,žádné z uvedených,nákladní automobil s návěsem,2004,registrované mimo území ČR,0,nebylo třeba užít násilí,nehoda pouze s hmotnou škodou,"nepřichází v úvahu, nejde o srážku jedou",řidič se plně nevěnoval řízení vozidla,"povrch suchý, neznečistěný",neztížené,dobré,na jízdním pruhu,žádná místní úprava,přímý úsek,neurčeno,jedoucí - ve směru staničení na komunika,srážka s pevnou překážkou,závory železničního přejezdu,živice,"dobrý, bez závad","ve dne, viditelnost nezhoršená vlivem po",žádná z uvedených,žádný způsob řízení provozu,železniční přejezd zabezpečený,mimo křižovatku,ne,P3606,8.44704337054,Kostomlaty nad Labem - Lysá nad Labem,"332,708",Ano,III.,3316,na zast.Stratov,50° 11' 14.68744'' N,14° 54' 28.11853'' E,50.18741,14.90781
15.291390296985069,50.213149548647834,10806070724,Městec Králové (Středočeský kraj),2007-07-16 23:59:00,silnice 3.třídy,3246,řidičem motorového vozidla,nezjištěno,jiné ovlivnění,nezjišťováno,jiný nepříznivý stav,0,0,0,1,žádná z uvedených,žádná z uvedených,50,žádné z uvedených,"nezjištěno, řidič ujel",,žádná z uvedených,0,žádná z uvedených,nehoda pouze s hmotnou škodou,"nepřichází v úvahu, nejde o srážku jedou",vyhýbání bez dostatečné boční vůle,"povrch suchý, neznečistěný",neztížené,dobré,mimo komunikaci,žádná místní úprava,přímý úsek,neurčeno,žádná z uvedených,srážka s pevnou překážkou,"odrazník, patník, sloupek, dopr.značky a",živice,"dobrý, bez závad","ve dne, viditelnost nezhoršená vlivem po",dvoupruhová,žádný způsob řízení provozu,železniční přejezd nezabezpečený,mimo křižovatku,ne,P4592,8.95730766129,Dymokury - Městec Králové,"11,175",Ne,III.,3246,,50° 12' 47.05567'' N,15° 17' 29.08964'' E,50.21307,15.29141
15.129194038563545,50.145965177665182,10806070980,Poděbrady (Středočeský kraj),2007-09-21 08:10:00,silnice 3.třídy,32916,řidičem motorového vozidla,s řidičským oprávněním skupiny c,řidič nebyl ovlivněn,ne,dobrý -žádné nepříznivé okolnosti nebyly zjištěny,0,0,0,1,LIAZ,žádná z uvedených,10,žádné z uvedených,"nákladní automobil (včetně multikáry, au",1996,"soukromá organizace (podnikatel, s.r.o.,",0,nebylo třeba užít násilí,nehoda pouze s hmotnou škodou,"nepřichází v úvahu, nejde o srážku jedou",řidič se plně nevěnoval řízení vozidla,"povrch suchý, neznečistěný",neztížené,dobré,na jízdním pruhu,přednost vyznačena dopravními značkami,křižovatka styková - tříramenná,místní komunikace,zachycuje směr jízdy křižovatkou,srážka s pevnou překážkou,závory železničního přejezdu,živice,"dobrý, bez závad","ve dne, viditelnost nezhoršená vlivem po",dvoupruhová,místní úprava (vyplní se pol. 24),železniční přejezd zabezpečený,"na křižovatce, uvnitř hranic křižovatky",ne,P3588,14.1732246807,Libice nad Cidlinou - Poděbrady,"314,595",Ano,III.,32916,U Sklárny,50° 08' 45.89144'' N,15° 07' 45.41397'' E,50.14608,15.12928
14.984111795952794,50.131393264748141,10806071058,Sadská (Středočeský kraj),2007-10-13 21:55:00,silnice 2.třídy,334,závadou komunikace,s řidičským oprávněním skupiny b,řidič nebyl ovlivněn,nezjišťováno,dobrý -žádné nepříznivé okolnosti nebyly zjištěny,0,0,0,1,ŠKODA,žádná z uvedených,50,žádné z uvedených,osobní automobil bez přívěsu,2002,"soukromé, nevyužívané k výdělečné činnos",50,nebylo třeba užít násilí,nehoda pouze s hmotnou škodou,"nepřichází v úvahu, nejde o srážku jedou",nezaviněná řidičem,"povrch suchý, neznečistěný",neztížené,dobré,na jízdním pruhu,žádná místní úprava,přímý úsek,neurčeno,jedoucí - ve směru staničení na komunika,srážka s pevnou překážkou,"jiná překážka (zábradlí,oplocení,násep,n",živice,nesouvislé výtluky,"v noci - bez veřejného osvětlení,viditel",dvoupruhová,žádný způsob řízení provozu,železniční přejezd zabezpečený,mimo křižovatku,ne,P4940,11.2990012665,Třebestovice - Sadská,"5,775",Ano,II.,334,na zhlaví č.2 ŽST Sadská,50° 07' 53.34999'' N,14° 59' 02.98983'' E,50.13149,14.98416
15.194738385552386,50.26737407950602,10806071182,Dymokury (Středočeský kraj),2007-11-11 06:42:00,silnice 3.třídy,27524,řidičem motorového vozidla,s řidičským oprávněním skupiny c,řidič nebyl ovlivněn,ne,dobrý -žádné nepříznivé okolnosti nebyly zjištěny,0,0,1,2,NISSAN,žádná z uvedených,1300,žádné z uvedených,osobní automobil bez přívěsu,1993,"soukromé, nevyužívané k výdělečné činnos",1000,nebylo třeba užít násilí,nehoda s následky na životě nebo zdraví,čelní,jiné nedání přednosti,povrch mokrý,déšť,dobré,na jízdním pruhu,přednost vyznačena dopravními značkami,přímý úsek,neurčeno,jedoucí - ve směru staničení na komunika,srážka s vlakem,"nepřichází v úvahu, nejde o srážku s pev",živice,jiný (neuvedený) stav nebo závada komuni,"ve dne, viditelnost nezhoršená vlivem po",dvoupruhová,místní úprava (vyplní se pol. 24),železniční přejezd nezabezpečený,mimo křižovatku,ne,P4579,31.6517915412,Obora - Dymokury,"1,3",Ne,III.,27524,,50° 16' 02.06336'' N,15° 11' 42.48054'' E,50.26724,15.19513
12.97072204286448,49.248853334691042,10806080125,N/A,2008-01-29 15:15:00,silnice 3.třídy,27524,řidičem motorového vozidla,s řidičským oprávněním skupiny c,řidič nebyl ovlivněn,ne,dobrý -žádné nepříznivé okolnosti nebyly zjištěny,0,0,0,2,ŠKODA,žádná z uvedených,1000,žádné z uvedených,osobní automobil bez přívěsu,2001,"soukromé, nevyužívané k výdělečné činnos",1000,nebylo třeba užít násilí,nehoda pouze s hmotnou škodou,z boku,jiné nedání přednosti,"povrch suchý, neznečistěný",neztížené,dobré,na jízdním pruhu,přednost vyznačena dopravními značkami,přímý úsek,neurčeno,jedoucí - ve směru staničení na komunika,srážka s vlakem,"nepřichází v úvahu, nejde o srážku s pev",živice,"dobrý, bez závad","ve dne, viditelnost nezhoršená vlivem po",dvoupruhová,místní úprava (vyplní se pol. 24),železniční přejezd nezabezpečený,mimo křižovatku,ne,P835,14114.1006455,Zelená Lhota - Nýrsko,"26,073",Ne,C,,Dešenice-les,49° 15' 55.03939'' N,13° 09' 46.67792'' E,49.26529,13.16297
14.907801329422732,50.187427540941968,10806080424,Ostrá (Středočeský kraj),2008-04-26 19:10:00,silnice 3.třídy,3316,řidičem motorového vozidla,s řidičským oprávněním skupiny c,ovlivněn jednáním jiného účastníka sil. provozu,ne,dobrý -žádné nepříznivé okolnosti nebyly zjištěny,0,0,0,2,ŠKODA,žádná z uvedených,5000,žádné z uvedených,osobní automobil bez přívěsu,2003,"soukromé, nevyužívané k výdělečné činnos",3000,nebylo třeba užít násilí,nehoda pouze s hmotnou škodou,z boku,překročení předepsané rychl.stanovené pravidly,"povrch suchý, neznečistěný",neztížené,dobré,žádné z uvedených,žádná místní úprava,přímý úsek,neurčeno,jedoucí - proti směru staničení na komun,srážka s vlakem,"nepřichází v úvahu, nejde o srážku s pev",živice,"dobrý, bez závad","ve dne, viditelnost nezhoršená vlivem po",dvoupruhová,světelným signalizačním zařízením,železniční přejezd zabezpečený,mimo křižovatku,ano,P3606,2.04515336323,Kostomlaty nad Labem - Lysá nad Labem,"332,708",Ano,III.,3316,na zast.Stratov,50° 11' 14.68744'' N,14° 54' 28.11853'' E,50.18741,14.90781
14.857509034707419,50.200276789658318,10806080441,Lysá nad Labem (Středočeský kraj),2008-04-30 17:35:00,silnice 3.třídy,2725,řidičem motorového vozidla,s řidičským oprávněním skupiny b,oslněn sluncem,ne,dobrý -žádné nepříznivé okolnosti nebyly zjištěny,0,0,0,1,FORD,žádná z uvedených,400,žádné z uvedených,"nákladní automobil (včetně multikáry, au",2001,"soukromá organizace (podnikatel, s.r.o.,",300,nebylo třeba užít násilí,nehoda pouze s hmotnou škodou,"nepřichází v úvahu, nejde o srážku jedou",řidič se plně nevěnoval řízení vozidla,"povrch suchý, neznečistěný",neztížené,dobré,na jízdním pruhu,žádná místní úprava,přímý úsek,neurčeno,jedoucí - proti směru staničení na komun,srážka s pevnou překážkou,závory železničního přejezdu,živice,"dobrý, bez závad","ve dne, viditelnost nezhoršená vlivem po",dvoupruhová,světelným signalizačním zařízením,železniční přejezd zabezpečený,mimo křižovatku,ne,P2923,6.65812958233,Lysá nad Labem - Milovice,"1,492",Ano,III.,2725,U Výzkumáku,50° 12' 01.04861'' N,14° 51' 27.36449'' E,50.20029,14.8576
14.960243839610927,50.125446998149151,10806080596,Třebestovice (Středočeský kraj),2008-06-14 18:00:00,silnice 3.třídy,3309,řidičem motorového vozidla,"nezjištěno, řidič místo nehody opustil",jiné ovlivnění,nezjišťováno,jiný nepříznivý stav,0,0,0,1,ŠKODA,žádná z uvedených,70,žádné z uvedených,osobní automobil bez přívěsu,2006,"soukromá organizace (podnikatel, s.r.o.,",0,nebylo třeba užít násilí,nehoda pouze s hmotnou škodou,"nepřichází v úvahu, nejde o srážku jedou",řidič se plně nevěnoval řízení vozidla,"povrch suchý, neznečistěný",neztížené,dobré,na jízdním pruhu,přednost vyznačena dopravními značkami,přímý úsek,neurčeno,jedoucí - ve směru staničení na komunika,srážka s pevnou překážkou,závory železničního přejezdu,živice,"dobrý, bez závad","ve dne, viditelnost nezhoršená vlivem po",dvoupruhová,místní úprava (vyplní se pol. 24),železniční přejezd zabezpečený,mimo křižovatku,ne,P4937,5.27357464967,Třebestovice - Sadská,"3,633",Ano,III.,3309,U zastávky Třebestovice,50° 07' 31.47217'' N,14° 57' 37.03929'' E,50.12541,14.96029
15.291152022231209,50.149377612116353,10806080633,Žehuň (Středočeský kraj),2008-06-25 13:40:00,silnice 2.třídy,328,řidičem motorového vozidla,nezjištěno,jiné ovlivnění,nezjišťováno,jiný nepříznivý stav,0,0,0,1,žádná z uvedených,žádná z uvedených,100,žádné z uvedených,"nezjištěno, řidič ujel",,žádná z uvedených,0,žádná z uvedených,nehoda pouze s hmotnou škodou,"nepřichází v úvahu, nejde o srážku jedou",řidič se plně nevěnoval řízení vozidla,"povrch suchý, neznečistěný",neztížené,dobré,na jízdním pruhu,žádná místní úprava,přímý úsek,neurčeno,žádná z uvedených,srážka s pevnou překážkou,závory železničního přejezdu,živice,"dobrý, bez závad","ve dne, viditelnost nezhoršená vlivem po",dvoupruhová,žádný způsob řízení provozu,železniční přejezd zabezpečený,mimo křižovatku,ne,P3973,1.49244918744,Dobšice nad Cidlinou - Choťovice,"9,011",Ano,II.,328,90,50° 08' 57.81510'' N,15° 17' 28.17741'' E,50.14939,15.29116
14.907786500354929,50.187420825916377,10806080731,Ostrá (Středočeský kraj),2008-07-22 12:10:00,silnice 3.třídy,3316,řidičem motorového vozidla,nezjištěno,jiné ovlivnění,nezjišťováno,jiný nepříznivý stav,0,0,0,1,žádná z uvedených,žádná z uvedených,80,žádné z uvedených,"nezjištěno, řidič ujel",,žádná z uvedených,0,žádná z uvedených,nehoda pouze s hmotnou škodou,"nepřichází v úvahu, nejde o srážku jedou","bezohledná, agresivní, neohleduplná jízda","povrch suchý, neznečistěný",neztížené,dobré,na jízdním pruhu,žádná místní úprava,přímý úsek,neurčeno,žádná z uvedených,srážka s pevnou překážkou,závory železničního přejezdu,živice,"dobrý, bez závad","ve dne, viditelnost nezhoršená vlivem po",dvoupruhová,světelným signalizačním zařízením,železniční přejezd zabezpečený,mimo křižovatku,ne,P3606,2.06402477606,Kostomlaty nad Labem - Lysá nad Labem,"332,708",Ano,III.,3316,na zast.Stratov,50° 11' 14.68744'' N,14° 54' 28.11853'' E,50.18741,14.90781
14.804094906358559,50.190581799415597,10806081092,Lysá nad Labem (Středočeský kraj),2008-10-25 15:40:00,silnice 3.třídy,3315,řidičem motorového vozidla,s řidičským oprávněním skupiny b,řidič nebyl ovlivněn,ne,dobrý -žádné nepříznivé okolnosti nebyly zjištěny,0,0,0,2,žádná z uvedených,žádná z uvedených,8000,žádné z uvedených,traktor (i s přívěsem),2006,"soukromá organizace (podnikatel, s.r.o.,",2000,nebylo třeba užít násilí,nehoda pouze s hmotnou škodou,z boku,nezvládnutí řízení vozidla,"povrch suchý, neznečistěný",neztížené,dobré,na jízdním pruhu,žádná místní úprava,přímý úsek,neurčeno,jedoucí - ve směru staničení na komunika,srážka s vlakem,"nepřichází v úvahu, nejde o srážku s pev",živice,"dobrý, bez závad","ve dne, viditelnost nezhoršená vlivem po",žádná z uvedených,světelným signalizačním zařízením,železniční přejezd zabezpečený,mimo křižovatku,ne,P3611,2.20977667032,Lysá nad Labem - Kovohutě Čelákovice,"2,832",Ano,III.,3315,Šikmý směr Byšičky,50° 11' 26.03894'' N,14° 48' 14.64141'' E,50.19057,14.80407
14.993832753050068,50.237567433296128,10806081204,Straky (Středočeský kraj),2008-11-23 14:45:00,silnice 2.třídy,332,řidičem motorového vozidla,s řidičským oprávněním skupiny d,řidič nebyl ovlivněn,ne,dobrý -žádné nepříznivé okolnosti nebyly zjištěny,1,0,0,2,ŠKODA,žádná z uvedených,2100,žádné z uvedených,osobní automobil bez přívěsu,2002,"soukromé, nevyužívané k výdělečné činnos",2000,použitím speciální vyprošťovací techniky,nehoda s následky na životě nebo zdraví,z boku,řidič se plně nevěnoval řízení vozidla,povrch mokrý,neztížené,dobré,na jízdním pruhu,žádná místní úprava,přímý úsek,neurčeno,jedoucí - ve směru staničení na komunika,srážka s vlakem,"nepřichází v úvahu, nejde o srážku s pev",živice,"dobrý, bez závad","ve dne, viditelnost nezhoršená vlivem po",dvoupruhová,světelným signalizačním zařízením,železniční přejezd zabezpečený,mimo křižovatku,ne,P2789,4.48636486379,Veleliby - Cachovice,"6,452",Ne,II.,332,,50° 14' 15.26772'' N,14° 59' 37.55884'' E,50.23757,14.99377