X,Y,id,obec,datum,komunikace,komunika_1,zavineni,ridic_kate,ridic_ovli,vinik_alko,ridic_stav,obeti_usmr,obeti_lehc,obeti_tezc,vozidel_ce,vinik_vozi,vinik_vo_1,skoda,unik_hmot,vinik_vo_2,vinik_vo_3,vinik_vo_4,vinik_skod,vyprosteni,nehoda_cha,srazka_voz,hlavni_pri,povrch_sta,meteo,rozhled,nehoda_pol,prednost_v,smerove_po,druh_krizu,smer_jizdy,nehoda_dru,pevna_prek,povrch_dru,komunika_2,viditelnos,komunika_3,rizeni_pro,objekty,misto_neho,smyk,neighbors_TargetID,neighbors_Distance,neighbors_prejezdy-dec_Název definičního úseku,neighbors_prejezdy-dec_Žkm přejezdu,neighbors_prejezdy-dec_Přejezd s trolejovým vedením,neighbors_prejezdy-dec_Třída pozemní komunikace,neighbors_prejezdy-dec_Číslo pozemní komunikace,neighbors_prejezdy-dec_Místní název přejezdu,neighbors_prejezdy-dec_Zeměpisná šířka,neighbors_prejezdy-dec_Zeměpisná délka,neighbors_prejezdy-dec_field_10,neighbors_prejezdy-dec_field_11
15.240825014009372,50.129979162642989,10806090006,Opolany (Středočeský kraj),2009-01-01 15:30:00,silnice 3.třídy,3289,řidičem motorového vozidla,nezjištěno,jiné ovlivnění,nezjišťováno,jiný nepříznivý stav,0,0,0,1,žádná z uvedených,žádná z uvedených,60,žádné z uvedených,"nezjištěno, řidič ujel",,žádná z uvedených,0,žádná z uvedených,nehoda pouze s hmotnou škodou,"nepřichází v úvahu, nejde o srážku jedou",řidič se plně nevěnoval řízení vozidla,povrch mokrý,neztížené,dobré,na jízdním pruhu,žádná místní úprava,přímý úsek,neurčeno,žádná z uvedených,srážka s pevnou překážkou,závory železničního přejezdu,živice,"dobrý, bez závad","ve dne, viditelnost nezhoršená vlivem po",žádná z uvedených,světelným signalizačním zařízením,železniční přejezd zabezpečený,mimo křižovatku,ne,P3968,5.11344526445,Kanín - Dobšice nad Cidlinou,"4,792",Ano,III.,3289,u zast. Sány,50° 07' 47.84118'' N,15° 14' 26.73801'' E,50.12996,15.24076
14.983722948557592,50.099659831377686,10806090100,Tatce (Středočeský kraj),2009-02-17 14:35:00,silnice 2.třídy,334,řidičem motorového vozidla,s řidičským oprávněním skupiny c,oslněn sluncem,ne,dobrý -žádné nepříznivé okolnosti nebyly zjištěny,0,0,0,1,OPEL,žádná z uvedených,1500,"došlo k úniku pohonných hmot, oleje, chl","nákladní automobil (včetně multikáry, au",2004,"soukromé, využívané k výdělečné činnosti",1500,nebylo třeba užít násilí,nehoda pouze s hmotnou škodou,"nepřichází v úvahu, nejde o srážku jedou",překročení předepsané rychl.stanovené pravidly,povrch mokrý,neztížené,dobré,mimo komunikaci,žádná místní úprava,přímý úsek,neurčeno,jedoucí - ve směru staničení na komunika,srážka s pevnou překážkou,"jiná překážka (zábradlí,oplocení,násep,n",živice,"dobrý, bez závad","ve dne, viditelnost nezhoršená vlivem po",dvoupruhová,žádný způsob řízení provozu,železniční přejezd zabezpečený,mimo křižovatku,ano,P4931,16.8359318638,Pečky - Poříčany,"366,468",Ano,II.,334,"\"" zast.Tatce \""",50° 05' 58.62219'' N,14° 59' 02.21939'' E,50.09962,14.98395
14.993834564411264,50.237568191555134,10806090310,Straky (Středočeský kraj),2009-06-12 18:20:00,silnice 2.třídy,332,řidičem motorového vozidla,s řidičským oprávněním skupiny b,řidič nebyl ovlivněn,ne,dobrý -žádné nepříznivé okolnosti nebyly zjištěny,0,1,0,2,ŠKODA,žádná z uvedených,400,žádné z uvedených,osobní automobil bez přívěsu,1996,"soukromé, nevyužívané k výdělečné činnos",200,nebylo třeba užít násilí,nehoda s následky na životě nebo zdraví,z boku,jiné nedání přednosti,"povrch suchý, neznečistěný",neztížené,dobré,na jízdním pruhu,žádná místní úprava,přímý úsek,neurčeno,jedoucí - proti směru staničení na komun,srážka s vlakem,"nepřichází v úvahu, nejde o srážku s pev",živice,"dobrý, bez závad","ve dne, viditelnost nezhoršená vlivem po",žádná z uvedených,žádný způsob řízení provozu,železniční přejezd zabezpečený,mimo křižovatku,ne,P2789,4.61084615408,Veleliby - Cachovice,"6,452",Ne,II.,332,,50° 14' 15.26772'' N,14° 59' 37.55884'' E,50.23757,14.99377
13.978032456722365,49.584924638961517,11106070173,Horčápsko (Středočeský kraj),2007-02-02 10:00:00,silnice 2.třídy,174,řidičem motorového vozidla,nezjištěno,jiné ovlivnění,nezjišťováno,jiný nepříznivý stav,0,0,0,1,žádná z uvedených,žádná z uvedených,20,žádné z uvedených,"nezjištěno, řidič ujel",,žádná z uvedených,0,žádná z uvedených,nehoda pouze s hmotnou škodou,"nepřichází v úvahu, nejde o srážku jedou",řidič se plně nevěnoval řízení vozidla,"povrch suchý, neznečistěný",neztížené,dobré,na jízdním pruhu,žádná místní úprava,zatáčka,neurčeno,žádná z uvedených,srážka s pevnou překážkou,závory železničního přejezdu,živice,"dobrý, bez závad","ve dne, viditelnost nezhoršená vlivem po",dvoupruhová,žádný způsob řízení provozu,železniční přejezd zabezpečený,mimo křižovatku,ne,P525,11.6968753623,Přední Poříčí - Tochovice,"58,926",Ne,II.,174,okr.silnice,49° 35' 05.93529'' N,13° 58' 41.42528'' E,49.58498,13.97817
14.516690463188491,49.665995693978289,11106070230,Štětkovice (Středočeský kraj),2007-02-21 23:59:00,silnice 3.třídy,11442,řidičem motorového vozidla,"nezjištěno, řidič místo nehody opustil",jiné ovlivnění,nezjišťováno,jiný nepříznivý stav,0,0,0,1,ŠKODA,žádná z uvedených,30,žádné z uvedených,osobní automobil bez přívěsu,1995,"soukromá organizace (podnikatel, s.r.o.,",30,nebylo třeba užít násilí,nehoda pouze s hmotnou škodou,"nepřichází v úvahu, nejde o srážku jedou",řidič se plně nevěnoval řízení vozidla,"povrch suchý, neznečistěný",neztížené,dobré,mimo komunikaci,žádná místní úprava,přímý úsek,neurčeno,jedoucí - proti směru staničení na komun,srážka s pevnou překážkou,"jiná překážka (zábradlí,oplocení,násep,n",živice,"dobrý, bez závad","ve dne, viditelnost nezhoršená vlivem po",dvoupruhová,žádný způsob řízení provozu,železniční přejezd nezabezpečený,mimo křižovatku,ne,P6078,73.7868332915,Štětkovice - Kosova Hora,"9,73",Ne,III.,11442,žst.Štětkovice,49° 39' 59.03472'' N,14° 30' 57.18389'' E,49.6664,14.51588
14.001462597675614,49.697650785793726,11106070792,Příbram (Středočeský kraj),2007-06-19 07:00:00,silnice 3.třídy,11811,řidičem motorového vozidla,s řidičským oprávněním skupiny c,řidič nebyl ovlivněn,ne,dobrý -žádné nepříznivé okolnosti nebyly zjištěny,0,0,0,1,SCANIA,žádná z uvedených,600,žádné z uvedených,nákladní automobil s návěsem,2005,registrované mimo území ČR,0,nebylo třeba užít násilí,nehoda pouze s hmotnou škodou,"nepřichází v úvahu, nejde o srážku jedou",řidič se plně nevěnoval řízení vozidla,"povrch suchý, neznečistěný",neztížené,dobré,na jízdním pruhu,přednost vyznačena dopravními značkami,křižovatka styková - tříramenná,místní komunikace,zachycuje směr jízdy křižovatkou,srážka s pevnou překážkou,závory železničního přejezdu,živice,"dobrý, bez závad","ve dne, viditelnost nezhoršená vlivem po",dvoupruhová,místní úprava (vyplní se pol. 24),železniční přejezd zabezpečený,uvnitř zóny 3 předmětné křižovatky,ne,P537,4.3951286778,Příbram - KOVOHUTĚ Příbram,"74,711",Ne,III.,11811,okr.silnice,49° 41' 51.69802'' N,14° 00' 05.30332'' E,49.69769,14.00147
14.026056606195041,49.632065190688905,11106070999,Milín (Středočeský kraj),2007-07-26 03:25:00,silnice 2.třídy,174,řidičem motorového vozidla,s řidičským oprávněním skupiny b,řidič nebyl ovlivněn,"ano, obsah alkoholu v&nbsp;krvi do 0,99‰ (2)","pod vlivem alkoholu, obsah alkoholu v krvi do 0,99‰",0,0,0,1,OPEL,nedošlo k požáru,300,žádné z uvedených,osobní automobil bez přívěsu,1995,"soukromé, nevyužívané k výdělečné činnos",200,nebylo třeba užít násilí,nehoda pouze s hmotnou škodou,"nepřichází v úvahu, nejde o srážku jedou","nepř. rychlosti dopravně technickému stavu vozovky (zatáčka,klesání,stoupání,šířka apod.)","povrch suchý, neznečistěný",neztížené,dobré,na jízdním pruhu,přednost vyznačena dopravními značkami,křižovatka styková - tříramenná,místní komunikace,zachycuje směr jízdy křižovatkou,srážka s pevnou překážkou,závory železničního přejezdu,živice,"dobrý, bez závad","v noci - s veřejným osvětlením,viditelno",dvoupruhová,místní úprava (vyplní se pol. 24),železniční přejezd zabezpečený,"na křižovatce, uvnitř hranic křižovatky",ne,P531,5.34641656317,Tochovice - Milín,"65,94",Ne,II.,174,okresní silnice,49° 37' 55.50784'' N,14° 01' 34.02093'' E,49.63209,14.02612
13.982385790493788,49.793493261689555,11106071051,Jince (Středočeský kraj),2007-08-08 23:59:00,silnice 2.třídy,115,řidičem motorového vozidla,nezjištěno,jiné ovlivnění,nezjišťováno,jiný nepříznivý stav,0,0,0,1,žádná z uvedených,žádná z uvedených,70,žádné z uvedených,"nezjištěno, řidič ujel",,žádná z uvedených,0,žádná z uvedených,nehoda pouze s hmotnou škodou,"nepřichází v úvahu, nejde o srážku jedou",řidič se plně nevěnoval řízení vozidla,"povrch suchý, neznečistěný",neztížené,dobré,na jízdním pruhu,přednost vyznačena dopravními značkami,přímý úsek,neurčeno,žádná z uvedených,srážka s pevnou překážkou,závory železničního přejezdu,živice,"dobrý, bez závad","ve dne, viditelnost nezhoršená vlivem po",dvoupruhová,místní úprava (vyplní se pol. 24),železniční přejezd zabezpečený,mimo křižovatku,ne,P551,11.4013792664,Jince - Lochovice,"87,149",Ne,II.,115,okr.silnice,49° 47' 36.23671'' N,13° 58' 56.34635'' E,49.7934,13.98232
13.978124845085356,49.584957312582318,11106071233,Horčápsko (Středočeský kraj),2007-09-09 09:00:00,silnice 2.třídy,174,řidičem motorového vozidla,nezjištěno,jiné ovlivnění,nezjišťováno,jiný nepříznivý stav,0,0,0,1,žádná z uvedených,žádná z uvedených,10,žádné z uvedených,"nezjištěno, řidič ujel",,žádná z uvedených,0,žádná z uvedených,nehoda pouze s hmotnou škodou,"nepřichází v úvahu, nejde o srážku jedou",řidič se plně nevěnoval řízení vozidla,"povrch suchý, neznečistěný",neztížené,dobré,na jízdním pruhu,přednost vyznačena dopravními značkami,zatáčka,neurčeno,žádná z uvedených,srážka s pevnou překážkou,závory železničního přejezdu,živice,"dobrý, bez závad","ve dne, viditelnost nezhoršená vlivem po",dvoupruhová,místní úprava (vyplní se pol. 24),železniční přejezd zabezpečený,mimo křižovatku,ne,P525,4.12659410802,Přední Poříčí - Tochovice,"58,926",Ne,II.,174,okr.silnice,49° 35' 05.93529'' N,13° 58' 41.42528'' E,49.58498,13.97817
13.978107394594641,49.584884645607794,11106071460,Horčápsko (Středočeský kraj),2007-10-13 01:50:00,silnice 2.třídy,174,řidičem motorového vozidla,s řidičským oprávněním skupiny c,řidič nebyl ovlivněn,"ano, obsah alkoholu v&nbsp;krvi do 0,99‰ (2)","pod vlivem alkoholu, obsah alkoholu v krvi do 0,99‰",0,0,0,1,OPEL,žádná z uvedených,220,žádné z uvedených,osobní automobil bez přívěsu,1995,"soukromé, nevyužívané k výdělečné činnos",200,nebylo třeba užít násilí,nehoda pouze s hmotnou škodou,"nepřichází v úvahu, nejde o srážku jedou","nepř. rychlosti dopravně technickému stavu vozovky (zatáčka,klesání,stoupání,šířka apod.)",povrch mokrý,déšť,dobré,na jízdním pruhu,žádná místní úprava,zatáčka,neurčeno,jedoucí - proti směru staničení na komun,srážka s pevnou překážkou,závory železničního přejezdu,živice,"dobrý, bez závad","v noci - bez veřejného osvětlení, vidite",dvoupruhová,žádný způsob řízení provozu,železniční přejezd zabezpečený,mimo křižovatku,ano,P525,11.5314450493,Přední Poříčí - Tochovice,"58,926",Ne,II.,174,okr.silnice,49° 35' 05.93529'' N,13° 58' 41.42528'' E,49.58498,13.97817
14.001475387822602,49.697721809458088,11106080924,Příbram (Středočeský kraj),2008-07-22 14:30:00,silnice 3.třídy,11811,řidičem motorového vozidla,nezjištěno,jiné ovlivnění,nezjišťováno,jiný nepříznivý stav,0,0,0,1,žádná z uvedených,žádná z uvedených,45,žádné z uvedených,"nezjištěno, řidič ujel",,žádná z uvedených,0,žádná z uvedených,nehoda pouze s hmotnou škodou,"nepřichází v úvahu, nejde o srážku jedou",řidič se plně nevěnoval řízení vozidla,povrch mokrý,"na počátku deště, slabý déšť",dobré,na jízdním pruhu,žádná místní úprava,přímý úsek po projetí zatáčkou (do vzdál,neurčeno,žádná z uvedených,srážka s pevnou překážkou,závory železničního přejezdu,živice,"dobrý, bez závad","ve dne, zhoršená viditelnost vlivem pově",dvoupruhová,žádný způsob řízení provozu,železniční přejezd zabezpečený,mimo křižovatku,ne,P537,3.55752704455,Příbram - KOVOHUTĚ Příbram,"74,711",Ne,III.,11811,okr.silnice,49° 41' 51.69802'' N,14° 00' 05.30332'' E,49.69769,14.00147
14.223228426383686,49.786746838837331,11106080991,Mokrovraty (Středočeský kraj),2008-08-08 18:30:00,komunikace místní,0,řidičem motorového vozidla,s řidičským oprávněním skupiny b,řidič nebyl ovlivněn,ne,dobrý -žádné nepříznivé okolnosti nebyly zjištěny,0,1,0,2,ŠKODA,nedošlo k požáru,400,žádné z uvedených,osobní automobil bez přívěsu,1992,"soukromé, nevyužívané k výdělečné činnos",200,nebylo třeba užít násilí,nehoda s následky na životě nebo zdraví,boční,jiné nedání přednosti,"povrch suchý, neznečistěný",neztížené,dobré,na jízdním pruhu,přednost vyznačena dopravními značkami,zatáčka,neurčeno,vozidlo jedoucí - na komunikaci bez stan,srážka s vlakem,"nepřichází v úvahu, nejde o srážku s pev",živice,"dobrý, bez závad","ve dne, viditelnost nezhoršená vlivem po",dvoupruhová,místní úprava (vyplní se pol. 24),železniční přejezd nezabezpečený,mimo křižovatku,ne,P5738,15.0277232677,"Dobříš km 0,106 = km 1,106 - Malá Hraštice","3,321",Ne,MK,,"do osady Porostliny, do Pouští",49° 47' 12.26299'' N,14° 13' 22.88902'' E,49.78674,14.22302
14.198926366821828,49.785414032754119,11106081004,Stará Huť (Středočeský kraj),2008-08-08 13:55:00,silnice 2.třídy,114,řidičem motorového vozidla,s řidičským oprávněním skupiny c,řidič nebyl ovlivněn,ne,dobrý -žádné nepříznivé okolnosti nebyly zjištěny,0,0,0,2,OPEL,žádná z uvedených,500,žádné z uvedených,osobní automobil bez přívěsu,1989,"soukromé, nevyužívané k výdělečné činnos",100,nebylo třeba užít násilí,nehoda pouze s hmotnou škodou,zezadu,nedodržení bezpečné vzdálenosti za vozidlem,"povrch suchý, neznečistěný",neztížené,dobré,na jízdním pruhu,přednost vyznačena dopravními značkami,přímý úsek,neurčeno,jedoucí - ve směru staničení na komunika,srážka s jedoucím nekolejovým vozidlem,"nepřichází v úvahu, nejde o srážku s pev",živice,"dobrý, bez závad","ve dne, viditelnost nezhoršená vlivem po",dvoupruhová,místní úprava (vyplní se pol. 24),železniční přejezd nezabezpečený,mimo křižovatku,ano,P5733,1.07802564084,"Dobříš km 0,106 = km 1,106 - Malá Hraštice","1,252",Ne,II.,114,ul. Knínská,49° 47' 07.48247'' N,14° 11' 56.18145'' E,49.78541,14.19894
13.97812162051658,49.584955085622816,11106081232,Horčápsko (Středočeský kraj),2008-09-25 06:55:00,silnice 2.třídy,174,řidičem motorového vozidla,nezjištěno,jiné ovlivnění,nezjišťováno,jiný nepříznivý stav,0,0,0,1,žádná z uvedených,žádná z uvedených,80,žádné z uvedených,"nezjištěno, řidič ujel",,žádná z uvedených,0,žádná z uvedených,nehoda pouze s hmotnou škodou,"nepřichází v úvahu, nejde o srážku jedou",řidič se plně nevěnoval řízení vozidla,povrch mokrý,déšť,dobré,mimo komunikaci,žádná místní úprava,přímý úsek po projetí zatáčkou (do vzdál,neurčeno,žádná z uvedených,srážka s pevnou překážkou,závory železničního přejezdu,živice,jiný (neuvedený) stav nebo závada komuni,"ve dne, zhoršená viditelnost vlivem pově",dvoupruhová,žádný způsob řízení provozu,železniční přejezd zabezpečený,mimo křižovatku,ne,P525,4.46286222114,Přední Poříčí - Tochovice,"58,926",Ne,II.,174,okr.silnice,49° 35' 05.93529'' N,13° 58' 41.42528'' E,49.58498,13.97817
14.205083025844724,49.782590549437167,11106081244,Stará Huť (Středočeský kraj),2008-09-27 13:58:00,komunikace místní,0,řidičem motorového vozidla,s řidičským oprávněním skupiny c,řidič nebyl ovlivněn,ne,dobrý -žádné nepříznivé okolnosti nebyly zjištěny,0,0,1,2,ŠKODA,nedošlo k požáru,2200,žádné z uvedených,osobní automobil s přívěsem,2007,"soukromé, nevyužívané k výdělečné činnos",2000,nebylo třeba užít násilí,nehoda s následky na životě nebo zdraví,z boku,jiné nedání přednosti,"povrch suchý, neznečistěný",neztížené,dobré,žádné z uvedených,přednost vyznačena dopravními značkami,přímý úsek,neurčeno,vozidlo jedoucí - na komunikaci bez stan,srážka s vlakem,"nepřichází v úvahu, nejde o srážku s pev",živice,"dobrý, bez závad","ve dne, viditelnost nezhoršená vlivem po",dvoupruhová,místní úprava (vyplní se pol. 24),železniční přejezd nezabezpečený,mimo křižovatku,ne,P5735,3.52336204771,"Dobříš km 0,106 = km 1,106 - Malá Hraštice","1,82",Ne,MK,,,49° 46' 57.23308'' N,14° 12' 18.24741'' E,49.78256,14.20507
14.026123522882635,49.632105140639013,11106081296,Milín (Středočeský kraj),2008-10-10 23:59:00,silnice 2.třídy,174,řidičem motorového vozidla,nezjištěno,jiné ovlivnění,nezjišťováno,jiný nepříznivý stav,0,0,0,1,žádná z uvedených,žádná z uvedených,50,žádné z uvedených,"nezjištěno, řidič ujel",,žádná z uvedených,0,žádná z uvedených,nehoda pouze s hmotnou škodou,"nepřichází v úvahu, nejde o srážku jedou",řidič se plně nevěnoval řízení vozidla,"povrch suchý, znečist. (písek,listí,štěr",neztížené,dobré,mimo komunikaci,žádná místní úprava,zatáčka,neurčeno,žádná z uvedených,srážka s pevnou překážkou,závory železničního přejezdu,živice,"dobrý, bez závad","ve dne, viditelnost nezhoršená vlivem po",dvoupruhová,žádný způsob řízení provozu,železniční přejezd zabezpečený,mimo křižovatku,ne,P531,1.7016012454,Tochovice - Milín,"65,94",Ne,II.,174,okresní silnice,49° 37' 55.50784'' N,14° 01' 34.02093'' E,49.63209,14.02612
13.978140027723963,49.585006031131584,11106081310,Tochovice (Středočeský kraj),2008-10-10 13:38:00,silnice 2.třídy,174,řidičem motorového vozidla,nezjištěno,jiné ovlivnění,nezjišťováno,jiný nepříznivý stav,0,0,0,1,žádná z uvedených,žádná z uvedených,80,žádné z uvedených,"nezjištěno, řidič ujel",,žádná z uvedených,0,žádná z uvedených,nehoda pouze s hmotnou škodou,"nepřichází v úvahu, nejde o srážku jedou",jiný druh nesprávného způsobu jízdy,"povrch suchý, neznečistěný",neztížené,dobré,na jízdním pruhu,žádná místní úprava,přímý úsek po projetí zatáčkou (do vzdál,neurčeno,žádná z uvedených,srážka s pevnou překážkou,závory železničního přejezdu,živice,"dobrý, bez závad","ve dne, viditelnost nezhoršená vlivem po",dvoupruhová,žádný způsob řízení provozu,železniční přejezd zabezpečený,mimo křižovatku,ne,P525,3.61468073588,Přední Poříčí - Tochovice,"58,926",Ne,II.,174,okr.silnice,49° 35' 05.93529'' N,13° 58' 41.42528'' E,49.58498,13.97817
13.978128136245157,49.584994210499282,11106090002,Tochovice (Středočeský kraj),2009-01-01 18:10:00,silnice 2.třídy,174,řidičem motorového vozidla,nezjištěno,jiné ovlivnění,nezjišťováno,jiný nepříznivý stav,0,0,0,1,žádná z uvedených,žádná z uvedených,50,žádné z uvedených,"nezjištěno, řidič ujel",,žádná z uvedených,0,žádná z uvedených,nehoda pouze s hmotnou škodou,"nepřichází v úvahu, nejde o srážku jedou",řidič se plně nevěnoval řízení vozidla,"povrch suchý, neznečistěný",neztížené,dobré,mimo komunikaci,žádná místní úprava,zatáčka,neurčeno,žádná z uvedených,srážka s pevnou překážkou,závory železničního přejezdu,živice,"dobrý, bez závad","v noci - bez veřejného osvětlení,viditel",dvoupruhová,žádný způsob řízení provozu,železniční přejezd zabezpečený,mimo křižovatku,ne,P525,3.41338395997,Přední Poříčí - Tochovice,"58,926",Ne,II.,174,okr.silnice,49° 35' 05.93529'' N,13° 58' 41.42528'' E,49.58498,13.97817
13.978146214616336,49.58497752178986,11106090062,Horčápsko (Středočeský kraj),2009-01-19 04:00:00,silnice 2.třídy,174,řidičem motorového vozidla,nezjištěno,jiné ovlivnění,nezjišťováno,jiný nepříznivý stav,0,0,0,1,žádná z uvedených,žádná z uvedených,50,žádné z uvedených,"nezjištěno, řidič ujel",,žádná z uvedených,0,žádná z uvedených,nehoda pouze s hmotnou škodou,"nepřichází v úvahu, nejde o srážku jedou",řidič se plně nevěnoval řízení vozidla,"na vozovce je náledí, ujetý sníh - posyp",neztížené,dobré,na jízdním pruhu,žádná místní úprava,zatáčka,neurčeno,žádná z uvedených,srážka s pevnou překážkou,závory železničního přejezdu,živice,"dobrý, bez závad","v noci - bez veřejného osvětlení,viditel",dvoupruhová,žádný způsob řízení provozu,železniční přejezd zabezpečený,mimo křižovatku,ne,P525,1.74126888646,Přední Poříčí - Tochovice,"58,926",Ne,II.,174,okr.silnice,49° 35' 05.93529'' N,13° 58' 41.42528'' E,49.58498,13.97817
14.000889851901507,49.741934103641555,11106090078,Bratkovice (Středočeský kraj),2009-01-22 06:06:00,silnice 3.třídy,1185,řidičem motorového vozidla,nezjištěno,jiné ovlivnění,nezjišťováno,jiný nepříznivý stav,0,0,0,1,žádná z uvedených,žádná z uvedených,20,žádné z uvedených,"nezjištěno, řidič ujel",,žádná z uvedených,0,žádná z uvedených,nehoda pouze s hmotnou škodou,"nepřichází v úvahu, nejde o srážku jedou",řidič se plně nevěnoval řízení vozidla,"na vozovce je náledí, ujetý sníh - nepos",neztížené,dobré,na jízdním pruhu,přednost vyznačena dopravními značkami,přímý úsek,neurčeno,žádná z uvedených,srážka s pevnou překážkou,závory železničního přejezdu,živice,"dobrý, bez závad","v noci - bez veřejného osvětlení,viditel",dvoupruhová,místní úprava (vyplní se pol. 24),železniční přejezd zabezpečený,mimo křižovatku,ne,P544,2.19977644126,Bratkovice - Jince,"80,206",Ne,III.,,okr.silnice,49° 44' 30.94070'' N,14° 00' 03.08605'' E,49.74193,14.00086
13.984953357876808,49.58759070720189,11106090135,Horčápsko (Středočeský kraj),2009-02-11 13:30:00,silnice 3.třídy,413,řidičem motorového vozidla,ostatní řidiči vozidel,řidič nebyl ovlivněn,ne,dobrý -žádné nepříznivé okolnosti nebyly zjištěny,0,0,0,1,žádná z uvedených,žádná z uvedených,50,žádné z uvedených,"jiné motorové vozidlo (zemědělské, stave",,"soukromé, využívané k výdělečné činnosti",0,nebylo třeba užít násilí,nehoda pouze s hmotnou škodou,"nepřichází v úvahu, nejde o srážku jedou",řidič se plně nevěnoval řízení vozidla,"souvislá sněhová vrstva, rozbředlý sníh","tvoří se námraza, náledí",dobré,na jízdním pruhu,žádná místní úprava,přímý úsek,neurčeno,jedoucí - ve směru staničení na komunika,srážka s pevnou překážkou,závory železničního přejezdu,živice,"dobrý, bez závad","ve dne, viditelnost nezhoršená vlivem po",dvoupruhová,žádný způsob řízení provozu,železniční přejezd zabezpečený,mimo křižovatku,ne,P526,8.88154713658,Přední Poříčí - Tochovice,"59,503",Ne,III.,413,okresní silnice,49° 35' 15.50544'' N,13° 59' 06.17211'' E,49.58764,13.98505
14.000892733161274,49.741914233042344,11106090142,Bratkovice (Středočeský kraj),2009-02-13 19:15:00,silnice 3.třídy,1185,řidičem motorového vozidla,nezjištěno,jiné ovlivnění,nezjišťováno,jiný nepříznivý stav,0,0,0,1,žádná z uvedených,žádná z uvedených,50,žádné z uvedených,"nezjištěno, řidič ujel",,žádná z uvedených,0,žádná z uvedených,nehoda pouze s hmotnou škodou,"nepřichází v úvahu, nejde o srážku jedou",řidič se plně nevěnoval řízení vozidla,"na vozovce je náledí, ujetý sníh - posyp","tvoří se námraza, náledí",dobré,na jízdním pruhu,žádná místní úprava,přímý úsek,neurčeno,žádná z uvedených,srážka s pevnou překážkou,závory železničního přejezdu,živice,"dobrý, bez závad","v noci - bez veřejného osvětlení,viditel",dvoupruhová,žádný způsob řízení provozu,železniční přejezd zabezpečený,mimo křižovatku,ne,P544,2.94095047613,Bratkovice - Jince,"80,206",Ne,III.,,okr.silnice,49° 44' 30.94070'' N,14° 00' 03.08605'' E,49.74193,14.00086
14.439135518583621,49.655931694686295,11106090205,Sedlčany (Středočeský kraj),2009-03-03 07:40:00,silnice 3.třídy,10522,řidičem motorového vozidla,s řidičským oprávněním skupiny b,řidič nebyl ovlivněn,ne,dobrý -žádné nepříznivé okolnosti nebyly zjištěny,0,0,0,2,FORD,nedošlo k požáru,80,žádné z uvedených,osobní automobil bez přívěsu,1990,"soukromé, nevyužívané k výdělečné činnos",50,nebylo třeba užít násilí,nehoda pouze s hmotnou škodou,z boku,proti příkazu dopravní značky STŮJ DEJ PŘEDNOST,povrch mokrý,neztížené,dobré,žádné z uvedených,přednost vyznačena dopravními značkami,křižovatka průsečná - čtyřramenná,místní komunikace,zachycuje směr jízdy křižovatkou,srážka s vlakem,"nepřichází v úvahu, nejde o srážku s pev",živice,"dobrý, bez závad","ve dne, viditelnost nezhoršená vlivem po",dvoupruhová,místní úprava (vyplní se pol. 24),železniční přejezd nezabezpečený,"na křižovatce, uvnitř hranic křižovatky",ne,P6092,5.85590099328,žst. Sedlčany,"16,253",Ne,III.,10522,před žst.Sedlčany,49° 39' 21.15832'' N,14° 26' 20.84516'' E,49.65588,14.43912
14.000276036443497,49.77766064719868,11106090214,Čenkov (Středočeský kraj),2009-03-12 11:00:00,komunikace místní,0,řidičem motorového vozidla,nezjištěno,jiné ovlivnění,nezjišťováno,jiný nepříznivý stav,0,0,0,1,žádná z uvedených,žádná z uvedených,50,žádné z uvedených,"nezjištěno, řidič ujel",,žádná z uvedených,0,žádná z uvedených,nehoda pouze s hmotnou škodou,"nepřichází v úvahu, nejde o srážku jedou",jiný druh nesprávného způsobu jízdy,"povrch suchý, neznečistěný",neztížené,dobré,na jízdním pruhu,žádná místní úprava,přímý úsek po projetí zatáčkou (do vzdál,neurčeno,žádná z uvedených,srážka s pevnou překážkou,závory železničního přejezdu,živice,"dobrý, bez závad","ve dne, viditelnost nezhoršená vlivem po",žádná z uvedených,žádný způsob řízení provozu,železniční přejezd zabezpečený,mimo křižovatku,ne,P550,10.9128576094,Bratkovice - Jince,"84,542",Ne,MK,,obecní cesta,49° 46' 39.47044'' N,14° 00' 01.50190'' E,49.77763,14.00042
14.188260906247908,49.789634885369516,11106090339,Dobříš (Středočeský kraj),2009-04-30 00:15:00,komunikace místní,0,řidičem motorového vozidla,s řidičským oprávněním skupiny b,řidič nebyl ovlivněn,ne,dobrý -žádné nepříznivé okolnosti nebyly zjištěny,0,0,0,1,ŠKODA,žádná z uvedených,300,"došlo k úniku pohonných hmot, oleje, chl",osobní automobil bez přívěsu,2006,policie ČR,300,nebylo třeba užít násilí,nehoda pouze s hmotnou škodou,"nepřichází v úvahu, nejde o srážku jedou",řidič se plně nevěnoval řízení vozidla,povrch mokrý,neztížené,dobré,na jízdním pruhu,žádná místní úprava,přímý úsek,neurčeno,vozidlo jedoucí - na komunikaci bez stan,srážka s pevnou překážkou,"jiná překážka (zábradlí,oplocení,násep,n",živice,"dobrý, bez závad","v noci - bez veřejného osvětlení,viditel",dvoupruhová,žádný způsob řízení provozu,železniční přejezd nezabezpečený,mimo křižovatku,ne,P5731,236.639305185,,"0,117",ne,místní komunikace,,,49° 47' 23.356'' N,14° 11' 4.203'' E,49.78982,14.1845