X,Y,id,obec,datum,komunikace,komunika_1,zavineni,ridic_kate,ridic_ovli,vinik_alko,ridic_stav,obeti_usmr,obeti_lehc,obeti_tezc,vozidel_ce,vinik_vozi,vinik_vo_1,skoda,unik_hmot,vinik_vo_2,vinik_vo_3,vinik_vo_4,vinik_skod,vyprosteni,nehoda_cha,srazka_voz,hlavni_pri,povrch_sta,meteo,rozhled,nehoda_pol,prednost_v,smerove_po,druh_krizu,smer_jizdy,nehoda_dru,pevna_prek,povrch_dru,komunika_2,viditelnos,komunika_3,rizeni_pro,objekty,misto_neho,smyk,neighbors_TargetID,neighbors_Distance,neighbors_prejezdy-dec_Název definičního úseku,neighbors_prejezdy-dec_Žkm přejezdu,neighbors_prejezdy-dec_Přejezd s trolejovým vedením,neighbors_prejezdy-dec_Třída pozemní komunikace,neighbors_prejezdy-dec_Číslo pozemní komunikace,neighbors_prejezdy-dec_Místní název přejezdu,neighbors_prejezdy-dec_Zeměpisná šířka,neighbors_prejezdy-dec_Zeměpisná délka,neighbors_prejezdy-dec_field_10,neighbors_prejezdy-dec_field_11
14.000996325620877,49.741960898498583,11106090380,Bratkovice (Středočeský kraj),2009-05-13 18:25:00,silnice 3.třídy,1185,řidičem motorového vozidla,nezjištěno,jiné ovlivnění,nezjišťováno,jiný nepříznivý stav,0,0,0,1,žádná z uvedených,žádná z uvedených,20,žádné z uvedených,"nezjištěno, řidič ujel",,žádná z uvedených,0,žádná z uvedených,nehoda pouze s hmotnou škodou,"nepřichází v úvahu, nejde o srážku jedou",řidič se plně nevěnoval řízení vozidla,"povrch suchý, neznečistěný",neztížené,dobré,žádné z uvedených,žádná místní úprava,přímý úsek,neurčeno,žádná z uvedených,srážka s pevnou překážkou,závory železničního přejezdu,živice,"dobrý, bez závad","ve dne, viditelnost nezhoršená vlivem po",dvoupruhová,žádný způsob řízení provozu,železniční přejezd zabezpečený,mimo křižovatku,ne,P544,10.4091014617,Bratkovice - Jince,"80,206",Ne,III.,,okr.silnice,49° 44' 30.94070'' N,14° 00' 03.08605'' E,49.74193,14.00086
13.994456453239762,49.595031258479672,11106090447,Tochovice (Středočeský kraj),2009-06-10 13:15:00,silnice 3.třídy,305,řidičem motorového vozidla,s řidičským oprávněním skupiny b,řidič nebyl ovlivněn,ne,dobrý -žádné nepříznivé okolnosti nebyly zjištěny,2,0,0,2,ŠKODA,nedošlo k požáru,3650,žádné z uvedených,osobní automobil bez přívěsu,2001,"soukromé, nevyužívané k výdělečné činnos",3000,nebylo třeba užít násilí,nehoda s následky na životě nebo zdraví,z boku,jiné nedání přednosti,"povrch suchý, neznečistěný",neztížené,dobré,na jízdním pruhu,přednost vyznačena přenosnými dopravními,přímý úsek,neurčeno,jedoucí - ve směru staničení na komunika,srážka s vlakem,"nepřichází v úvahu, nejde o srážku s pev",živice,"dobrý, bez závad","ve dne, viditelnost nezhoršená vlivem po",dvoupruhová,místní úprava (vyplní se pol. 24),železniční přejezd zabezpečený,mimo křižovatku,ne,P527,3.04012466662,Tochovice - Milín,"60,665",Ne,III.,,okresní silnice,49° 35' 42.03839'' N,13° 59' 39.95627'' E,49.59501,13.99443
13.72047669787063,50.101556099692161,11206070052,Rakovník (Středočeský kraj),2007-01-24 07:55:00,silnice 3.třídy,22912,řidičem motorového vozidla,s řidičským oprávněním skupiny c,řidič nebyl ovlivněn,ne,dobrý -žádné nepříznivé okolnosti nebyly zjištěny,0,3,0,2,VOLVO,nedošlo k požáru,18600,žádné z uvedených,nákladní automobil s návěsem,2005,"soukromá organizace (podnikatel, s.r.o.,",500,nebylo třeba užít násilí,nehoda s následky na životě nebo zdraví,z boku,jiné nedání přednosti,"souvislá sněhová vrstva, rozbředlý sníh",sněžení,dobré,na jízdním pruhu,žádná místní úprava,přímý úsek,neurčeno,jedoucí - ve směru staničení na komunika,srážka s vlakem,"nepřichází v úvahu, nejde o srážku s pev",živice,"dobrý, bez závad","ve dne, viditelnost nezhoršená vlivem po",dvoupruhová,světelným signalizačním zařízením,železniční přejezd nezabezpečený,mimo křižovatku,ne,P2330,17.6619088206,Rakovník - TOS Rakovník,"1,181",Ne,III.,22912,,50° 06' 05.56404'' N,13° 43' 12.82583'' E,50.10155,13.72023
13.664771389624674,50.12853525362469,11206070137,Olešná (Středočeský kraj),2007-03-10 13:55:00,silnice 2.třídy,227,řidičem motorového vozidla,s řidičským oprávněním skupiny b,řidič nebyl ovlivněn,ne,dobrý -žádné nepříznivé okolnosti nebyly zjištěny,0,0,0,1,PEUGEOT,nedošlo k požáru,200,"došlo k úniku pohonných hmot, oleje, chl","nákladní automobil (včetně multikáry, au",2004,"soukromá organizace (podnikatel, s.r.o.,",200,nebylo třeba užít násilí,nehoda pouze s hmotnou škodou,"nepřichází v úvahu, nejde o srážku jedou",řidič se plně nevěnoval řízení vozidla,"povrch suchý, neznečistěný",neztížené,dobré,na jízdním pruhu,žádná místní úprava,přímý úsek,neurčeno,jedoucí - proti směru staničení na komun,srážka s pevnou překážkou,"jiná překážka (zábradlí,oplocení,násep,n",živice,"příčná stružka, hrbol, vystouplé,propadl","ve dne, viditelnost nezhoršená vlivem po",dvoupruhová,světelným signalizačním zařízením,železniční přejezd zabezpečený,mimo křižovatku,ne,P2332,101.060134451,VÚ 1859 Rakovník - Chrášťany,"7,204",Ne,II.,227,Kněževes,50° 07' 45.00807'' N,13° 39' 49.52367'' E,50.12917,13.66376
13.918942397371325,50.03875676390156,11206070180,Zbečno (Středočeský kraj),2007-03-28 08:45:00,silnice 3.třídy,20112,řidičem motorového vozidla,s řidičským oprávněním skupiny c,řidič nebyl ovlivněn,ne,dobrý -žádné nepříznivé okolnosti nebyly zjištěny,0,0,0,1,AVIA,nedošlo k požáru,40,žádné z uvedených,"nákladní automobil (včetně multikáry, au",1996,"soukromé, využívané k výdělečné činnosti",10,nebylo třeba užít násilí,nehoda pouze s hmotnou škodou,"nepřichází v úvahu, nejde o srážku jedou",řidič se plně nevěnoval řízení vozidla,"povrch suchý, neznečistěný",neztížené,špatné vlivem profilu komunikace (nepřeh,na jízdním pruhu,žádná místní úprava,přímý úsek po projetí zatáčkou (do vzdál,neurčeno,jedoucí - proti směru staničení na komun,srážka s pevnou překážkou,závory železničního přejezdu,živice,"dobrý, bez závad","ve dne, viditelnost nezhoršená vlivem po",dvoupruhová,žádný způsob řízení provozu,železniční přejezd zabezpečený,mimo křižovatku,ne,P2322,124.928261247,žst. Zbečno,"18,537",Ne,III.,20112,,50° 02' 15.49491'' N,13° 55' 08.87950'' E,50.03764,13.91913
13.725873722716708,50.100293234687193,11206070200,Rakovník (Středočeský kraj),2007-04-04 07:25:00,komunikace místní,0,řidičem motorového vozidla,nezjištěno,jiné ovlivnění,nezjišťováno,jiný nepříznivý stav,0,0,0,1,žádná z uvedených,žádná z uvedených,70,žádné z uvedených,"nezjištěno, řidič ujel",,žádná z uvedených,0,žádná z uvedených,nehoda pouze s hmotnou škodou,"nepřichází v úvahu, nejde o srážku jedou",řidič se plně nevěnoval řízení vozidla,"povrch suchý, neznečistěný",neztížené,dobré,na jízdním pruhu,žádná místní úprava,přímý úsek,neurčeno,žádná z uvedených,srážka s pevnou překážkou,závory železničního přejezdu,živice,"dobrý, bez závad","ve dne, viditelnost nezhoršená vlivem po",dvoupruhová,světelným signalizačním zařízením,železniční přejezd zabezpečený,mimo křižovatku,ne,P1047,11.0165913187,Rakovník - TOS Rakovník,"0,8",Ne,MK,,ulice Ottova,50° 06' 01.29654'' N,13° 43' 32.72354'' E,50.10036,13.72576
13.663921817299736,50.129112962433645,11206070205,Kněževes (Středočeský kraj),2007-04-04 09:45:00,silnice 2.třídy,227,řidičem motorového vozidla,s řidičským oprávněním skupiny b,řidič nebyl ovlivněn,ne,dobrý -žádné nepříznivé okolnosti nebyly zjištěny,0,0,0,1,OPEL,nedošlo k požáru,400,žádné z uvedených,osobní automobil bez přívěsu,2002,"soukromá organizace (podnikatel, s.r.o.,",400,nebylo třeba užít násilí,nehoda pouze s hmotnou škodou,"nepřichází v úvahu, nejde o srážku jedou","nepř. rychlosti stavu vozovky (náledí, výtluky, bláto, mokrý povrch apod.)","povrch suchý, neznečistěný",neztížené,dobré,na jízdním pruhu,žádná místní úprava,přímý úsek,neurčeno,jedoucí - ve směru staničení na komunika,havárie,"nepřichází v úvahu, nejde o srážku s pev",živice,nesouvislé výtluky,"ve dne, viditelnost nezhoršená vlivem po",dvoupruhová,žádný způsob řízení provozu,železniční přejezd zabezpečený,mimo křižovatku,ne,P2332,13.1959038755,VÚ 1859 Rakovník - Chrášťany,"7,204",Ne,II.,227,Kněževes,50° 07' 45.00807'' N,13° 39' 49.52367'' E,50.12917,13.66376
13.715670352376316,50.171254779204226,11206070264,Krupá (Středočeský kraj),2007-04-30 09:00:00,silnice 1.třídy,6,řidičem motorového vozidla,s řidičským oprávněním skupiny b,řidič nebyl ovlivněn,ne,dobrý -žádné nepříznivé okolnosti nebyly zjištěny,0,0,0,1,MERCEDES,nedošlo k požáru,400,"došlo k úniku pohonných hmot, oleje, chl",osobní automobil bez přívěsu,2005,registrované mimo území ČR,400,nebylo třeba užít násilí,nehoda pouze s hmotnou škodou,"nepřichází v úvahu, nejde o srážku jedou",jiný druh nepřiměřené rychlosti,"povrch suchý, neznečistěný",neztížené,dobré,na jízdním pruhu,žádná místní úprava,přímý úsek,neurčeno,jedoucí - proti směru staničení na komun,havárie,"nepřichází v úvahu, nejde o srážku s pev",živice,"dobrý, bez závad","ve dne, viditelnost nezhoršená vlivem po",dvoupruhová,žádný způsob řízení provozu,železniční přejezd zabezpečený,mimo křižovatku,ne,P47,20.7510537625,Krupá - Hranice OŘ-ST 665/671,"66,389",Ne,I.,6,,50° 10' 15.85183'' N,13° 42' 56.27315'' E,50.17107,13.71563
13.664586388936174,50.128472259683981,11206070540,Kněževes (Středočeský kraj),2007-08-11 16:20:00,silnice 2.třídy,227,řidičem motorového vozidla,s řidičským oprávněním skupiny b,řidič nebyl ovlivněn,ne,dobrý -žádné nepříznivé okolnosti nebyly zjištěny,0,0,0,1,CITROEN,nedošlo k požáru,250,žádné z uvedených,osobní automobil bez přívěsu,2004,registrované mimo území ČR,250,nebylo třeba užít násilí,nehoda pouze s hmotnou škodou,"nepřichází v úvahu, nejde o srážku jedou","nepř. rychlosti dopravně technickému stavu vozovky (zatáčka,klesání,stoupání,šířka apod.)","povrch suchý, neznečistěný",neztížené,dobré,na jízdním pruhu,žádná místní úprava,přímý úsek po projetí zatáčkou (do vzdál,neurčeno,jedoucí - proti směru staničení na komun,havárie,"nepřichází v úvahu, nejde o srážku s pev",živice,"dobrý, bez závad","ve dne, viditelnost nezhoršená vlivem po",dvoupruhová,žádný způsob řízení provozu,železniční přejezd zabezpečený,mimo křižovatku,ne,P2332,97.537250262,VÚ 1859 Rakovník - Chrášťany,"7,204",Ne,II.,227,Kněževes,50° 07' 45.00807'' N,13° 39' 49.52367'' E,50.12917,13.66376
13.642388578097281,50.167369021928906,11206070687,Kněževes (Středočeský kraj),2007-10-10 22:20:00,silnice 1.třídy,6,řidičem motorového vozidla,nezjištěno,jiné ovlivnění,nezjišťováno,jiný nepříznivý stav,0,0,0,1,žádná z uvedených,žádná z uvedených,150,žádné z uvedených,"nezjištěno, řidič ujel",,žádná z uvedených,0,žádná z uvedených,nehoda pouze s hmotnou škodou,"nepřichází v úvahu, nejde o srážku jedou",nezvládnutí řízení vozidla,"povrch suchý, neznečistěný",neztížené,dobré,na jízdním pruhu,žádná místní úprava,přímý úsek,neurčeno,žádná z uvedených,srážka s pevnou překážkou,závory železničního přejezdu,živice,"dobrý, bez závad","v noci - bez veřejného osvětlení,viditel",dvoupruhová,světelným signalizačním zařízením,železniční přejezd zabezpečený,mimo křižovatku,ne,P2335,5.25109865023,Chrášťany - Hořesedly,"11,948",Ne,I.,6,Hořesedly,50° 10' 02.39283'' N,13° 38' 32.74326'' E,50.16733,13.64243
13.72024238086405,50.10156701619696,11206080019,Rakovník (Středočeský kraj),2008-01-01 13:24:00,silnice 3.třídy,22912,chodcem,nezjištěno,jiné ovlivnění,ne,jiný nepříznivý stav,1,0,0,1,žádná z uvedených,žádná z uvedených,10,žádné z uvedených,vlak,,žádná z uvedených,0,žádná z uvedených,nehoda s následky na životě nebo zdraví,"nepřichází v úvahu, nejde o srážku jedou",nezaviněná řidičem,povrch mokrý,neztížené,dobré,na jízdním pruhu,žádná místní úprava,přímý úsek,neurčeno,žádná z uvedených,srážka s chodcem,"nepřichází v úvahu, nejde o srážku s pev",živice,"dobrý, bez závad","ve dne, viditelnost nezhoršená vlivem po",dvoupruhová,světelným signalizačním zařízením,železniční přejezd zabezpečený,mimo křižovatku,ne,P2330,2.08842615732,Rakovník - TOS Rakovník,"1,181",Ne,III.,22912,,50° 06' 05.56404'' N,13° 43' 12.82583'' E,50.10155,13.72023
13.663748823731524,50.129166667183902,11206080165,Kněževes (Středočeský kraj),2008-03-21 13:15:00,silnice 2.třídy,227,řidičem motorového vozidla,s řidičským oprávněním skupiny c,řidič nebyl ovlivněn,ne,dobrý -žádné nepříznivé okolnosti nebyly zjištěny,0,0,0,1,VOLKSWAGEN,nedošlo k požáru,300,žádné z uvedených,osobní automobil bez přívěsu,2002,"soukromé, nevyužívané k výdělečné činnos",300,nebylo třeba užít násilí,nehoda pouze s hmotnou škodou,"nepřichází v úvahu, nejde o srážku jedou","nepř. rychlosti dopravně technickému stavu vozovky (zatáčka,klesání,stoupání,šířka apod.)","povrch suchý, neznečistěný",neztížené,dobré,na jízdním pruhu,žádná místní úprava,přímý úsek po projetí zatáčkou (do vzdál,neurčeno,jedoucí - proti směru staničení na komun,havárie,"nepřichází v úvahu, nejde o srážku s pev",živice,"dobrý, bez závad","ve dne, viditelnost nezhoršená vlivem po",dvoupruhová,žádný způsob řízení provozu,železniční přejezd zabezpečený,mimo křižovatku,ne,P2332,0.8808047934,VÚ 1859 Rakovník - Chrášťany,"7,204",Ne,II.,227,Kněževes,50° 07' 45.00807'' N,13° 39' 49.52367'' E,50.12917,13.66376
13.720224446543032,50.101572098071571,11206080210,Rakovník (Středočeský kraj),2008-04-12 13:17:00,silnice 3.třídy,22912,řidičem motorového vozidla,s řidičským oprávněním skupiny b,řidič nebyl ovlivněn,ne,dobrý -žádné nepříznivé okolnosti nebyly zjištěny,0,2,0,2,OPEL,nedošlo k požáru,1500,žádné z uvedených,osobní automobil bez přívěsu,1996,"soukromé, nevyužívané k výdělečné činnos",1000,nebylo třeba užít násilí,nehoda s následky na životě nebo zdraví,z boku,jiné nedání přednosti,"povrch suchý, neznečistěný",neztížené,"špatné vlivem okolní zástavby (budovy,pl",na jízdním pruhu,žádná místní úprava,přímý úsek,neurčeno,jedoucí - ve směru staničení na komunika,srážka s vlakem,"nepřichází v úvahu, nejde o srážku s pev",živice,"dobrý, bez závad","ve dne, viditelnost nezhoršená vlivem po",dvoupruhová,světelným signalizačním zařízením,železniční přejezd zabezpečený,mimo křižovatku,ne,P2330,2.48794661352,Rakovník - TOS Rakovník,"1,181",Ne,III.,22912,,50° 06' 05.56404'' N,13° 43' 12.82583'' E,50.10155,13.72023
13.725712334795793,50.100387919055052,11206080217,Rakovník (Středočeský kraj),2008-04-15 12:30:00,komunikace místní,0,řidičem motorového vozidla,s řidičským oprávněním skupiny c,řidič nebyl ovlivněn,ne,dobrý -žádné nepříznivé okolnosti nebyly zjištěny,0,0,0,1,MERCEDES,nedošlo k požáru,10,žádné z uvedených,nákladní automobil s návěsem,2004,registrované mimo území ČR,0,nebylo třeba užít násilí,nehoda pouze s hmotnou škodou,"nepřichází v úvahu, nejde o srážku jedou",řidič se plně nevěnoval řízení vozidla,"povrch suchý, neznečistěný",neztížené,dobré,na jízdním pruhu,žádná místní úprava,přímý úsek,neurčeno,vozidlo jedoucí - na komunikaci bez stan,srážka s pevnou překážkou,závory železničního přejezdu,živice,"dobrý, bez závad","ve dne, viditelnost nezhoršená vlivem po",dvoupruhová,žádný způsob řízení provozu,železniční přejezd zabezpečený,mimo křižovatku,ne,P1047,4.61024436626,Rakovník - TOS Rakovník,"0,8",Ne,MK,,ulice Ottova,50° 06' 01.29654'' N,13° 43' 32.72354'' E,50.10036,13.72576
12.97072204286448,49.248853334691042,11206080236,N/A,2008-04-04 13:45:00,komunikace účelová - ostatní (parkoviště apod.),0,řidičem motorového vozidla,nezjištěno,řidič nebyl ovlivněn,nezjišťováno,dobrý -žádné nepříznivé okolnosti nebyly zjištěny,0,0,0,2,PEUGEOT,nedošlo k požáru,300,žádné z uvedených,osobní automobil bez přívěsu,1994,"soukromé, nevyužívané k výdělečné činnos",0,nebylo třeba užít násilí,nehoda pouze s hmotnou škodou,zezadu,nesprávné otáčení nebo couvání,"povrch suchý, neznečistěný",neztížené,dobré,na kolejích tramvaje,žádná místní úprava,přímý úsek,neurčeno,vozidlo jedoucí - na komunikaci bez stan,srážka s jedoucím nekolejovým vozidlem,"nepřichází v úvahu, nejde o srážku s pev",živice,"dobrý, bez závad","ve dne, viditelnost nezhoršená vlivem po",žádná z uvedených,světelným signalizačním zařízením,železniční přejezd nezabezpečený,mimo křižovatku,ne,P835,14114.1006455,Zelená Lhota - Nýrsko,"26,073",Ne,C,,Dešenice-les,49° 15' 55.03939'' N,13° 09' 46.67792'' E,49.26529,13.16297
13.664135253333098,50.12884360395902,11206080405,Kněževes (Středočeský kraj),2008-06-25 17:00:00,silnice 2.třídy,227,řidičem motorového vozidla,s řidičským oprávněním skupiny b,řidič nebyl ovlivněn,ne,dobrý -žádné nepříznivé okolnosti nebyly zjištěny,0,0,0,1,ŠKODA,nedošlo k požáru,100,"došlo k úniku pohonných hmot, oleje, chl",osobní automobil bez přívěsu,2005,"soukromé, nevyužívané k výdělečné činnos",100,nebylo třeba užít násilí,nehoda pouze s hmotnou škodou,"nepřichází v úvahu, nejde o srážku jedou","nepř. rychlosti dopravně technickému stavu vozovky (zatáčka,klesání,stoupání,šířka apod.)","povrch suchý, neznečistěný",neztížené,dobré,na jízdním pruhu,žádná místní úprava,přímý úsek po projetí zatáčkou (do vzdál,neurčeno,jedoucí - proti směru staničení na komun,havárie,"nepřichází v úvahu, nejde o srážku s pev",živice,"dobrý, bez závad","ve dne, viditelnost nezhoršená vlivem po",dvoupruhová,žádný způsob řízení provozu,železniční přejezd zabezpečený,mimo křižovatku,ne,P2332,45.1420208709,VÚ 1859 Rakovník - Chrášťany,"7,204",Ne,II.,227,Kněževes,50° 07' 45.00807'' N,13° 39' 49.52367'' E,50.12917,13.66376
13.725849728658932,50.099614302185223,11206090059,Rakovník (Středočeský kraj),2009-02-02 14:55:00,komunikace místní,0,řidičem motorového vozidla,s řidičským oprávněním skupiny c,řidič nebyl ovlivněn,ne,dobrý -žádné nepříznivé okolnosti nebyly zjištěny,0,0,0,1,DAF,nedošlo k požáru,100,žádné z uvedených,nákladní automobil s návěsem,1999,registrované mimo území ČR,0,nebylo třeba užít násilí,nehoda pouze s hmotnou škodou,"nepřichází v úvahu, nejde o srážku jedou",jiný druh nesprávného způsobu jízdy,povrch mokrý,neztížené,dobré,na jízdním pruhu,žádná místní úprava,přímý úsek,neurčeno,vozidlo jedoucí - na komunikaci bez stan,srážka s pevnou překážkou,závory železničního přejezdu,živice,"dobrý, bez závad","ve dne, viditelnost nezhoršená vlivem po",dvoupruhová,světelným signalizačním zařízením,železniční přejezd zabezpečený,mimo křižovatku,ne,P1047,83.1861508274,Rakovník - TOS Rakovník,"0,8",Ne,MK,,ulice Ottova,50° 06' 01.29654'' N,13° 43' 32.72354'' E,50.10036,13.72576
13.715644001751805,50.171062719951848,11206090128,Krupá (Středočeský kraj),2009-03-30 08:16:00,silnice 1.třídy,6,řidičem motorového vozidla,s řidičským oprávněním skupiny c,řidič nebyl ovlivněn,nezjišťováno,dobrý -žádné nepříznivé okolnosti nebyly zjištěny,0,0,0,1,MAN,řidič ujel - zjištěn,500,žádné z uvedených,nákladní automobil s návěsem,2007,"soukromá organizace (podnikatel, s.r.o.,",100,nebylo třeba užít násilí,nehoda pouze s hmotnou škodou,"nepřichází v úvahu, nejde o srážku jedou",řidič se plně nevěnoval řízení vozidla,"povrch suchý, neznečistěný",neztížené,dobré,na jízdním pruhu,žádná místní úprava,přímý úsek,neurčeno,jedoucí - proti směru staničení na komun,srážka s pevnou překážkou,závory železničního přejezdu,živice,"dobrý, bez závad","ve dne, viditelnost nezhoršená vlivem po",dvoupruhová,žádný způsob řízení provozu,železniční přejezd zabezpečený,mimo křižovatku,ne,P47,1.2884886286,Krupá - Hranice OŘ-ST 665/671,"66,389",Ne,I.,6,,50° 10' 15.85183'' N,13° 42' 56.27315'' E,50.17107,13.71563
13.725704230215655,50.100415942837692,11206090174,Rakovník (Středočeský kraj),2009-05-22 06:00:00,komunikace místní,0,řidičem motorového vozidla,s řidičským oprávněním skupiny d,řidič nebyl ovlivněn,ne,dobrý -žádné nepříznivé okolnosti nebyly zjištěny,0,0,0,1,SCANIA,nedošlo k požáru,100,žádné z uvedených,nákladní automobil s návěsem,2007,registrované mimo území ČR,0,nebylo třeba užít násilí,nehoda pouze s hmotnou škodou,"nepřichází v úvahu, nejde o srážku jedou",řidič se plně nevěnoval řízení vozidla,"povrch suchý, neznečistěný",neztížené,dobré,na jízdním pruhu,žádná místní úprava,přímý úsek,neurčeno,vozidlo jedoucí - na komunikaci bez stan,srážka s pevnou překážkou,závory železničního přejezdu,živice,"dobrý, bez závad","ve dne, viditelnost nezhoršená vlivem po",dvoupruhová,světelným signalizačním zařízením,železniční přejezd zabezpečený,mimo křižovatku,ne,P1047,7.3894890344,Rakovník - TOS Rakovník,"0,8",Ne,MK,,ulice Ottova,50° 06' 01.29654'' N,13° 43' 32.72354'' E,50.10036,13.72576
12.97072204286448,49.248853334691042,11306070196,N/A,2007-01-19 12:30:00,komunikace místní,0,řidičem motorového vozidla,s řidičským oprávněním skupiny c,řidič nebyl ovlivněn,ne,dobrý -žádné nepříznivé okolnosti nebyly zjištěny,0,0,0,2,OPEL,nedošlo k požáru,650,žádné z uvedených,osobní automobil bez přívěsu,1996,"soukromé, nevyužívané k výdělečné činnos",450,nebylo třeba užít násilí,nehoda pouze s hmotnou škodou,z boku,vozidlu přijíždějícímu zprava,"povrch suchý, neznečistěný",neztížené,dobré,na jízdním pruhu,přednost nevyznačena - vyplývá z pravide,křižovatka průsečná - čtyřramenná,místní komunikace,vozidlo jedoucí - na komunikaci bez stan,srážka s jedoucím nekolejovým vozidlem,"nepřichází v úvahu, nejde o srážku s pev",živice,"dobrý, bez závad","ve dne, viditelnost nezhoršená vlivem po",dvoupruhová,místní úprava (vyplní se pol. 24),železniční přejezd zabezpečený,"na křižovatce,jedná-li se o křížení siln",ne,P835,14114.1006455,Zelená Lhota - Nýrsko,"26,073",Ne,C,,Dešenice-les,49° 15' 55.03939'' N,13° 09' 46.67792'' E,49.26529,13.16297
14.323572679025405,49.960440888929654,11306070462,Černošice (Středočeský kraj),2007-02-02 23:59:00,silnice 2.třídy,115,řidičem motorového vozidla,nezjištěno,jiné ovlivnění,nezjišťováno,jiný nepříznivý stav,0,0,0,1,žádná z uvedených,žádná z uvedených,45,žádné z uvedených,"nezjištěno, řidič ujel",,žádná z uvedených,0,žádná z uvedených,nehoda pouze s hmotnou škodou,"nepřichází v úvahu, nejde o srážku jedou",řidič se plně nevěnoval řízení vozidla,"povrch suchý, neznečistěný",neztížené,dobré,na jízdním pruhu,přednost nevyznačena - vyplývá z pravide,přímý úsek,neurčeno,žádná z uvedených,srážka s pevnou překážkou,závory železničního přejezdu,živice,"dobrý, bez závad","ve dne, viditelnost nezhoršená vlivem po",dvoupruhová,místní úprava (vyplní se pol. 24),železniční přejezd zabezpečený,mimo křižovatku,ne,P264,1.73364733132,Praha-Radotín - Dobřichovice,"14,089",Ano,II.,115,"Černošice-velký, ul.Radotínská",49° 57' 37.54564'' N,14° 19' 24.91644'' E,49.96043,14.32359
14.247301422394356,50.03977096685432,11306070654,Chrášťany (Středočeský kraj),2007-02-22 04:30:00,silnice 2.třídy,605,řidičem motorového vozidla,"nezjištěno, řidič místo nehody opustil",jiné ovlivnění,nezjišťováno,jiný nepříznivý stav,0,0,0,1,FORD,řidič ujel - nezjištěn,1750,žádné z uvedených,"nákladní automobil (včetně multikáry, au",1995,"soukromé, nevyužívané k výdělečné činnos",150,nebylo třeba užít násilí,nehoda pouze s hmotnou škodou,"nepřichází v úvahu, nejde o srážku jedou","nepř. rychlosti dopravně technickému stavu vozovky (zatáčka,klesání,stoupání,šířka apod.)",na vozovce je bláto,neztížené,dobré,na jízdním pruhu,přednost vyznačena dopravními značkami,zatáčka,neurčeno,jedoucí - proti směru staničení na komun,srážka s pevnou překážkou,závory železničního přejezdu,živice,"dobrý, bez závad","ve dne, zhoršená viditelnost (svítání,so",dvoupruhová,místní úprava (vyplní se pol. 24),železniční přejezd zabezpečený,mimo křižovatku,ne,P2230,7.36693221408,Praha-Řeporyje - Rudná u Prahy,"15,557",Ne,II.,605,,50° 02' 23.13954'' N,14° 14' 49.91785'' E,50.03976,14.2472
12.97072204286448,49.248853334691042,11306070660,N/A,2007-02-22 07:45:00,silnice 2.třídy,115,řidičem motorového vozidla,s řidičským oprávněním skupiny b,řidič nebyl ovlivněn,ne,dobrý -žádné nepříznivé okolnosti nebyly zjištěny,0,0,0,2,ŠKODA,nedošlo k požáru,200,žádné z uvedených,osobní automobil bez přívěsu,1998,"soukromé, nevyužívané k výdělečné činnos",100,nebylo třeba užít násilí,nehoda pouze s hmotnou škodou,"nepřichází v úvahu, nejde o srážku jedou",řidič se plně nevěnoval řízení vozidla,"povrch suchý, neznečistěný",neztížené,dobré,na jízdním pruhu,žádná místní úprava,přímý úsek,neurčeno,jedoucí - proti směru staničení na komun,"srážka s vozidlem zaparkovaným, odstaven","nepřichází v úvahu, nejde o srážku s pev",živice,"dobrý, bez závad","ve dne, viditelnost nezhoršená vlivem po",dvoupruhová,žádný způsob řízení provozu,železniční přejezd zabezpečený,mimo křižovatku,ne,P835,14114.1006455,Zelená Lhota - Nýrsko,"26,073",Ne,C,,Dešenice-les,49° 15' 55.03939'' N,13° 09' 46.67792'' E,49.26529,13.16297
14.220010757293752,50.068967029059337,11306071030,Hostivice (Středočeský kraj),2007-03-24 08:20:00,silnice 3.třídy,56,řidičem motorového vozidla,s řidičským oprávněním skupiny c,řidič nebyl ovlivněn,ne,dobrý -žádné nepříznivé okolnosti nebyly zjištěny,0,0,0,2,VOLKSWAGEN,žádná z uvedených,1600,"došlo k úniku pohonných hmot, oleje, chl",osobní automobil bez přívěsu,2005,"soukromé, nevyužívané k výdělečné činnos",1000,nebylo třeba užít násilí,nehoda pouze s hmotnou škodou,zezadu,nedodržení bezpečné vzdálenosti za vozidlem,povrch mokrý,"na počátku deště, slabý déšť",dobré,žádné z uvedených,přednost vyznačena dopravními značkami,přímý úsek,neurčeno,jedoucí - ve směru staničení na komunika,srážka s jedoucím nekolejovým vozidlem,"nepřichází v úvahu, nejde o srážku s pev",živice,"dobrý, bez závad","ve dne, viditelnost nezhoršená vlivem po",dvoupruhová,místní úprava (vyplní se pol. 24),železniční přejezd nezabezpečený,mimo křižovatku,ne,P2236,166.74245342,Rudná u Prahy - Hostivice-Litovice,"20,712",Ne,III.,56,,50° 04' 08.25203'' N,14° 13' 20.43342'' E,50.06896,14.22234