X,Y,id,obec,datum,komunikace,komunika_1,zavineni,ridic_kate,ridic_ovli,vinik_alko,ridic_stav,obeti_usmr,obeti_lehc,obeti_tezc,vozidel_ce,vinik_vozi,vinik_vo_1,skoda,unik_hmot,vinik_vo_2,vinik_vo_3,vinik_vo_4,vinik_skod,vyprosteni,nehoda_cha,srazka_voz,hlavni_pri,povrch_sta,meteo,rozhled,nehoda_pol,prednost_v,smerove_po,druh_krizu,smer_jizdy,nehoda_dru,pevna_prek,povrch_dru,komunika_2,viditelnos,komunika_3,rizeni_pro,objekty,misto_neho,smyk,neighbors_TargetID,neighbors_Distance,neighbors_prejezdy-dec_Název definičního úseku,neighbors_prejezdy-dec_Žkm přejezdu,neighbors_prejezdy-dec_Přejezd s trolejovým vedením,neighbors_prejezdy-dec_Třída pozemní komunikace,neighbors_prejezdy-dec_Číslo pozemní komunikace,neighbors_prejezdy-dec_Místní název přejezdu,neighbors_prejezdy-dec_Zeměpisná šířka,neighbors_prejezdy-dec_Zeměpisná délka,neighbors_prejezdy-dec_field_10,neighbors_prejezdy-dec_field_11
14.274383440371802,49.924106430628584,11306082012,Dobřichovice (Středočeský kraj),2008-05-30 18:00:00,komunikace místní,0,řidičem motorového vozidla,nezjištěno,jiné ovlivnění,nezjišťováno,jiný nepříznivý stav,0,0,0,1,žádná z uvedených,žádná z uvedených,50,žádné z uvedených,"nezjištěno, řidič ujel",,žádná z uvedených,0,žádná z uvedených,nehoda pouze s hmotnou škodou,"nepřichází v úvahu, nejde o srážku jedou",jiné nedání přednosti,"povrch suchý, neznečistěný",neztížené,dobré,na jízdním pruhu,žádná místní úprava,přímý úsek,neurčeno,žádná z uvedených,srážka s pevnou překážkou,závory železničního přejezdu,živice,"dobrý, bez závad","ve dne, viditelnost nezhoršená vlivem po",dvoupruhová,žádný způsob řízení provozu,železniční přejezd zabezpečený,mimo křižovatku,ne,P270,197.534070563,Dobřichovice - Řevnice,"20,514",Ano,III.,11510,u mostu,49° 55' 29.97342'' N,14° 16' 36.36239'' E,49.92499,14.27677
14.258419788600802,50.031696990186333,11306082274,Jinočany (Středočeský kraj),2008-06-18 16:40:00,silnice 3.třídy,516,řidičem motorového vozidla,s řidičským oprávněním skupiny b,řidič nebyl ovlivněn,nezjišťováno,dobrý -žádné nepříznivé okolnosti nebyly zjištěny,0,0,1,2,OPEL,nedošlo k požáru,1100,žádné z uvedených,osobní automobil bez přívěsu,1998,"soukromé, nevyužívané k výdělečné činnos",600,nebylo třeba užít násilí,nehoda s následky na životě nebo zdraví,čelní,proti příkazu dopravní značky STŮJ DEJ PŘEDNOST,"povrch suchý, neznečistěný",neztížené,dobré,na jízdním pruhu,přednost vyznačena dopravními značkami,přímý úsek,neurčeno,jedoucí - ve směru staničení na komunika,srážka s vlakem,"nepřichází v úvahu, nejde o srážku s pev",živice,"dobrý, bez závad","ve dne, viditelnost nezhoršená vlivem po",dvoupruhová,místní úprava (vyplní se pol. 24),železniční přejezd nezabezpečený,mimo křižovatku,ne,P2229,23.7908379484,Praha-Řeporyje - Rudná u Prahy,"14,325",Ne,III.,516,,50° 01' 54.88895'' N,14° 15' 30.40771'' E,50.03191,14.25845
14.641534369742232,50.187777787274513,11306082357,Brandýs nad Labem-Stará Boleslav (Středočeský kraj),2008-06-24 06:59:00,silnice 3.třídy,101,řidičem motorového vozidla,s řidičským oprávněním skupiny b,řidič nebyl ovlivněn,ne,dobrý -žádné nepříznivé okolnosti nebyly zjištěny,0,0,0,2,VOLKSWAGEN,nedošlo k požáru,150,žádné z uvedených,osobní automobil bez přívěsu,1996,"soukromá organizace (podnikatel, s.r.o.,",100,nebylo třeba užít násilí,nehoda pouze s hmotnou škodou,z boku,proti příkazu dopravní značky STŮJ DEJ PŘEDNOST,"povrch suchý, neznečistěný",neztížené,dobré,na jízdním pruhu,přednost vyznačena dopravními značkami,přímý úsek,neurčeno,jedoucí - ve směru staničení na komunika,srážka s vlakem,"nepřichází v úvahu, nejde o srážku s pev",živice,"dobrý, bez závad","ve dne, viditelnost nezhoršená vlivem po",dvoupruhová,místní úprava (vyplní se pol. 24),železniční přejezd nezabezpečený,mimo křižovatku,ne,P2729,5.81729935695,Brandýs nad Labem - Polerady nad Labem,"1,789",Ne,III.,101,Brandýský šikmý u sadu,50° 11' 16.18015'' N,14° 38' 29.49232'' E,50.18783,14.64153
14.514871656044848,50.196686209574843,11306082495,Měšice (Středočeský kraj),2008-07-07 14:45:00,silnice 3.třídy,92,řidičem motorového vozidla,s řidičským oprávněním skupiny d,řidič nebyl ovlivněn,ne,dobrý -žádné nepříznivé okolnosti nebyly zjištěny,0,0,0,1,AVIA,nedošlo k požáru,80,žádné z uvedených,"nákladní automobil (včetně multikáry, au",2003,"soukromá organizace (podnikatel, s.r.o.,",5,nebylo třeba užít násilí,nehoda pouze s hmotnou škodou,"nepřichází v úvahu, nejde o srážku jedou",řidič se plně nevěnoval řízení vozidla,"povrch suchý, neznečistěný",neztížené,dobré,na jízdním pruhu,žádná místní úprava,přímý úsek,neurčeno,jedoucí - ve směru staničení na komunika,srážka s pevnou překážkou,závory železničního přejezdu,živice,"dobrý, bez závad","ve dne, viditelnost nezhoršená vlivem po",dvoupruhová,žádný způsob řízení provozu,železniční přejezd zabezpečený,mimo křižovatku,ne,P2663,22.9140095048,Praha-Čakovice - Měšice u Prahy,"25,62",Ne,III.,92,,50° 11' 47.96309'' N,14° 30' 54.70085'' E,50.19666,14.51519
14.268602710737269,49.853335465936809,11306082544,Mníšek pod Brdy (Středočeský kraj),2008-07-07 11:50:00,silnice 2.třídy,116,řidičem motorového vozidla,nezjištěno,jiné ovlivnění,nezjišťováno,jiný nepříznivý stav,0,0,0,1,žádná z uvedených,žádná z uvedených,10,žádné z uvedených,"nezjištěno, řidič ujel",,žádná z uvedených,0,žádná z uvedených,nehoda pouze s hmotnou škodou,"nepřichází v úvahu, nejde o srážku jedou",řidič se plně nevěnoval řízení vozidla,"povrch suchý, neznečistěný",neztížené,dobré,na jízdním pruhu,přednost nevyznačena - vyplývá z pravide,přímý úsek,neurčeno,žádná z uvedených,srážka s pevnou překážkou,závory železničního přejezdu,živice,"dobrý, bez závad","ve dne, viditelnost nezhoršená vlivem po",dvoupruhová,místní úprava (vyplní se pol. 24),železniční přejezd zabezpečený,mimo křižovatku,ne,P5754,7.2390994053,Malá Hraštice - Mníšek pod Brdy,"14,711",Ne,II.,116,,49° 51' 11.81809'' N,14° 16' 06.76585'' E,49.85328,14.26855
14.18588440372195,50.092643056812648,11306082620,Jeneč (Středočeský kraj),2008-07-13 17:00:00,silnice 1.třídy,6,řidičem motorového vozidla,s řidičským oprávněním skupiny b,řidič nebyl ovlivněn,ne,dobrý -žádné nepříznivé okolnosti nebyly zjištěny,0,0,0,3,FORD,žádná z uvedených,550,žádné z uvedených,osobní automobil bez přívěsu,1998,"soukromé, nevyužívané k výdělečné činnos",200,nebylo třeba užít násilí,nehoda pouze s hmotnou škodou,zezadu,"nepř. rychlosti stavu vozovky (náledí, výtluky, bláto, mokrý povrch apod.)",povrch mokrý,neztížené,dobré,na jízdním pruhu,žádná místní úprava,přímý úsek,neurčeno,jedoucí - proti směru staničení na komun,srážka s jedoucím nekolejovým vozidlem,"nepřichází v úvahu, nejde o srážku s pev",živice,"dobrý, bez závad","ve dne, viditelnost nezhoršená vlivem po",dvoupruhová,žádný způsob řízení provozu,železniční přejezd zabezpečený,mimo křižovatku,ne,P19,87.6745325382,Jeneč - Unhošť,"20,196",Ne,I.,,,50° 05' 32.24721'' N,14° 11' 13.12959'' E,50.09229,14.18698
14.51864609805858,50.193572643787881,11306082655,Měšice (Středočeský kraj),2008-07-16 00:10:00,silnice 3.třídy,2442,řidičem motorového vozidla,s řidičským oprávněním skupiny c,řidič nebyl ovlivněn,"ano, obsah alkoholu v&nbsp;krvi do 0,99‰ (2)","pod vlivem alkoholu, obsah alkoholu v krvi do 0,99‰",0,0,0,1,Kia,nedošlo k požáru,600,"došlo k úniku pohonných hmot, oleje, chl",osobní automobil bez přívěsu,2007,"soukromé, nevyužívané k výdělečné činnos",600,nebylo třeba užít násilí,nehoda pouze s hmotnou škodou,"nepřichází v úvahu, nejde o srážku jedou",nepř. rychlosti vlastnostem vozidla a nákladu,"povrch suchý, neznečistěný",neztížené,dobré,na jízdním pruhu,žádná místní úprava,přímý úsek,neurčeno,jedoucí - ve směru staničení na komunika,srážka s pevnou překážkou,závory železničního přejezdu,živice,"dobrý, bez závad","v noci - bez veřejného osvětlení,viditel",dvoupruhová,žádný způsob řízení provozu,železniční přejezd zabezpečený,mimo křižovatku,ne,P2662,10.8334430574,Praha-Čakovice - Měšice u Prahy,"25,207",Ne,III.,2442,,50° 11' 37.22780'' N,14° 31' 07.15764'' E,50.19367,14.51865
14.660366395220604,50.20318519240741,11306082881,Brandýs nad Labem-Stará Boleslav (Středočeský kraj),2008-08-08 20:00:00,komunikace účelová - ostatní (parkoviště apod.),0,řidičem motorového vozidla,s řidičským oprávněním skupiny b,řidič nebyl ovlivněn,"ano, obsah alkoholu v&nbsp;krvi do 0,99‰ (2)","pod vlivem alkoholu, obsah alkoholu v krvi do 0,99‰",0,0,0,1,VOLKSWAGEN,nedošlo k požáru,600,žádné z uvedených,osobní automobil bez přívěsu,2001,"soukromé, nevyužívané k výdělečné činnos",600,nebylo třeba užít násilí,nehoda pouze s hmotnou škodou,"nepřichází v úvahu, nejde o srážku jedou","nepř. rychlosti dopravně technickému stavu vozovky (zatáčka,klesání,stoupání,šířka apod.)","povrch suchý, neznečistěný",neztížené,dobré,na krajnici,žádná místní úprava,přímý úsek po projetí zatáčkou (do vzdál,neurčeno,vozidlo jedoucí - na komunikaci bez stan,havárie,"nepřichází v úvahu, nejde o srážku s pev",panely,"dobrý, bez závad","ve dne, viditelnost nezhoršená vlivem po",dvoupruhová,žádný způsob řízení provozu,železniční přejezd nezabezpečený,mimo křižovatku,ne,P2728,2151.62844523,Brandýs nad Labem - Polerady nad Labem,"1,396",Ne,O,,,50° 11' 09.80916'' N,14° 38' 46.85071'' E,50.18606,14.64635
14.500240158933662,49.878449377758109,11306083063,Jílové u Prahy (Středočeský kraj),2008-08-16 12:20:00,komunikace místní,0,řidičem motorového vozidla,s řidičským oprávněním skupiny b,řidič nebyl ovlivněn,ne,dobrý -žádné nepříznivé okolnosti nebyly zjištěny,0,0,0,1,RENAULT,žádná z uvedených,200,žádné z uvedených,osobní automobil bez přívěsu,2005,"soukromé, nevyužívané k výdělečné činnos",200,nebylo třeba užít násilí,nehoda pouze s hmotnou škodou,"nepřichází v úvahu, nejde o srážku jedou",řidič se plně nevěnoval řízení vozidla,povrch mokrý,déšť,dobré,na jízdním pruhu,žádná místní úprava,přímý úsek po projetí zatáčkou (do vzdál,neurčeno,vozidlo jedoucí - na komunikaci bez stan,havárie,"nepřichází v úvahu, nejde o srážku s pev",živice,nesouvislé výtluky,"ve dne, zhoršená viditelnost vlivem pově",dvoupruhová,žádný způsob řízení provozu,železniční přejezd nezabezpečený,mimo křižovatku,ne,P5705,240.675678142,žst. Jílové u Prahy,"20,298",Ne,O,,,49° 52' 34.64188'' N,14° 30' 00.06013'' E,49.87629,14.50002
14.187354953602195,50.092304868990155,11306083139,Jeneč (Středočeský kraj),2008-08-22 05:05:00,silnice 1.třídy,6,řidičem motorového vozidla,s řidičským oprávněním skupiny d,řidič nebyl ovlivněn,ne,dobrý -žádné nepříznivé okolnosti nebyly zjištěny,0,0,0,2,MERCEDES,nedošlo k požáru,500,žádné z uvedených,"nákladní automobil (včetně multikáry, au",2006,"soukromá organizace (podnikatel, s.r.o.,",300,nebylo třeba užít násilí,nehoda pouze s hmotnou škodou,zezadu,nedodržení bezpečné vzdálenosti za vozidlem,"povrch suchý, neznečistěný",neztížené,dobré,na jízdním pruhu,žádná místní úprava,přímý úsek,neurčeno,jedoucí - ve směru staničení na komunika,srážka s jedoucím nekolejovým vozidlem,"nepřichází v úvahu, nejde o srážku s pev",živice,"dobrý, bez závad","ve dne, viditelnost nezhoršená vlivem po",dvoupruhová,žádný způsob řízení provozu,železniční přejezd zabezpečený,mimo křižovatku,ne,P19,26.8799569109,Jeneč - Unhošť,"20,196",Ne,I.,,,50° 05' 32.24721'' N,14° 11' 13.12959'' E,50.09229,14.18698
14.281025938342177,49.865220962192218,11306083166,Mníšek pod Brdy (Středočeský kraj),2008-08-24 13:30:00,silnice 3.třídy,1025,jiné zavinění,s řidičským oprávněním skupiny c,jiné ovlivnění,nezjišťováno,dobrý -žádné nepříznivé okolnosti nebyly zjištěny,0,0,0,1,MERCEDES,nedošlo k požáru,200,žádné z uvedených,osobní automobil bez přívěsu,1997,"soukromé, nevyužívané k výdělečné činnos",200,nebylo třeba užít násilí,nehoda pouze s hmotnou škodou,"nepřichází v úvahu, nejde o srážku jedou",nezaviněná řidičem,"povrch suchý, neznečistěný",neztížené,dobré,na jízdním pruhu,přednost vyznačena dopravními značkami,přímý úsek,neurčeno,jedoucí - ve směru staničení na komunika,srážka s pevnou překážkou,"jiná překážka (zábradlí,oplocení,násep,n",živice,"dobrý, bez závad","ve dne, viditelnost nezhoršená vlivem po",dvoupruhová,místní úprava (vyplní se pol. 24),železniční přejezd nezabezpečený,mimo křižovatku,ne,P5756,794.643327406,Mníšek p/Brdy - KOVOHUTĚ Mníšek p/Brdy (odb.vl.),"15,793",Ne,MK,,Rymáně,49° 51' 29.08709'' N,14° 16' 50.35396'' E,49.85808,14.28065
14.276769810225591,49.925003279598606,11306083350,Dobřichovice (Středočeský kraj),2008-09-09 15:00:00,komunikace místní,0,řidičem motorového vozidla,nezjištěno,jiné ovlivnění,nezjišťováno,jiný nepříznivý stav,0,0,0,1,žádná z uvedených,žádná z uvedených,10,žádné z uvedených,"nezjištěno, řidič ujel",,žádná z uvedených,0,žádná z uvedených,nehoda pouze s hmotnou škodou,"nepřichází v úvahu, nejde o srážku jedou","bezohledná, agresivní, neohleduplná jízda","povrch suchý, neznečistěný",neztížené,dobré,na jízdním pruhu,přednost vyznačena přenosnými dopravními,přímý úsek,neurčeno,žádná z uvedených,srážka s pevnou překážkou,závory železničního přejezdu,živice,"dobrý, bez závad","ve dne, viditelnost nezhoršená vlivem po",dvoupruhová,místní úprava (vyplní se pol. 24),železniční přejezd zabezpečený,mimo křižovatku,ne,P270,1.47541090423,Dobřichovice - Řevnice,"20,514",Ano,III.,11510,u mostu,49° 55' 29.97342'' N,14° 16' 36.36239'' E,49.92499,14.27677
12.97072204286448,49.248853334691042,11306083443,N/A,2008-08-08 23:59:00,komunikace místní,0,řidičem motorového vozidla,nezjištěno,jiné ovlivnění,nezjišťováno,jiný nepříznivý stav,0,0,0,1,žádná z uvedených,žádná z uvedených,20,žádné z uvedených,"nezjištěno, řidič ujel",,žádná z uvedených,0,žádná z uvedených,nehoda pouze s hmotnou škodou,"nepřichází v úvahu, nejde o srážku jedou",řidič se plně nevěnoval řízení vozidla,"povrch suchý, neznečistěný",neztížené,dobré,mimo komunikaci,žádná místní úprava,přímý úsek,neurčeno,žádná z uvedených,srážka s pevnou překážkou,"jiná překážka (zábradlí,oplocení,násep,n",živice,"dobrý, bez závad","ve dne, viditelnost nezhoršená vlivem po",dvoupruhová,žádný způsob řízení provozu,železniční přejezd zabezpečený,mimo křižovatku,ne,P835,14114.1006455,Zelená Lhota - Nýrsko,"26,073",Ne,C,,Dešenice-les,49° 15' 55.03939'' N,13° 09' 46.67792'' E,49.26529,13.16297
14.277258688589786,49.925101205194892,11306083708,Dobřichovice (Středočeský kraj),2008-10-10 06:00:00,silnice 3.třídy,11511,řidičem motorového vozidla,nezjištěno,jiné ovlivnění,nezjišťováno,jiný nepříznivý stav,0,0,0,1,žádná z uvedených,žádná z uvedených,40,žádné z uvedených,"nezjištěno, řidič ujel",,žádná z uvedených,0,žádná z uvedených,nehoda pouze s hmotnou škodou,"nepřichází v úvahu, nejde o srážku jedou",jiné nedání přednosti,"povrch suchý, neznečistěný",neztížené,dobré,na jízdním pruhu,žádná místní úprava,přímý úsek,neurčeno,žádná z uvedených,srážka s pevnou překážkou,závory železničního přejezdu,živice,"dobrý, bez závad","ve dne, viditelnost nezhoršená vlivem po",dvoupruhová,žádný způsob řízení provozu,železniční přejezd zabezpečený,mimo křižovatku,ne,P270,37.2038953411,Dobřichovice - Řevnice,"20,514",Ano,III.,11510,u mostu,49° 55' 29.97342'' N,14° 16' 36.36239'' E,49.92499,14.27677
14.705722771794903,50.204897647342584,11306083802,Brandýs nad Labem-Stará Boleslav (Středočeský kraj),2008-10-10 19:55:00,silnice 2.třídy,610,řidičem motorového vozidla,s řidičským oprávněním skupiny d,řidič nebyl ovlivněn,ne,dobrý -žádné nepříznivé okolnosti nebyly zjištěny,0,0,0,1,KAROSA,nedošlo k požáru,55,žádné z uvedených,autobus,1990,"soukromá organizace (podnikatel, s.r.o.,",5,nebylo třeba užít násilí,nehoda pouze s hmotnou škodou,"nepřichází v úvahu, nejde o srážku jedou",řidič se plně nevěnoval řízení vozidla,"povrch suchý, neznečistěný",neztížené,dobré,na jízdním pruhu,přednost vyznačena dopravními značkami,přímý úsek,neurčeno,jedoucí - ve směru staničení na komunika,srážka s pevnou překážkou,závory železničního přejezdu,živice,"dobrý, bez závad","v noci - bez veřejného osvětlení,viditel",dvoupruhová,místní úprava (vyplní se pol. 24),železniční přejezd zabezpečený,mimo křižovatku,ne,P2779,133.651075171,Lysá nad Labem - Stará Boleslav,"347,245",Ano,II.,610,,50° 12' 20.39077'' N,14° 42' 25.81356'' E,50.20566,14.70717
14.32599249546282,49.963159281423401,11306083838,Černošice (Středočeský kraj),2008-10-11 14:15:00,silnice 2.třídy,115,řidičem motorového vozidla,s řidičským oprávněním skupiny c,řidič nebyl ovlivněn,ne,dobrý -žádné nepříznivé okolnosti nebyly zjištěny,0,0,0,2,SUZUKI,žádná z uvedených,360,žádné z uvedených,"motocykl (včetně sidecarů, skútrů apod.)",2008,"soukromá organizace (podnikatel, s.r.o.,",250,nebylo třeba užít násilí,nehoda pouze s hmotnou škodou,zezadu,nedodržení bezpečné vzdálenosti za vozidlem,"povrch suchý, neznečistěný",neztížené,dobré,na jízdním pruhu,žádná místní úprava,přímý úsek po projetí zatáčkou (do vzdál,neurčeno,jedoucí - proti směru staničení na komun,srážka s jedoucím nekolejovým vozidlem,"nepřichází v úvahu, nejde o srážku s pev",živice,"dobrý, bez závad","ve dne, viditelnost nezhoršená vlivem po",dvoupruhová,žádný způsob řízení provozu,železniční přejezd zabezpečený,mimo křižovatku,ne,P264,349.067939201,Praha-Radotín - Dobřichovice,"14,089",Ano,II.,115,"Černošice-velký, ul.Radotínská",49° 57' 37.54564'' N,14° 19' 24.91644'' E,49.96043,14.32359
14.396372637389529,50.143610396067338,11306083844,Roztoky (Středočeský kraj),2008-10-12 04:25:00,silnice 2.třídy,242,řidičem motorového vozidla,s řidičským oprávněním skupiny b,řidič nebyl ovlivněn,ne,dobrý -žádné nepříznivé okolnosti nebyly zjištěny,0,0,0,1,ŠKODA,nedošlo k požáru,650,žádné z uvedených,osobní automobil bez přívěsu,2002,registrované mimo území ČR,200,nebylo třeba užít násilí,nehoda pouze s hmotnou škodou,"nepřichází v úvahu, nejde o srážku jedou","nepř. rychlosti stavu vozovky (náledí, výtluky, bláto, mokrý povrch apod.)",povrch mokrý,"na počátku deště, slabý déšť",dobré,mimo komunikaci,žádná místní úprava,zatáčka,neurčeno,jedoucí - ve směru staničení na komunika,srážka s pevnou překážkou,závory železničního přejezdu,živice,"dobrý, bez závad","v noci - bez veřejného osvětlení, vidite",dvoupruhová,žádný způsob řízení provozu,železniční přejezd zabezpečený,mimo křižovatku,ano,P2396,2960.06413807,Roztoky u Prahy - Libčice nad Vltavou,"423,074",Ano,MK,,v zahrádkách,50° 10' 12.68419'' N,14° 23' 54.52576'' E,50.17019,14.39848
14.222376825046087,50.069019195030421,11306083891,Hostivice (Středočeský kraj),2008-10-15 08:05:00,silnice 3.třídy,56,řidičem motorového vozidla,s řidičským oprávněním skupiny b,řidič nebyl ovlivněn,ne,dobrý -žádné nepříznivé okolnosti nebyly zjištěny,0,0,0,2,CITROEN,žádná z uvedených,305,žádné z uvedených,osobní automobil bez přívěsu,2000,"soukromé, nevyužívané k výdělečné činnos",300,nebylo třeba užít násilí,nehoda pouze s hmotnou škodou,z boku,proti příkazu dopravní značky STŮJ DEJ PŘEDNOST,"povrch suchý, neznečistěný",neztížené,dobré,na jízdním pruhu,přednost vyznačena dopravními značkami,přímý úsek,neurčeno,jedoucí - ve směru staničení na komunika,srážka s vlakem,"nepřichází v úvahu, nejde o srážku s pev",živice,"dobrý, bez závad","ve dne, viditelnost nezhoršená vlivem po",dvoupruhová,místní úprava (vyplní se pol. 24),železniční přejezd nezabezpečený,mimo křižovatku,ne,P2236,7.0905780513,Rudná u Prahy - Hostivice-Litovice,"20,712",Ne,III.,56,,50° 04' 08.25203'' N,14° 13' 20.43342'' E,50.06896,14.22234
14.715309922793752,50.165184368371094,11306083960,Lázně Toušeň (Středočeský kraj),2008-10-19 08:10:00,silnice 3.třídy,2453,řidičem motorového vozidla,s řidičským oprávněním skupiny d,řidič nebyl ovlivněn,ne,dobrý -žádné nepříznivé okolnosti nebyly zjištěny,0,0,0,2,VOLVO,nedošlo k požáru,1000,žádné z uvedených,nákladní automobil s přívěsem,1999,"soukromá organizace (podnikatel, s.r.o.,",600,nebylo třeba užít násilí,nehoda pouze s hmotnou škodou,z boku,proti příkazu dopravní značky STŮJ DEJ PŘEDNOST,"povrch suchý, neznečistěný",neztížené,dobré,na jízdním pruhu,přednost vyznačena dopravními značkami,křižovatka průsečná - čtyřramenná,místní komunikace,zachycuje směr jízdy křižovatkou,srážka s vlakem,"nepřichází v úvahu, nejde o srážku s pev",živice,"dobrý, bez závad","ve dne, viditelnost nezhoršená vlivem po",dvoupruhová,místní úprava (vyplní se pol. 24),železniční přejezd nezabezpečený,"na křižovatce, uvnitř hranic křižovatky",ne,P2731,12.6981374436,Čelákovice - Lázně Toušeň,"3,23",Ne,III.,2453,,50° 09' 54.32148'' N,14° 42' 55.45890'' E,50.16509,14.71541
14.65747147886175,50.18291531130415,11306084347,Brandýs nad Labem-Stará Boleslav (Středočeský kraj),2008-11-13 11:15:00,silnice 2.třídy,610,řidičem motorového vozidla,nezjištěno,jiné ovlivnění,nezjišťováno,jiný nepříznivý stav,0,0,0,1,žádná z uvedených,žádná z uvedených,70,žádné z uvedených,"nezjištěno, řidič ujel",,žádná z uvedených,0,žádná z uvedených,nehoda pouze s hmotnou škodou,"nepřichází v úvahu, nejde o srážku jedou",řidič se plně nevěnoval řízení vozidla,"povrch suchý, neznečistěný",neztížené,dobré,na jízdním pruhu,přednost vyznačena dopravními značkami,křižovatka průsečná - čtyřramenná,místní komunikace,žádná z uvedených,srážka s pevnou překážkou,závory železničního přejezdu,dlažba,"dobrý, bez závad","ve dne, viditelnost nezhoršená vlivem po",dvoupruhová,místní úprava (vyplní se pol. 24),železniční přejezd zabezpečený,"na křižovatce, uvnitř hranic křižovatky",ne,P2726,5.14481883352,Brandýs nad Labem nákladiště - Brandýs nad Labem,"0,523",Ne,II.,610,Brandýský v centru,50° 10' 58.64289'' N,14° 39' 26.98068'' E,50.18296,14.65749
14.247217067752661,50.039790743950327,11306084432,Chrášťany (Středočeský kraj),2008-11-18 15:30:00,silnice 2.třídy,605,řidičem motorového vozidla,s řidičským oprávněním skupiny b,řidič nebyl ovlivněn,nezjišťováno,dobrý -žádné nepříznivé okolnosti nebyly zjištěny,0,0,0,1,ŠKODA,žádná z uvedených,150,žádné z uvedených,osobní automobil bez přívěsu,1989,"soukromé, nevyužívané k výdělečné činnos",50,nebylo třeba užít násilí,nehoda pouze s hmotnou škodou,"nepřichází v úvahu, nejde o srážku jedou",nezvládnutí řízení vozidla,"povrch suchý, neznečistěný",neztížené,dobré,na jízdním pruhu,žádná místní úprava,zatáčka,neurčeno,jedoucí - proti směru staničení na komun,srážka s pevnou překážkou,"jiná překážka (zábradlí,oplocení,násep,n",živice,"dobrý, bez závad","ve dne, viditelnost nezhoršená vlivem po",dvoupruhová,žádný způsob řízení provozu,železniční přejezd zabezpečený,mimo křižovatku,ne,P2230,3.63003259796,Praha-Řeporyje - Rudná u Prahy,"15,557",Ne,II.,605,,50° 02' 23.13954'' N,14° 14' 49.91785'' E,50.03976,14.2472
14.32238629584446,49.960700749500795,11306084497,Černošice (Středočeský kraj),2008-11-22 23:30:00,komunikace místní,0,řidičem motorového vozidla,nezjištěno,jiné ovlivnění,nezjišťováno,jiný nepříznivý stav,0,0,0,1,žádná z uvedených,žádná z uvedených,12,žádné z uvedených,"nezjištěno, řidič ujel",,žádná z uvedených,0,žádná z uvedených,nehoda pouze s hmotnou škodou,"nepřichází v úvahu, nejde o srážku jedou","nepř. rychlosti stavu vozovky (náledí, výtluky, bláto, mokrý povrch apod.)","na vozovce je náledí, ujetý sníh - nepos",sněžení,dobré,na jízdním pruhu,přednost vyznačena dopravními značkami,přímý úsek,neurčeno,žádná z uvedených,srážka s pevnou překážkou,závory železničního přejezdu,živice,nesouvislé výtluky,"v noci - s veřejným osvětlením, zhoršená",dvoupruhová,místní úprava (vyplní se pol. 24),železniční přejezd zabezpečený,mimo křižovatku,ne,P264,91.4603216129,Praha-Radotín - Dobřichovice,"14,089",Ano,II.,115,"Černošice-velký, ul.Radotínská",49° 57' 37.54564'' N,14° 19' 24.91644'' E,49.96043,14.32359
14.226207716173372,50.046529567185829,11306084789,Rudná (Středočeský kraj),2008-12-12 23:50:00,silnice 3.třídy,518,řidičem motorového vozidla,s řidičským oprávněním skupiny b,řidič nebyl ovlivněn,ne,dobrý -žádné nepříznivé okolnosti nebyly zjištěny,0,0,0,1,ŠKODA,žádná z uvedených,100,žádné z uvedených,osobní automobil bez přívěsu,1999,"soukromé, nevyužívané k výdělečné činnos",50,nebylo třeba užít násilí,nehoda pouze s hmotnou škodou,"nepřichází v úvahu, nejde o srážku jedou","nepř. rychlosti stavu vozovky (náledí, výtluky, bláto, mokrý povrch apod.)","na vozovce je náledí, ujetý sníh - nepos",sněžení,dobré,na jízdním pruhu,žádná místní úprava,zatáčka,neurčeno,jedoucí - ve směru staničení na komunika,srážka s pevnou překážkou,"odrazník, patník, sloupek, dopr.značky a",živice,"dobrý, bez závad","v noci - bez veřejného osvětlení, vidite",dvoupruhová,žádný způsob řízení provozu,železniční přejezd nezabezpečený,mimo křižovatku,ano,P2232,2.94485471772,Rudná u Prahy - Hostivice-Litovice,"17,407",Ne,III.,518,,50° 02' 47.42604'' N,14° 13' 34.23914'' E,50.04651,14.22618
14.323344637177669,49.959319374960337,11306084892,Černošice (Středočeský kraj),2008-12-20 03:00:00,komunikace místní,0,řidičem motorového vozidla,nezjištěno,jiné ovlivnění,nezjišťováno,jiný nepříznivý stav,0,0,0,1,žádná z uvedených,žádná z uvedených,50,žádné z uvedených,"nezjištěno, řidič ujel",,žádná z uvedených,0,žádná z uvedených,nehoda pouze s hmotnou škodou,"nepřichází v úvahu, nejde o srážku jedou",nezvládnutí řízení vozidla,povrch mokrý,neztížené,dobré,na jízdním pruhu,přednost vyznačena dopravními značkami,křižovatka styková - tříramenná,místní komunikace,žádná z uvedených,srážka s pevnou překážkou,závory železničního přejezdu,živice,"dobrý, bez závad","v noci - s veřejným osvětlením,viditelno",dvoupruhová,místní úprava (vyplní se pol. 24),železniční přejezd zabezpečený,"na křižovatce,jedná-li se o křížení siln",ne,P265,5.40700490714,Praha-Radotín - Dobřichovice,"14,212",Ano,III.,,"ul. Kazínská, Vrážská",49° 57' 33.53709'' N,14° 19' 24.31073'' E,49.95932,14.32342