X,Y,id,obec,datum,komunikace,komunika_1,zavineni,ridic_kate,ridic_ovli,vinik_alko,ridic_stav,obeti_usmr,obeti_lehc,obeti_tezc,vozidel_ce,vinik_vozi,vinik_vo_1,skoda,unik_hmot,vinik_vo_2,vinik_vo_3,vinik_vo_4,vinik_skod,vyprosteni,nehoda_cha,srazka_voz,hlavni_pri,povrch_sta,meteo,rozhled,nehoda_pol,prednost_v,smerove_po,druh_krizu,smer_jizdy,nehoda_dru,pevna_prek,povrch_dru,komunika_2,viditelnos,komunika_3,rizeni_pro,objekty,misto_neho,smyk,neighbors_TargetID,neighbors_Distance,neighbors_prejezdy-dec_Název definičního úseku,neighbors_prejezdy-dec_Žkm přejezdu,neighbors_prejezdy-dec_Přejezd s trolejovým vedením,neighbors_prejezdy-dec_Třída pozemní komunikace,neighbors_prejezdy-dec_Číslo pozemní komunikace,neighbors_prejezdy-dec_Místní název přejezdu,neighbors_prejezdy-dec_Zeměpisná šířka,neighbors_prejezdy-dec_Zeměpisná délka,neighbors_prejezdy-dec_field_10,neighbors_prejezdy-dec_field_11
14.311315895995353,49.934128378008147,11306084897,Všenory (Středočeský kraj),2008-12-20 11:30:00,komunikace místní,0,řidičem motorového vozidla,nezjištěno,jiné ovlivnění,nezjišťováno,jiný nepříznivý stav,0,0,0,1,žádná z uvedených,žádná z uvedených,10,žádné z uvedených,"nezjištěno, řidič ujel",,žádná z uvedených,0,žádná z uvedených,nehoda pouze s hmotnou škodou,"nepřichází v úvahu, nejde o srážku jedou",nezvládnutí řízení vozidla,povrch mokrý,neztížené,dobré,na jízdním pruhu,přednost nevyznačena - vyplývá z pravide,křižovatka styková - tříramenná,účelová komunikace,žádná z uvedených,srážka s pevnou překážkou,závory železničního přejezdu,živice,"dobrý, bez závad","ve dne, viditelnost nezhoršená vlivem po",dvoupruhová,místní úprava (vyplní se pol. 24),železniční přejezd zabezpečený,"na křižovatce,jedná-li se o křížení siln",ne,P268,729.899086375,Praha-Radotín - Dobřichovice,"18,552",Ano,III.,,,49° 55' 53.28604'' N,14° 18' 07.26638'' E,49.93147,14.30202
14.706357567312955,49.933266467427728,11406090046,Mnichovice (Středočeský kraj),2009-01-13 16:35:00,komunikace místní,0,řidičem motorového vozidla,s řidičským oprávněním skupiny b,řidič nebyl ovlivněn,ne,dobrý -žádné nepříznivé okolnosti nebyly zjištěny,0,0,0,2,IVECO,žádná z uvedených,3500,žádné z uvedených,"nákladní automobil (včetně multikáry, au",2007,"soukromá organizace (podnikatel, s.r.o.,",3000,nebylo třeba užít násilí,nehoda pouze s hmotnou škodou,z boku,řidič se plně nevěnoval řízení vozidla,"na vozovce je náledí, ujetý sníh - nepos",neztížené,dobré,žádné z uvedených,přednost vyznačena dopravními značkami,přímý úsek po projetí zatáčkou (do vzdál,neurčeno,vozidlo jedoucí - na komunikaci bez stan,srážka s vlakem,"nepřichází v úvahu, nejde o srážku s pev","žádný z uvedených (písek,dřevo atd.)","dobrý, bez závad","v noci - s veřejným osvětlením,viditelno",dvoupruhová,místní úprava (vyplní se pol. 24),železniční přejezd zabezpečený,mimo křižovatku,ne,P5666,3.08970565231,Senohraby - Strančice,"154,778",Ano,III.,,na Božkov,49° 55' 59.81832'' N,14° 42' 22.74105'' E,49.93328,14.70632
14.668840778248093,49.989068815301195,11406090138,Říčany (Středočeský kraj),2009-02-02 18:52:00,komunikace místní,0,řidičem motorového vozidla,nezjištěno,jiné ovlivnění,nezjišťováno,jiný nepříznivý stav,0,0,0,1,žádná z uvedených,žádná z uvedených,200,žádné z uvedených,"nezjištěno, řidič ujel",,žádná z uvedených,0,žádná z uvedených,nehoda pouze s hmotnou škodou,"nepřichází v úvahu, nejde o srážku jedou",jiný druh nesprávného způsobu jízdy,povrch mokrý,mlha,dobré,na jízdním pruhu,žádná místní úprava,přímý úsek,neurčeno,žádná z uvedených,srážka s pevnou překážkou,závory železničního přejezdu,živice,"dobrý, bez závad","ve dne, zhoršená viditelnost (svítání,so",dvoupruhová,světelným signalizačním zařízením,železniční přejezd zabezpečený,mimo křižovatku,ne,P5671,4.42480290551,Strančice - Říčany,"163,591",Ano,III.,,ul. Olivova,49° 59' 20.68044'' N,14° 40' 08.02331'' E,49.98908,14.6689
14.518577368350613,50.193669548583145,11506090003,Měšice (Středočeský kraj),2009-01-01 21:05:00,silnice 3.třídy,2442,řidičem motorového vozidla,s řidičským oprávněním skupiny b,řidič nebyl ovlivněn,ne,dobrý -žádné nepříznivé okolnosti nebyly zjištěny,0,0,0,1,FORD,nedošlo k požáru,1000,"došlo k úniku pohonných hmot, oleje, chl",osobní automobil bez přívěsu,1999,"soukromé, nevyužívané k výdělečné činnos",600,nebylo třeba užít násilí,nehoda pouze s hmotnou škodou,"nepřichází v úvahu, nejde o srážku jedou","nepř. rychlosti stavu vozovky (náledí, výtluky, bláto, mokrý povrch apod.)","na vozovce je náledí, ujetý sníh - nepos",sněžení,dobré,na jízdním pruhu,žádná místní úprava,přímý úsek,neurčeno,jedoucí - ve směru staničení na komunika,srážka s pevnou překážkou,závory železničního přejezdu,živice,"dobrý, bez závad","v noci - bez veřejného osvětlení, vidite",dvoupruhová,žádný způsob řízení provozu,železniční přejezd zabezpečený,mimo křižovatku,ano,P2662,5.18559584955,Praha-Čakovice - Měšice u Prahy,"25,207",Ne,III.,2442,,50° 11' 37.22780'' N,14° 31' 07.15764'' E,50.19367,14.51865
14.724852603235034,50.073275880490833,11506090317,Úvaly (Středočeský kraj),2009-05-22 05:30:00,komunikace místní,0,řidičem motorového vozidla,nezjištěno,jiné ovlivnění,nezjišťováno,jiný nepříznivý stav,0,0,0,1,žádná z uvedených,žádná z uvedených,40,žádné z uvedených,"nezjištěno, řidič ujel",,žádná z uvedených,0,žádná z uvedených,nehoda pouze s hmotnou škodou,"nepřichází v úvahu, nejde o srážku jedou",jízda na “červené světlo“,"povrch suchý, neznečistěný",neztížené,dobré,na jízdním pruhu,žádná místní úprava,přímý úsek,neurčeno,žádná z uvedených,srážka s pevnou překážkou,závory železničního přejezdu,dlažba,"dobrý, bez závad","ve dne, viditelnost nezhoršená vlivem po",dvoupruhová,světelným signalizačním zařízením,železniční přejezd zabezpečený,mimo křižovatku,ne,P4933,4.3048992443,žst. Úvaly,"387,452",Ano,III.,1214,Úvalský,50° 04' 23.66390'' N,14° 43' 29.39744'' E,50.07324,14.72483
14.323566172650665,49.960443918693642,11606090087,Černošice (Středočeský kraj),2009-01-01 23:59:00,silnice 2.třídy,115,řidičem motorového vozidla,s řidičským oprávněním skupiny c,řidič nebyl ovlivněn,nezjišťováno,dobrý -žádné nepříznivé okolnosti nebyly zjištěny,0,0,0,1,MAZDA,žádná z uvedených,150,žádné z uvedených,"nákladní automobil (včetně multikáry, au",2008,"soukromá organizace (podnikatel, s.r.o.,",50,nebylo třeba užít násilí,nehoda pouze s hmotnou škodou,"nepřichází v úvahu, nejde o srážku jedou",nezvládnutí řízení vozidla,"povrch suchý, neznečistěný",neztížené,dobré,na jízdním pruhu,přednost vyznačena dopravními značkami,křižovatka styková - tříramenná,místní komunikace,zachycuje směr jízdy křižovatkou,srážka s pevnou překážkou,závory železničního přejezdu,živice,"dobrý, bez závad","v noci - s veřejným osvětlením,viditelno",dvoupruhová,místní úprava (vyplní se pol. 24),železniční přejezd zabezpečený,"na křižovatce, uvnitř hranic křižovatky",ne,P264,2.3047147542,Praha-Radotín - Dobřichovice,"14,089",Ano,II.,115,"Černošice-velký, ul.Radotínská",49° 57' 37.54564'' N,14° 19' 24.91644'' E,49.96043,14.32359
14.323425407532245,49.960414089652474,11606090101,Černošice (Středočeský kraj),2009-02-10 05:50:00,silnice 2.třídy,115,řidičem motorového vozidla,"nezjištěno, řidič místo nehody opustil",jiné ovlivnění,nezjišťováno,jiný nepříznivý stav,0,0,0,2,ŠKODA,řidič ujel - nezjištěn,800,žádné z uvedených,osobní automobil bez přívěsu,2002,"soukromá organizace (podnikatel, s.r.o.,",0,nebylo třeba užít násilí,nehoda pouze s hmotnou škodou,"nepřichází v úvahu, nejde o srážku jedou","nepř. rychlosti stavu vozovky (náledí, výtluky, bláto, mokrý povrch apod.)","na vozovce je náledí, ujetý sníh - nepos",sněžení,dobré,na chodníku nebo ostrůvku,přednost vyznačena dopravními značkami,křižovatka styková - tříramenná,silnice 2.třídy,zachycuje směr jízdy křižovatkou,srážka s pevnou překážkou,"zeď,pevná část mostů,podjezdů,tunelů apo",živice,"dobrý, bez závad","v noci - s veřejným osvětlením, zhoršená",dvoupruhová,místní úprava (vyplní se pol. 24),železniční přejezd zabezpečený,"na křižovatce, uvnitř hranic křižovatky",ne,P264,11.9404894119,Praha-Radotín - Dobřichovice,"14,089",Ano,II.,115,"Černošice-velký, ul.Radotínská",49° 57' 37.54564'' N,14° 19' 24.91644'' E,49.96043,14.32359
14.396001660920211,50.144154347240423,11606090124,Roztoky (Středočeský kraj),2009-02-19 00:05:00,silnice 2.třídy,242,řidičem motorového vozidla,"nezjištěno, řidič místo nehody opustil",jiné ovlivnění,nezjišťováno,jiný nepříznivý stav,0,0,0,1,FORD,nedošlo k požáru,1500,žádné z uvedených,osobní automobil bez přívěsu,2000,"soukromé, nevyužívané k výdělečné činnos",1200,nebylo třeba užít násilí,nehoda pouze s hmotnou škodou,"nepřichází v úvahu, nejde o srážku jedou",nezvládnutí řízení vozidla,povrch mokrý,neztížené,dobré,na jízdním pruhu,přednost vyznačena dopravními značkami,zatáčka,neurčeno,jedoucí - ve směru staničení na komunika,srážka s pevnou překážkou,"jiná překážka (zábradlí,oplocení,násep,n",živice,"dobrý, bez závad","v noci - bez veřejného osvětlení,viditel",dvoupruhová,místní úprava (vyplní se pol. 24),železniční přejezd zabezpečený,mimo křižovatku,ne,P2396,2901.14240496,Roztoky u Prahy - Libčice nad Vltavou,"423,074",Ano,MK,,v zahrádkách,50° 10' 12.68419'' N,14° 23' 54.52576'' E,50.17019,14.39848
14.24367258889527,49.917573511956739,11606090180,Řevnice (Středočeský kraj),2009-03-17 16:00:00,silnice 2.třídy,115,řidičem motorového vozidla,"nezjištěno, řidič místo nehody opustil",jiné ovlivnění,nezjišťováno,jiný nepříznivý stav,0,0,0,1,SEAT,řidič ujel - nezjištěn,450,žádné z uvedených,osobní automobil bez přívěsu,2001,"soukromé, nevyužívané k výdělečné činnos",400,nebylo třeba užít násilí,nehoda pouze s hmotnou škodou,"nepřichází v úvahu, nejde o srážku jedou",nezvládnutí řízení vozidla,"povrch suchý, neznečistěný",neztížené,dobré,na chodníku nebo ostrůvku,přednost vyznačena dopravními značkami,přímý úsek,neurčeno,jedoucí - ve směru staničení na komunika,srážka s pevnou překážkou,"zeď,pevná část mostů,podjezdů,tunelů apo",živice,"dobrý, bez závad","ve dne, viditelnost nezhoršená vlivem po",dvoupruhová,místní úprava (vyplní se pol. 24),železniční přejezd zabezpečený,mimo křižovatku,ne,P271,111.123636571,žst. Řevnice,"23,201",Ano,II.,115,,49° 55' 00.03652'' N,14° 14' 34.72037'' E,49.91668,14.24298
14.268549025445099,49.8533422381009,11606090273,Mníšek pod Brdy (Středočeský kraj),2009-05-15 08:00:00,silnice 2.třídy,116,řidičem motorového vozidla,s řidičským oprávněním skupiny c,řidič nebyl ovlivněn,ne,dobrý -žádné nepříznivé okolnosti nebyly zjištěny,0,0,0,1,AVIA,nedošlo k požáru,70,žádné z uvedených,"nákladní automobil (včetně multikáry, au",1997,"soukromé, nevyužívané k výdělečné činnos",50,nebylo třeba užít násilí,nehoda pouze s hmotnou škodou,"nepřichází v úvahu, nejde o srážku jedou",řidič se plně nevěnoval řízení vozidla,"povrch suchý, neznečistěný",neztížené,dobré,na jízdním pruhu,přednost vyznačena dopravními značkami,přímý úsek,neurčeno,jedoucí - ve směru staničení na komunika,srážka s pevnou překážkou,závory železničního přejezdu,živice,"dobrý, bez závad","ve dne, viditelnost nezhoršená vlivem po",dvoupruhová,místní úprava (vyplní se pol. 24),železniční přejezd zabezpečený,mimo křižovatku,ne,P5754,6.92063717224,Malá Hraštice - Mníšek pod Brdy,"14,711",Ne,II.,116,,49° 51' 11.81809'' N,14° 16' 06.76585'' E,49.85328,14.26855
14.367675236609877,50.19784699610662,11606090319,Libčice nad Vltavou (Středočeský kraj),2009-06-11 18:45:00,komunikace místní,0,řidičem motorového vozidla,s řidičským oprávněním skupiny b,oslněn sluncem,ne,dobrý -žádné nepříznivé okolnosti nebyly zjištěny,0,0,0,1,MERCEDES,žádná z uvedených,250,žádné z uvedených,osobní automobil bez přívěsu,2009,"soukromé, nevyužívané k výdělečné činnos",200,nebylo třeba užít násilí,nehoda pouze s hmotnou škodou,"nepřichází v úvahu, nejde o srážku jedou",řidič se plně nevěnoval řízení vozidla,"povrch suchý, neznečistěný",neztížené,dobré,na jízdním pruhu,přednost vyznačena dopravními značkami,přímý úsek,neurčeno,vozidlo jedoucí - na komunikaci bez stan,srážka s pevnou překážkou,závory železničního přejezdu,živice,"dobrý, bez závad","ve dne, viditelnost nezhoršená vlivem po",dvoupruhová,místní úprava (vyplní se pol. 24),železniční přejezd zabezpečený,mimo křižovatku,ne,P2400,255.267405379,Roztoky u Prahy - Libčice nad Vltavou,"430,383",Ano,O,,Ke šroubárně,50° 11' 47.16727'' N,14° 22' 13.80275'' E,50.19644,14.3705
14.472643907890811,48.950075981826608,20106071573,České Budějovice (Jihočeský kraj),2007-06-06 20:42:00,komunikace místní,0,řidičem motorového vozidla,s řidičským oprávněním skupiny b,řidič nebyl ovlivněn,ne,dobrý -žádné nepříznivé okolnosti nebyly zjištěny,0,0,0,2,RENAULT,nedošlo k požáru,900,žádné z uvedených,osobní automobil bez přívěsu,2003,"soukromé, nevyužívané k výdělečné činnos",700,nebylo třeba užít násilí,nehoda pouze s hmotnou škodou,z boku,jízda na “červené světlo“,"povrch suchý, neznečistěný",neztížené,dobré,na jízdním pruhu,žádná místní úprava,přímý úsek,neurčeno,vozidlo jedoucí - na komunikaci bez stan,srážka s vlakem,"nepřichází v úvahu, nejde o srážku s pev",živice,"dobrý, bez závad","ve dne, zhoršená viditelnost (svítání,so",dvoupruhová,světelným signalizačním zařízením,železniční přejezd zabezpečený,mimo křižovatku,ne,P5581,7.44631705524,Včelná - odb. Roznov,"115,808",Ano,C,,odb.Rožnov-ul.Ludvíka Kuby,48° 57' 00.11025'' N,14° 28' 21.24728'' E,48.95003,14.47257
14.442765910326088,48.884646047551108,20106071817,Kamenný Újezd (Jihočeský kraj),2007-06-25 00:40:00,silnice 1.třídy,3,řidičem motorového vozidla,s řidičským oprávněním skupiny b,řidič nebyl ovlivněn,ne,dobrý -žádné nepříznivé okolnosti nebyly zjištěny,0,0,0,1,HONDA,nedošlo k požáru,200,"došlo k úniku pohonných hmot, oleje, chl","motocykl (včetně sidecarů, skútrů apod.)",,registrované mimo území ČR,200,nebylo třeba užít násilí,nehoda pouze s hmotnou škodou,"nepřichází v úvahu, nejde o srážku jedou",jiný druh nesprávného způsobu jízdy,"povrch suchý, neznečistěný",neztížené,dobré,žádné z uvedených,žádná místní úprava,přímý úsek,neurčeno,jedoucí - ve směru staničení na komunika,jiný druh nehody,"nepřichází v úvahu, nejde o srážku s pev",štěrk,přechodná uzavírka silnice nebo jízdního,"v noci - bez veřejného osvětlení,viditel",žádná z uvedených,žádný způsob řízení provozu,železniční přejezd zabezpečený,mimo křižovatku,ne,P5575,2.60653908407,Holkov - Kamenný Újezd u Č.Budějovic,"104,591",Ano,I.,,Bukovec,48° 53' 04.66551'' N,14° 26' 33.84770'' E,48.88463,14.44274
14.464248698473838,48.934767253505854,20106072617,České Budějovice (Jihočeský kraj),2007-09-09 15:10:00,komunikace místní,0,řidičem motorového vozidla,s řidičským oprávněním skupiny c,řidič nebyl ovlivněn,ne,dobrý -žádné nepříznivé okolnosti nebyly zjištěny,0,1,0,2,PEUGEOT,nedošlo k požáru,1650,žádné z uvedených,osobní automobil bez přívěsu,1996,"soukromé, nevyužívané k výdělečné činnos",1000,nebylo třeba užít násilí,nehoda s následky na životě nebo zdraví,boční,jiné nedání přednosti,"povrch suchý, neznečistěný",neztížené,dobré,na jízdním pruhu,žádná místní úprava,přímý úsek,neurčeno,vozidlo jedoucí - na komunikaci bez stan,srážka s vlakem,"nepřichází v úvahu, nejde o srážku s pev",živice,"dobrý, bez závad","ve dne, viditelnost nezhoršená vlivem po",dvoupruhová,světelným signalizačním zařízením,železniční přejezd zabezpečený,mimo křižovatku,ne,P1564,11.9719739854,"km 0,047 DÚ 0491 34 - Boršov nad Vltavou","1,872",Ne,C,,K samotám,48° 56' 05.54102'' N,14° 27' 51.12372'' E,48.93487,14.4642
14.455744910393216,48.894036077721246,20106073349,Kamenný Újezd (Jihočeský kraj),2007-11-11 23:15:00,komunikace místní,0,řidičem motorového vozidla,s řidičským oprávněním skupiny c,řidič nebyl ovlivněn,ne,dobrý -žádné nepříznivé okolnosti nebyly zjištěny,1,0,0,2,RENAULT,nedošlo k požáru,810,žádné z uvedených,osobní automobil bez přívěsu,1995,"soukromé, nevyužívané k výdělečné činnos",400,nebylo třeba užít násilí,nehoda s následky na životě nebo zdraví,boční,jízda na “červené světlo“,povrch mokrý,neztížené,dobré,na jízdním pruhu,žádná místní úprava,přímý úsek,neurčeno,vozidlo jedoucí - na komunikaci bez stan,srážka s vlakem,"nepřichází v úvahu, nejde o srážku s pev",živice,"dobrý, bez závad","v noci - s veřejným osvětlením,viditelno",žádná z uvedených,světelným signalizačním zařízením,železniční přejezd nezabezpečený,mimo křižovatku,ne,P5576,6.24233964908,Kamenný Újezd u Č.Budějovic - Včelná,"106,182",Ano,MK,,za žst.Kamenný Újezd u Č.B.,48° 53' 38.54141'' N,14° 27' 20.36320'' E,48.89404,14.45566
14.464280758197555,48.934907312085322,20106073803,České Budějovice (Jihočeský kraj),2007-12-14 07:05:00,komunikace místní,0,řidičem motorového vozidla,s řidičským oprávněním skupiny c,řidič nebyl ovlivněn,ne,dobrý -žádné nepříznivé okolnosti nebyly zjištěny,0,1,0,2,VOLKSWAGEN,nedošlo k požáru,5300,žádné z uvedených,osobní automobil bez přívěsu,2007,"soukromá organizace (podnikatel, s.r.o.,",5000,nebylo třeba užít násilí,nehoda s následky na životě nebo zdraví,boční,jízda na “červené světlo“,"povrch suchý, neznečistěný",neztížené,dobré,na jízdním pruhu,žádná místní úprava,přímý úsek,neurčeno,vozidlo jedoucí - na komunikaci bez stan,srážka s vlakem,"nepřichází v úvahu, nejde o srážku s pev",živice,"dobrý, bez závad","v noci - bez veřejného osvětlení,viditel",dvoupruhová,světelným signalizačním zařízením,železniční přejezd nezabezpečený,mimo křižovatku,ne,P1564,7.22672110667,"km 0,047 DÚ 0491 34 - Boršov nad Vltavou","1,872",Ne,C,,K samotám,48° 56' 05.54102'' N,14° 27' 51.12372'' E,48.93487,14.4642
14.472950412742719,48.989943857247269,20106080169,České Budějovice (Jihočeský kraj),2008-01-18 01:30:00,silnice 1.třídy,3,řidičem motorového vozidla,s řidičským oprávněním skupiny b,řidič nebyl ovlivněn,"ano, obsah alkoholu v&nbsp;krvi do 0,99‰ (2)","pod vlivem alkoholu, obsah alkoholu v krvi do 0,99‰",0,1,0,2,RENAULT,nedošlo k požáru,450,žádné z uvedených,osobní automobil bez přívěsu,1994,"soukromé, nevyužívané k výdělečné činnos",400,nebylo třeba užít násilí,nehoda s následky na životě nebo zdraví,z boku,řidič se plně nevěnoval řízení vozidla,"povrch suchý, neznečistěný",neztížené,dobré,na jízdním pruhu,žádná místní úprava,přímý úsek,neurčeno,jedoucí - ve směru staničení na komunika,srážka s vlakem,"nepřichází v úvahu, nejde o srážku s pev",živice,"dobrý, bez závad","v noci - s veřejným osvětlením,viditelno",vícepruhová,žádný způsob řízení provozu,železniční přejezd nezabezpečený,mimo křižovatku,ne,P1128,999.939540133,,"216,168",ano,,,,48° 59' 54.058'' N,14° 28' 40.084'' E,48.99835,14.4778
14.499095789202579,48.951342998339307,20106080588,České Budějovice (Jihočeský kraj),2008-03-03 16:48:00,komunikace místní,0,řidičem motorového vozidla,s řidičským oprávněním skupiny c,řidič nebyl ovlivněn,ne,dobrý -žádné nepříznivé okolnosti nebyly zjištěny,0,2,0,2,RENAULT,nedošlo k požáru,2500,"došlo k úniku pohonných hmot, oleje, chl",osobní automobil bez přívěsu,2004,"soukromé, nevyužívané k výdělečné činnos",1500,nebylo třeba užít násilí,nehoda s následky na životě nebo zdraví,boční,jiné nedání přednosti,"povrch suchý, neznečistěný",neztížené,dobré,na jízdním pruhu,žádná místní úprava,přímý úsek,neurčeno,vozidlo jedoucí - na komunikaci bez stan,srážka s vlakem,"nepřichází v úvahu, nejde o srážku s pev",živice,"dobrý, bez závad","ve dne, viditelnost nezhoršená vlivem po",dvoupruhová,světelným signalizačním zařízením,železniční přejezd zabezpečený,mimo křižovatku,ne,P1123,3.98742862505,Nová Ves u Č.Budějovic - Č.Budějovice-stav.1,"210,701",Ano,C,,"Říční/Ke studánce,zast.N.Hoděj",48° 57' 04.93978'' N,14° 29' 56.63139'' E,48.95137,14.49906
14.481117446703381,49.013240632435071,20106082238,Hrdějovice (Jihočeský kraj),2008-08-29 17:28:00,silnice 3.třídy,10575,řidičem motorového vozidla,s řidičským oprávněním skupiny b,řidič nebyl ovlivněn,"ano, obsah alkoholu v&nbsp;krvi do 0,99‰ (2)","pod vlivem alkoholu, obsah alkoholu v krvi do 0,99‰",0,0,3,2,ŠKODA,nedošlo k požáru,650,žádné z uvedených,osobní automobil bez přívěsu,1994,"soukromé, nevyužívané k výdělečné činnos",250,nebylo třeba užít násilí,nehoda s následky na životě nebo zdraví,z boku,jízda na “červené světlo“,"povrch suchý, neznečistěný",neztížené,dobré,na jízdním pruhu,žádná místní úprava,přímý úsek,neurčeno,jedoucí - ve směru staničení na komunika,srážka s vlakem,"nepřichází v úvahu, nejde o srážku s pev",živice,"dobrý, bez závad","ve dne, viditelnost nezhoršená vlivem po",dvoupruhová,světelným signalizačním zařízením,železniční přejezd zabezpečený,mimo křižovatku,ne,P6093,4.41319249285,Nemanice I. - Hluboká n/Vlt Zámostí,"4,742",Ano,III.,10575,"\""C\""-Jubilejní ulice",49° 00' 47.79903'' N,14° 28' 52.00485'' E,49.01328,14.48111
14.471969947948878,48.954428181647629,20106082579,České Budějovice (Jihočeský kraj),2008-10-10 12:30:00,komunikace místní,0,řidičem motorového vozidla,nezjištěno,jiné ovlivnění,nezjišťováno,jiný nepříznivý stav,0,0,0,1,žádná z uvedených,žádná z uvedených,710,žádné z uvedených,"nezjištěno, řidič ujel",,žádná z uvedených,0,žádná z uvedených,nehoda pouze s hmotnou škodou,"nepřichází v úvahu, nejde o srážku jedou",řidič se plně nevěnoval řízení vozidla,"povrch suchý, neznečistěný",neztížené,dobré,na jízdním pruhu,žádná místní úprava,přímý úsek,neurčeno,žádná z uvedených,srážka s pevnou překážkou,"odrazník, patník, sloupek, dopr.značky a",živice,"dobrý, bez závad","ve dne, viditelnost nezhoršená vlivem po",dvoupruhová,žádný způsob řízení provozu,železniční přejezd zabezpečený,mimo křižovatku,ne,P1081,29.2896958348,žst. Č.Budějovice - (jižní předsunuté zhlaví),"116,285",Ano,B,,Buděš.ul./Vít.Nováka,48° 57' 15.72436'' N,14° 28' 20.48299'' E,48.95437,14.47236
14.559581429544592,48.927949787741468,20106082720,Ledenice (Jihočeský kraj),2008-10-15 12:25:00,komunikace místní,0,řidičem motorového vozidla,nezjištěno,jiné ovlivnění,nezjišťováno,jiný nepříznivý stav,0,0,0,1,žádná z uvedených,žádná z uvedených,1,žádné z uvedených,"nezjištěno, řidič ujel",,žádná z uvedených,0,žádná z uvedených,nehoda pouze s hmotnou škodou,"nepřichází v úvahu, nejde o srážku jedou","nepř. rychlosti dopravně technickému stavu vozovky (zatáčka,klesání,stoupání,šířka apod.)","povrch suchý, neznečistěný",neztížené,dobré,mimo komunikaci,žádná místní úprava,přímý úsek po projetí zatáčkou (do vzdál,neurčeno,žádná z uvedených,srážka s pevnou překážkou,"odrazník, patník, sloupek, dopr.značky a",živice,"dobrý, bez závad","ve dne, viditelnost nezhoršená vlivem po",dvoupruhová,světelným signalizačním zařízením,železniční přejezd zabezpečený,mimo křižovatku,ne,P1114,519.859521588,Borovany - Nová Ves u Č.Budějovic,"203,258",Ano,MK,,"\""u hnoje\""",48° 55' 38.57649'' N,14° 33' 09.14266'' E,48.92738,14.55254
14.482657432604137,49.017863029914153,20106082746,Hrdějovice (Jihočeský kraj),2008-10-18 08:40:00,silnice 3.třídy,10576,řidičem motorového vozidla,s řidičským oprávněním skupiny b,oslněn sluncem,ne,dobrý -žádné nepříznivé okolnosti nebyly zjištěny,0,2,0,2,FIAT,nedošlo k požáru,2020,"došlo k úniku pohonných hmot, oleje, chl",osobní automobil bez přívěsu,1997,"soukromé, nevyužívané k výdělečné činnos",800,použitím páčidel apod.,nehoda s následky na životě nebo zdraví,z boku,jiné nedání přednosti,"povrch suchý, neznečistěný",neztížené,dobré,na jízdním pruhu,žádná místní úprava,křižovatka průsečná - čtyřramenná,účelová komunikace,zachycuje směr jízdy křižovatkou,srážka s vlakem,"nepřichází v úvahu, nejde o srážku s pev",živice,"dobrý, bez závad","ve dne, viditelnost nezhoršená vlivem po",dvoupruhová,světelným signalizačním zařízením,železniční přejezd nezabezpečený,"na křižovatce, uvnitř hranic křižovatky",ne,P6094,4.43140147833,Nemanice I. - Hluboká n/Vlt Zámostí,"5,255",Ano,III.,10576,u hrnčírny,49° 01' 04.44559'' N,14° 28' 57.63430'' E,49.0179,14.48268
14.360817692153573,49.069167765152194,20106090080,Zliv (Jihočeský kraj),2009-01-26 09:00:00,silnice 3.třídy,12228,řidičem motorového vozidla,nezjištěno,jiné ovlivnění,nezjišťováno,jiný nepříznivý stav,0,0,0,1,žádná z uvedených,žádná z uvedených,10,žádné z uvedených,"nezjištěno, řidič ujel",,žádná z uvedených,0,žádná z uvedených,nehoda pouze s hmotnou škodou,"nepřichází v úvahu, nejde o srážku jedou",řidič se plně nevěnoval řízení vozidla,"povrch suchý, neznečistěný",neztížené,dobré,na jízdním pruhu,žádná místní úprava,přímý úsek,neurčeno,žádná z uvedených,srážka s pevnou překážkou,závory železničního přejezdu,živice,"dobrý, bez závad","ve dne, viditelnost nezhoršená vlivem po",dvoupruhová,žádný způsob řízení provozu,železniční přejezd zabezpečený,mimo křižovatku,ne,P1137,673.434230016,Hluboká nad Vltavou - Zliv,"227,845",Ano,III.,12229,Zliv hlavní,49° 03' 48.73957'' N,14° 21' 51.20515'' E,49.06354,14.36422
14.497618643875027,48.980598756412597,20106090252,České Budějovice (Jihočeský kraj),2009-04-04 05:35:00,komunikace místní,0,řidičem motorového vozidla,s řidičským oprávněním skupiny c,řidič nebyl ovlivněn,ne,dobrý -žádné nepříznivé okolnosti nebyly zjištěny,0,0,0,2,PEUGEOT,nedošlo k požáru,150,žádné z uvedených,osobní automobil bez přívěsu,1995,"soukromé, nevyužívané k výdělečné činnos",150,nebylo třeba užít násilí,nehoda pouze s hmotnou škodou,z boku,jiné nedání přednosti,"povrch suchý, neznečistěný",neztížené,dobré,žádné z uvedených,žádná místní úprava,přímý úsek,neurčeno,vozidlo jedoucí - na komunikaci bez stan,srážka s vlakem,"nepřichází v úvahu, nejde o srážku s pev",živice,"dobrý, bez závad","ve dne, zhoršená viditelnost (svítání,so",dvoupruhová,světelným signalizačním zařízením,železniční přejezd zabezpečený,mimo křižovatku,ne,P1125,808.769107041,"žst. Č.Budějovice-seř.n. - (kolej č. 102b, 906A, 906)","214,097",Ano,MK,,"\""A\"" Sfinx",48° 58' 50.05103'' N,14° 29' 11.65264'' E,48.98057,14.48657