X,Y,id,obec,datum,komunikace,komunika_1,zavineni,ridic_kate,ridic_ovli,vinik_alko,ridic_stav,obeti_usmr,obeti_lehc,obeti_tezc,vozidel_ce,vinik_vozi,vinik_vo_1,skoda,unik_hmot,vinik_vo_2,vinik_vo_3,vinik_vo_4,vinik_skod,vyprosteni,nehoda_cha,srazka_voz,hlavni_pri,povrch_sta,meteo,rozhled,nehoda_pol,prednost_v,smerove_po,druh_krizu,smer_jizdy,nehoda_dru,pevna_prek,povrch_dru,komunika_2,viditelnos,komunika_3,rizeni_pro,objekty,misto_neho,smyk,neighbors_TargetID,neighbors_Distance,neighbors_prejezdy-dec_Název definičního úseku,neighbors_prejezdy-dec_Žkm přejezdu,neighbors_prejezdy-dec_Přejezd s trolejovým vedením,neighbors_prejezdy-dec_Třída pozemní komunikace,neighbors_prejezdy-dec_Číslo pozemní komunikace,neighbors_prejezdy-dec_Místní název přejezdu,neighbors_prejezdy-dec_Zeměpisná šířka,neighbors_prejezdy-dec_Zeměpisná délka,neighbors_prejezdy-dec_field_10,neighbors_prejezdy-dec_field_11
14.470009731563474,48.944144242177764,20106090305,České Budějovice (Jihočeský kraj),2009-04-19 10:40:00,komunikace místní,0,řidičem motorového vozidla,s řidičským oprávněním skupiny c,oslněn sluncem,nezjišťováno,dobrý -žádné nepříznivé okolnosti nebyly zjištěny,1,0,0,2,VOLKSWAGEN,nedošlo k požáru,400,žádné z uvedených,osobní automobil bez přívěsu,1986,"soukromé, nevyužívané k výdělečné činnos",200,použitím speciální vyprošťovací techniky,nehoda s následky na životě nebo zdraví,z boku,jiné nedání přednosti,"povrch suchý, neznečistěný",neztížené,dobré,na jízdním pruhu,žádná místní úprava,přímý úsek,neurčeno,vozidlo jedoucí - na komunikaci bez stan,srážka s vlakem,"nepřichází v úvahu, nejde o srážku s pev",živice,"dobrý, bez závad","ve dne, viditelnost nezhoršená vlivem po",dvoupruhová,světelným signalizačním zařízením,železniční přejezd zabezpečený,mimo křižovatku,ne,P1563,4.04830034882,"km 0,047 DÚ 0491 34 - Boršov nad Vltavou","0,751",Ne,C,,U zahrad,48° 56' 39.05916'' N,14° 28' 12.07988'' E,48.94418,14.47002
14.409007210193311,49.038031166953964,20113090024,Hluboká nad Vltavou (Jihočeský kraj),2009-01-01 06:47:00,silnice 3.třídy,10582,řidičem motorového vozidla,s řidičským oprávněním skupiny b,řidič nebyl ovlivněn,ne,dobrý -žádné nepříznivé okolnosti nebyly zjištěny,0,0,0,2,OPEL,nedošlo k požáru,1000,žádné z uvedených,osobní automobil bez přívěsu,1992,"soukromé, nevyužívané k výdělečné činnos",500,nebylo třeba užít násilí,nehoda pouze s hmotnou škodou,"nepřichází v úvahu, nejde o srážku jedou","nepř. rychlosti stavu vozovky (náledí, výtluky, bláto, mokrý povrch apod.)","souvislá sněhová vrstva, rozbředlý sníh",neztížené,dobré,žádné z uvedených,žádná místní úprava,zatáčka,neurčeno,jedoucí - proti směru staničení na komun,jiný druh nehody,"nepřichází v úvahu, nejde o srážku s pev",živice,"dobrý, bez závad","ve dne, viditelnost nezhoršená vlivem po",žádná z uvedených,žádný způsob řízení provozu,železniční přejezd nezabezpečený,mimo křižovatku,ano,P1133,4.29768786387,Hluboká nad Vltavou - Zliv,"222,975",Ano,III.,10582,Bezdrevský,49° 02' 16.94918'' N,14° 24' 32.22435'' E,49.03804,14.40895
14.408990000037088,49.038047217713654,20113090144,Hluboká nad Vltavou (Jihočeský kraj),2009-02-16 17:40:00,silnice 3.třídy,10582,řidičem motorového vozidla,s řidičským oprávněním skupiny b,řidič nebyl ovlivněn,ne,dobrý -žádné nepříznivé okolnosti nebyly zjištěny,0,0,0,2,PEUGEOT,nedošlo k požáru,800,žádné z uvedených,osobní automobil bez přívěsu,1995,"soukromé, nevyužívané k výdělečné činnos",100,nebylo třeba užít násilí,nehoda pouze s hmotnou škodou,z boku,"nepř. rychlosti stavu vozovky (náledí, výtluky, bláto, mokrý povrch apod.)","na vozovce je náledí, ujetý sníh - nepos",sněžení,dobré,na jízdním pruhu,žádná místní úprava,přímý úsek,neurčeno,jedoucí - ve směru staničení na komunika,srážka s vlakem,"nepřichází v úvahu, nejde o srážku s pev",živice,"dobrý, bez závad","ve dne, viditelnost nezhoršená vlivem po",dvoupruhová,světelným signalizačním zařízením,železniční přejezd nezabezpečený,mimo křižovatku,ne,P1133,3.03304849063,Hluboká nad Vltavou - Zliv,"222,975",Ano,III.,10582,Bezdrevský,49° 02' 16.94918'' N,14° 24' 32.22435'' E,49.03804,14.40895
14.529521026865858,48.919980743638298,20114071857,Nová Ves (Jihočeský kraj),2007-06-26 17:15:00,komunikace místní,0,řidičem motorového vozidla,s řidičským oprávněním skupiny b,řidič nebyl ovlivněn,ne,dobrý -žádné nepříznivé okolnosti nebyly zjištěny,0,0,0,2,RENAULT,nedošlo k požáru,60,žádné z uvedených,osobní automobil bez přívěsu,1991,"soukromé, nevyužívané k výdělečné činnos",10,nebylo třeba užít násilí,nehoda pouze s hmotnou škodou,"nepřichází v úvahu, nejde o srážku jedou",nesprávné otáčení nebo couvání,"povrch suchý, neznečistěný",neztížené,dobré,na jízdním pruhu,žádná místní úprava,přímý úsek,neurčeno,vozidlo jedoucí - na komunikaci bez stan,"srážka s vozidlem zaparkovaným, odstaven","nepřichází v úvahu, nejde o srážku s pev",živice,"dobrý, bez závad","ve dne, viditelnost nezhoršená vlivem po",dvoupruhová,žádný způsob řízení provozu,železniční přejezd nezabezpečený,mimo křižovatku,ne,P1117,133.936551075,žst. Nová Ves u Č.Budějovic,"205,193",Ano,MK,,žst.N.Ves u Č.B.,48° 55' 15.83157'' N,14° 31' 43.35868'' E,48.92106,14.52871
14.455520663014553,48.927572012767868,20114073040,Včelná (Jihočeský kraj),2007-10-11 18:35:00,silnice 3.třídy,354,řidičem motorového vozidla,s řidičským oprávněním skupiny b,řidič nebyl ovlivněn,ne,dobrý -žádné nepříznivé okolnosti nebyly zjištěny,0,0,0,3,VOLKSWAGEN,nedošlo k požáru,700,žádné z uvedených,osobní automobil bez přívěsu,1995,"soukromé, nevyužívané k výdělečné činnos",400,nebylo třeba užít násilí,nehoda pouze s hmotnou škodou,z boku,jiný druh nesprávného způsobu jízdy,"povrch suchý, neznečistěný",neztížené,dobré,na jízdním pruhu,žádná místní úprava,přímý úsek,neurčeno,jedoucí - proti směru staničení na komun,srážka s jedoucím nekolejovým vozidlem,"nepřichází v úvahu, nejde o srážku s pev",živice,"dobrý, bez závad","ve dne, viditelnost nezhoršená vlivem po",dvoupruhová,žádný způsob řízení provozu,železniční přejezd nezabezpečený,mimo křižovatku,ne,P5579,20.7566929212,Včelná - odb. Roznov,"112,223",Ano,III.,354,Včelná,48° 55' 38.65913'' N,14° 27' 19.37349'' E,48.92741,14.45538
14.356841342549107,48.916734666501718,20114073470,Vrábče (Jihočeský kraj),2007-11-18 15:10:00,silnice 2.třídy,143,řidičem motorového vozidla,s řidičským oprávněním skupiny b,řidič nebyl ovlivněn,ne,dobrý -žádné nepříznivé okolnosti nebyly zjištěny,0,0,0,2,ŠKODA,nedošlo k požáru,550,žádné z uvedených,osobní automobil bez přívěsu,2005,"soukromá organizace (podnikatel, s.r.o.,",500,nebylo třeba užít násilí,nehoda pouze s hmotnou škodou,z boku,řidič se plně nevěnoval řízení vozidla,povrch mokrý,neztížené,dobré,na jízdním pruhu,přednost vyznačena dopravními značkami,přímý úsek,neurčeno,jedoucí - ve směru staničení na komunika,srážka s vlakem,"nepřichází v úvahu, nejde o srážku s pev",živice,"dobrý, bez závad","ve dne, viditelnost nezhoršená vlivem po",dvoupruhová,místní úprava (vyplní se pol. 24),železniční přejezd nezabezpečený,mimo křižovatku,ne,P1576,11.7366641539,Boršov nad Vltavou - Křemže,"11,05",Ne,II.,143,Vrábče,48° 55' 00.59351'' N,14° 21' 24.86158'' E,48.91683,14.35691
14.455303922247385,48.927536350551144,20114082462,Včelná (Jihočeský kraj),2008-09-21 17:45:00,silnice 3.třídy,354,řidičem motorového vozidla,s řidičským oprávněním skupiny b,řidič nebyl ovlivněn,ne,dobrý -žádné nepříznivé okolnosti nebyly zjištěny,0,0,0,2,ŠKODA,nedošlo k požáru,250,"došlo k úniku pohonných hmot, oleje, chl",osobní automobil bez přívěsu,1987,"soukromé, nevyužívané k výdělečné činnos",50,nebylo třeba užít násilí,nehoda pouze s hmotnou škodou,zezadu,nedodržení bezpečné vzdálenosti za vozidlem,"povrch suchý, neznečistěný",neztížené,dobré,na jízdním pruhu,žádná místní úprava,přímý úsek,neurčeno,jedoucí - proti směru staničení na komun,srážka s jedoucím nekolejovým vozidlem,"nepřichází v úvahu, nejde o srážku s pev",beton,"dobrý, bez závad","ve dne, viditelnost nezhoršená vlivem po",dvoupruhová,žádný způsob řízení provozu,železniční přejezd zabezpečený,mimo křižovatku,ne,P5579,15.1154837234,Včelná - odb. Roznov,"112,223",Ano,III.,354,Včelná,48° 55' 38.65913'' N,14° 27' 19.37349'' E,48.92741,14.45538
14.578437870322489,49.099242639695397,20118070358,Ševětín (Jihočeský kraj),2007-02-10 08:04:00,silnice 3.třídy,1556,řidičem motorového vozidla,s řidičským oprávněním skupiny c,řidič nebyl ovlivněn,ne,dobrý -žádné nepříznivé okolnosti nebyly zjištěny,0,0,0,1,ŠKODA,nedošlo k požáru,30,žádné z uvedených,osobní automobil bez přívěsu,1986,"soukromé, nevyužívané k výdělečné činnos",0,nebylo třeba užít násilí,nehoda pouze s hmotnou škodou,"nepřichází v úvahu, nejde o srážku jedou","bezohledná, agresivní, neohleduplná jízda","povrch suchý, neznečistěný",neztížené,dobré,na jízdním pruhu,žádná místní úprava,přímý úsek,neurčeno,jedoucí - ve směru staničení na komunika,srážka s pevnou překážkou,závory železničního přejezdu,živice,"dobrý, bez závad","ve dne, viditelnost nezhoršená vlivem po",dvoupruhová,žádný způsob řízení provozu,železniční přejezd zabezpečený,mimo křižovatku,ne,P6099,11.3097610108,žst. Ševětín,"22,613",Ano,III.,1556,žst.Ševětín,49° 05' 57.47598'' N,14° 34' 41.90827'' E,49.0993,14.57831
12.97072204286448,49.248853334691042,20121072045,N/A,2007-07-15 16:40:00,komunikace místní,0,řidičem motorového vozidla,s řidičským oprávněním skupiny b,řidič nebyl ovlivněn,ne,dobrý -žádné nepříznivé okolnosti nebyly zjištěny,0,0,0,2,žádná z uvedených,nedošlo k požáru,800,"došlo k úniku pohonných hmot, oleje, chl",traktor (i s přívěsem),1980,"soukromá organizace (podnikatel, s.r.o.,",200,nebylo třeba užít násilí,nehoda pouze s hmotnou škodou,z boku,proti příkazu dopravní značky DEJ PŘEDNOST,"povrch suchý, neznečistěný",neztížené,dobré,na jízdním pruhu,přednost vyznačena dopravními značkami,přímý úsek,neurčeno,vozidlo jedoucí - na komunikaci bez stan,srážka s vlakem,"nepřichází v úvahu, nejde o srážku s pev",živice,"dobrý, bez závad","ve dne, viditelnost nezhoršená vlivem po",žádná z uvedených,místní úprava (vyplní se pol. 24),železniční přejezd nezabezpečený,mimo křižovatku,ano,P835,14114.1006455,Zelená Lhota - Nýrsko,"26,073",Ne,C,,Dešenice-les,49° 15' 55.03939'' N,13° 09' 46.67792'' E,49.26529,13.16297
14.353567776851692,48.851976239203204,20206070038,Zlatá Koruna (Jihočeský kraj),2007-01-16 16:15:00,silnice 3.třídy,1597,řidičem motorového vozidla,s řidičským oprávněním skupiny b,řidič nebyl ovlivněn,ne,dobrý -žádné nepříznivé okolnosti nebyly zjištěny,0,0,0,2,FORD,nedošlo k požáru,290,žádné z uvedených,osobní automobil bez přívěsu,1995,"soukromé, nevyužívané k výdělečné činnos",200,nebylo třeba užít násilí,nehoda pouze s hmotnou škodou,boční,jiné nedání přednosti,"povrch suchý, neznečistěný",neztížené,dobré,na jízdním pruhu,žádná místní úprava,přímý úsek,neurčeno,jedoucí - ve směru staničení na komunika,srážka s vlakem,"nepřichází v úvahu, nejde o srážku s pev",živice,"dobrý, bez závad","ve dne, viditelnost nezhoršená vlivem po",dvoupruhová,žádný způsob řízení provozu,železniční přejezd nezabezpečený,mimo křižovatku,ne,P1594,6.40169841738,PLEŠOVICE - Zlatá Koruna,"21,942",Ne,III.,1597,Zlatá Koruna,48° 51' 06.99188'' N,14° 21' 12.60261'' E,48.85194,14.3535
14.290046424497067,48.788371066494093,20206070400,Větřní (Jihočeský kraj),2007-06-28 16:00:00,komunikace účelová - polní a lesní cesty atd.,0,řidičem motorového vozidla,s řidičským oprávněním skupiny a,řidič nebyl ovlivněn,"ano, obsah alkoholu v&nbsp;krvi do 0,99‰ (2)","pod vlivem alkoholu, obsah alkoholu v krvi do 0,99‰",0,1,0,1,JAWA,nedošlo k požáru,0,žádné z uvedených,malý motocykl (do 50 ccm),1988,"soukromé, nevyužívané k výdělečné činnos",0,nebylo třeba užít násilí,nehoda s následky na životě nebo zdraví,"nepřichází v úvahu, nejde o srážku jedou",jiný druh nesprávného způsobu jízdy,"povrch suchý, neznečistěný",neztížené,dobré,na jízdním pruhu,žádná místní úprava,přímý úsek,neurčeno,vozidlo jedoucí - na komunikaci bez stan,havárie,"nepřichází v úvahu, nejde o srážku s pev",živice,"dobrý, bez závad","ve dne, viditelnost nezhoršená vlivem po",dvoupruhová,žádný způsob řízení provozu,železniční přejezd nezabezpečený,mimo křižovatku,ne,P1611,2593.84899831,Kájov - Hořice na Šumavě,"34,629",Ne,O,,U Cimla,48° 47' 40.32362'' N,14° 15' 21.61436'' E,48.79453,14.256
14.351275199838174,48.620216699746479,20206070558,Vyšší Brod (Jihočeský kraj),2007-08-10 07:30:00,komunikace účelová - ostatní (parkoviště apod.),0,řidičem motorového vozidla,s řidičským oprávněním skupiny c,řidič nebyl ovlivněn,ne,dobrý -žádné nepříznivé okolnosti nebyly zjištěny,0,0,0,2,OPEL,nedošlo k požáru,450,žádné z uvedených,osobní automobil bez přívěsu,1994,"soukromé, nevyužívané k výdělečné činnos",400,nebylo třeba užít násilí,nehoda pouze s hmotnou škodou,z boku,jiné nedání přednosti,povrch mokrý,neztížené,dobré,na jízdním pruhu,žádná místní úprava,přímý úsek,neurčeno,vozidlo jedoucí - na komunikaci bez stan,srážka s vlakem,"nepřichází v úvahu, nejde o srážku s pev",živice,nesouvislé výtluky,"ve dne, viditelnost nezhoršená vlivem po",dvoupruhová,žádný způsob řízení provozu,železniční přejezd zabezpečený,mimo křižovatku,ne,P6115,9.16535332529,Rožmberk n/Vltavou - Vyšší Brod klášter,"8,196",Ano,O,,,48° 37' 12.96917'' N,14° 21' 04.92768'' E,48.62027,14.35137
14.463947340787341,48.775069175751973,20206070641,Střítež (Jihočeský kraj),2007-09-09 08:20:00,silnice 1.třídy,3,řidičem motorového vozidla,s řidičským oprávněním skupiny b,řidič nebyl ovlivněn,ne,dobrý -žádné nepříznivé okolnosti nebyly zjištěny,0,0,0,1,ŠKODA,nedošlo k požáru,950,žádné z uvedených,osobní automobil bez přívěsu,2002,"soukromá organizace (podnikatel, s.r.o.,",450,nebylo třeba užít násilí,nehoda pouze s hmotnou škodou,"nepřichází v úvahu, nejde o srážku jedou","nepř. rychlosti stavu vozovky (náledí, výtluky, bláto, mokrý povrch apod.)",povrch mokrý,"na počátku deště, slabý déšť",dobré,mimo komunikaci,přednost vyznačena dopravními značkami,přímý úsek po projetí zatáčkou (do vzdál,neurčeno,jedoucí - ve směru staničení na komunika,srážka s pevnou překážkou,"sloup - telefonní, veř.osvětlení, el.ved",živice,"dobrý, bez závad","ve dne, viditelnost nezhoršená vlivem po",dvoupruhová,místní úprava (vyplní se pol. 24),železniční přejezd zabezpečený,mimo křižovatku,ano,P5563,22.1768323766,Omlenice - Kaplice,"86,142",Ano,I.,,před žst.Kaplice,48° 46' 30.80291'' N,14° 27' 49.50269'' E,48.77522,14.46375
14.325051484708736,48.892800683919958,20206070692,Holubov (Jihočeský kraj),2007-09-24 21:45:00,silnice 3.třídy,14310,řidičem motorového vozidla,s řidičským oprávněním skupiny b,řidič nebyl ovlivněn,ne,dobrý -žádné nepříznivé okolnosti nebyly zjištěny,0,0,0,2,RENAULT,nedošlo k požáru,210,žádné z uvedených,osobní automobil bez přívěsu,1992,"soukromé, nevyužívané k výdělečné činnos",200,nebylo třeba užít násilí,nehoda pouze s hmotnou škodou,z boku,jiné nedání přednosti,"povrch suchý, neznečistěný",neztížené,dobré,na jízdním pruhu,přednost vyznačena dopravními značkami,přímý úsek,neurčeno,jedoucí - proti směru staničení na komun,srážka s vlakem,"nepřichází v úvahu, nejde o srážku s pev",živice,"dobrý, bez závad","v noci - s veřejným osvětlením,viditelno",dvoupruhová,místní úprava (vyplní se pol. 24),železniční přejezd zabezpečený,mimo křižovatku,ne,P1584,21.7543492054,Křemže - PLEŠOVICE,"15,805",Ne,III.,14310,Holubov,48° 53' 34.72497'' N,14° 19' 30.60683'' E,48.89298,14.32517
14.410992812321091,48.634445900127453,20206070709,Dolní Dvořiště (Jihočeský kraj),2007-10-10 16:58:00,komunikace místní,0,řidičem motorového vozidla,s řidičským oprávněním skupiny b,řidič nebyl ovlivněn,ne,dobrý -žádné nepříznivé okolnosti nebyly zjištěny,0,0,0,2,JAGUAR,nedošlo k požáru,4700,žádné z uvedených,osobní automobil bez přívěsu,,registrované mimo území ČR,4500,nebylo třeba užít násilí,nehoda pouze s hmotnou škodou,boční,jiné nedání přednosti,"povrch suchý, znečist. (písek,listí,štěr",neztížené,dobré,na jízdním pruhu,přednost vyznačena dopravními značkami,zatáčka,neurčeno,vozidlo jedoucí - na komunikaci bez stan,srážka s vlakem,"nepřichází v úvahu, nejde o srážku s pev",živice,"dobrý, bez závad","ve dne, viditelnost nezhoršená vlivem po",dvoupruhová,místní úprava (vyplní se pol. 24),železniční přejezd zabezpečený,mimo křižovatku,ne,P6110,5.98622751965,Rybník - Rožmberk n/Vltavou,"2,803",Ano,MK,,,48° 38' 04.12659'' N,14° 24' 39.35312'' E,48.63448,14.41093
14.297828895925056,48.631697566723119,20206070857,Vyšší Brod (Jihočeský kraj),2007-11-30 10:45:00,silnice 3.třídy,1622,řidičem motorového vozidla,s řidičským oprávněním skupiny b,řidič nebyl ovlivněn,ne,dobrý -žádné nepříznivé okolnosti nebyly zjištěny,1,0,0,2,OPEL,nedošlo k požáru,1300,žádné z uvedených,osobní automobil bez přívěsu,1992,"soukromé, nevyužívané k výdělečné činnos",500,nebylo třeba užít násilí,nehoda s následky na životě nebo zdraví,z boku,jiné nedání přednosti,povrch mokrý,neztížené,dobré,na jízdním pruhu,žádná místní úprava,zatáčka,neurčeno,jedoucí - ve směru staničení na komunika,srážka s vlakem,"nepřichází v úvahu, nejde o srážku s pev",živice,"dobrý, bez závad","ve dne, viditelnost nezhoršená vlivem po",dvoupruhová,světelným signalizačním zařízením,železniční přejezd zabezpečený,mimo křižovatku,ne,P6123,11.9559115525,Vyšší Brod klášter - Loučovice,"13,074",Ano,III.,1622,,48° 37' 54.14212'' N,14° 17' 52.76909'' E,48.63171,14.29799
14.315284095097756,48.82218159288071,20206080427,Český Krumlov (Jihočeský kraj),2008-07-07 23:59:00,komunikace místní,0,řidičem motorového vozidla,s řidičským oprávněním skupiny d,řidič nebyl ovlivněn,nezjišťováno,dobrý -žádné nepříznivé okolnosti nebyly zjištěny,0,0,0,1,VOLVO,nedošlo k požáru,25,žádné z uvedených,nákladní automobil s návěsem,2002,"soukromá organizace (podnikatel, s.r.o.,",0,nebylo třeba užít násilí,nehoda pouze s hmotnou škodou,"nepřichází v úvahu, nejde o srážku jedou",nesprávné otáčení nebo couvání,"povrch suchý, neznečistěný",neztížené,dobré,mimo komunikaci,žádná místní úprava,přímý úsek,neurčeno,vozidlo jedoucí - na komunikaci bez stan,srážka s pevnou překážkou,"sloup - telefonní, veř.osvětlení, el.ved",živice,"dobrý, bez závad","ve dne, viditelnost nezhoršená vlivem po",dvoupruhová,žádný způsob řízení provozu,železniční přejezd zabezpečený,mimo křižovatku,ne,P1603,1.32277888726,Český Krumlov - Kájov,"27,242",Ne,C,,Český Krumlov,48° 49' 19.81521'' N,14° 18' 55.01933'' E,48.82217,14.31528
12.97072204286448,49.248853334691042,20206080607,N/A,2008-09-11 08:10:00,komunikace účelová - ostatní (parkoviště apod.),0,řidičem motorového vozidla,s řidičským oprávněním skupiny c,řidič nebyl ovlivněn,ne,dobrý -žádné nepříznivé okolnosti nebyly zjištěny,0,0,0,2,TATRA,nedošlo k požáru,1250,žádné z uvedených,nákladní automobil s návěsem,2001,"soukromá organizace (podnikatel, s.r.o.,",0,nebylo třeba užít násilí,nehoda pouze s hmotnou škodou,čelní,jiné nedání přednosti,"povrch suchý, neznečistěný",neztížené,dobré,na jízdním pruhu,přednost nevyznačena - vyplývá z pravide,přímý úsek,neurčeno,vozidlo jedoucí - na komunikaci bez stan,srážka s vlakem,"nepřichází v úvahu, nejde o srážku s pev",jiný nezpevněný povrch,"dobrý, bez závad","ve dne, viditelnost nezhoršená vlivem po",žádná z uvedených,žádný způsob řízení provozu,železniční přejezd zabezpečený,mimo křižovatku,ne,P835,14114.1006455,Zelená Lhota - Nýrsko,"26,073",Ne,C,,Dešenice-les,49° 15' 55.03939'' N,13° 09' 46.67792'' E,49.26529,13.16297
14.302275905304471,48.775020888678796,20206080611,Větřní (Jihočeský kraj),2008-09-11 15:50:00,komunikace místní,0,řidičem motorového vozidla,s řidičským oprávněním skupiny d,řidič nebyl ovlivněn,ne,dobrý -žádné nepříznivé okolnosti nebyly zjištěny,0,0,0,2,MERCEDES,nedošlo k požáru,200,"došlo k úniku pohonných hmot, oleje, chl","nákladní automobil (včetně multikáry, au",1999,"soukromá organizace (podnikatel, s.r.o.,",200,nebylo třeba užít násilí,nehoda pouze s hmotnou škodou,čelní,jiné nedání přednosti,"povrch suchý, neznečistěný",neztížené,dobré,na jízdním pruhu,přednost nevyznačena - vyplývá z pravide,přímý úsek,neurčeno,vozidlo jedoucí - na komunikaci bez stan,srážka s vlakem,"nepřichází v úvahu, nejde o srážku s pev",živice,"dobrý, bez závad","ve dne, viditelnost nezhoršená vlivem po",dvoupruhová,žádný způsob řízení provozu,železniční přejezd nezabezpečený,mimo křižovatku,ne,P1612,4003.70164234,Kájov - Hořice na Šumavě,"35,004",Ne,O,,Hojdy,48° 47' 30.25265'' N,14° 15' 14.49418'' E,48.79174,14.25403
14.347484839043144,48.618187946463301,20206080662,Vyšší Brod (Jihočeský kraj),2008-09-30 12:50:00,silnice 2.třídy,163,řidičem motorového vozidla,s řidičským oprávněním skupiny b,řidič nebyl ovlivněn,ne,dobrý -žádné nepříznivé okolnosti nebyly zjištěny,0,0,0,1,ŠKODA,nedošlo k požáru,400,"došlo k úniku pohonných hmot, oleje, chl",osobní automobil bez přívěsu,1995,"soukromé, nevyužívané k výdělečné činnos",200,nebylo třeba užít násilí,nehoda pouze s hmotnou škodou,"nepřichází v úvahu, nejde o srážku jedou","nepř. rychlosti dopravně technickému stavu vozovky (zatáčka,klesání,stoupání,šířka apod.)","povrch suchý, neznečistěný",neztížené,dobré,mimo komunikaci,žádná místní úprava,zatáčka,neurčeno,jedoucí - proti směru staničení na komun,srážka s pevnou překážkou,"sloup - telefonní, veř.osvětlení, el.ved",živice,"dobrý, bez závad","ve dne, viditelnost nezhoršená vlivem po",dvoupruhová,žádný způsob řízení provozu,železniční přejezd zabezpečený,mimo křižovatku,ne,P6116,40.5028429404,Rožmberk n/Vltavou - Vyšší Brod klášter,"8,523",Ano,II.,163,,48° 37' 06.44514'' N,14° 20' 52.24286'' E,48.61846,14.34785
14.463834671995473,48.775054402231397,20206080830,Střítež (Jihočeský kraj),2008-12-22 02:40:00,silnice 1.třídy,3,řidičem motorového vozidla,s řidičským oprávněním skupiny b,řidič nebyl ovlivněn,ne,dobrý -žádné nepříznivé okolnosti nebyly zjištěny,0,1,0,2,ŠKODA,nedošlo k požáru,550,"došlo k úniku pohonných hmot, oleje, chl",osobní automobil bez přívěsu,1989,"soukromé, nevyužívané k výdělečné činnos",150,nebylo třeba užít násilí,nehoda s následky na životě nebo zdraví,z boku,jízda na “červené světlo“,povrch mokrý,neztížené,dobré,na jízdním pruhu,žádná místní úprava,přímý úsek po projetí zatáčkou (do vzdál,neurčeno,jedoucí - ve směru staničení na komunika,srážka s vlakem,"nepřichází v úvahu, nejde o srážku s pev",živice,"dobrý, bez závad","v noci - s veřejným osvětlením,viditelno",dvoupruhová,světelným signalizačním zařízením,železniční přejezd zabezpečený,mimo křižovatku,ne,P5563,19.4409292276,Omlenice - Kaplice,"86,142",Ano,I.,,před žst.Kaplice,48° 46' 30.80291'' N,14° 27' 49.50269'' E,48.77522,14.46375
14.463829317232841,48.775059435616875,20206090030,Střítež (Jihočeský kraj),2009-01-28 05:05:00,silnice 1.třídy,3,řidičem motorového vozidla,s řidičským oprávněním skupiny c,řidič nebyl ovlivněn,ne,dobrý -žádné nepříznivé okolnosti nebyly zjištěny,0,0,0,2,MERCEDES,nedošlo k požáru,26000,žádné z uvedených,nákladní automobil s návěsem,2005,"soukromá organizace (podnikatel, s.r.o.,",10000,použitím speciální vyprošťovací techniky,nehoda pouze s hmotnou škodou,z boku,jiné nedání přednosti,povrch mokrý,sněžení,dobré,na jízdním pruhu,přednost vyznačena přenosnými dopravními,zatáčka,neurčeno,jedoucí - proti směru staničení na komun,srážka s vlakem,"nepřichází v úvahu, nejde o srážku s pev",živice,"dobrý, bez závad","v noci - s veřejným osvětlením,viditelno",dvoupruhová,místní úprava (vyplní se pol. 24),železniční přejezd zabezpečený,mimo křižovatku,ne,P5563,18.7856073969,Omlenice - Kaplice,"86,142",Ano,I.,,před žst.Kaplice,48° 46' 30.80291'' N,14° 27' 49.50269'' E,48.77522,14.46375
14.94705968632751,49.16521091554096,20306070083,Jindřichův Hradec (Jihočeský kraj),2007-01-25 10:05:00,silnice 3.třídy,2311,řidičem motorového vozidla,s řidičským oprávněním skupiny c,řidič nebyl ovlivněn,ne,dobrý -žádné nepříznivé okolnosti nebyly zjištěny,0,2,0,2,jiné vyrobené mimo ČR,nedošlo k požáru,3550,žádné z uvedených,osobní automobil bez přívěsu,2006,"soukromé, nevyužívané k výdělečné činnos",3000,použitím speciální vyprošťovací techniky,nehoda s následky na životě nebo zdraví,z boku,proti příkazu dopravní značky STŮJ DEJ PŘEDNOST,"na vozovce je náledí, ujetý sníh - nepos",neztížené,dobré,na jízdním pruhu,přednost vyznačena dopravními značkami,přímý úsek,neurčeno,jedoucí - ve směru staničení na komunika,srážka s vlakem,"nepřichází v úvahu, nejde o srážku s pev",živice,"dobrý, bez závad","ve dne, viditelnost nezhoršená vlivem po",žádná z uvedených,místní úprava (vyplní se pol. 24),železniční přejezd nezabezpečený,mimo křižovatku,ne,P6158,1.79338083336,Velký Ratmírov - Děbolín,"22,294",Ano,III.,2311,před nz.Děbolín,49° 09' 54.77743'' N,14° 56' 49.47031'' E,49.16522,14.94708