X,Y,id,obec,datum,komunikace,komunika_1,zavineni,ridic_kate,ridic_ovli,vinik_alko,ridic_stav,obeti_usmr,obeti_lehc,obeti_tezc,vozidel_ce,vinik_vozi,vinik_vo_1,skoda,unik_hmot,vinik_vo_2,vinik_vo_3,vinik_vo_4,vinik_skod,vyprosteni,nehoda_cha,srazka_voz,hlavni_pri,povrch_sta,meteo,rozhled,nehoda_pol,prednost_v,smerove_po,druh_krizu,smer_jizdy,nehoda_dru,pevna_prek,povrch_dru,komunika_2,viditelnos,komunika_3,rizeni_pro,objekty,misto_neho,smyk,neighbors_TargetID,neighbors_Distance,neighbors_prejezdy-dec_Název definičního úseku,neighbors_prejezdy-dec_Žkm přejezdu,neighbors_prejezdy-dec_Přejezd s trolejovým vedením,neighbors_prejezdy-dec_Třída pozemní komunikace,neighbors_prejezdy-dec_Číslo pozemní komunikace,neighbors_prejezdy-dec_Místní název přejezdu,neighbors_prejezdy-dec_Zeměpisná šířka,neighbors_prejezdy-dec_Zeměpisná délka,neighbors_prejezdy-dec_field_10,neighbors_prejezdy-dec_field_11
14.852501853381623,49.189466936821219,20306070089,Kardašova Řečice (Jihočeský kraj),2007-01-26 13:20:00,silnice 3.třídy,13525,řidičem motorového vozidla,s řidičským oprávněním skupiny c,řidič nebyl ovlivněn,ne,dobrý -žádné nepříznivé okolnosti nebyly zjištěny,1,0,0,2,MERCEDES,nedošlo k požáru,3900,"došlo k úniku pohonných hmot, oleje, chl","nákladní automobil (včetně multikáry, au",1975,"soukromé, nevyužívané k výdělečné činnos",400,použitím speciální vyprošťovací techniky,nehoda s následky na životě nebo zdraví,z boku,jiné nedání přednosti,"na vozovce je náledí, ujetý sníh - posyp",neztížené,"špatné vlivem okolní zástavby (budovy,pl",na jízdním pruhu,žádná místní úprava,zatáčka,neurčeno,jedoucí - ve směru staničení na komunika,srážka s vlakem,"nepřichází v úvahu, nejde o srážku s pev",živice,"dobrý, bez závad","ve dne, viditelnost nezhoršená vlivem po",dvoupruhová,žádný způsob řízení provozu,železniční přejezd nezabezpečený,mimo křižovatku,ne,P6146,8.18979938073,Doňov - Kardašova Řečice,"12,659",Ano,III.,13525,u Másílka,49° 11' 22.07059'' N,14° 51' 08.61354'' E,49.18946,14.85239
14.935260061439669,48.775526215952894,20306070297,České Velenice (Jihočeský kraj),2007-04-04 17:25:00,silnice 3.třídy,15618,řidičem motorového vozidla,nezjištěno,řidič nebyl ovlivněn,ne,dobrý -žádné nepříznivé okolnosti nebyly zjištěny,0,0,1,2,VOLKSWAGEN,nedošlo k požáru,4500,"došlo k úniku pohonných hmot, oleje, chl",osobní automobil bez přívěsu,2004,registrované mimo území ČR,4000,nebylo třeba užít násilí,nehoda s následky na životě nebo zdraví,z boku,jízda na “červené světlo“,"povrch suchý, neznečistěný",neztížené,dobré,na jízdním pruhu,žádná místní úprava,zatáčka,neurčeno,jedoucí - proti směru staničení na komun,srážka s vlakem,"nepřichází v úvahu, nejde o srážku s pev",živice,"dobrý, bez závad","ve dne, viditelnost nezhoršená vlivem po",žádná z uvedených,světelným signalizačním zařízením,železniční přejezd zabezpečený,mimo křižovatku,ne,P1085,15.9785093899,České Velenice - Nové Hrady,"165,875",Ano,II.,156,"\""Novohradská silnice\""",48° 46' 31.69155'' N,14° 56' 06.20247'' E,48.77547,14.93506
14.729037910099313,49.088795168894762,20306070370,Lomnice nad Lužnicí (Jihočeský kraj),2007-04-26 17:20:00,silnice 2.třídy,148,řidičem nemotorového vozidla,ostatní řidiči vozidel,oslněn sluncem,ne,dobrý -žádné nepříznivé okolnosti nebyly zjištěny,0,0,1,1,žádná z uvedených,nedošlo k požáru,10,žádné z uvedených,jízdní kolo,,"soukromé, nevyužívané k výdělečné činnos",0,nebylo třeba užít násilí,nehoda s následky na životě nebo zdraví,"nepřichází v úvahu, nejde o srážku jedou",řidič se plně nevěnoval řízení vozidla,"povrch suchý, neznečistěný",neztížené,dobré,na jízdním pruhu,žádná místní úprava,přímý úsek,neurčeno,jedoucí - proti směru staničení na komun,srážka s pevnou překážkou,závory železničního přejezdu,živice,"dobrý, bez závad","ve dne, viditelnost nezhoršená vlivem po",žádná z uvedených,žádný způsob řízení provozu,železniční přejezd zabezpečený,mimo křižovatku,ne,P5628,10.8055161105,Třeboň - Lomnice n/Lužnicí,"42,977",Ne,II.,148,před žst.Lomnice n/L.,49° 05' 19.52950'' N,14° 43' 44.05020'' E,49.08876,14.7289
15.097575639240921,49.198168915714383,20306070381,Bednárec (Jihočeský kraj),2007-04-28 22:25:00,silnice 2.třídy,134,řidičem motorového vozidla,s řidičským oprávněním skupiny b,řidič nebyl ovlivněn,nezjišťováno,dobrý -žádné nepříznivé okolnosti nebyly zjištěny,0,0,0,1,MAZDA,nedošlo k požáru,400,žádné z uvedených,osobní automobil bez přívěsu,1992,"soukromé, nevyužívané k výdělečné činnos",300,nebylo třeba užít násilí,nehoda pouze s hmotnou škodou,"nepřichází v úvahu, nejde o srážku jedou",řidič se plně nevěnoval řízení vozidla,"povrch suchý, neznečistěný",neztížené,dobré,na krajnici,žádná místní úprava,zatáčka,neurčeno,jedoucí - ve směru staničení na komunika,srážka s pevnou překážkou,"odrazník, patník, sloupek, dopr.značky a",živice,"dobrý, bez závad","v noci - bez veřejného osvětlení,viditel",dvoupruhová,žádný způsob řízení provozu,železniční přejezd zabezpečený,mimo křižovatku,ne,P6176,7.30448306167,Jarošov n/Nežárkou - Kamenný Malíkov,"37,235",Ano,II.,134,,49° 11' 53.20064'' N,15° 05' 51.44935'' E,49.19811,15.09762
15.040338605918242,49.149713368928715,20306070656,Jindřichův Hradec (Jihočeský kraj),2007-07-07 10:10:00,silnice 3.třídy,344,řidičem motorového vozidla,s řidičským oprávněním skupiny b,řidič nebyl ovlivněn,ne,dobrý -žádné nepříznivé okolnosti nebyly zjištěny,0,2,0,2,AUDI,nedošlo k požáru,700,žádné z uvedených,osobní automobil bez přívěsu,1995,"soukromé, nevyužívané k výdělečné činnos",600,nebylo třeba užít násilí,nehoda s následky na životě nebo zdraví,z boku,řidič se plně nevěnoval řízení vozidla,"povrch suchý, neznečistěný",neztížené,"špatné vlivem trvalé vegetace (stromy,ke",na jízdním pruhu,přednost vyznačena dopravními značkami,přímý úsek,neurčeno,jedoucí - ve směru staničení na komunika,srážka s vlakem,"nepřichází v úvahu, nejde o srážku s pev",živice,"dobrý, bez závad","ve dne, viditelnost nezhoršená vlivem po",žádná z uvedených,místní úprava (vyplní se pol. 24),železniční přejezd nezabezpečený,mimo křižovatku,ne,P6167,1405.76418082,Jindřichův Hradec stav.5 (Kanclov) - Jarošov n/Nežárkou,"29,783",Ano,O,,,49° 09' 41.76589'' N,15° 02' 01.61831'' E,49.1616,15.03378
15.349867401595121,49.001899400226499,20306070692,Slavonice (Jihočeský kraj),2007-07-10 08:15:00,silnice 2.třídy,409,řidičem motorového vozidla,s řidičským oprávněním skupiny c,řidič nebyl ovlivněn,ne,dobrý -žádné nepříznivé okolnosti nebyly zjištěny,0,0,0,2,IVECO,nedošlo k požáru,200,žádné z uvedených,"nákladní automobil (včetně multikáry, au",1999,"soukromá organizace (podnikatel, s.r.o.,",50,nebylo třeba užít násilí,nehoda pouze s hmotnou škodou,z boku,proti příkazu dopravní značky STŮJ DEJ PŘEDNOST,"povrch suchý, neznečistěný",neztížené,dobré,na jízdním pruhu,přednost vyznačena dopravními značkami,přímý úsek,neurčeno,jedoucí - ve směru staničení na komunika,srážka s vlakem,"nepřichází v úvahu, nejde o srážku s pev",živice,"dobrý, bez závad","ve dne, viditelnost nezhoršená vlivem po",dvoupruhová,místní úprava (vyplní se pol. 24),železniční přejezd nezabezpečený,mimo křižovatku,ne,P6442,3.11698392866,Slavonice - JEDNOTA,"38,472",Ne,II.,409,,49° 00' 06.85396'' N,15° 20' 59.66657'' E,49.0019,15.34991
14.920465038784483,49.166580175036302,20306070770,Jindřichův Hradec (Jihočeský kraj),2007-07-25 12:15:00,silnice 1.třídy,23,řidičem motorového vozidla,s řidičským oprávněním skupiny d,řidič nebyl ovlivněn,ne,dobrý -žádné nepříznivé okolnosti nebyly zjištěny,0,0,0,1,IVECO,nedošlo k požáru,50,žádné z uvedených,nákladní automobil s návěsem,1998,"soukromá organizace (podnikatel, s.r.o.,",0,nebylo třeba užít násilí,nehoda pouze s hmotnou škodou,"nepřichází v úvahu, nejde o srážku jedou",řidič se plně nevěnoval řízení vozidla,"povrch suchý, neznečistěný",neztížené,dobré,na jízdním pruhu,žádná místní úprava,přímý úsek,neurčeno,jedoucí - ve směru staničení na komunika,srážka s pevnou překážkou,závory železničního přejezdu,živice,"dobrý, bez závad","ve dne, viditelnost nezhoršená vlivem po",dvoupruhová,světelným signalizačním zařízením,železniční přejezd zabezpečený,mimo křižovatku,ne,P6156,14.0407617742,Kardašova Řečice - Velký Ratmírov,"19,363",Ano,I.,23,Barbora,49° 10' 00.08375'' N,14° 55' 14.01958'' E,49.16669,14.92056
14.796186323602239,49.207677325945696,20306070877,Záhoří (Jihočeský kraj),2007-08-14 23:59:00,silnice 1.třídy,23,řidičem motorového vozidla,nezjištěno,jiné ovlivnění,nezjišťováno,jiný nepříznivý stav,0,0,0,1,žádná z uvedených,žádná z uvedených,10,žádné z uvedených,"nezjištěno, řidič ujel",,žádná z uvedených,0,žádná z uvedených,nehoda pouze s hmotnou škodou,"nepřichází v úvahu, nejde o srážku jedou",řidič se plně nevěnoval řízení vozidla,"povrch suchý, neznečistěný",neztížené,dobré,na jízdním pruhu,žádná místní úprava,přímý úsek,neurčeno,žádná z uvedených,srážka s pevnou překážkou,závory železničního přejezdu,živice,"dobrý, bez závad","ve dne, viditelnost nezhoršená vlivem po",dvoupruhová,žádný způsob řízení provozu,železniční přejezd zabezpečený,mimo křižovatku,ne,P6141,1.48434028543,Veselí n/ Lužnicí - Doňov,"7,383",Ano,I.,23,před žst.Doňov,49° 12' 27.68403'' N,14° 47' 46.23811'' E,49.20769,14.79618
14.942039091335978,48.77615531045101,20306070944,České Velenice (Jihočeský kraj),2007-08-26 23:59:00,silnice 3.třídy,15618,řidičem motorového vozidla,"nezjištěno, řidič místo nehody opustil",jiné ovlivnění,nezjišťováno,jiný nepříznivý stav,0,0,0,1,MERCEDES,řidič ujel - nezjištěn,1100,"došlo k úniku pohonných hmot, oleje, chl",nákladní automobil s návěsem,,registrované mimo území ČR,1000,nebylo třeba užít násilí,nehoda pouze s hmotnou škodou,"nepřichází v úvahu, nejde o srážku jedou",řidič se plně nevěnoval řízení vozidla,"povrch suchý, neznečistěný",neztížené,dobré,mimo komunikaci,žádná místní úprava,přímý úsek,neurčeno,jedoucí - proti směru staničení na komun,srážka s pevnou překážkou,"sloup - telefonní, veř.osvětlení, el.ved",živice,"dobrý, bez závad","v noci - bez veřejného osvětlení,viditel",žádná z uvedených,žádný způsob řízení provozu,železniční přejezd zabezpečený,mimo křižovatku,ne,P5582,10.1351309973,České Velenice - Nová Ves n/Lužnicí,"1,742",Ne,II.,156,bývalé stanoviště PS,48° 46' 34.46498'' N,14° 56' 31.53749'' E,48.77624,14.94209
14.880695220145778,48.917248366674521,20306070976,Cep (Jihočeský kraj),2007-09-09 05:30:00,silnice 1.třídy,24,řidičem motorového vozidla,s řidičským oprávněním skupiny c,řidič nebyl ovlivněn,ne,dobrý -žádné nepříznivé okolnosti nebyly zjištěny,0,0,0,1,FORD,nedošlo k požáru,450,"došlo k úniku pohonných hmot, oleje, chl",osobní automobil bez přívěsu,2006,registrované mimo území ČR,450,nebylo třeba užít násilí,nehoda pouze s hmotnou škodou,"nepřichází v úvahu, nejde o srážku jedou","nepř. rychlosti dopravně technickému stavu vozovky (zatáčka,klesání,stoupání,šířka apod.)",povrch mokrý,déšť,dobré,mimo komunikaci,žádná místní úprava,zatáčka,neurčeno,jedoucí - ve směru staničení na komunika,srážka s pevnou překážkou,"jiná překážka (zábradlí,oplocení,násep,n",živice,"dobrý, bez závad","ve dne, zhoršená viditelnost (svítání,so",dvoupruhová,světelným signalizačním zařízením,železniční přejezd zabezpečený,mimo křižovatku,ano,P5603,7.6002381697,Suchdol n/Lužnicí - Majdalena,"18,694",Ne,I.,24,,48° 55' 02.32188'' N,14° 52' 50.64644'' E,48.91731,14.88074
15.0946389018068,49.140085445963322,20306071142,Blažejov (Jihočeský kraj),2007-10-18 17:15:00,silnice 3.třídy,1347,řidičem motorového vozidla,s řidičským oprávněním skupiny c,řidič nebyl ovlivněn,ne,dobrý -žádné nepříznivé okolnosti nebyly zjištěny,0,0,0,2,FORD,nedošlo k požáru,450,žádné z uvedených,osobní automobil bez přívěsu,1993,"soukromá organizace (podnikatel, s.r.o.,",400,nebylo třeba užít násilí,nehoda pouze s hmotnou škodou,z boku,jiné nedání přednosti,povrch mokrý,"na počátku deště, slabý déšť",dobré,na jízdním pruhu,přednost nevyznačena - vyplývá z pravide,přímý úsek,neurčeno,jedoucí - proti směru staničení na komun,srážka s vlakem,"nepřichází v úvahu, nejde o srážku s pev",živice,"dobrý, bez závad","ve dne, zhoršená viditelnost (svítání,so",žádná z uvedených,místní úprava (vyplní se pol. 24),železniční přejezd nezabezpečený,mimo křižovatku,ne,P6169,4278.41122652,Jindřichův Hradec stav.5 (Kanclov) - Jarošov n/Nežárkou,"31,807",Ano,O,,,49° 10' 08.47666'' N,15° 03' 21.52455'' E,49.16902,15.05598
15.066977716928585,49.236303598424804,20306071143,Nová Včelnice (Jihočeský kraj),2007-10-18 22:25:00,silnice 3.třídy,12826,řidičem motorového vozidla,s řidičským oprávněním skupiny c,řidič nebyl ovlivněn,ne,dobrý -žádné nepříznivé okolnosti nebyly zjištěny,0,0,0,2,OPEL,nedošlo k požáru,900,žádné z uvedených,osobní automobil bez přívěsu,2007,"soukromá organizace (podnikatel, s.r.o.,",450,nebylo třeba užít násilí,nehoda pouze s hmotnou škodou,z boku,proti příkazu dopravní značky STŮJ DEJ PŘEDNOST,povrch mokrý,"na počátku deště, slabý déšť",dobré,na jízdním pruhu,přednost vyznačena dopravními značkami,přímý úsek,neurčeno,jedoucí - proti směru staničení na komun,srážka s vlakem,"nepřichází v úvahu, nejde o srážku s pev",živice,"dobrý, bez závad","v noci - s veřejným osvětlením, zhoršená",dvoupruhová,místní úprava (vyplní se pol. 24),železniční přejezd nezabezpečený,mimo křižovatku,ne,P6176,4798.21520376,Jarošov n/Nežárkou - Kamenný Malíkov,"37,235",Ano,II.,134,,49° 11' 53.20064'' N,15° 05' 51.44935'' E,49.19811,15.09762
15.032644830438388,49.17164519753122,20306071166,Horní Skrýchov (Jihočeský kraj),2007-10-23 19:40:00,silnice 3.třídy,12833,řidičem motorového vozidla,s řidičským oprávněním skupiny d,řidič nebyl ovlivněn,"ano, obsah alkoholu v&nbsp;krvi do 0,99‰ (2)","pod vlivem alkoholu, obsah alkoholu v krvi do 0,99‰",0,0,0,2,PEUGEOT,nedošlo k požáru,600,žádné z uvedených,osobní automobil s přívěsem,2001,"soukromé, nevyužívané k výdělečné činnos",300,nebylo třeba užít násilí,nehoda pouze s hmotnou škodou,z boku,jiné nedání přednosti,povrch mokrý,déšť,dobré,na jízdním pruhu,přednost nevyznačena - vyplývá z pravide,přímý úsek,neurčeno,jedoucí - proti směru staničení na komun,srážka s vlakem,"nepřichází v úvahu, nejde o srážku s pev",živice,"dobrý, bez závad","ve dne, zhoršená viditelnost (svítání,so",žádná z uvedených,místní úprava (vyplní se pol. 24),železniční přejezd nezabezpečený,mimo křižovatku,ne,P6165,1115.54397035,žst. Jindřichův Hradec - žst. J.Hradec stav.4 (Dol.Skrýchov),"28,788",Ano,O,,st.4 J.Hradec-Dolní Skrýchov,49° 09' 52.75738'' N,15° 01' 18.03747'' E,49.16465,15.02168
15.066886352358141,49.236324821840363,20306071294,Nová Včelnice (Jihočeský kraj),2007-11-26 16:26:00,silnice 3.třídy,12826,řidičem motorového vozidla,s řidičským oprávněním skupiny c,řidič nebyl ovlivněn,ne,dobrý -žádné nepříznivé okolnosti nebyly zjištěny,0,0,0,2,ŠKODA,nedošlo k požáru,800,žádné z uvedených,"nákladní automobil (včetně multikáry, au",2003,"soukromá organizace (podnikatel, s.r.o.,",400,nebylo třeba užít násilí,nehoda pouze s hmotnou škodou,z boku,"nepř. rychlosti stavu vozovky (náledí, výtluky, bláto, mokrý povrch apod.)","na vozovce je náledí, ujetý sníh - nepos",sněžení,dobré,na jízdním pruhu,přednost vyznačena dopravními značkami,přímý úsek,neurčeno,jedoucí - ve směru staničení na komunika,srážka s vlakem,"nepřichází v úvahu, nejde o srážku s pev",živice,"dobrý, bez závad","ve dne, zhoršená viditelnost vlivem pově",dvoupruhová,místní úprava (vyplní se pol. 24),železniční přejezd nezabezpečený,mimo křižovatku,ano,P6176,4803.40296459,Jarošov n/Nežárkou - Kamenný Malíkov,"37,235",Ano,II.,134,,49° 11' 53.20064'' N,15° 05' 51.44935'' E,49.19811,15.09762
14.865552831141159,48.953417800758722,20306071307,Majdalena (Jihočeský kraj),2007-11-30 06:45:00,komunikace místní,0,řidičem motorového vozidla,s řidičským oprávněním skupiny c,řidič nebyl ovlivněn,ne,dobrý -žádné nepříznivé okolnosti nebyly zjištěny,0,0,0,1,SCANIA,nedošlo k požáru,50,žádné z uvedených,nákladní automobil s přívěsem,2000,"soukromá organizace (podnikatel, s.r.o.,",0,nebylo třeba užít násilí,nehoda pouze s hmotnou škodou,"nepřichází v úvahu, nejde o srážku jedou","nepřizpůsobení rychlosti viditelnosti (mlha, soumrak, jízda na tlumená světla apod.)","na vozovce je náledí, ujetý sníh - nepos",sněžení,dobré,na jízdním pruhu,přednost nevyznačena - vyplývá z pravide,přímý úsek,neurčeno,vozidlo jedoucí - na komunikaci bez stan,srážka s pevnou překážkou,závory železničního přejezdu,živice,"dobrý, bez závad","ve dne, zhoršená viditelnost vlivem pově",dvoupruhová,místní úprava (vyplní se pol. 24),železniční přejezd zabezpečený,mimo křižovatku,ne,P5606,29.4152950195,Majdalena - Třeboň,"22,95",Ne,O,,sloupárna Majdalena,48° 57' 13.23409'' N,14° 51' 55.78493'' E,48.95368,14.8655
14.749585152090708,49.054013550977388,20306071438,Lužnice (Jihočeský kraj),2007-12-28 22:30:00,silnice 1.třídy,24,řidičem motorového vozidla,"nezjištěno, řidič místo nehody opustil",jiné ovlivnění,nezjišťováno,jiný nepříznivý stav,0,0,0,1,OPEL,nedošlo k požáru,400,žádné z uvedených,osobní automobil bez přívěsu,1993,"soukromé, nevyužívané k výdělečné činnos",300,nebylo třeba užít násilí,nehoda pouze s hmotnou škodou,"nepřichází v úvahu, nejde o srážku jedou","jízda po nesprávné straně, vjetí do protisměru","povrch suchý, neznečistěný",neztížené,dobré,mimo komunikaci,žádná místní úprava,zatáčka,neurčeno,jedoucí - proti směru staničení na komun,srážka s pevnou překážkou,"odrazník, patník, sloupek, dopr.značky a",živice,"dobrý, bez závad","v noci - bez veřejného osvětlení,viditel",dvoupruhová,žádný způsob řízení provozu,železniční přejezd zabezpečený,mimo křižovatku,ne,P5622,21.0465421014,Třeboň - Lomnice n/Lužnicí,"38,555",Ne,I.,24,zastávka Lužnice,49° 03' 14.65260'' N,14° 44' 59.48228'' E,49.05407,14.74986
15.040155672953514,49.149726952607281,20306071440,Jindřichův Hradec (Jihočeský kraj),2007-12-29 15:05:00,silnice 3.třídy,344,řidičem motorového vozidla,s řidičským oprávněním skupiny d,řidič nebyl ovlivněn,ne,dobrý -žádné nepříznivé okolnosti nebyly zjištěny,0,0,0,2,PEUGEOT,nedošlo k požáru,1100,"došlo k úniku pohonných hmot, oleje, chl",osobní automobil bez přívěsu,2003,"soukromé, nevyužívané k výdělečné činnos",1000,nebylo třeba užít násilí,nehoda pouze s hmotnou škodou,z boku,řidič se plně nevěnoval řízení vozidla,"povrch suchý, neznečistěný",neztížené,"špatné vlivem okolní zástavby (budovy,pl",na jízdním pruhu,žádná místní úprava,přímý úsek,neurčeno,jedoucí - ve směru staničení na komunika,srážka s vlakem,"nepřichází v úvahu, nejde o srážku s pev",živice,"dobrý, bez závad","ve dne, viditelnost nezhoršená vlivem po",žádná z uvedených,žádný způsob řízení provozu,železniční přejezd nezabezpečený,mimo křižovatku,ne,P6167,1399.85487083,Jindřichův Hradec stav.5 (Kanclov) - Jarošov n/Nežárkou,"29,783",Ano,O,,,49° 09' 41.76589'' N,15° 02' 01.61831'' E,49.1616,15.03378
15.047707980202969,49.200058683227098,20306080286,Jarošov nad Nežárkou (Jihočeský kraj),2008-04-04 19:40:00,silnice 3.třídy,12835,řidičem motorového vozidla,s řidičským oprávněním skupiny d,řidič nebyl ovlivněn,nezjišťováno,jiný nepříznivý stav,0,1,0,1,FORD,nedošlo k požáru,255,žádné z uvedených,osobní automobil bez přívěsu,1994,"soukromé, nevyužívané k výdělečné činnos",250,nebylo třeba užít násilí,nehoda s následky na životě nebo zdraví,"nepřichází v úvahu, nejde o srážku jedou","nepř. rychlosti dopravně technickému stavu vozovky (zatáčka,klesání,stoupání,šířka apod.)","povrch suchý, znečist. (písek,listí,štěr",neztížené,dobré,na krajnici,žádná místní úprava,zatáčka,neurčeno,jedoucí - ve směru staničení na komunika,srážka s pevnou překážkou,"odrazník, patník, sloupek, dopr.značky a",živice,"dobrý, bez závad","ve dne, zhoršená viditelnost (svítání,so",žádná z uvedených,žádný způsob řízení provozu,železniční přejezd nezabezpečený,mimo křižovatku,ano,P6172,2842.19562539,Jindřichův Hradec stav.5 (Kanclov) - Jarošov n/Nežárkou,"33,338",Ano,O,,před žst.Jarošov n/Než.,49° 10' 44.17227'' N,15° 04' 10.81183'' E,49.17894,15.06967
14.795995577704504,49.207729822251643,20306080356,Záhoří (Jihočeský kraj),2008-05-05 18:50:00,silnice 1.třídy,23,řidičem motorového vozidla,nezjištěno,jiné ovlivnění,nezjišťováno,jiný nepříznivý stav,0,0,0,1,žádná z uvedených,žádná z uvedených,10,žádné z uvedených,"nezjištěno, řidič ujel",,žádná z uvedených,0,žádná z uvedených,nehoda pouze s hmotnou škodou,"nepřichází v úvahu, nejde o srážku jedou",řidič se plně nevěnoval řízení vozidla,"povrch suchý, neznečistěný",neztížené,dobré,na jízdním pruhu,žádná místní úprava,přímý úsek,neurčeno,žádná z uvedených,srážka s pevnou překážkou,závory železničního přejezdu,živice,"dobrý, bez závad","ve dne, viditelnost nezhoršená vlivem po",dvoupruhová,žádný způsob řízení provozu,železniční přejezd zabezpečený,mimo křižovatku,ne,P6141,14.1474659199,Veselí n/ Lužnicí - Doňov,"7,383",Ano,I.,23,před žst.Doňov,49° 12' 27.68403'' N,14° 47' 46.23811'' E,49.20769,14.79618
14.749869144796468,49.054064551351509,20306080362,Lužnice (Jihočeský kraj),2008-05-05 09:00:00,silnice 1.třídy,24,řidičem motorového vozidla,nezjištěno,jiné ovlivnění,nezjišťováno,jiný nepříznivý stav,0,0,0,1,žádná z uvedených,žádná z uvedených,250,žádné z uvedených,"nezjištěno, řidič ujel",,žádná z uvedených,0,žádná z uvedených,nehoda pouze s hmotnou škodou,"nepřichází v úvahu, nejde o srážku jedou",řidič se plně nevěnoval řízení vozidla,"povrch suchý, neznečistěný",neztížené,dobré,na jízdním pruhu,žádná místní úprava,zatáčka,neurčeno,žádná z uvedených,srážka s pevnou překážkou,"jiná překážka (zábradlí,oplocení,násep,n",živice,"dobrý, bez závad","ve dne, viditelnost nezhoršená vlivem po",dvoupruhová,žádný způsob řízení provozu,železniční přejezd zabezpečený,mimo křižovatku,ne,P5622,0.903504362598,Třeboň - Lomnice n/Lužnicí,"38,555",Ne,I.,24,zastávka Lužnice,49° 03' 14.65260'' N,14° 44' 59.48228'' E,49.05407,14.74986
14.934916066661495,48.775524212281191,20306080438,České Velenice (Jihočeský kraj),2008-06-06 05:15:00,silnice 3.třídy,15618,řidičem motorového vozidla,s řidičským oprávněním skupiny b,řidič nebyl ovlivněn,"ano, obsah alkoholu v&nbsp;krvi do 0,99‰ (2)","pod vlivem alkoholu, obsah alkoholu v krvi do 0,99‰",0,0,0,1,VOLKSWAGEN,nedošlo k požáru,1200,"došlo k úniku pohonných hmot, oleje, chl",osobní automobil bez přívěsu,2000,registrované mimo území ČR,800,nebylo třeba užít násilí,nehoda pouze s hmotnou škodou,"nepřichází v úvahu, nejde o srážku jedou","nepř. rychlosti dopravně technickému stavu vozovky (zatáčka,klesání,stoupání,šířka apod.)","povrch suchý, neznečistěný",neztížené,dobré,na krajnici,žádná místní úprava,zatáčka,neurčeno,jedoucí - ve směru staničení na komunika,srážka s pevnou překážkou,"odrazník, patník, sloupek, dopr.značky a",živice,"dobrý, bez závad","ve dne, zhoršená viditelnost (svítání,so",žádná z uvedených,žádný způsob řízení provozu,železniční přejezd zabezpečený,mimo křižovatku,ano,P1085,12.1753928271,České Velenice - Nové Hrady,"165,875",Ano,II.,156,"\""Novohradská silnice\""",48° 46' 31.69155'' N,14° 56' 06.20247'' E,48.77547,14.93506
14.854656240306717,49.188637382977035,20306080533,Kardašova Řečice (Jihočeský kraj),2008-06-29 14:30:00,komunikace místní,0,řidičem motorového vozidla,bez příslušného řidičského oprávnění,řidič nebyl ovlivněn,"ano, obsah alkoholu v&nbsp;krvi do 0,99‰ (2)","pod vlivem alkoholu, obsah alkoholu v krvi do 0,99‰",0,1,0,2,jiné vyrobené mimo ČR,nedošlo k požáru,10,žádné z uvedených,"motocykl (včetně sidecarů, skútrů apod.)",,"soukromé, nevyužívané k výdělečné činnos",10,nebylo třeba užít násilí,nehoda s následky na životě nebo zdraví,boční,jízda na “červené světlo“,"povrch suchý, znečist. (písek,listí,štěr",neztížené,dobré,na jízdním pruhu,žádná místní úprava,přímý úsek,neurčeno,vozidlo jedoucí - na komunikaci bez stan,srážka s vlakem,"nepřichází v úvahu, nejde o srážku s pev",živice,"dobrý, bez závad","ve dne, viditelnost nezhoršená vlivem po",dvoupruhová,světelným signalizačním zařízením,železniční přejezd zabezpečený,mimo křižovatku,ne,P6147,1.44031466713,Doňov - Kardašova Řečice,"12,846",Ano,C,,na Kopečku,49° 11' 19.07804'' N,14° 51' 16.68731'' E,49.18863,14.85464
15.0639377585884,49.145946761107993,20306080586,Rodvínov (Jihočeský kraj),2008-07-14 13:30:00,komunikace účelová - ostatní (parkoviště apod.),0,řidičem motorového vozidla,s řidičským oprávněním skupiny b,řidič nebyl ovlivněn,ne,dobrý -žádné nepříznivé okolnosti nebyly zjištěny,0,2,0,2,FORD,nedošlo k požáru,900,žádné z uvedených,osobní automobil bez přívěsu,1997,"soukromé, nevyužívané k výdělečné činnos",400,nebylo třeba užít násilí,nehoda s následky na životě nebo zdraví,z boku,jiné nedání přednosti,povrch mokrý,"na počátku deště, slabý déšť","špatné vlivem trvalé vegetace (stromy,ke",na jízdním pruhu,přednost nevyznačena - vyplývá z pravide,přímý úsek po projetí zatáčkou (do vzdál,neurčeno,vozidlo jedoucí - na komunikaci bez stan,srážka s vlakem,"nepřichází v úvahu, nejde o srážku s pev",jiný nezpevněný povrch,"dobrý, bez závad","ve dne, viditelnost nezhoršená vlivem po",žádná z uvedených,místní úprava (vyplní se pol. 24),železniční přejezd nezabezpečený,mimo křižovatku,ne,P6168,2599.69860215,Jindřichův Hradec stav.5 (Kanclov) - Jarošov n/Nežárkou,"31,534",Ano,A,,zast.Rodvínov,49° 10' 05.13568'' N,15° 03' 09.04043'' E,49.16809,15.05251
14.880586300151542,48.917190843218691,20306080609,Cep (Jihočeský kraj),2008-07-22 12:50:00,silnice 1.třídy,24,řidičem motorového vozidla,s řidičským oprávněním skupiny d,řidič nebyl ovlivněn,ne,dobrý -žádné nepříznivé okolnosti nebyly zjištěny,0,1,0,2,RENAULT,nedošlo k požáru,6000,žádné z uvedených,nákladní automobil s návěsem,2002,registrované mimo území ČR,1000,nebylo třeba užít násilí,nehoda s následky na životě nebo zdraví,boční,"nepř. rychlosti stavu vozovky (náledí, výtluky, bláto, mokrý povrch apod.)",povrch mokrý,déšť,dobré,na jízdním pruhu,žádná místní úprava,zatáčka,neurčeno,jedoucí - ve směru staničení na komunika,srážka s jedoucím nekolejovým vozidlem,"nepřichází v úvahu, nejde o srážku s pev",živice,"dobrý, bez závad","ve dne, zhoršená viditelnost vlivem pově",dvoupruhová,žádný způsob řízení provozu,železniční přejezd zabezpečený,mimo křižovatku,ano,P5603,17.3928526321,Suchdol n/Lužnicí - Majdalena,"18,694",Ne,I.,24,,48° 55' 02.32188'' N,14° 52' 50.64644'' E,48.91731,14.88074