X,Y,id,obec,datum,komunikace,komunika_1,zavineni,ridic_kate,ridic_ovli,vinik_alko,ridic_stav,obeti_usmr,obeti_lehc,obeti_tezc,vozidel_ce,vinik_vozi,vinik_vo_1,skoda,unik_hmot,vinik_vo_2,vinik_vo_3,vinik_vo_4,vinik_skod,vyprosteni,nehoda_cha,srazka_voz,hlavni_pri,povrch_sta,meteo,rozhled,nehoda_pol,prednost_v,smerove_po,druh_krizu,smer_jizdy,nehoda_dru,pevna_prek,povrch_dru,komunika_2,viditelnos,komunika_3,rizeni_pro,objekty,misto_neho,smyk,neighbors_TargetID,neighbors_Distance,neighbors_prejezdy-dec_Název definičního úseku,neighbors_prejezdy-dec_Žkm přejezdu,neighbors_prejezdy-dec_Přejezd s trolejovým vedením,neighbors_prejezdy-dec_Třída pozemní komunikace,neighbors_prejezdy-dec_Číslo pozemní komunikace,neighbors_prejezdy-dec_Místní název přejezdu,neighbors_prejezdy-dec_Zeměpisná šířka,neighbors_prejezdy-dec_Zeměpisná délka,neighbors_prejezdy-dec_field_10,neighbors_prejezdy-dec_field_11
15.275104012456664,49.367517924082655,20406080401,Dobrá Voda (Kraj Vysočina),2008-06-16 13:22:00,silnice 2.třídy,112,řidičem motorového vozidla,s řidičským oprávněním skupiny b,řidič nebyl ovlivněn,ne,dobrý -žádné nepříznivé okolnosti nebyly zjištěny,0,0,0,2,RENAULT,nedošlo k požáru,1100,žádné z uvedených,osobní automobil bez přívěsu,2001,"soukromé, nevyužívané k výdělečné činnos",600,nebylo třeba užít násilí,nehoda pouze s hmotnou škodou,z boku,jiné nedání přednosti,"povrch suchý, neznečistěný",neztížené,"špatné vlivem přechodné vegetace (tráva,",na jízdním pruhu,přednost vyznačena dopravními značkami,křižovatka styková - tříramenná,silnice 3.třídy,zachycuje směr jízdy křižovatkou,srážka s vlakem,"nepřichází v úvahu, nejde o srážku s pev",živice,"dobrý, bez závad","ve dne, viditelnost nezhoršená vlivem po",dvoupruhová,místní úprava (vyplní se pol. 24),železniční přejezd zabezpečený,"na křižovatce, uvnitř hranic křižovatky",ne,P6340,11.1568170605,Dobrá Voda u Pelhřimova - Pelhřimov,"9,713",Ne,II.,112,,49° 22' 02.75354'' N,15° 16' 30.12393'' E,49.36743,15.27503
15.365784952432669,49.532574229238058,20406080743,Humpolec (Kraj Vysočina),2008-10-30 06:37:00,silnice 2.třídy,523,řidičem motorového vozidla,s řidičským oprávněním skupiny b,řidič nebyl ovlivněn,"ano, obsah alkoholu v&nbsp;krvi do 0,99‰ (2)","pod vlivem alkoholu, obsah alkoholu v krvi do 0,99‰",0,0,0,2,ŠKODA,nedošlo k požáru,750,žádné z uvedených,osobní automobil bez přívěsu,1999,"soukromé, nevyužívané k výdělečné činnos",700,nebylo třeba užít násilí,nehoda pouze s hmotnou škodou,z boku,jiné nedání přednosti,povrch mokrý,neztížené,špatné vlivem profilu komunikace (nepřeh,na jízdním pruhu,žádná místní úprava,přímý úsek po projetí zatáčkou (do vzdál,neurčeno,jedoucí - ve směru staničení na komunika,srážka s vlakem,"nepřichází v úvahu, nejde o srážku s pev",živice,"dobrý, bez závad","ve dne, viditelnost nezhoršená vlivem po",dvoupruhová,žádný způsob řízení provozu,železniční přejezd nezabezpečený,mimo křižovatku,ne,P3805,12.0344316356,Herálec - Humpolec,"23,633",Ne,II.,523,silnice na Jihlavu,49° 31' 57.64742'' N,15° 21' 56.95128'' E,49.53268,15.36582
15.228715743863404,49.404357909042872,20406080800,Pelhřimov (Kraj Vysočina),2008-11-26 10:28:00,silnice 2.třídy,112,řidičem motorového vozidla,s řidičským oprávněním skupiny c,řidič nebyl ovlivněn,ne,dobrý -žádné nepříznivé okolnosti nebyly zjištěny,0,1,0,2,MERCEDES,nedošlo k požáru,10000,žádné z uvedených,nákladní automobil s návěsem,2004,"soukromá organizace (podnikatel, s.r.o.,",500,nebylo třeba užít násilí,nehoda s následky na životě nebo zdraví,čelní,nesprávné otáčení nebo couvání,povrch mokrý,neztížené,dobré,na jízdním pruhu,přednost vyznačena dopravními značkami,křižovatka styková - tříramenná,místní komunikace,zachycuje směr jízdy křižovatkou,srážka s vlakem,"nepřichází v úvahu, nejde o srážku s pev",živice,"dobrý, bez závad","ve dne, viditelnost nezhoršená vlivem po",dvoupruhová,místní úprava (vyplní se pol. 24),železniční přejezd nezabezpečený,uvnitř zóny 2 předmětné křižovatky,ne,P6351,19.5337076041,Dobrá Voda u Pelhřimova - Pelhřimov,"16,251",Ne,O,,AGROALFA,49° 24' 15.58870'' N,15° 13' 42.41660'' E,49.40433,15.22845
14.109946721188452,49.327676574254596,20506070176,Písek (Jihočeský kraj),2007-03-15 09:03:00,silnice 1.třídy,20,řidičem motorového vozidla,s řidičským oprávněním skupiny c,řidič nebyl ovlivněn,ne,dobrý -žádné nepříznivé okolnosti nebyly zjištěny,0,0,1,2,RENAULT,nedošlo k požáru,1600,"došlo k úniku pohonných hmot, oleje, chl","nákladní automobil (včetně multikáry, au",1997,"soukromé, nevyužívané k výdělečné činnos",1000,nebylo třeba užít násilí,nehoda s následky na životě nebo zdraví,z boku,jiné nedání přednosti,"povrch suchý, neznečistěný",neztížené,dobré,na jízdním pruhu,žádná místní úprava,přímý úsek,neurčeno,jedoucí - ve směru staničení na komunika,srážka s vlakem,"nepřichází v úvahu, nejde o srážku s pev",živice,"dobrý, bez závad","ve dne, viditelnost nezhoršená vlivem po",dvoupruhová,žádný způsob řízení provozu,železniční přejezd zabezpečený,mimo křižovatku,ne,P488,1.20943706206,Písek - Čížová,"17,132",Ne,B,,Dobešický,49° 19' 39.61583'' N,14° 06' 35.86331'' E,49.32767,14.10996
14.203486117661855,49.215627049338607,20506070350,Protivín (Jihočeský kraj),2007-05-10 06:54:00,silnice 3.třídy,1404,řidičem motorového vozidla,nezjištěno,jiné ovlivnění,nezjišťováno,jiný nepříznivý stav,0,0,0,1,žádná z uvedených,žádná z uvedených,60,žádné z uvedených,"nezjištěno, řidič ujel",,žádná z uvedených,0,žádná z uvedených,nehoda pouze s hmotnou škodou,"nepřichází v úvahu, nejde o srážku jedou",jiný druh nesprávného způsobu jízdy,"povrch suchý, neznečistěný",neztížené,dobré,na jízdním pruhu,přednost vyznačena dopravními značkami,křižovatka průsečná - čtyřramenná,místní komunikace,žádná z uvedených,srážka s pevnou překážkou,závory železničního přejezdu,živice,"dobrý, bez závad","ve dne, viditelnost nezhoršená vlivem po",dvoupruhová,místní úprava (vyplní se pol. 24),železniční přejezd zabezpečený,"na křižovatce, uvnitř hranic křižovatky",ne,P1150,2.74586233574,Protivín - Ražice,"250,568",Ano,III.,1404,U Protivína,49° 12' 56.23070'' N,14° 12' 12.40633'' E,49.21562,14.20345
14.028036564190689,49.513352538214882,20506070370,Mirovice (Jihočeský kraj),2007-05-14 14:15:00,silnice 1.třídy,19,řidičem motorového vozidla,s řidičským oprávněním skupiny b,řidič nebyl ovlivněn,ne,dobrý -žádné nepříznivé okolnosti nebyly zjištěny,0,0,1,2,ŠKODA,nedošlo k požáru,600,žádné z uvedených,osobní automobil bez přívěsu,1987,"soukromé, nevyužívané k výdělečné činnos",100,nebylo třeba užít násilí,nehoda s následky na životě nebo zdraví,z boku,jiné nedání přednosti,"povrch suchý, neznečistěný",neztížené,dobré,na jízdním pruhu,přednost vyznačena dopravními značkami,křižovatka styková - tříramenná,místní komunikace,zachycuje směr jízdy křižovatkou,srážka s vlakem,"nepřichází v úvahu, nejde o srážku s pev",živice,"dobrý, bez závad","ve dne, viditelnost nezhoršená vlivem po",dvoupruhová,místní úprava (vyplní se pol. 24),železniční přejezd zabezpečený,uvnitř zóny 3 předmětné křižovatky,ne,P516,4.49965150665,Mirovice - Březnice,"45,785",Ne,I.,19,,49° 30' 48.22000'' N,14° 01' 41.01906'' E,49.51339,14.02806
14.205955576930787,49.214474980561747,20506070676,Protivín (Jihočeský kraj),2007-08-08 15:15:00,silnice 3.třídy,1404,řidičem nemotorového vozidla,ostatní řidiči vozidel,řidič nebyl ovlivněn,ne,dobrý -žádné nepříznivé okolnosti nebyly zjištěny,0,1,0,1,žádná z uvedených,nedošlo k požáru,0,žádné z uvedených,jízdní kolo,,"soukromá organizace (podnikatel, s.r.o.,",0,nebylo třeba užít násilí,nehoda s následky na životě nebo zdraví,"nepřichází v úvahu, nejde o srážku jedou",nezvládnutí řízení vozidla,"povrch suchý, neznečistěný",neztížené,dobré,na jízdním pruhu,žádná místní úprava,přímý úsek,neurčeno,jedoucí - proti směru staničení na komun,havárie,"nepřichází v úvahu, nejde o srážku s pev",živice,"dobrý, bez závad","ve dne, viditelnost nezhoršená vlivem po",dvoupruhová,žádný způsob řízení provozu,železniční přejezd zabezpečený,mimo křižovatku,ne,P1150,222.569154909,Protivín - Ražice,"250,568",Ano,III.,1404,U Protivína,49° 12' 56.23070'' N,14° 12' 12.40633'' E,49.21562,14.20345
14.360190171579298,49.409523182512011,20506070804,Okrouhlá (Jihočeský kraj),2007-09-10 19:50:00,silnice 2.třídy,105,řidičem motorového vozidla,nezjištěno,řidič nebyl ovlivněn,nezjišťováno,dobrý -žádné nepříznivé okolnosti nebyly zjištěny,0,2,3,2,VOLKSWAGEN,nedošlo k požáru,3200,"došlo k úniku pohonných hmot, oleje, chl",osobní automobil bez přívěsu,,registrované mimo území ČR,1200,použitím speciální vyprošťovací techniky,nehoda s následky na životě nebo zdraví,z boku,jiné nedání přednosti,povrch mokrý,déšť,dobré,na jízdním pruhu,žádná místní úprava,přímý úsek,neurčeno,jedoucí - ve směru staničení na komunika,srážka s vlakem,"nepřichází v úvahu, nejde o srážku s pev",živice,"dobrý, bez závad","v noci - bez veřejného osvětlení, vidite",dvoupruhová,žádný způsob řízení provozu,železniční přejezd zabezpečený,mimo křižovatku,ne,P6259,1.62646187241,Milevsko - Branice,"31,104",Ne,II.,105,U Mikoty,49° 24' 34.29253'' N,14° 21' 36.75654'' E,49.40953,14.36021
14.2226397223113,49.196682062077663,20506070864,Protivín (Jihočeský kraj),2007-09-26 15:20:00,silnice 3.třídy,1415,řidičem motorového vozidla,s řidičským oprávněním skupiny b,řidič nebyl ovlivněn,ne,dobrý -žádné nepříznivé okolnosti nebyly zjištěny,0,0,0,2,PEUGEOT,nedošlo k požáru,1100,žádné z uvedených,"nákladní automobil (včetně multikáry, au",2002,"soukromá organizace (podnikatel, s.r.o.,",1000,nebylo třeba užít násilí,nehoda pouze s hmotnou škodou,z boku,jiné nedání přednosti,"povrch suchý, neznečistěný",neztížené,dobré,na jízdním pruhu,žádná místní úprava,přímý úsek,neurčeno,jedoucí - ve směru staničení na komunika,srážka s vlakem,"nepřichází v úvahu, nejde o srážku s pev",živice,"dobrý, bez závad","ve dne, viditelnost nezhoršená vlivem po",dvoupruhová,žádný způsob řízení provozu,železniční přejezd zabezpečený,mimo křižovatku,ne,P1148,8.72103137432,Číčenice - Protivín,"247,813",Ano,III.,1415,U zastávky,49° 11' 48.29956'' N,14° 13' 21.29419'' E,49.19675,14.22258
14.074401971534007,49.459976334602828,20506070874,Čimelice (Jihočeský kraj),2007-09-29 22:00:00,silnice 3.třídy,1217,řidičem motorového vozidla,nezjištěno,jiné ovlivnění,nezjišťováno,jiný nepříznivý stav,0,0,0,1,žádná z uvedených,žádná z uvedených,50,žádné z uvedených,"nezjištěno, řidič ujel",,žádná z uvedených,0,žádná z uvedených,nehoda pouze s hmotnou škodou,"nepřichází v úvahu, nejde o srážku jedou",jiný druh nesprávného způsobu jízdy,"povrch suchý, neznečistěný",neztížené,dobré,na jízdním pruhu,přednost vyznačena dopravními značkami,křižovatka styková - tříramenná,místní komunikace,žádná z uvedených,srážka s pevnou překážkou,závory železničního přejezdu,živice,"dobrý, bez závad","v noci - bez veřejného osvětlení,viditel",dvoupruhová,místní úprava (vyplní se pol. 24),železniční přejezd zabezpečený,uvnitř zóny 3 předmětné křižovatky,ne,P505,13.94048591,Vráž u Písku - Čimelice,"37,007",Ne,III.,1217,,49° 27' 35.82403'' N,14° 04' 28.51893'' E,49.45995,14.07459
14.209349941715324,49.352211524979218,20506070927,Záhoří (Jihočeský kraj),2007-10-14 08:10:00,komunikace místní,0,řidičem motorového vozidla,s řidičským oprávněním skupiny c,řidič nebyl ovlivněn,ne,dobrý -žádné nepříznivé okolnosti nebyly zjištěny,0,0,0,2,ŠKODA,nedošlo k požáru,3150,"došlo k úniku pohonných hmot, oleje, chl",osobní automobil bez přívěsu,1988,"soukromé, nevyužívané k výdělečné činnos",150,nebylo třeba užít násilí,nehoda pouze s hmotnou škodou,z boku,jiné nedání přednosti,"povrch suchý, neznečistěný",mlha,"špatné vlivem okolní zástavby (budovy,pl",na jízdním pruhu,žádná místní úprava,přímý úsek,neurčeno,vozidlo jedoucí - na komunikaci bez stan,srážka s vlakem,"nepřichází v úvahu, nejde o srážku s pev",živice,"dobrý, bez závad","ve dne, zhoršená viditelnost vlivem pově",dvoupruhová,žádný způsob řízení provozu,železniční přejezd nezabezpečený,mimo křižovatku,ne,P6280,1.19330101238,Vlastec - Záhoří,"47,867",Ne,C,,u Volfa,49° 21' 07.99925'' N,14° 12' 33.70341'' E,49.35222,14.20936
14.270871033204706,49.375347269289527,20506071040,Jetětice (Jihočeský kraj),2007-11-16 07:05:00,silnice 3.třídy,12121,řidičem motorového vozidla,s řidičským oprávněním skupiny c,řidič nebyl ovlivněn,ne,dobrý -žádné nepříznivé okolnosti nebyly zjištěny,0,0,0,1,IVECO,nedošlo k požáru,50,žádné z uvedených,"nákladní automobil (včetně multikáry, au",2005,"soukromá organizace (podnikatel, s.r.o.,",0,nebylo třeba užít násilí,nehoda pouze s hmotnou škodou,"nepřichází v úvahu, nejde o srážku jedou",jiný druh nesprávného způsobu jízdy,"povrch suchý, neznečistěný",neztížené,dobré,na jízdním pruhu,žádná místní úprava,přímý úsek,neurčeno,jedoucí - proti směru staničení na komun,srážka s pevnou překážkou,závory železničního přejezdu,živice,"dobrý, bez závad","ve dne, viditelnost nezhoršená vlivem po",dvoupruhová,žádný způsob řízení provozu,železniční přejezd zabezpečený,mimo křižovatku,ne,P6270,2.2747454242,Červená n/Vltavou - Vlastec,"40,159",Ne,III.,,Červená,49° 22' 31.26394'' N,14° 16' 15.02539'' E,49.37535,14.27084
14.074526971641109,49.459973335181211,20506080002,Čimelice (Jihočeský kraj),2008-01-01 17:30:00,silnice 3.třídy,1217,řidičem motorového vozidla,nezjištěno,jiné ovlivnění,nezjišťováno,jiný nepříznivý stav,0,0,0,1,žádná z uvedených,žádná z uvedených,20,žádné z uvedených,"nezjištěno, řidič ujel",,žádná z uvedených,0,žádná z uvedených,nehoda pouze s hmotnou škodou,"nepřichází v úvahu, nejde o srážku jedou",jiný druh nesprávného způsobu jízdy,"povrch suchý, neznečistěný",neztížené,dobré,na jízdním pruhu,přednost vyznačena dopravními značkami,křižovatka styková - tříramenná,místní komunikace,žádná z uvedených,srážka s pevnou překážkou,závory železničního přejezdu,živice,"dobrý, bez závad","v noci - bez veřejného osvětlení,viditel",dvoupruhová,místní úprava (vyplní se pol. 24),železniční přejezd zabezpečený,uvnitř zóny 3 předmětné křižovatky,ne,P505,5.25323611736,Vráž u Písku - Čimelice,"37,007",Ne,III.,1217,,49° 27' 35.82403'' N,14° 04' 28.51893'' E,49.45995,14.07459
14.203336560065189,49.215510027073485,20506080020,Protivín (Jihočeský kraj),2008-01-01 13:20:00,silnice 3.třídy,1404,řidičem motorového vozidla,s řidičským oprávněním skupiny b,řidič nebyl ovlivněn,ne,dobrý -žádné nepříznivé okolnosti nebyly zjištěny,0,0,0,1,žádná z uvedených,nedošlo k požáru,50,žádné z uvedených,traktor (i s přívěsem),1987,"soukromá organizace (podnikatel, s.r.o.,",0,nebylo třeba užít násilí,nehoda pouze s hmotnou škodou,"nepřichází v úvahu, nejde o srážku jedou",jiný druh nesprávného způsobu jízdy,povrch mokrý,neztížené,dobré,na jízdním pruhu,přednost vyznačena dopravními značkami,křižovatka průsečná - čtyřramenná,místní komunikace,zachycuje směr jízdy křižovatkou,srážka s pevnou překážkou,závory železničního přejezdu,živice,"dobrý, bez závad","ve dne, viditelnost nezhoršená vlivem po",dvoupruhová,místní úprava (vyplní se pol. 24),železniční přejezd zabezpečený,"na křižovatce, uvnitř hranic křižovatky",ne,P1150,14.7614518188,Protivín - Ražice,"250,568",Ano,III.,1404,U Protivína,49° 12' 56.23070'' N,14° 12' 12.40633'' E,49.21562,14.20345
14.222595207804488,49.196731759646568,20506080580,Protivín (Jihočeský kraj),2008-08-08 19:25:00,silnice 3.třídy,1415,řidičem nemotorového vozidla,ostatní řidiči vozidel,řidič nebyl ovlivněn,"ano, obsah alkoholu v&nbsp;krvi do 0,99‰ (2)","pod vlivem alkoholu, obsah alkoholu v krvi do 0,99‰",0,1,0,1,žádná z uvedených,nedošlo k požáru,1,žádné z uvedených,jízdní kolo,,"soukromé, nevyužívané k výdělečné činnos",1,nebylo třeba užít násilí,nehoda s následky na životě nebo zdraví,"nepřichází v úvahu, nejde o srážku jedou",nezvládnutí řízení vozidla,"povrch suchý, neznečistěný",neztížené,dobré,na jízdním pruhu,žádná místní úprava,přímý úsek,neurčeno,jedoucí - proti směru staničení na komun,havárie,"nepřichází v úvahu, nejde o srážku s pev",živice,"dobrý, bez závad","ve dne, viditelnost nezhoršená vlivem po",dvoupruhová,světelným signalizačním zařízením,železniční přejezd zabezpečený,mimo křižovatku,ne,P1148,2.31310694804,Číčenice - Protivín,"247,813",Ano,III.,1415,U zastávky,49° 11' 48.29956'' N,14° 13' 21.29419'' E,49.19675,14.22258
14.222512704390583,49.19933020973788,20506080767,Protivín (Jihočeský kraj),2008-10-10 20:32:00,komunikace místní,0,řidičem motorového vozidla,s řidičským oprávněním skupiny b,řidič nebyl ovlivněn,ne,dobrý -žádné nepříznivé okolnosti nebyly zjištěny,1,0,0,2,FORD,nedošlo k požáru,1250,"došlo k úniku pohonných hmot, oleje, chl",osobní automobil bez přívěsu,1995,"soukromé, nevyužívané k výdělečné činnos",500,použitím speciální vyprošťovací techniky,nehoda s následky na životě nebo zdraví,z boku,jiné nedání přednosti,"povrch suchý, neznečistěný",neztížené,dobré,na jízdním pruhu,žádná místní úprava,přímý úsek,neurčeno,vozidlo jedoucí - na komunikaci bez stan,srážka s vlakem,"nepřichází v úvahu, nejde o srážku s pev",živice,"dobrý, bez závad","v noci - s veřejným osvětlením,viditelno",dvoupruhová,světelným signalizačním zařízením,železniční přejezd zabezpečený,mimo křižovatku,ne,P1149,6.81207595007,Číčenice - Protivín,"248,1",Ano,C,,Ke hřbitovu,49° 11' 57.36885'' N,14° 13' 21.09855'' E,49.19927,14.22253
14.028033567399557,49.513410537284933,20506080939,Mirovice (Jihočeský kraj),2008-12-12 10:10:00,silnice 1.třídy,19,řidičem motorového vozidla,s řidičským oprávněním skupiny b,řidič nebyl ovlivněn,ne,dobrý -žádné nepříznivé okolnosti nebyly zjištěny,1,0,0,2,ŠKODA,nedošlo k požáru,1000,"došlo k úniku pohonných hmot, oleje, chl",osobní automobil bez přívěsu,1990,"soukromé, nevyužívané k výdělečné činnos",200,použitím speciální vyprošťovací techniky,nehoda s následky na životě nebo zdraví,z boku,jiné nedání přednosti,povrch mokrý,neztížené,dobré,na jízdním pruhu,přednost vyznačena dopravními značkami,křižovatka styková - tříramenná,silnice 2.třídy,zachycuje směr jízdy křižovatkou,srážka s vlakem,"nepřichází v úvahu, nejde o srážku s pev",živice,"dobrý, bez závad","ve dne, viditelnost nezhoršená vlivem po",dvoupruhová,místní úprava (vyplní se pol. 24),železniční přejezd zabezpečený,uvnitř zóny 3 předmětné křižovatky,ne,P516,2.97838151116,Mirovice - Březnice,"45,785",Ne,I.,19,,49° 30' 48.22000'' N,14° 01' 41.01906'' E,49.51339,14.02806
14.09955054700888,49.355732406236832,20506090058,Čížová (Jihočeský kraj),2009-04-04 17:05:00,silnice 3.třídy,12113,řidičem motorového vozidla,s řidičským oprávněním skupiny b,řidič nebyl ovlivněn,ne,dobrý -žádné nepříznivé okolnosti nebyly zjištěny,0,0,0,2,jiné vyrobené mimo ČR,nedošlo k požáru,2500,žádné z uvedených,"nákladní automobil (včetně multikáry, au",2007,"soukromá organizace (podnikatel, s.r.o.,",1500,nebylo třeba užít násilí,nehoda pouze s hmotnou škodou,z boku,jiné nedání přednosti,"povrch suchý, neznečistěný",neztížené,"špatné vlivem okolní zástavby (budovy,pl",na jízdním pruhu,žádná místní úprava,přímý úsek,neurčeno,jedoucí - proti směru staničení na komun,srážka s vlakem,"nepřichází v úvahu, nejde o srážku s pev",živice,"dobrý, bez závad","ve dne, viditelnost nezhoršená vlivem po",dvoupruhová,žádný způsob řízení provozu,železniční přejezd zabezpečený,mimo křižovatku,ne,P491,18.1824107049,Čížová - Vráž u Písku,"20,786",Ne,III.,12113,U Čížové,49° 21' 20.81086'' N,14° 05' 59.22677'' E,49.35578,14.09979
14.129305840785406,49.316766252889835,20506090066,Písek (Jihočeský kraj),2009-04-18 15:56:00,komunikace místní,0,řidičem motorového vozidla,s řidičským oprávněním skupiny b,řidič nebyl ovlivněn,ne,dobrý -žádné nepříznivé okolnosti nebyly zjištěny,0,1,0,2,ŠKODA,nedošlo k požáru,1700,"došlo k úniku pohonných hmot, oleje, chl",osobní automobil bez přívěsu,2004,"soukromá organizace (podnikatel, s.r.o.,",1200,nebylo třeba užít násilí,nehoda s následky na životě nebo zdraví,z boku,jiné nedání přednosti,"povrch suchý, neznečistěný",neztížené,dobré,na jízdním pruhu,žádná místní úprava,přímý úsek,neurčeno,vozidlo jedoucí - na komunikaci bez stan,srážka s vlakem,"nepřichází v úvahu, nejde o srážku s pev",živice,"dobrý, bez závad","ve dne, viditelnost nezhoršená vlivem po",dvoupruhová,světelným signalizačním zařízením,železniční přejezd zabezpečený,mimo křižovatku,ne,P486,5.15232171601,Písek - Čížová,"15,221",Ne,O,,,49° 19' 00.21182'' N,14° 07' 45.67475'' E,49.31673,14.12935
13.807232189502944,49.094095680465145,20606070055,Bohumilice (Jihočeský kraj),2007-01-29 11:58:00,komunikace místní,0,řidičem motorového vozidla,s řidičským oprávněním skupiny b,řidič nebyl ovlivněn,ne,dobrý -žádné nepříznivé okolnosti nebyly zjištěny,0,1,0,2,ŠKODA,žádná z uvedených,1600,žádné z uvedených,osobní automobil bez přívěsu,2001,"soukromé, nevyužívané k výdělečné činnos",1500,nebylo třeba užít násilí,nehoda s následky na životě nebo zdraví,boční,řidič se plně nevěnoval řízení vozidla,"souvislá sněhová vrstva, rozbředlý sníh",neztížené,dobré,na jízdním pruhu,žádná místní úprava,přímý úsek po projetí zatáčkou (do vzdál,neurčeno,vozidlo jedoucí - na komunikaci bez stan,srážka s vlakem,"nepřichází v úvahu, nejde o srážku s pev",živice,"dobrý, bez závad","ve dne, viditelnost nezhoršená vlivem po",dvoupruhová,žádný způsob řízení provozu,železniční přejezd nezabezpečený,mimo křižovatku,ne,P989,33.3698183437,Čkyně - Bohumilice v Čechách,"26,469",Ne,O,,,49° 05' 37.68380'' N,13° 48' 26.30707'' E,49.0938,13.80731
14.203296310749298,49.056826662746516,20606070228,Netolice (Jihočeský kraj),2007-04-30 16:33:00,silnice 3.třídy,12243,řidičem motorového vozidla,s řidičským oprávněním skupiny b,řidič nebyl ovlivněn,ne,dobrý -žádné nepříznivé okolnosti nebyly zjištěny,0,0,0,2,VOLKSWAGEN,žádná z uvedených,310,žádné z uvedených,osobní automobil bez přívěsu,2001,"soukromé, nevyužívané k výdělečné činnos",300,nebylo třeba užít násilí,nehoda pouze s hmotnou škodou,z boku,řidič se plně nevěnoval řízení vozidla,"povrch suchý, neznečistěný",neztížené,dobré,na jízdním pruhu,žádná místní úprava,přímý úsek,neurčeno,jedoucí - proti směru staničení na komun,srážka s vlakem,"nepřichází v úvahu, nejde o srážku s pev",živice,"dobrý, bez závad","ve dne, viditelnost nezhoršená vlivem po",dvoupruhová,žádný způsob řízení provozu,železniční přejezd nezabezpečený,mimo křižovatku,ne,P1558,1.90848939777,Dívčice - Netolice,"12,538",Ne,III.,12243,U cihelny,49° 03' 24.51485'' N,14° 12' 11.85413'' E,49.05681,14.20329
14.024211733186542,49.046439381170792,20606070438,Těšovice (Jihočeský kraj),2007-07-20 10:50:00,silnice 2.třídy,145,řidičem motorového vozidla,s řidičským oprávněním skupiny b,řidič nebyl ovlivněn,ne,dobrý -žádné nepříznivé okolnosti nebyly zjištěny,0,0,0,2,jiné vyrobené mimo ČR,žádná z uvedených,550,žádné z uvedených,osobní automobil bez přívěsu,2006,"soukromá organizace (podnikatel, s.r.o.,",450,nebylo třeba užít násilí,nehoda pouze s hmotnou škodou,z boku,jiný druh nesprávného způsobu jízdy,"povrch suchý, neznečistěný",neztížené,dobré,na jízdním pruhu,přednost vyznačena dopravními značkami,přímý úsek,neurčeno,jedoucí - ve směru staničení na komunika,srážka s vlakem,"nepřichází v úvahu, nejde o srážku s pev",živice,"dobrý, bez závad","ve dne, viditelnost nezhoršená vlivem po",dvoupruhová,místní úprava (vyplní se pol. 24),železniční přejezd zabezpečený,mimo křižovatku,ne,P1452,575.448924086,Strunkovice nad Blanicí - Husinec,"23,151",Ne,O,,Bělečský,49° 03' 04.36091'' N,14° 01' 38.12717'' E,49.05121,14.02726
13.83510583230944,49.110397898528625,20606080126,Čkyně (Jihočeský kraj),2008-02-26 20:04:00,silnice 3.třídy,14415,řidičem motorového vozidla,s řidičským oprávněním skupiny c,řidič nebyl ovlivněn,ne,dobrý -žádné nepříznivé okolnosti nebyly zjištěny,0,0,0,2,DACIA,žádná z uvedených,600,žádné z uvedených,osobní automobil bez přívěsu,2005,"soukromé, nevyužívané k výdělečné činnos",500,nebylo třeba užít násilí,nehoda pouze s hmotnou škodou,z boku,jiné nedání přednosti,"povrch suchý, neznečistěný",neztížené,špatné vlivem profilu komunikace (nepřeh,na jízdním pruhu,přednost nevyznačena - vyplývá z pravide,přímý úsek,neurčeno,jedoucí - ve směru staničení na komunika,srážka s vlakem,"nepřichází v úvahu, nejde o srážku s pev",živice,"dobrý, bez závad","v noci - bez veřejného osvětlení,viditel",dvoupruhová,místní úprava (vyplní se pol. 24),železniční přejezd nezabezpečený,mimo křižovatku,ne,P984,2.31840399107,MOTOTECHNA Volyně - Čkyně,"22,66",Ne,III.,14415,Hradčanský,49° 06' 37.46182'' N,13° 50' 06.27968'' E,49.11041,13.83508
13.835065978148547,49.110410100686821,20606080316,Čkyně (Jihočeský kraj),2008-06-06 08:05:00,silnice 3.třídy,14415,řidičem motorového vozidla,s řidičským oprávněním skupiny b,řidič nebyl ovlivněn,ne,dobrý -žádné nepříznivé okolnosti nebyly zjištěny,0,0,0,2,ŠKODA,žádná z uvedených,600,žádné z uvedených,osobní automobil bez přívěsu,1997,"soukromé, nevyužívané k výdělečné činnos",300,nebylo třeba užít násilí,nehoda pouze s hmotnou škodou,z boku,proti příkazu dopravní značky DEJ PŘEDNOST,"povrch suchý, neznečistěný",neztížené,dobré,na jízdním pruhu,přednost vyznačena dopravními značkami,přímý úsek,neurčeno,jedoucí - proti směru staničení na komun,srážka s vlakem,"nepřichází v úvahu, nejde o srážku s pev",živice,"dobrý, bez závad","ve dne, viditelnost nezhoršená vlivem po",dvoupruhová,místní úprava (vyplní se pol. 24),železniční přejezd nezabezpečený,mimo křižovatku,ne,P984,1.02303605611,MOTOTECHNA Volyně - Čkyně,"22,66",Ne,III.,14415,Hradčanský,49° 06' 37.46182'' N,13° 50' 06.27968'' E,49.11041,13.83508