X,Y,id,obec,datum,komunikace,komunika_1,zavineni,ridic_kate,ridic_ovli,vinik_alko,ridic_stav,obeti_usmr,obeti_lehc,obeti_tezc,vozidel_ce,vinik_vozi,vinik_vo_1,skoda,unik_hmot,vinik_vo_2,vinik_vo_3,vinik_vo_4,vinik_skod,vyprosteni,nehoda_cha,srazka_voz,hlavni_pri,povrch_sta,meteo,rozhled,nehoda_pol,prednost_v,smerove_po,druh_krizu,smer_jizdy,nehoda_dru,pevna_prek,povrch_dru,komunika_2,viditelnos,komunika_3,rizeni_pro,objekty,misto_neho,smyk,neighbors_TargetID,neighbors_Distance,neighbors_prejezdy-dec_Název definičního úseku,neighbors_prejezdy-dec_Žkm přejezdu,neighbors_prejezdy-dec_Přejezd s trolejovým vedením,neighbors_prejezdy-dec_Třída pozemní komunikace,neighbors_prejezdy-dec_Číslo pozemní komunikace,neighbors_prejezdy-dec_Místní název přejezdu,neighbors_prejezdy-dec_Zeměpisná šířka,neighbors_prejezdy-dec_Zeměpisná délka,neighbors_prejezdy-dec_field_10,neighbors_prejezdy-dec_field_11
13.864677106235039,48.862119387019668,20606080611,Stožec (Jihočeský kraj),2008-11-11 14:20:00,komunikace účelová - ostatní (parkoviště apod.),0,řidičem motorového vozidla,s řidičským oprávněním skupiny b,řidič nebyl ovlivněn,ne,dobrý -žádné nepříznivé okolnosti nebyly zjištěny,0,0,0,2,ŠKODA,žádná z uvedených,1000,"došlo k úniku pohonných hmot, oleje, chl",osobní automobil bez přívěsu,2002,"soukromé, nevyužívané k výdělečné činnos",500,nebylo třeba užít násilí,nehoda pouze s hmotnou škodou,z boku,jiné nedání přednosti,"povrch suchý, neznečistěný",neztížené,dobré,žádné z uvedených,přednost nevyznačena - vyplývá z pravide,přímý úsek,neurčeno,vozidlo jedoucí - na komunikaci bez stan,srážka s vlakem,"nepřichází v úvahu, nejde o srážku s pev",živice,"dobrý, bez závad","ve dne, viditelnost nezhoršená vlivem po",dvoupruhová,místní úprava (vyplní se pol. 24),železniční přejezd nezabezpečený,mimo křižovatku,ne,P1496,6.45796685891,Volary - Černý Kříž,"61,544",Ne,O,,Pod Křížem,48° 51' 43.77474'' N,13° 51' 53.06131'' E,48.86216,13.86474
13.908949485749996,49.235273420132749,20706080023,Radošovice (Jihočeský kraj),2008-01-01 05:50:00,komunikace účelová - ostatní (parkoviště apod.),0,řidičem motorového vozidla,s řidičským oprávněním skupiny d,řidič nebyl ovlivněn,ne,dobrý -žádné nepříznivé okolnosti nebyly zjištěny,0,0,0,2,MAN,nedošlo k požáru,1100,žádné z uvedených,autobus,2003,"soukromá organizace (podnikatel, s.r.o.,",1000,nebylo třeba užít násilí,nehoda pouze s hmotnou škodou,z boku,jiné nedání přednosti,"povrch suchý, neznečistěný",mlha,"špatné vlivem okolní zástavby (budovy,pl",na jízdním pruhu,žádná místní úprava,přímý úsek,neurčeno,vozidlo jedoucí - na komunikaci bez stan,srážka s vlakem,"nepřichází v úvahu, nejde o srážku s pev",živice,"dobrý, bez závad","v noci - bez veřejného osvětlení, vidite",dvoupruhová,žádný způsob řízení provozu,železniční přejezd nezabezpečený,mimo křižovatku,ne,P947,5.92643813036,Strakonice - Strunkovice nad Volyňkou,"2,683",Ne,O,,K silu,49° 14' 07.13616'' N,13° 54' 32.07421'' E,49.23532,13.90891
14.172569794906151,49.144031836033797,20706070270,Vodňany (Jihočeský kraj),2007-04-04 14:10:00,silnice 3.třídy,12250,řidičem motorového vozidla,s řidičským oprávněním skupiny b,řidič nebyl ovlivněn,ne,dobrý -žádné nepříznivé okolnosti nebyly zjištěny,0,0,0,2,ŠKODA,nedošlo k požáru,300,žádné z uvedených,osobní automobil bez přívěsu,1993,"soukromé, nevyužívané k výdělečné činnos",200,nebylo třeba užít násilí,nehoda pouze s hmotnou škodou,z boku,jiné nedání přednosti,"povrch suchý, neznečistěný",neztížené,dobré,na jízdním pruhu,žádná místní úprava,křižovatka průsečná - čtyřramenná,místní komunikace,zachycuje směr jízdy křižovatkou,srážka s vlakem,"nepřichází v úvahu, nejde o srážku s pev",živice,"dobrý, bez závad","ve dne, viditelnost nezhoršená vlivem po",dvoupruhová,světelným signalizačním zařízením,železniční přejezd zabezpečený,"na křižovatce, uvnitř hranic křižovatky",ne,P1419,4.18306458809,Vodňany - Bavorov,"4,874",Ne,III.,12250,Stožický,49° 08' 38.59274'' N,14° 10' 21.42040'' E,49.14405,14.17262
13.992407715443267,49.254461110421701,20706070562,Čejetice (Jihočeský kraj),2007-07-07 08:55:00,silnice 3.třídy,1407,řidičem motorového vozidla,s řidičským oprávněním skupiny b,řidič nebyl ovlivněn,ne,dobrý -žádné nepříznivé okolnosti nebyly zjištěny,0,0,0,2,FORD,nedošlo k požáru,400,"došlo k úniku pohonných hmot, oleje, chl",osobní automobil bez přívěsu,1989,"soukromé, nevyužívané k výdělečné činnos",200,nebylo třeba užít násilí,nehoda pouze s hmotnou škodou,z boku,jiné nedání přednosti,"povrch suchý, neznečistěný",neztížené,dobré,žádné z uvedených,žádná místní úprava,přímý úsek po projetí zatáčkou (do vzdál,neurčeno,jedoucí - proti směru staničení na komun,srážka s vlakem,"nepřichází v úvahu, nejde o srážku s pev",živice,"dobrý, bez závad","ve dne, viditelnost nezhoršená vlivem po",dvoupruhová,světelným signalizačním zařízením,železniční přejezd nezabezpečený,mimo křižovatku,ne,P1166,1.33362050251,Čejetice - Strakonice,"266,89",Ano,III.,1407,Sedlíkovický,49° 15' 16.09392'' N,13° 59' 32.71224'' E,49.25447,13.99242
14.186254573935457,49.144967717459501,20706070675,Vodňany (Jihočeský kraj),2007-08-08 11:00:00,komunikace účelová - ostatní (parkoviště apod.),0,řidičem motorového vozidla,s řidičským oprávněním skupiny b,řidič nebyl ovlivněn,nezjišťováno,dobrý -žádné nepříznivé okolnosti nebyly zjištěny,0,0,0,1,Kia,nedošlo k požáru,400,žádné z uvedených,osobní automobil bez přívěsu,2006,"soukromé, nevyužívané k výdělečné činnos",400,nebylo třeba užít násilí,nehoda pouze s hmotnou škodou,"nepřichází v úvahu, nejde o srážku jedou",řidič se plně nevěnoval řízení vozidla,"povrch suchý, neznečistěný",neztížené,jiné špatné,na jízdním pruhu,žádná místní úprava,přímý úsek,neurčeno,vozidlo jedoucí - na komunikaci bez stan,srážka s pevnou překážkou,"jiná překážka (zábradlí,oplocení,násep,n",beton,"dobrý, bez závad","ve dne, viditelnost nezhoršená vlivem po",žádná z uvedených,žádný způsob řízení provozu,železniční přejezd nezabezpečený,mimo křižovatku,ne,P1417,376.214664868,Číčenice - Vodňany,"4,233",Ne,III.,12243,Stará Budějovická,49° 08' 42.99007'' N,14° 10' 52.01879'' E,49.14528,14.18112
13.872377527860893,49.413361265928458,20706070744,Blatná (Jihočeský kraj),2007-08-17 17:48:00,silnice 3.třídy,1399,řidičem motorového vozidla,s řidičským oprávněním skupiny c,řidič nebyl ovlivněn,ne,dobrý -žádné nepříznivé okolnosti nebyly zjištěny,0,0,0,2,PEUGEOT,nedošlo k požáru,200,žádné z uvedených,osobní automobil bez přívěsu,1992,"soukromé, nevyužívané k výdělečné činnos",50,nebylo třeba užít násilí,nehoda pouze s hmotnou škodou,z boku,"nepř. rychlosti stavu vozovky (náledí, výtluky, bláto, mokrý povrch apod.)",povrch mokrý,neztížené,dobré,na jízdním pruhu,přednost nevyznačena - vyplývá z pravide,přímý úsek,neurčeno,jedoucí - proti směru staničení na komun,srážka s vlakem,"nepřichází v úvahu, nejde o srážku s pev",živice,"dobrý, bez závad","ve dne, viditelnost nezhoršená vlivem po",dvoupruhová,žádný způsob řízení provozu,železniční přejezd nezabezpečený,mimo křižovatku,ano,P1352,2.5306748318,Blatná - Sedlice,"24,254",Ne,III.,1399,Zabořský,49° 24' 48.03287'' N,13° 52' 20.59821'' E,49.41334,13.87239
13.947699212061369,49.320034993730523,20706070754,Radomyšl (Jihočeský kraj),2007-08-22 18:40:00,silnice 2.třídy,139,řidičem motorového vozidla,s řidičským oprávněním skupiny c,řidič nebyl ovlivněn,ne,dobrý -žádné nepříznivé okolnosti nebyly zjištěny,0,0,0,2,PEUGEOT,nedošlo k požáru,1200,žádné z uvedených,osobní automobil bez přívěsu,2005,"soukromé, nevyužívané k výdělečné činnos",1000,nebylo třeba užít násilí,nehoda pouze s hmotnou škodou,z boku,jiné nedání přednosti,"povrch suchý, neznečistěný",neztížené,dobré,na jízdním pruhu,přednost vyznačena dopravními značkami,přímý úsek,neurčeno,jedoucí - ve směru staničení na komunika,srážka s vlakem,"nepřichází v úvahu, nejde o srážku s pev",živice,"dobrý, bez závad","ve dne, viditelnost nezhoršená vlivem po",dvoupruhová,místní úprava (vyplní se pol. 24),železniční přejezd nezabezpečený,mimo křižovatku,ne,P1383,2.30608961276,Radomyšl - odb.vl. E.ON,"39,83",Ne,II.,139,Radomyšl,49° 19' 12.12716'' N,13° 56' 51.81400'' E,49.32004,13.94773
13.901747370891373,49.232067643455821,20706071013,Radošovice (Jihočeský kraj),2007-11-11 08:23:00,silnice 3.třídy,430,řidičem motorového vozidla,s řidičským oprávněním skupiny b,řidič nebyl ovlivněn,ne,dobrý -žádné nepříznivé okolnosti nebyly zjištěny,0,0,0,2,RENAULT,nedošlo k požáru,2250,žádné z uvedených,"nákladní automobil (včetně multikáry, au",2003,"soukromé, využívané k výdělečné činnosti",1500,nebylo třeba užít násilí,nehoda pouze s hmotnou škodou,z boku,jiné nedání přednosti,povrch mokrý,"na počátku deště, slabý déšť",dobré,na jízdním pruhu,žádná místní úprava,přímý úsek po projetí zatáčkou (do vzdál,neurčeno,jedoucí - ve směru staničení na komunika,srážka s vlakem,"nepřichází v úvahu, nejde o srážku s pev",živice,"dobrý, bez závad","ve dne, zhoršená viditelnost vlivem pově",dvoupruhová,žádný způsob řízení provozu,železniční přejezd nezabezpečený,mimo křižovatku,ne,P948,3.35508674565,Strakonice - Strunkovice nad Volyňkou,"3,353",Ne,III.,430,,49° 13' 55.39252'' N,13° 54' 06.14820'' E,49.23205,13.90171
13.911185429206011,49.250113131837608,20706080422,Strakonice (Jihočeský kraj),2008-06-06 16:45:00,komunikace místní,0,řidičem motorového vozidla,s řidičským oprávněním skupiny c,řidič nebyl ovlivněn,ne,dobrý -žádné nepříznivé okolnosti nebyly zjištěny,0,1,0,2,MERCEDES,nedošlo k požáru,3400,žádné z uvedených,"nákladní automobil (včetně multikáry, au",1995,"soukromé, využívané k výdělečné činnosti",1000,nebylo třeba užít násilí,nehoda s následky na životě nebo zdraví,z boku,jiné nedání přednosti,"povrch suchý, neznečistěný",neztížené,dobré,na jízdním pruhu,žádná místní úprava,přímý úsek,neurčeno,vozidlo jedoucí - na komunikaci bez stan,srážka s vlakem,"nepřichází v úvahu, nejde o srážku s pev",živice,"dobrý, bez závad","ve dne, viditelnost nezhoršená vlivem po",dvoupruhová,žádný způsob řízení provozu,železniční přejezd zabezpečený,mimo křižovatku,ne,P944,5.6244655248,Strakonice - Strunkovice nad Volyňkou,"0,846",Ne,O,,u ČZ,49° 15' 00.51338'' N,13° 54' 40.02273'' E,49.25014,13.91112
14.145885798093525,49.146874486326617,20706081006,Vodňany (Jihočeský kraj),2008-12-14 15:10:00,silnice 3.třídy,14129,řidičem motorového vozidla,s řidičským oprávněním skupiny b,řidič nebyl ovlivněn,ne,dobrý -žádné nepříznivé okolnosti nebyly zjištěny,1,0,0,2,FIAT,nedošlo k požáru,1800,žádné z uvedených,osobní automobil bez přívěsu,1997,"soukromé, nevyužívané k výdělečné činnos",800,použitím páčidel apod.,nehoda s následky na životě nebo zdraví,z boku,jiné nedání přednosti,povrch mokrý,neztížené,dobré,na jízdním pruhu,žádná místní úprava,zatáčka,neurčeno,jedoucí - proti směru staničení na komun,srážka s vlakem,"nepřichází v úvahu, nejde o srážku s pev",živice,"dobrý, bez závad","ve dne, viditelnost nezhoršená vlivem po",dvoupruhová,žádný způsob řízení provozu,železniční přejezd nezabezpečený,mimo křižovatku,ne,P1422,5.06369225516,Vodňany - Bavorov,"6,869",Ne,III.,14129,Pod Pražákem,49° 08' 48.68890'' N,14° 08' 44.96427'' E,49.14686,14.14582
13.876261040998077,49.444807475856294,20706090175,Chlum (Jihočeský kraj),2009-06-17 16:10:00,komunikace místní,0,řidičem motorového vozidla,s řidičským oprávněním skupiny b,řidič nebyl ovlivněn,ne,dobrý -žádné nepříznivé okolnosti nebyly zjištěny,0,0,0,2,žádná z uvedených,nedošlo k požáru,550,žádné z uvedených,traktor (i s přívěsem),1984,"soukromá organizace (podnikatel, s.r.o.,",0,nebylo třeba užít násilí,nehoda pouze s hmotnou škodou,z boku,jiné nedání přednosti,"povrch suchý, neznečistěný",neztížené,dobré,na jízdním pruhu,žádná místní úprava,přímý úsek po projetí zatáčkou (do vzdál,neurčeno,vozidlo jedoucí - na komunikaci bez stan,srážka s vlakem,"nepřichází v úvahu, nejde o srážku s pev",živice,"dobrý, bez závad","ve dne, viditelnost nezhoršená vlivem po",dvoupruhová,žádný způsob řízení provozu,železniční přejezd nezabezpečený,mimo křižovatku,ne,P1339,19.5121175202,Bělčice - Blatná,"20,26",Ne,MK,,Bezdědovice,49° 26' 41.45383'' N,13° 52' 33.58938'' E,49.44485,13.876
14.222760912442052,49.150687104464623,20716080344,Číčenice (Jihočeský kraj),2008-05-05 13:40:00,silnice 2.třídy,141,řidičem motorového vozidla,s řidičským oprávněním skupiny c,řidič nebyl ovlivněn,ne,dobrý -žádné nepříznivé okolnosti nebyly zjištěny,0,0,0,1,VOLVO,nedošlo k požáru,20,žádné z uvedených,"nákladní automobil (včetně multikáry, au",,registrované mimo území ČR,0,nebylo třeba užít násilí,nehoda pouze s hmotnou škodou,"nepřichází v úvahu, nejde o srážku jedou",jiný druh nesprávného způsobu jízdy,"povrch suchý, neznečistěný",neztížené,dobré,na jízdním pruhu,žádná místní úprava,přímý úsek,neurčeno,jedoucí - ve směru staničení na komunika,srážka s pevnou překážkou,závory železničního přejezdu,živice,"dobrý, bez závad","ve dne, viditelnost nezhoršená vlivem po",dvoupruhová,světelným signalizačním zařízením,železniční přejezd zabezpečený,mimo křižovatku,ne,P1144,9.03498571115,žst. Číčenice,"242,563",Ano,II.,,Hlavní,49° 09' 02.18706'' N,14° 13' 22.08488'' E,49.15061,14.2228
14.711126241744216,49.185123432145751,20806070283,Veselí nad Lužnicí (Jihočeský kraj),2007-03-18 19:39:00,silnice 2.třídy,147,řidičem motorového vozidla,s řidičským oprávněním skupiny c,řidič nebyl ovlivněn,ne,dobrý -žádné nepříznivé okolnosti nebyly zjištěny,0,0,1,2,OPEL,nedošlo k požáru,320,"došlo k úniku pohonných hmot, oleje, chl",osobní automobil bez přívěsu,1987,"soukromé, nevyužívané k výdělečné činnos",200,použitím speciální vyprošťovací techniky,nehoda s následky na životě nebo zdraví,čelní,řidič se plně nevěnoval řízení vozidla,"povrch suchý, neznečistěný",neztížené,dobré,na jízdním pruhu,žádná místní úprava,přímý úsek,neurčeno,jedoucí - ve směru staničení na komunika,srážka s vlakem,"nepřichází v úvahu, nejde o srážku s pev",živice,"dobrý, bez závad","v noci - bez veřejného osvětlení,viditel",dvoupruhová,světelným signalizačním zařízením,železniční přejezd zabezpečený,mimo křižovatku,ne,P6102,2558.96766178,Horusice - Veselí n/Lužnicí,"34,022",Ano,III.,147717,velký Horusický,49° 10' 20.77590'' N,14° 40' 54.61456'' E,49.17244,14.68184
14.665326323567689,49.166951888225483,20806070413,Veselí nad Lužnicí (Jihočeský kraj),2007-04-18 14:42:00,silnice 3.třídy,14717,řidičem motorového vozidla,s řidičským oprávněním skupiny c,řidič nebyl ovlivněn,ne,dobrý -žádné nepříznivé okolnosti nebyly zjištěny,0,0,0,2,PEUGEOT,nedošlo k požáru,600,žádné z uvedených,osobní automobil bez přívěsu,1996,"soukromé, nevyužívané k výdělečné činnos",300,nebylo třeba užít násilí,nehoda pouze s hmotnou škodou,z boku,jiné nedání přednosti,"povrch suchý, neznečistěný",neztížené,dobré,žádné z uvedených,žádná místní úprava,přímý úsek,neurčeno,jedoucí - ve směru staničení na komunika,srážka s vlakem,"nepřichází v úvahu, nejde o srážku s pev",živice,"dobrý, bez závad","ve dne, viditelnost nezhoršená vlivem po",dvoupruhová,světelným signalizačním zařízením,železniční přejezd zabezpečený,mimo křižovatku,ne,P6101,1.34525440732,Dynín - Horusice,"32,675",Ano,III.,14717,malý Horusický,49° 10' 01.05117'' N,14° 39' 55.23998'' E,49.16696,14.66534
14.706044576596522,49.356579654924559,20806070495,Planá nad Lužnicí (Jihočeský kraj),2007-05-05 12:30:00,silnice 2.třídy,409,řidičem motorového vozidla,s řidičským oprávněním skupiny c,řidič nebyl ovlivněn,ne,dobrý -žádné nepříznivé okolnosti nebyly zjištěny,0,0,0,1,SCANIA,nedošlo k požáru,450,"došlo k úniku pohonných hmot, oleje, chl",nákladní automobil s návěsem,2001,"soukromá organizace (podnikatel, s.r.o.,",150,nebylo třeba užít násilí,nehoda pouze s hmotnou škodou,"nepřichází v úvahu, nejde o srážku jedou",jiný druh nesprávného způsobu jízdy,"povrch suchý, neznečistěný",neztížené,dobré,na jízdním pruhu,žádná místní úprava,přímý úsek,neurčeno,jedoucí - ve směru staničení na komunika,jiný druh nehody,"nepřichází v úvahu, nejde o srážku s pev",živice,"dobrý, bez závad","ve dne, viditelnost nezhoršená vlivem po",dvoupruhová,žádný způsob řízení provozu,železniční přejezd zabezpečený,mimo křižovatku,ne,P5647,819.509133925,žst. Planá n/Lužnicí,"73,991",Ano,III.,13531,na Strkov,49° 20' 57.62914'' N,14° 42' 29.35455'' E,49.34934,14.70815
14.717411619808102,49.202654577705694,20806070548,Veselí nad Lužnicí (Jihočeský kraj),2007-05-15 12:29:00,komunikace místní,0,řidičem motorového vozidla,s řidičským oprávněním skupiny b,řidič nebyl ovlivněn,ne,dobrý -žádné nepříznivé okolnosti nebyly zjištěny,0,2,0,2,ŠKODA,nedošlo k požáru,3550,"došlo k úniku pohonných hmot, oleje, chl",osobní automobil bez přívěsu,2007,"soukromé, nevyužívané k výdělečné činnos",2000,nebylo třeba užít násilí,nehoda s následky na životě nebo zdraví,boční,proti příkazu dopravní značky STŮJ DEJ PŘEDNOST,"povrch suchý, neznečistěný",neztížené,dobré,na jízdním pruhu,přednost vyznačena dopravními značkami,přímý úsek,neurčeno,vozidlo jedoucí - na komunikaci bez stan,srážka s vlakem,"nepřichází v úvahu, nejde o srážku s pev",živice,"nesprávně umístěná,znečistěná,chybějící","ve dne, viditelnost nezhoršená vlivem po",dvoupruhová,místní úprava (vyplní se pol. 24),železniční přejezd zabezpečený,mimo křižovatku,ano,P6136,1321.73016127,Veselí n/ Lužnicí - Doňov,"2,218",Ano,MK,,"býv.str,stan.2a",49° 12' 28.03880'' N,14° 44' 01.57630'' E,49.20779,14.73377
14.71732635874953,49.2026340878962,20806070803,Veselí nad Lužnicí (Jihočeský kraj),2007-07-07 18:46:00,komunikace místní,0,řidičem motorového vozidla,s řidičským oprávněním skupiny c,řidič nebyl ovlivněn,ne,dobrý -žádné nepříznivé okolnosti nebyly zjištěny,0,2,0,2,RENAULT,nedošlo k požáru,25550,žádné z uvedených,"nákladní automobil (včetně multikáry, au",2005,"soukromá organizace (podnikatel, s.r.o.,",15000,nebylo třeba užít násilí,nehoda s následky na životě nebo zdraví,z boku,jiné nedání přednosti,"povrch suchý, neznečistěný",neztížené,dobré,na jízdním pruhu,žádná místní úprava,přímý úsek,neurčeno,vozidlo jedoucí - na komunikaci bez stan,srážka s vlakem,"nepřichází v úvahu, nejde o srážku s pev",živice,"dobrý, bez závad","ve dne, viditelnost nezhoršená vlivem po",žádná z uvedených,světelným signalizačním zařízením,železniční přejezd zabezpečený,mimo křižovatku,ne,P6136,1328.31790362,Veselí n/ Lužnicí - Doňov,"2,218",Ano,MK,,"býv.str,stan.2a",49° 12' 28.03880'' N,14° 44' 01.57630'' E,49.20779,14.73377
14.717883211014176,49.299950108879031,20806071217,Roudná (Jihočeský kraj),2007-09-23 07:42:00,komunikace místní,0,řidičem motorového vozidla,s řidičským oprávněním skupiny d,řidič nebyl ovlivněn,ne,dobrý -žádné nepříznivé okolnosti nebyly zjištěny,0,1,0,2,OPEL,nedošlo k požáru,2300,žádné z uvedených,osobní automobil bez přívěsu,1996,"soukromé, nevyužívané k výdělečné činnos",300,nebylo třeba užít násilí,nehoda s následky na životě nebo zdraví,z boku,jízda na “červené světlo“,"povrch suchý, neznečistěný",neztížené,dobré,na jízdním pruhu,žádná místní úprava,přímý úsek,neurčeno,vozidlo jedoucí - na komunikaci bez stan,srážka s vlakem,"nepřichází v úvahu, nejde o srážku s pev",živice,"dobrý, bez závad","ve dne, viditelnost nezhoršená vlivem po",dvoupruhová,světelným signalizačním zařízením,železniční přejezd zabezpečený,mimo křižovatku,ne,P5645,1.47814465983,Roudná - Doubí u Tábora,"68,329",Ano,C,,za žst.Roudná,49° 17' 59.78205'' N,14° 43' 04.31703'' E,49.29994,14.71787
14.494882541593419,49.447666550721081,20806071359,Jistebnice (Jihočeský kraj),2007-10-18 17:15:00,silnice 2.třídy,122,řidičem motorového vozidla,nezjištěno,jiné ovlivnění,nezjišťováno,jiný nepříznivý stav,0,0,0,1,žádná z uvedených,žádná z uvedených,40,žádné z uvedených,"nezjištěno, řidič ujel",,žádná z uvedených,0,žádná z uvedených,nehoda pouze s hmotnou škodou,"nepřichází v úvahu, nejde o srážku jedou",řidič se plně nevěnoval řízení vozidla,povrch mokrý,neztížené,dobré,na jízdním pruhu,žádná místní úprava,přímý úsek,neurčeno,žádná z uvedených,srážka s pevnou překážkou,závory železničního přejezdu,živice,"dobrý, bez závad","ve dne, viditelnost nezhoršená vlivem po",dvoupruhová,žádný způsob řízení provozu,železniční přejezd zabezpečený,mimo křižovatku,ne,P6248,2.46090342237,žst. Božejovice,"16,707",Ne,II.,122,Božejovice,49° 26' 51.55041'' N,14° 29' 41.51152'' E,49.44765,14.49486
14.696657323241364,49.177323460846324,20806080497,Veselí nad Lužnicí (Jihočeský kraj),2008-05-16 10:48:00,komunikace místní,0,řidičem motorového vozidla,nezjištěno,jiné ovlivnění,nezjišťováno,jiný nepříznivý stav,0,0,0,2,žádná z uvedených,žádná z uvedených,1,žádné z uvedených,"nezjištěno, řidič ujel",,žádná z uvedených,0,žádná z uvedených,nehoda pouze s hmotnou škodou,z boku,jízda na “červené světlo“,povrch mokrý,neztížené,dobré,na jízdním pruhu,žádná místní úprava,přímý úsek,neurčeno,žádná z uvedených,srážka s vlakem,"nepřichází v úvahu, nejde o srážku s pev",beton,"dobrý, bez závad","ve dne, viditelnost nezhoršená vlivem po",dvoupruhová,světelným signalizačním zařízením,železniční přejezd zabezpečený,mimo křižovatku,ne,P6102,1209.17465027,Horusice - Veselí n/Lužnicí,"34,022",Ano,III.,147717,velký Horusický,49° 10' 20.77590'' N,14° 40' 54.61456'' E,49.17244,14.68184
14.705652395099294,49.181385179923254,20806080525,Veselí nad Lužnicí (Jihočeský kraj),2008-05-23 16:29:00,silnice 3.třídy,352,řidičem motorového vozidla,s řidičským oprávněním skupiny d,řidič nebyl ovlivněn,ne,dobrý -žádné nepříznivé okolnosti nebyly zjištěny,0,0,0,2,MERCEDES,nedošlo k požáru,2000,žádné z uvedených,osobní automobil bez přívěsu,1996,"soukromé, využívané k výdělečné činnosti",1000,nebylo třeba užít násilí,nehoda pouze s hmotnou škodou,boční,jiné nedání přednosti,"povrch suchý, neznečistěný",neztížené,dobré,na jízdním pruhu,žádná místní úprava,přímý úsek,neurčeno,jedoucí - ve směru staničení na komunika,srážka s vlakem,"nepřichází v úvahu, nejde o srážku s pev",živice,"dobrý, bez závad","ve dne, viditelnost nezhoršená vlivem po",dvoupruhová,světelným signalizačním zařízením,železniční přejezd zabezpečený,mimo křižovatku,ne,P6102,2000.92967706,Horusice - Veselí n/Lužnicí,"34,022",Ano,III.,147717,velký Horusický,49° 10' 20.77590'' N,14° 40' 54.61456'' E,49.17244,14.68184
14.737763705861511,49.138487620583533,20806080768,Val (Jihočeský kraj),2008-07-24 08:55:00,komunikace účelová - ostatní (parkoviště apod.),0,řidičem motorového vozidla,nezjištěno,jiné ovlivnění,nezjišťováno,jiný nepříznivý stav,0,0,0,1,žádná z uvedených,žádná z uvedených,50,žádné z uvedených,"nezjištěno, řidič ujel",,žádná z uvedených,0,žádná z uvedených,nehoda pouze s hmotnou škodou,"nepřichází v úvahu, nejde o srážku jedou",jiný druh nesprávného způsobu jízdy,povrch mokrý,neztížené,dobré,žádné z uvedených,žádná místní úprava,přímý úsek,neurčeno,žádná z uvedených,srážka s pevnou překážkou,závory železničního přejezdu,jiný nezpevněný povrch,nesouvislé výtluky,"ve dne, viditelnost nezhoršená vlivem po",žádná z uvedených,žádný způsob řízení provozu,železniční přejezd zabezpečený,mimo křižovatku,ne,P5631,26.9460149264,Lomnice n/Lužnicí - Veselí n/Lužnicí,"48,736",Ne,O,,u Nohavů,49° 08' 17.85862'' N,14° 44' 15.18810'' E,49.13829,14.73755
14.72489214126235,49.249303736869962,20806081345,Soběslav (Jihočeský kraj),2008-12-12 05:40:00,komunikace místní,0,řidičem motorového vozidla,s řidičským oprávněním skupiny b,řidič nebyl ovlivněn,ne,dobrý -žádné nepříznivé okolnosti nebyly zjištěny,0,0,0,2,FORD,nedošlo k požáru,110,žádné z uvedených,osobní automobil bez přívěsu,1990,"soukromé, nevyužívané k výdělečné činnos",100,nebylo třeba užít násilí,nehoda pouze s hmotnou škodou,z boku,chyby při udání směru jízdy,povrch mokrý,neztížené,dobré,na jízdním pruhu,přednost vyznačena dopravními značkami,křižovatka průsečná - čtyřramenná,místní komunikace,vozidlo jedoucí - na komunikaci bez stan,srážka s vlakem,"nepřichází v úvahu, nejde o srážku s pev",živice,"dobrý, bez závad","v noci - s veřejným osvětlením,viditelno",dvoupruhová,místní úprava (vyplní se pol. 24),železniční přejezd nezabezpečený,"na křižovatce,jedná-li se o křížení siln",ne,P5641,937.615145612,žst. Soběslav,"62,423",Ano,III.,13521,na Chlebov,49° 15' 27.65067'' N,14° 43' 34.91281'' E,49.25768,14.72636
14.724385733728083,49.224768832046806,20806090212,Řípec (Jihočeský kraj),2009-06-18 14:45:00,silnice 1.třídy,23,řidičem motorového vozidla,nezjištěno,jiné ovlivnění,nezjišťováno,jiný nepříznivý stav,0,0,0,1,žádná z uvedených,žádná z uvedených,300,žádné z uvedených,"nezjištěno, řidič ujel",,žádná z uvedených,0,žádná z uvedených,nehoda pouze s hmotnou škodou,"nepřichází v úvahu, nejde o srážku jedou",jiný druh nesprávného způsobu jízdy,"povrch suchý, neznečistěný",neztížené,dobré,na jízdním pruhu,žádná místní úprava,přímý úsek,neurčeno,žádná z uvedených,srážka s pevnou překážkou,závory železničního přejezdu,živice,"dobrý, bez závad","ve dne, viditelnost nezhoršená vlivem po",dvoupruhová,světelným signalizačním zařízením,železniční přejezd zabezpečený,mimo křižovatku,ne,P5637,5.99865395657,Veselí n/Lužnicí - Soběslav,"58,76",Ano,I.,23,zastávka Řípec,49° 13' 29.23731'' N,14° 43' 27.52600'' E,49.22479,14.72431