X,Y,id,obec,datum,komunikace,komunika_1,zavineni,ridic_kate,ridic_ovli,vinik_alko,ridic_stav,obeti_usmr,obeti_lehc,obeti_tezc,vozidel_ce,vinik_vozi,vinik_vo_1,skoda,unik_hmot,vinik_vo_2,vinik_vo_3,vinik_vo_4,vinik_skod,vyprosteni,nehoda_cha,srazka_voz,hlavni_pri,povrch_sta,meteo,rozhled,nehoda_pol,prednost_v,smerove_po,druh_krizu,smer_jizdy,nehoda_dru,pevna_prek,povrch_dru,komunika_2,viditelnos,komunika_3,rizeni_pro,objekty,misto_neho,smyk,neighbors_TargetID,neighbors_Distance,neighbors_prejezdy-dec_Název definičního úseku,neighbors_prejezdy-dec_Žkm přejezdu,neighbors_prejezdy-dec_Přejezd s trolejovým vedením,neighbors_prejezdy-dec_Třída pozemní komunikace,neighbors_prejezdy-dec_Číslo pozemní komunikace,neighbors_prejezdy-dec_Místní název přejezdu,neighbors_prejezdy-dec_Zeměpisná šířka,neighbors_prejezdy-dec_Zeměpisná délka,neighbors_prejezdy-dec_field_10,neighbors_prejezdy-dec_field_11
12.873545432494547,49.416531366917866,30106070061,Babylon (Plzeňský kraj),2007-01-25 07:10:00,silnice 1.třídy,26,řidičem motorového vozidla,s řidičským oprávněním skupiny d,řidič nebyl ovlivněn,ne,dobrý -žádné nepříznivé okolnosti nebyly zjištěny,0,0,0,2,AUDI,nedošlo k požáru,400,žádné z uvedených,osobní automobil bez přívěsu,,registrované mimo území ČR,300,nebylo třeba užít násilí,nehoda pouze s hmotnou škodou,z boku,jiné nedání přednosti,"souvislá sněhová vrstva, rozbředlý sníh",neztížené,dobré,na jízdním pruhu,žádná místní úprava,přímý úsek,neurčeno,jedoucí - ve směru staničení na komunika,srážka s vlakem,"nepřichází v úvahu, nejde o srážku s pev",živice,"dobrý, bez závad","ve dne, viditelnost nezhoršená vlivem po",dvoupruhová,světelným signalizačním zařízením,železniční přejezd nezabezpečený,mimo křižovatku,ne,P687,15.1787833149,Havlovice - Trhanov,"6,24",Ne,I.,26,zast. Havlovice st.sil. I./26,49° 24' 59.69087'' N,12° 52' 24.05002'' E,49.41658,12.87335
12.956551173519895,49.430784680540071,30106070603,Domažlice (Plzeňský kraj),2007-08-11 02:15:00,silnice 1.třídy,22,řidičem motorového vozidla,nezjištěno,jiné ovlivnění,nezjišťováno,jiný nepříznivý stav,0,0,0,1,žádná z uvedených,žádná z uvedených,50,žádné z uvedených,"nezjištěno, řidič ujel",,žádná z uvedených,0,žádná z uvedených,nehoda pouze s hmotnou škodou,"nepřichází v úvahu, nejde o srážku jedou",řidič se plně nevěnoval řízení vozidla,povrch mokrý,neztížené,dobré,na jízdním pruhu,žádná místní úprava,přímý úsek,neurčeno,žádná z uvedených,srážka s pevnou překážkou,závory železničního přejezdu,živice,"dobrý, bez závad","v noci - bez veřejného osvětlení,viditel",dvoupruhová,žádný způsob řízení provozu,železniční přejezd zabezpečený,mimo křižovatku,ne,P633,19.6632552188,Radonice - Domažlice,"166,995",Ne,I.,22,Domažlice-Klatovy,49° 25' 51.27088'' N,12° 57' 22.91352'' E,49.43091,12.95636
13.103107280554211,49.607302616345457,30106070745,Holýšov (Plzeňský kraj),2007-10-10 06:00:00,komunikace místní,0,řidičem motorového vozidla,nezjištěno,jiné ovlivnění,nezjišťováno,jiný nepříznivý stav,0,0,0,1,žádná z uvedených,žádná z uvedených,10,žádné z uvedených,"nezjištěno, řidič ujel",,žádná z uvedených,0,žádná z uvedených,nehoda pouze s hmotnou škodou,"nepřichází v úvahu, nejde o srážku jedou",jiný druh nesprávného způsobu jízdy,"povrch suchý, neznečistěný",neztížené,dobré,na jízdním pruhu,žádná místní úprava,přímý úsek,neurčeno,žádná z uvedených,srážka s pevnou překážkou,závory železničního přejezdu,živice,"dobrý, bez závad","ve dne, zhoršená viditelnost (svítání,so",dvoupruhová,žádný způsob řízení provozu,železniční přejezd zabezpečený,mimo křižovatku,ne,P615,12.0566672915,Stod - Holýšov,"141,403",Ne,C,,do průmyslové zóny,49° 36' 26.68688'' N,13° 06' 11.25805'' E,49.60741,13.10313
12.878810519487494,49.511936667242374,30106070768,Meclov (Plzeňský kraj),2007-10-10 19:25:00,silnice 3.třídy,1962,řidičem motorového vozidla,s řidičským oprávněním skupiny b,řidič nebyl ovlivněn,ne,dobrý -žádné nepříznivé okolnosti nebyly zjištěny,0,0,0,2,ARO,nedošlo k požáru,500,žádné z uvedených,osobní automobil bez přívěsu,1989,"soukromé, nevyužívané k výdělečné činnos",200,nebylo třeba užít násilí,nehoda pouze s hmotnou škodou,z boku,řidič se plně nevěnoval řízení vozidla,"povrch suchý, neznečistěný",neztížené,dobré,na jízdním pruhu,žádná místní úprava,přímý úsek,neurčeno,jedoucí - proti směru staničení na komun,srážka s vlakem,"nepřichází v úvahu, nejde o srážku s pev",živice,"dobrý, bez závad","ve dne, viditelnost nezhoršená vlivem po",dvoupruhová,žádný způsob řízení provozu,železniční přejezd nezabezpečený,mimo křižovatku,ne,P683,4.11794112897,Horšovský Týn - Meclov,"14,031",Ne,III.,1962,Meclov III.tř 1962,49° 30' 42.87636'' N,12° 52' 43.86402'' E,49.51191,12.87885
12.823268915135239,49.438261293439624,30106070858,Klenčí pod Čerchovem (Plzeňský kraj),2007-11-11 22:55:00,silnice 2.třídy,189,řidičem motorového vozidla,nezjištěno,řidič nebyl ovlivněn,ne,dobrý -žádné nepříznivé okolnosti nebyly zjištěny,0,0,0,2,VOLKSWAGEN,nedošlo k požáru,2610,žádné z uvedených,osobní automobil bez přívěsu,2005,registrované mimo území ČR,2000,nebylo třeba užít násilí,nehoda pouze s hmotnou škodou,boční,řidič se plně nevěnoval řízení vozidla,povrch mokrý,sněžení,dobré,na jízdním pruhu,žádná místní úprava,přímý úsek,neurčeno,jedoucí - proti směru staničení na komun,srážka s vlakem,"nepřichází v úvahu, nejde o srážku s pev",živice,"dobrý, bez závad","v noci - bez veřejného osvětlení, vidite",dvoupruhová,světelným signalizačním zařízením,železniční přejezd zabezpečený,mimo křižovatku,ne,P695,1.25908873293,Trhanov - Klenčí pod Čerchovem,"11,495",Ne,II.,189,Klenčí st.sil. II.tř.,49° 26' 17.77160'' N,12° 49' 23.81133'' E,49.43827,12.82328
12.83310265050609,49.51622228360452,30106070872,Poběžovice (Plzeňský kraj),2007-11-12 13:20:00,silnice 3.třídy,1961,řidičem motorového vozidla,s řidičským oprávněním skupiny c,řidič nebyl ovlivněn,ne,dobrý -žádné nepříznivé okolnosti nebyly zjištěny,1,0,0,2,ŠKODA,nedošlo k požáru,150,žádné z uvedených,osobní automobil bez přívěsu,1983,"soukromé, nevyužívané k výdělečné činnos",100,nebylo třeba užít násilí,nehoda s následky na životě nebo zdraví,z boku,jiné nedání přednosti,povrch mokrý,déšť,dobré,na jízdním pruhu,přednost vyznačena dopravními značkami,zatáčka,neurčeno,jedoucí - ve směru staničení na komunika,srážka s vlakem,"nepřichází v úvahu, nejde o srážku s pev",živice,"dobrý, bez závad","ve dne, zhoršená viditelnost vlivem pově",dvoupruhová,místní úprava (vyplní se pol. 24),železniční přejezd nezabezpečený,mimo křižovatku,ne,P686,4.09882770589,Meclov - Poběžovice,"17,753",Ne,III.,1961,Zámělič st.sil./zastávka,49° 30' 58.28429'' N,12° 49' 59.27586'' E,49.51619,12.83313
12.815472751482378,49.505893824614567,30106070952,Poběžovice (Plzeňský kraj),2007-12-12 13:10:00,silnice 3.třídy,19520,řidičem motorového vozidla,s řidičským oprávněním skupiny b,řidič nebyl ovlivněn,ne,dobrý -žádné nepříznivé okolnosti nebyly zjištěny,0,2,0,2,AUDI,nedošlo k požáru,1500,žádné z uvedených,osobní automobil bez přívěsu,1996,"soukromé, nevyužívané k výdělečné činnos",800,nebylo třeba užít násilí,nehoda s následky na životě nebo zdraví,z boku,jiné nedání přednosti,povrch mokrý,déšť,dobré,mimo komunikaci,přednost nevyznačena - vyplývá z pravide,přímý úsek po projetí zatáčkou (do vzdál,neurčeno,jedoucí - proti směru staničení na komun,srážka s vlakem,"nepřichází v úvahu, nejde o srážku s pev",živice,"dobrý, bez závad","ve dne, zhoršená viditelnost vlivem pově",dvoupruhová,místní úprava (vyplní se pol. 24),železniční přejezd nezabezpečený,mimo křižovatku,ne,P705,1.62306485926,Nový Kramolín - Poběžovice,"20,09",Ne,III.,19520,Otov-Poběžovice st.sil.,49° 30' 21.17147'' N,12° 48' 55.72654'' E,49.50588,12.81548
12.956207226003258,49.431026167862093,30106070971,Domažlice (Plzeňský kraj),2007-12-14 09:30:00,silnice 1.třídy,22,řidičem motorového vozidla,s řidičským oprávněním skupiny b,řidič nebyl ovlivněn,ne,dobrý -žádné nepříznivé okolnosti nebyly zjištěny,0,0,0,1,FORD,nedošlo k požáru,40,žádné z uvedených,osobní automobil bez přívěsu,1996,"soukromé, nevyužívané k výdělečné činnos",10,nebylo třeba užít násilí,nehoda pouze s hmotnou škodou,"nepřichází v úvahu, nejde o srážku jedou",jiný druh nesprávného způsobu jízdy,"povrch suchý, neznečistěný",neztížené,dobré,na jízdním pruhu,žádná místní úprava,přímý úsek,neurčeno,jedoucí - ve směru staničení na komunika,srážka s pevnou překážkou,závory železničního přejezdu,živice,"dobrý, bez závad","ve dne, viditelnost nezhoršená vlivem po",dvoupruhová,světelným signalizačním zařízením,železniční přejezd zabezpečený,mimo křižovatku,ne,P633,17.0201593056,Radonice - Domažlice,"166,995",Ne,I.,22,Domažlice-Klatovy,49° 25' 51.27088'' N,12° 57' 22.91352'' E,49.43091,12.95636
13.103088040896722,49.607335012492804,30106080265,Holýšov (Plzeňský kraj),2008-04-16 09:00:00,komunikace místní,0,řidičem motorového vozidla,nezjištěno,jiné ovlivnění,nezjišťováno,jiný nepříznivý stav,0,0,0,1,žádná z uvedených,žádná z uvedených,30,žádné z uvedených,"nezjištěno, řidič ujel",,žádná z uvedených,0,žádná z uvedených,nehoda pouze s hmotnou škodou,"nepřichází v úvahu, nejde o srážku jedou",jiný druh nesprávného způsobu jízdy,povrch mokrý,"na počátku deště, slabý déšť",špatné vlivem profilu komunikace (nepřeh,na jízdním pruhu,žádná místní úprava,přímý úsek,neurčeno,žádná z uvedených,srážka s pevnou překážkou,závory železničního přejezdu,živice,"dobrý, bez závad","ve dne, zhoršená viditelnost vlivem pově",dvoupruhová,žádný způsob řízení provozu,železniční přejezd zabezpečený,mimo křižovatku,ne,P615,8.87527743549,Stod - Holýšov,"141,403",Ne,C,,do průmyslové zóny,49° 36' 26.68688'' N,13° 06' 11.25805'' E,49.60741,13.10313
12.841355426675381,49.417975489907548,30106080437,Trhanov (Plzeňský kraj),2008-06-25 16:19:00,silnice 3.třídy,19527,řidičem motorového vozidla,s řidičským oprávněním skupiny b,řidič nebyl ovlivněn,ne,dobrý -žádné nepříznivé okolnosti nebyly zjištěny,0,4,0,2,PEUGEOT,nedošlo k požáru,300,žádné z uvedených,osobní automobil bez přívěsu,1985,"soukromé, nevyužívané k výdělečné činnos",200,použitím speciální vyprošťovací techniky,nehoda s následky na životě nebo zdraví,z boku,jiné nedání přednosti,"povrch suchý, neznečistěný",neztížené,dobré,na jízdním pruhu,přednost vyznačena dopravními značkami,přímý úsek,neurčeno,jedoucí - proti směru staničení na komun,srážka s vlakem,"nepřichází v úvahu, nejde o srážku s pev",živice,"dobrý, bez závad","ve dne, viditelnost nezhoršená vlivem po",dvoupruhová,místní úprava (vyplní se pol. 24),železniční přejezd nezabezpečený,mimo křižovatku,ne,P691,5.94908957043,Havlovice - Trhanov,"8,75",Ne,III.,19527,Trhanov-Chodov-Pec st.sil.,49° 25' 04.86914'' N,12° 50' 28.70174'' E,49.41802,12.84131
12.7455047624972,49.579244345708638,30106080708,Bělá nad Radbuzou (Plzeňský kraj),2008-10-23 05:55:00,silnice 2.třídy,197,řidičem motorového vozidla,s řidičským oprávněním skupiny b,řidič nebyl ovlivněn,ne,dobrý -žádné nepříznivé okolnosti nebyly zjištěny,0,2,0,2,FORD,nedošlo k požáru,2000,"došlo k úniku pohonných hmot, oleje, chl","nákladní automobil (včetně multikáry, au",2006,"soukromá organizace (podnikatel, s.r.o.,",1000,nebylo třeba užít násilí,nehoda s následky na životě nebo zdraví,čelní,"jízda po nesprávné straně, vjetí do protisměru",povrch mokrý,déšť,dobré,na jízdním pruhu,žádná místní úprava,zatáčka,neurčeno,jedoucí - ve směru staničení na komunika,srážka s jedoucím nekolejovým vozidlem,"nepřichází v úvahu, nejde o srážku s pev",živice,"dobrý, bez závad","v noci - bez veřejného osvětlení, vidite",dvoupruhová,žádný způsob řízení provozu,železniční přejezd nezabezpečený,mimo křižovatku,ano,P717,13.8309711616,Újezd Sv. Kříže - Bělá nad Radbuzou,"33,306",Ne,II.,197,Újezd-Bělá st.sil.,49° 34' 44.87188'' N,12° 44' 44.08643'' E,49.57913,12.74558
13.100761943800235,49.59441552542566,30106080734,Holýšov (Plzeňský kraj),2008-10-31 19:15:00,silnice 1.třídy,26,řidičem motorového vozidla,s řidičským oprávněním skupiny c,řidič nebyl ovlivněn,"ano, obsah alkoholu v&nbsp;krvi do 0,99‰ (2)","pod vlivem alkoholu, obsah alkoholu v krvi do 0,99‰",0,2,0,2,FORD,nedošlo k požáru,1650,"došlo k úniku pohonných hmot, oleje, chl",osobní automobil bez přívěsu,1997,"soukromé, nevyužívané k výdělečné činnos",150,nebylo třeba užít násilí,nehoda s následky na životě nebo zdraví,čelní,"jízda po nesprávné straně, vjetí do protisměru","povrch suchý, neznečistěný",neztížené,dobré,na jízdním pruhu,žádná místní úprava,přímý úsek,neurčeno,jedoucí - proti směru staničení na komun,srážka s jedoucím nekolejovým vozidlem,"nepřichází v úvahu, nejde o srážku s pev",živice,"dobrý, bez závad","v noci - s veřejným osvětlením,viditelno",dvoupruhová,žádný způsob řízení provozu,železniční přejezd zabezpečený,mimo křižovatku,ne,P616,3.95212743743,Holýšov - Staňkov,"142,861",Ne,I.,26,I.tř. č.26 Plzeň-Domažlice,49° 35' 39.76647'' N,13° 06' 02.73558'' E,49.59438,13.10076
13.103114557613994,49.607350933967311,30106080853,Holýšov (Plzeňský kraj),2008-12-12 06:35:00,komunikace místní,0,řidičem motorového vozidla,s řidičským oprávněním skupiny c,řidič nebyl ovlivněn,ne,dobrý -žádné nepříznivé okolnosti nebyly zjištěny,0,0,0,1,MERCEDES,nedošlo k požáru,60,žádné z uvedených,nákladní automobil s návěsem,2000,"soukromá organizace (podnikatel, s.r.o.,",10,nebylo třeba užít násilí,nehoda pouze s hmotnou škodou,"nepřichází v úvahu, nejde o srážku jedou",jiný druh nesprávného způsobu jízdy,povrch mokrý,sněžení,dobré,na jízdním pruhu,žádná místní úprava,přímý úsek,neurčeno,vozidlo jedoucí - na komunikaci bez stan,srážka s pevnou překážkou,závory železničního přejezdu,živice,nesouvislé výtluky,"v noci - bez veřejného osvětlení, vidite",dvoupruhová,žádný způsob řízení provozu,železniční přejezd zabezpečený,mimo křižovatku,ne,P615,6.66463273288,Stod - Holýšov,"141,403",Ne,C,,do průmyslové zóny,49° 36' 26.68688'' N,13° 06' 11.25805'' E,49.60741,13.10313
12.817422062085733,49.512686711875361,30106090076,Poběžovice (Plzeňský kraj),2009-02-18 08:29:00,silnice 2.třídy,196,řidičem motorového vozidla,s řidičským oprávněním skupiny b,řidič nebyl ovlivněn,ne,dobrý -žádné nepříznivé okolnosti nebyly zjištěny,0,0,0,2,IVECO,nedošlo k požáru,2200,žádné z uvedených,"nákladní automobil (včetně multikáry, au",2004,"soukromé, využívané k výdělečné činnosti",600,nebylo třeba užít násilí,nehoda pouze s hmotnou škodou,boční,jiné nedání přednosti,"povrch suchý, neznečistěný",neztížené,dobré,na jízdním pruhu,přednost vyznačena dopravními značkami,přímý úsek po projetí zatáčkou (do vzdál,neurčeno,jedoucí - ve směru staničení na komunika,srážka s vlakem,"nepřichází v úvahu, nejde o srážku s pev",živice,"dobrý, bez závad","ve dne, viditelnost nezhoršená vlivem po",dvoupruhová,místní úprava (vyplní se pol. 24),železniční přejezd nezabezpečený,mimo křižovatku,ne,P706,2.6543382151,Nový Kramolín - Poběžovice,"20,905",Ne,II.,196,Hor.Týn-Poběžovice st.sil.,49° 30' 45.76202'' N,12° 49' 02.73889'' E,49.51271,12.81743
12.339137800033667,50.13335094158618,30206070167,Františkovy Lázně (Karlovarský kraj),2007-02-21 18:19:00,silnice 1.třídy,64,řidičem motorového vozidla,nezjištěno,jiné ovlivnění,nezjišťováno,jiný nepříznivý stav,0,0,0,1,žádná z uvedených,žádná z uvedených,20,žádné z uvedených,"nezjištěno, řidič ujel",,žádná z uvedených,0,žádná z uvedených,nehoda pouze s hmotnou škodou,"nepřichází v úvahu, nejde o srážku jedou",jiný druh nesprávného způsobu jízdy,"povrch suchý, znečist. (písek,listí,štěr",neztížené,dobré,na jízdním pruhu,žádná místní úprava,přímý úsek,neurčeno,žádná z uvedených,srážka s pevnou překážkou,závory železničního přejezdu,živice,"dobrý, bez závad","v noci - bez veřejného osvětlení,viditel",dvoupruhová,žádný způsob řízení provozu,železniční přejezd zabezpečený,mimo křižovatku,ne,P318,0.877241088116,Františkovy Lázně - Hazlov,"8,344",Ano,I.,64,,50° 08' 00.06902'' N,12° 20' 20.93464'' E,50.13335,12.33915
12.339058151984574,50.133368116820634,30206070358,Františkovy Lázně (Karlovarský kraj),2007-04-04 20:30:00,silnice 1.třídy,64,řidičem motorového vozidla,s řidičským oprávněním skupiny b,řidič nebyl ovlivněn,ne,dobrý -žádné nepříznivé okolnosti nebyly zjištěny,0,0,0,1,MERCEDES,nedošlo k požáru,200,žádné z uvedených,osobní automobil bez přívěsu,1999,registrované mimo území ČR,200,nebylo třeba užít násilí,nehoda pouze s hmotnou škodou,"nepřichází v úvahu, nejde o srážku jedou",řidič se plně nevěnoval řízení vozidla,"povrch suchý, neznečistěný",neztížené,dobré,na jízdním pruhu,žádná místní úprava,přímý úsek,neurčeno,jedoucí - ve směru staničení na komunika,srážka s pevnou překážkou,závory železničního přejezdu,živice,"dobrý, bez závad","v noci - bez veřejného osvětlení,viditel",dvoupruhová,žádný způsob řízení provozu,železniční přejezd zabezpečený,mimo křižovatku,ne,P318,6.86718851488,Františkovy Lázně - Hazlov,"8,344",Ano,I.,64,,50° 08' 00.06902'' N,12° 20' 20.93464'' E,50.13335,12.33915
12.180556015638768,50.219839085975941,30206070797,Aš (Karlovarský kraj),2007-07-12 22:20:00,komunikace místní,0,řidičem motorového vozidla,"nezjištěno, řidič místo nehody opustil",jiné ovlivnění,nezjišťováno,jiný nepříznivý stav,0,0,0,1,OPEL,řidič ujel - nezjištěn,360,žádné z uvedených,osobní automobil bez přívěsu,1988,"soukromé, nevyužívané k výdělečné činnos",300,nebylo třeba užít násilí,nehoda pouze s hmotnou škodou,"nepřichází v úvahu, nejde o srážku jedou","bezohledná, agresivní, neohleduplná jízda","povrch suchý, znečist. (písek,listí,štěr",neztížené,dobré,na jízdním pruhu,přednost vyznačena dopravními značkami,přímý úsek po projetí zatáčkou (do vzdál,neurčeno,vozidlo jedoucí - na komunikaci bez stan,srážka s pevnou překážkou,"odrazník, patník, sloupek, dopr.značky a",dlažba,"dobrý, bez závad","v noci - s veřejným osvětlením,viditelno",dvoupruhová,místní úprava (vyplní se pol. 24),železniční přejezd zabezpečený,mimo křižovatku,ne,P333,36.8436431647,Aš město - Studánka,"2,215",Ne,B,,,50° 13' 10.81806'' N,12° 10' 51.61697'' E,50.21967,12.181
12.475306500347422,50.11577815550492,30206070871,Nebanice (Karlovarský kraj),2007-07-29 04:10:00,silnice 3.třídy,21216,řidičem motorového vozidla,s řidičským oprávněním skupiny b,řidič nebyl ovlivněn,ne,dobrý -žádné nepříznivé okolnosti nebyly zjištěny,0,0,0,2,PEUGEOT,nedošlo k požáru,1500,žádné z uvedených,osobní automobil bez přívěsu,2000,"soukromé, nevyužívané k výdělečné činnos",1000,nebylo třeba užít násilí,nehoda pouze s hmotnou škodou,z boku,řidič se plně nevěnoval řízení vozidla,povrch mokrý,neztížené,dobré,na jízdním pruhu,přednost vyznačena dopravními značkami,přímý úsek,neurčeno,jedoucí - ve směru staničení na komunika,srážka s vlakem,"nepřichází v úvahu, nejde o srážku s pev",živice,"dobrý, bez závad","v noci - bez veřejného osvětlení,viditel",dvoupruhová,místní úprava (vyplní se pol. 24),železniční přejezd zabezpečený,mimo křižovatku,ne,P94,23.6398243102,Nebanice - Tršnice,"226,265",Ano,MK,,,50° 06' 57.57242'' N,12° 28' 31.00258'' E,50.11599,12.47528
12.395856344579334,50.092855266331483,30206080226,Cheb (Karlovarský kraj),2008-03-03 14:00:00,silnice 3.třídy,21226,řidičem motorového vozidla,nezjištěno,jiné ovlivnění,nezjišťováno,jiný nepříznivý stav,0,0,0,1,žádná z uvedených,žádná z uvedených,50,žádné z uvedených,"nezjištěno, řidič ujel",,žádná z uvedených,0,žádná z uvedených,nehoda pouze s hmotnou škodou,"nepřichází v úvahu, nejde o srážku jedou",řidič se plně nevěnoval řízení vozidla,povrch mokrý,neztížené,dobré,na jízdním pruhu,žádná místní úprava,přímý úsek,neurčeno,žádná z uvedených,srážka s pevnou překážkou,závory železničního přejezdu,živice,"dobrý, bez závad","ve dne, viditelnost nezhoršená vlivem po",dvoupruhová,žádný způsob řízení provozu,železniční přejezd zabezpečený,mimo křižovatku,ne,P100,14.9840603239,Tršnice - Cheb (klášterecké staničení),"234,565",Ano,III.,21226,Hradiště,50° 05' 34.51476'' N,12° 23' 45.75966'' E,50.09292,12.39604
12.187746056558794,50.21617753919157,30206080376,Aš (Karlovarský kraj),2008-04-22 15:10:00,komunikace místní,0,řidičem motorového vozidla,s řidičským oprávněním skupiny b,řidič nebyl ovlivněn,ne,dobrý -žádné nepříznivé okolnosti nebyly zjištěny,0,0,0,2,ŠKODA,nedošlo k požáru,120,žádné z uvedených,osobní automobil bez přívěsu,1992,"soukromé, nevyužívané k výdělečné činnos",20,nebylo třeba užít násilí,nehoda pouze s hmotnou škodou,boční,jiné nedání přednosti,povrch mokrý,neztížené,dobré,na jízdním pruhu,přednost vyznačena dopravními značkami,přímý úsek,neurčeno,vozidlo jedoucí - na komunikaci bez stan,srážka s vlakem,"nepřichází v úvahu, nejde o srážku s pev",živice,"dobrý, bez závad","ve dne, viditelnost nezhoršená vlivem po",dvoupruhová,místní úprava (vyplní se pol. 24),železniční přejezd nezabezpečený,mimo křižovatku,ne,P331,16.0777477087,Aš - Aš město,"1,565",Ne,C,,,50° 12' 57.77459'' N,12° 11' 15.50037'' E,50.21605,12.18764
12.37250973290821,50.203141866711462,30206080669,Velký Luh (Karlovarský kraj),2008-07-07 14:45:00,komunikace účelová - ostatní (parkoviště apod.),0,řidičem motorového vozidla,s řidičským oprávněním skupiny c,řidič nebyl ovlivněn,ne,dobrý -žádné nepříznivé okolnosti nebyly zjištěny,0,0,0,2,VOLKSWAGEN,nedošlo k požáru,800,žádné z uvedených,osobní automobil bez přívěsu,2002,"soukromé, nevyužívané k výdělečné činnos",400,nebylo třeba užít násilí,nehoda pouze s hmotnou škodou,z boku,řidič se plně nevěnoval řízení vozidla,"povrch suchý, neznečistěný",neztížené,dobré,na jízdním pruhu,žádná místní úprava,přímý úsek,neurčeno,vozidlo jedoucí - na komunikaci bez stan,srážka s vlakem,"nepřichází v úvahu, nejde o srážku s pev",živice,"dobrý, bez závad","ve dne, viditelnost nezhoršená vlivem po",dvoupruhová,žádný způsob řízení provozu,železniční přejezd nezabezpečený,mimo křižovatku,ne,P117,3.25138169156,LB MINERALS Skalná - Velký Luh,"11,837",Ne,2L,,,50° 12' 11.24585'' N,12° 22' 21.15184'' E,50.20312,12.37254
12.401912761195479,50.144909023738222,30206080705,Skalná (Karlovarský kraj),2008-07-10 14:35:00,silnice 3.třídy,21311,řidičem motorového vozidla,s řidičským oprávněním skupiny b,řidič nebyl ovlivněn,ne,dobrý -žádné nepříznivé okolnosti nebyly zjištěny,0,0,0,2,MERCEDES,nedošlo k požáru,1100,žádné z uvedených,"nákladní automobil (včetně multikáry, au",2002,"soukromá organizace (podnikatel, s.r.o.,",1000,nebylo třeba užít násilí,nehoda pouze s hmotnou škodou,z boku,proti příkazu dopravní značky STŮJ DEJ PŘEDNOST,"povrch suchý, neznečistěný",neztížené,dobré,na jízdním pruhu,přednost vyznačena dopravními značkami,přímý úsek,neurčeno,jedoucí - ve směru staničení na komunika,srážka s vlakem,"nepřichází v úvahu, nejde o srážku s pev",živice,"dobrý, bez závad","ve dne, viditelnost nezhoršená vlivem po",dvoupruhová,místní úprava (vyplní se pol. 24),železniční přejezd nezabezpečený,mimo křižovatku,ne,P105,7.94847888596,Tršnice - Nový Drahov,"3,792",Ne,III.,21311,,50° 08' 41.91838'' N,12° 24' 06.85165'' E,50.14498,12.4019
12.411803605660927,50.049776341034004,30206080811,Cheb (Karlovarský kraj),2008-08-12 15:45:00,komunikace místní,0,řidičem motorového vozidla,s řidičským oprávněním skupiny c,řidič nebyl ovlivněn,ne,dobrý -žádné nepříznivé okolnosti nebyly zjištěny,0,0,0,1,TATRA,nedošlo k požáru,30,žádné z uvedených,"nákladní automobil (včetně multikáry, au",1981,"soukromé, využívané k výdělečné činnosti",0,nebylo třeba užít násilí,nehoda pouze s hmotnou škodou,"nepřichází v úvahu, nejde o srážku jedou",řidič se plně nevěnoval řízení vozidla,"povrch suchý, znečist. (písek,listí,štěr",neztížené,dobré,na jízdním pruhu,žádná místní úprava,přímý úsek,neurčeno,vozidlo jedoucí - na komunikaci bez stan,srážka s pevnou překážkou,závory železničního přejezdu,štěrk,nesouvislé výtluky,"ve dne, viditelnost nezhoršená vlivem po",dvoupruhová,žádný způsob řízení provozu,železniční přejezd zabezpečený,mimo křižovatku,ne,P308,24.0828221895,Lipová u Chebu - Cheb (velenické staničení),"450,996",Ano,O,,,50° 02' 58.77027'' N,12° 24' 41.45704'' E,50.04966,12.41152
12.255026498677262,50.169805978730786,30206081041,Hazlov (Karlovarský kraj),2008-10-16 15:00:00,silnice 3.třídy,21315,řidičem motorového vozidla,nezjištěno,jiné ovlivnění,nezjišťováno,jiný nepříznivý stav,0,0,0,1,žádná z uvedených,žádná z uvedených,100,žádné z uvedených,"nezjištěno, řidič ujel",,žádná z uvedených,0,žádná z uvedených,nehoda pouze s hmotnou škodou,"nepřichází v úvahu, nejde o srážku jedou",nezvládnutí řízení vozidla,povrch mokrý,déšť,dobré,na jízdním pruhu,žádná místní úprava,přímý úsek,neurčeno,žádná z uvedených,srážka s pevnou překážkou,"odrazník, patník, sloupek, dopr.značky a",živice,"dobrý, bez závad","ve dne, zhoršená viditelnost vlivem pově",dvoupruhová,žádný způsob řízení provozu,železniční přejezd zabezpečený,mimo křižovatku,ne,P326,12.4094683789,Hazlov - Aš,"20,88",Ne,III.,21315,,50° 10' 11.62408'' N,12° 15' 18.41617'' E,50.1699,12.25512
12.339166762398776,50.133270349194049,30206090192,Františkovy Lázně (Karlovarský kraj),2009-05-10 14:35:00,silnice 1.třídy,64,jiné zavinění,s řidičským oprávněním skupiny c,řidič nebyl ovlivněn,nezjišťováno,dobrý -žádné nepříznivé okolnosti nebyly zjištěny,0,0,0,1,OPEL,nedošlo k požáru,50,žádné z uvedených,osobní automobil bez přívěsu,2003,"soukromé, nevyužívané k výdělečné činnos",50,nebylo třeba užít násilí,nehoda pouze s hmotnou škodou,"nepřichází v úvahu, nejde o srážku jedou",nezaviněná řidičem,"povrch suchý, neznečistěný",neztížené,dobré,na jízdním pruhu,žádná místní úprava,přímý úsek,neurčeno,jedoucí - ve směru staničení na komunika,jiný druh nehody,"nepřichází v úvahu, nejde o srážku s pev",živice,"dobrý, bez závad","ve dne, viditelnost nezhoršená vlivem po",dvoupruhová,světelným signalizačním zařízením,železniční přejezd zabezpečený,mimo křižovatku,ne,P318,8.94149787333,Františkovy Lázně - Hazlov,"8,344",Ano,I.,64,,50° 08' 00.06902'' N,12° 20' 20.93464'' E,50.13335,12.33915