X,Y,id,obec,datum,komunikace,komunika_1,zavineni,ridic_kate,ridic_ovli,vinik_alko,ridic_stav,obeti_usmr,obeti_lehc,obeti_tezc,vozidel_ce,vinik_vozi,vinik_vo_1,skoda,unik_hmot,vinik_vo_2,vinik_vo_3,vinik_vo_4,vinik_skod,vyprosteni,nehoda_cha,srazka_voz,hlavni_pri,povrch_sta,meteo,rozhled,nehoda_pol,prednost_v,smerove_po,druh_krizu,smer_jizdy,nehoda_dru,pevna_prek,povrch_dru,komunika_2,viditelnos,komunika_3,rizeni_pro,objekty,misto_neho,smyk,neighbors_TargetID,neighbors_Distance,neighbors_prejezdy-dec_Název definičního úseku,neighbors_prejezdy-dec_Žkm přejezdu,neighbors_prejezdy-dec_Přejezd s trolejovým vedením,neighbors_prejezdy-dec_Třída pozemní komunikace,neighbors_prejezdy-dec_Číslo pozemní komunikace,neighbors_prejezdy-dec_Místní název přejezdu,neighbors_prejezdy-dec_Zeměpisná šířka,neighbors_prejezdy-dec_Zeměpisná délka,neighbors_prejezdy-dec_field_10,neighbors_prejezdy-dec_field_11
14.729389821480659,50.699966532244382,40106090186,Brniště (Liberecký kraj),2009-03-03 18:10:00,silnice 3.třídy,2709,řidičem motorového vozidla,s řidičským oprávněním skupiny b,řidič nebyl ovlivněn,ne,dobrý -žádné nepříznivé okolnosti nebyly zjištěny,0,0,0,2,ŠKODA,nedošlo k požáru,1600,"došlo k úniku pohonných hmot, oleje, chl",osobní automobil bez přívěsu,2005,"soukromé, nevyužívané k výdělečné činnos",800,nebylo třeba užít násilí,nehoda pouze s hmotnou škodou,z boku,jiné nedání přednosti,povrch mokrý,neztížené,dobré,na jízdním pruhu,žádná místní úprava,přímý úsek,neurčeno,jedoucí - ve směru staničení na komunika,srážka s vlakem,"nepřichází v úvahu, nejde o srážku s pev",živice,"dobrý, bez závad","v noci - bez veřejného osvětlení,viditel",dvoupruhová,světelným signalizačním zařízením,železniční přejezd zabezpečený,mimo křižovatku,ne,P3407,5.60826104771,Mimoň - Brniště,"105,63",Ne,III.,2709,za zast. Velký Grunov,50° 42' 00.05100'' N,14° 43' 45.95632'' E,50.70001,14.72943
14.244997445928778,50.760907205636045,40206070172,Děčín (Ústecký kraj),2007-02-02 21:30:00,komunikace místní,0,řidičem motorového vozidla,s řidičským oprávněním skupiny b,řidič nebyl ovlivněn,"ano, obsah alkoholu v&nbsp;krvi do 0,99‰ (2)","pod vlivem alkoholu, obsah alkoholu v krvi do 0,99‰",0,0,0,1,ŠKODA,nedošlo k požáru,10,žádné z uvedených,osobní automobil bez přívěsu,1981,"soukromé, nevyužívané k výdělečné činnos",0,nebylo třeba užít násilí,nehoda pouze s hmotnou škodou,"nepřichází v úvahu, nejde o srážku jedou","bezohledná, agresivní, neohleduplná jízda","povrch suchý, neznečistěný",neztížené,dobré,na jízdním pruhu,žádná místní úprava,zatáčka,neurčeno,vozidlo jedoucí - na komunikaci bez stan,havárie,"nepřichází v úvahu, nejde o srážku s pev",živice,"dobrý, bez závad","v noci - s veřejným osvětlením,viditelno",dvoupruhová,žádný způsob řízení provozu,železniční přejezd zabezpečený,mimo křižovatku,ne,P2578,3.41737280923,Děčín východ-horní nádraží - Benešov nad Ploučnicí,"5,904",Ne,C,,Březiny,50° 45' 39.15312'' N,14° 14' 42.07364'' E,50.76088,14.24502
14.209265056559886,50.7849834925103,40206070654,Děčín (Ústecký kraj),2007-05-05 19:45:00,silnice 3.třídy,25852,řidičem motorového vozidla,nezjištěno,jiné ovlivnění,nezjišťováno,jiný nepříznivý stav,0,0,0,1,žádná z uvedených,žádná z uvedených,50,žádné z uvedených,"nezjištěno, řidič ujel",,žádná z uvedených,0,žádná z uvedených,nehoda pouze s hmotnou škodou,"nepřichází v úvahu, nejde o srážku jedou",řidič se plně nevěnoval řízení vozidla,"povrch suchý, neznečistěný",neztížené,dobré,na jízdním pruhu,žádná místní úprava,přímý úsek,neurčeno,žádná z uvedených,srážka s pevnou překážkou,závory železničního přejezdu,živice,"dobrý, bez závad","ve dne, viditelnost nezhoršená vlivem po",dvoupruhová,žádný způsob řízení provozu,železniční přejezd zabezpečený,mimo křižovatku,ne,P2437,2.49368365881,Děčín hl.n. - Děčín-Prostřední Žleb,"1,96",Ano,III.,25852,k.u. Podmokly,50° 47' 05.91903'' N,14° 12' 33.47874'' E,50.78498,14.2093
14.314681616021915,50.729605715386519,40206071200,Benešov nad Ploučnicí (Ústecký kraj),2007-08-08 04:40:00,silnice 2.třídy,262,řidičem motorového vozidla,s řidičským oprávněním skupiny b,řidič nebyl ovlivněn,"ano, obsah alkoholu v&nbsp;krvi do 0,99‰ (2)","pod vlivem alkoholu, obsah alkoholu v krvi do 0,99‰",0,1,0,1,Daihatsu,nedošlo k požáru,1800,"došlo k úniku pohonných hmot, oleje, chl",osobní automobil bez přívěsu,1987,"soukromé, nevyužívané k výdělečné činnos",300,nebylo třeba užít násilí,nehoda s následky na životě nebo zdraví,"nepřichází v úvahu, nejde o srážku jedou","nepř. rychlosti dopravně technickému stavu vozovky (zatáčka,klesání,stoupání,šířka apod.)","povrch suchý, neznečistěný",neztížené,dobré,na jízdním pruhu,žádná místní úprava,zatáčka,neurčeno,jedoucí - ve směru staničení na komunika,srážka s pevnou překážkou,závory železničního přejezdu,živice,"dobrý, bez závad","v noci - s veřejným osvětlením,viditelno",dvoupruhová,žádný způsob řízení provozu,železniční přejezd zabezpečený,mimo křižovatku,ne,P2634,19.5470667997,Benešov nad Ploučnicí - Františkov nad Ploučnicí,"1,395",Ne,II.,262,ul. Českolipská,50° 43' 46.17092'' N,14° 18' 53.61587'' E,50.72949,14.31489
14.53022858935671,50.963962343943578,40206071238,Rumburk (Ústecký kraj),2007-08-11 01:00:00,silnice 2.třídy,266,řidičem motorového vozidla,s řidičským oprávněním skupiny c,řidič nebyl ovlivněn,ne,dobrý -žádné nepříznivé okolnosti nebyly zjištěny,0,0,0,1,RENAULT,nedošlo k požáru,1,žádné z uvedených,nákladní automobil s návěsem,2000,"soukromá organizace (podnikatel, s.r.o.,",0,nebylo třeba užít násilí,nehoda pouze s hmotnou škodou,"nepřichází v úvahu, nejde o srážku jedou",nesprávné otáčení nebo couvání,"povrch suchý, neznečistěný",neztížené,dobré,na jízdním pruhu,žádná místní úprava,přímý úsek,neurčeno,jedoucí - ve směru staničení na komunika,srážka s pevnou překážkou,"odrazník, patník, sloupek, dopr.značky a",živice,"dobrý, bez závad","v noci - bez veřejného osvětlení,viditel",dvoupruhová,žádný způsob řízení provozu,železniční přejezd zabezpečený,mimo křižovatku,ne,P3533,8.08640662657,Rumburk - Šluknov,"1,385",Ne,II.,266,,50° 57' 49.99632'' N,14° 31' 48.86365'' E,50.96389,14.53024
14.619631785786927,50.904621806664466,40206071560,Varnsdorf (Ústecký kraj),2007-10-10 09:40:00,silnice 3.třídy,2641,jiným účastníkem silničního provozu,nezjištěno,jiné ovlivnění,ne,jiný nepříznivý stav,0,1,0,2,žádná z uvedených,žádná z uvedených,33550,žádné z uvedených,vlak,,žádná z uvedených,0,žádná z uvedených,nehoda s následky na životě nebo zdraví,čelní,nezaviněná řidičem,povrch mokrý,"na počátku deště, slabý déšť",dobré,na jízdním pruhu,žádná místní úprava,přímý úsek,neurčeno,žádná z uvedených,srážka s vlakem,"nepřichází v úvahu, nejde o srážku s pev",živice,"dobrý, bez závad","ve dne, zhoršená viditelnost vlivem pově",dvoupruhová,žádný způsob řízení provozu,železniční přejezd zabezpečený,mimo křižovatku,ne,P3480,13.2997001821,Varnsdorf - Varnsdorf staré nádraží,"11,454",Ne,III.,2641,,50° 54' 17.07720'' N,14° 37' 10.76713'' E,50.90474,14.61966
14.466252774494041,51.002311751764935,40206071617,Šluknov (Ústecký kraj),2007-10-14 01:15:00,silnice 2.třídy,266,řidičem motorového vozidla,s řidičským oprávněním skupiny b,řidič nebyl ovlivněn,"ano, obsah alkoholu v&nbsp;krvi do 0,99‰ (2)","pod vlivem alkoholu, obsah alkoholu v krvi do 0,99‰",0,0,0,1,RENAULT,nedošlo k požáru,50,žádné z uvedených,osobní automobil bez přívěsu,2006,"soukromá organizace (podnikatel, s.r.o.,",50,nebylo třeba užít násilí,nehoda pouze s hmotnou škodou,"nepřichází v úvahu, nejde o srážku jedou","bezohledná, agresivní, neohleduplná jízda","povrch suchý, neznečistěný",neztížené,dobré,žádné z uvedených,přednost vyznačena dopravními značkami,křižovatka styková - tříramenná,místní komunikace,zachycuje směr jízdy křižovatkou,havárie,"nepřichází v úvahu, nejde o srážku s pev",štěrk,"dobrý, bez závad","v noci - s veřejným osvětlením,viditelno",dvoupruhová,místní úprava (vyplní se pol. 24),železniční přejezd zabezpečený,"na křižovatce, uvnitř hranic křižovatky",ne,P3540,24.5951093405,Rumburk - Šluknov,"8,971",Ne,II.,266,,51° 00' 08.97200'' N,14° 27' 59.25859'' E,51.00249,14.46646
14.228606113927921,50.772500579960052,40206071806,Děčín (Ústecký kraj),2007-11-12 15:30:00,komunikace místní,0,řidičem motorového vozidla,nezjištěno,jiné ovlivnění,nezjišťováno,jiný nepříznivý stav,0,0,0,2,žádná z uvedených,žádná z uvedených,20,žádné z uvedených,"nezjištěno, řidič ujel",,žádná z uvedených,0,žádná z uvedených,nehoda pouze s hmotnou škodou,z boku,"při předjíždění došlo k ohrožení předjížděného  řidiče (vynucované zařazení, předjížděný musel  prudce brzdit, měnit směr jízdy apod.)",povrch mokrý,déšť,dobré,na jízdním pruhu,žádná místní úprava,přímý úsek,neurčeno,žádná z uvedených,srážka s jedoucím nekolejovým vozidlem,"nepřichází v úvahu, nejde o srážku s pev",živice,"dobrý, bez závad","ve dne, zhoršená viditelnost vlivem pově",dvoupruhová,žádný způsob řízení provozu,železniční přejezd nezabezpečený,mimo křižovatku,ne,P2996,540.359690486,Křešice u Děčína - Děčín východ-dolní nádraží,"455,405",Ano,C,,Březová ulice,50° 46' 04.29906'' N,14° 13' 51.12678'' E,50.76786,14.23087
14.448755730081183,51.006562169128188,40206080386,Šluknov (Ústecký kraj),2008-03-20 05:35:00,silnice 3.třídy,2667,řidičem motorového vozidla,s řidičským oprávněním skupiny b,řidič nebyl ovlivněn,ne,dobrý -žádné nepříznivé okolnosti nebyly zjištěny,0,0,0,1,RENAULT,nedošlo k požáru,200,žádné z uvedených,osobní automobil bez přívěsu,1990,"soukromé, nevyužívané k výdělečné činnos",150,nebylo třeba užít násilí,nehoda pouze s hmotnou škodou,"nepřichází v úvahu, nejde o srážku jedou","bezohledná, agresivní, neohleduplná jízda","na vozovce je náledí, ujetý sníh - nepos",sněžení,dobré,mimo komunikaci,žádná místní úprava,přímý úsek,neurčeno,jedoucí - proti směru staničení na komun,srážka s pevnou překážkou,závory železničního přejezdu,živice,"dobrý, bez závad","v noci - bez veřejného osvětlení, vidite",žádná z uvedených,žádný způsob řízení provozu,železniční přejezd zabezpečený,mimo křižovatku,ano,P3545,4.99051714463,Šluknov - KAMENOLOM,"10,601",Ne,III.,2667,,51° 00' 23.72795'' N,14° 26' 55.33231'' E,51.00659,14.4487
14.20926036015684,50.784986269679727,40206080529,Děčín (Ústecký kraj),2008-04-16 23:00:00,silnice 3.třídy,25852,řidičem motorového vozidla,s řidičským oprávněním skupiny b,řidič nebyl ovlivněn,"ano, obsah alkoholu v&nbsp;krvi do 0,99‰ (2)","pod vlivem alkoholu, obsah alkoholu v krvi do 0,99‰",0,0,0,1,MAZDA,nedošlo k požáru,100,žádné z uvedených,osobní automobil bez přívěsu,1997,"soukromé, nevyužívané k výdělečné činnos",100,nebylo třeba užít násilí,nehoda pouze s hmotnou škodou,"nepřichází v úvahu, nejde o srážku jedou",řidič se plně nevěnoval řízení vozidla,"povrch suchý, neznečistěný",neztížené,dobré,mimo komunikaci,žádná místní úprava,zatáčka,neurčeno,jedoucí - ve směru staničení na komunika,srážka s pevnou překážkou,"jiná překážka (zábradlí,oplocení,násep,n",živice,"dobrý, bez závad","v noci - s veřejným osvětlením,viditelno",dvoupruhová,žádný způsob řízení provozu,železniční přejezd zabezpečený,mimo křižovatku,ne,P2437,2.87998777619,Děčín hl.n. - Děčín-Prostřední Žleb,"1,96",Ano,III.,25852,k.u. Podmokly,50° 47' 05.91903'' N,14° 12' 33.47874'' E,50.78498,14.2093
14.60469944774772,50.918110535218034,40206080768,Varnsdorf (Ústecký kraj),2008-06-06 16:45:00,komunikace místní,0,řidičem motorového vozidla,s řidičským oprávněním skupiny b,řidič nebyl ovlivněn,ne,dobrý -žádné nepříznivé okolnosti nebyly zjištěny,0,1,0,2,ŠKODA,nedošlo k požáru,3500,žádné z uvedených,osobní automobil bez přívěsu,2005,"soukromá organizace (podnikatel, s.r.o.,",3000,nebylo třeba užít násilí,nehoda s následky na životě nebo zdraví,z boku,řidič se plně nevěnoval řízení vozidla,"povrch suchý, neznečistěný",neztížené,dobré,na jízdním pruhu,žádná místní úprava,zatáčka,neurčeno,vozidlo jedoucí - na komunikaci bez stan,srážka s vlakem,"nepřichází v úvahu, nejde o srážku s pev",živice,"dobrý, bez závad","ve dne, viditelnost nezhoršená vlivem po",žádná z uvedených,žádný způsob řízení provozu,železniční přejezd nezabezpečený,mimo křižovatku,ne,P3486,25.7443854857,Varnsdorf staré nádraží - EMARKO Varnsdorf,"13,379",Ne,C,,U pivovaru,50° 55' 05.75159'' N,14° 36' 15.90865'' E,50.91826,14.60442
14.342770724184795,50.786412956958429,40206080974,Markvartice (Ústecký kraj),2008-07-16 13:00:00,silnice 1.třídy,13,řidičem motorového vozidla,s řidičským oprávněním skupiny d,řidič nebyl ovlivněn,ne,dobrý -žádné nepříznivé okolnosti nebyly zjištěny,0,0,0,1,MAN,nedošlo k požáru,35,žádné z uvedených,nákladní automobil s návěsem,1997,registrované mimo území ČR,0,nebylo třeba užít násilí,nehoda pouze s hmotnou škodou,"nepřichází v úvahu, nejde o srážku jedou","bezohledná, agresivní, neohleduplná jízda","povrch suchý, neznečistěný",neztížené,dobré,na jízdním pruhu,žádná místní úprava,přímý úsek,neurčeno,jedoucí - proti směru staničení na komun,srážka s pevnou překážkou,závory železničního přejezdu,živice,"dobrý, bez závad","ve dne, viditelnost nezhoršená vlivem po",dvoupruhová,žádný způsob řízení provozu,železniční přejezd zabezpečený,mimo křižovatku,ne,P2600,0.730771716417,Markvartice - Česká Kamenice,"19,145",Ne,I.,13,,50° 47' 11.08012'' N,14° 20' 34.02529'' E,50.78641,14.34278
14.200742670658649,50.754578775353792,40206081052,Děčín (Ústecký kraj),2008-08-08 08:30:00,komunikace místní,0,řidičem motorového vozidla,nezjištěno,jiné ovlivnění,nezjišťováno,jiný nepříznivý stav,0,0,0,1,žádná z uvedených,žádná z uvedených,50,žádné z uvedených,"nezjištěno, řidič ujel",,žádná z uvedených,0,žádná z uvedených,nehoda pouze s hmotnou škodou,"nepřichází v úvahu, nejde o srážku jedou",řidič se plně nevěnoval řízení vozidla,"povrch suchý, neznečistěný",neztížené,dobré,na jízdním pruhu,přednost vyznačena přenosnými dopravními,přímý úsek po projetí zatáčkou (do vzdál,neurčeno,žádná z uvedených,srážka s pevnou překážkou,závory železničního přejezdu,živice,"dobrý, bez závad","ve dne, viditelnost nezhoršená vlivem po",dvoupruhová,místní úprava (vyplní se pol. 24),železniční přejezd zabezpečený,mimo křižovatku,ne,P2992,4.59866857765,Boletice nad Labem - Křešice u Děčína,"452,47",Ano,C,,Loděnice,50° 45' 16.58985'' N,14° 12' 02.51052'' E,50.75461,14.2007
14.536847136220825,50.960697188801767,40206081565,Rumburk (Ústecký kraj),2008-11-11 12:00:00,silnice 3.třídy,2657,řidičem motorového vozidla,s řidičským oprávněním skupiny c,řidič nebyl ovlivněn,ne,dobrý -žádné nepříznivé okolnosti nebyly zjištěny,0,1,0,3,MAN,nedošlo k požáru,12700,"došlo k úniku pohonných hmot, oleje, chl",nákladní automobil s návěsem,1999,registrované mimo území ČR,12000,nebylo třeba užít násilí,nehoda s následky na životě nebo zdraví,z boku,"bezohledná, agresivní, neohleduplná jízda","povrch suchý, neznečistěný",neztížené,dobré,na jízdním pruhu,přednost vyznačena dopravními značkami,přímý úsek,neurčeno,jedoucí - proti směru staničení na komun,srážka s vlakem,"nepřichází v úvahu, nejde o srážku s pev",živice,"dobrý, bez závad","ve dne, viditelnost nezhoršená vlivem po",dvoupruhová,místní úprava (vyplní se pol. 24),železniční přejezd zabezpečený,mimo křižovatku,ne,P3532,3.02965728149,Rumburk - Šluknov,"0,77",Ne,III.,2657,,50° 57' 38.42219'' N,14° 32' 12.66174'' E,50.96067,14.53685
14.621540853943499,50.890005225147561,40206081612,Varnsdorf (Ústecký kraj),2008-11-19 21:55:00,silnice 2.třídy,264,řidičem motorového vozidla,s řidičským oprávněním skupiny c,řidič nebyl ovlivněn,ne,dobrý -žádné nepříznivé okolnosti nebyly zjištěny,0,0,0,2,RENAULT,nedošlo k požáru,800,žádné z uvedených,osobní automobil bez přívěsu,1997,"soukromé, nevyužívané k výdělečné činnos",600,nebylo třeba užít násilí,nehoda pouze s hmotnou škodou,z boku,jiné nedání přednosti,povrch mokrý,neztížené,dobré,na jízdním pruhu,žádná místní úprava,přímý úsek,neurčeno,jedoucí - ve směru staničení na komunika,srážka s vlakem,"nepřichází v úvahu, nejde o srážku s pev",živice,"dobrý, bez závad","v noci - s veřejným osvětlením,viditelno",dvoupruhová,žádný způsob řízení provozu,železniční přejezd zabezpečený,mimo křižovatku,ne,P3471,21.6705611959,Dolní Podluží - Varnsdorf,"8,727",Ne,II.,264,U jatek,50° 53' 24.72531'' N,14° 37' 17.53985'' E,50.8902,14.62154
14.343376427011897,50.786177890649959,40206090102,Markvartice (Ústecký kraj),2009-01-27 15:40:00,silnice 1.třídy,13,řidičem motorového vozidla,s řidičským oprávněním skupiny c,řidič nebyl ovlivněn,ne,dobrý -žádné nepříznivé okolnosti nebyly zjištěny,0,0,0,1,OPEL,nedošlo k požáru,1250,žádné z uvedených,osobní automobil bez přívěsu,1996,"soukromé, nevyužívané k výdělečné činnos",400,nebylo třeba užít násilí,nehoda pouze s hmotnou škodou,"nepřichází v úvahu, nejde o srážku jedou","nepř. rychlosti stavu vozovky (náledí, výtluky, bláto, mokrý povrch apod.)",povrch mokrý,neztížené,dobré,na jízdním pruhu,žádná místní úprava,přímý úsek,neurčeno,jedoucí - ve směru staničení na komunika,srážka s pevnou překážkou,závory železničního přejezdu,živice,"dobrý, bez závad","ve dne, viditelnost nezhoršená vlivem po",dvoupruhová,žádný způsob řízení provozu,železniční přejezd zabezpečený,mimo křižovatku,ano,P2600,49.3541050201,Markvartice - Česká Kamenice,"19,145",Ne,I.,13,,50° 47' 11.08012'' N,14° 20' 34.02529'' E,50.78641,14.34278
14.198329024384067,50.769649127085977,40206090246,Děčín (Ústecký kraj),2009-03-10 18:15:00,komunikace místní,0,řidičem motorového vozidla,s řidičským oprávněním skupiny d,řidič nebyl ovlivněn,ne,dobrý -žádné nepříznivé okolnosti nebyly zjištěny,0,0,0,1,DAF,nedošlo k požáru,110,žádné z uvedených,nákladní automobil s návěsem,2002,"soukromá organizace (podnikatel, s.r.o.,",0,nebylo třeba užít násilí,nehoda pouze s hmotnou škodou,"nepřichází v úvahu, nejde o srážku jedou",nesprávné otáčení nebo couvání,povrch mokrý,déšť,dobré,na jízdním pruhu,žádná místní úprava,zatáčka,neurčeno,vozidlo jedoucí - na komunikaci bez stan,srážka s pevnou překážkou,závory železničního přejezdu,živice,"dobrý, bez závad","ve dne, zhoršená viditelnost (svítání,so",dvoupruhová,žádný způsob řízení provozu,železniční přejezd zabezpečený,mimo křižovatku,ne,P2004,6.7112823322,"žst. Děčín hl.n. - (kol. A,B,107,109)","0,194",Ne,O,,spojka hl.-záp.,50° 46' 10.52946'' N,14° 11' 53.90346'' E,50.76959,14.19831
14.214977902039349,50.766613952460737,40206090422,Děčín (Ústecký kraj),2009-04-28 14:10:00,silnice 2.třídy,261,řidičem motorového vozidla,s řidičským oprávněním skupiny c,řidič nebyl ovlivněn,ne,dobrý -žádné nepříznivé okolnosti nebyly zjištěny,0,0,0,2,FIAT,nedošlo k požáru,750,žádné z uvedených,osobní automobil bez přívěsu,1992,"soukromé, nevyužívané k výdělečné činnos",100,nebylo třeba užít násilí,nehoda pouze s hmotnou škodou,"nepřichází v úvahu, nejde o srážku jedou","nepř. rychlosti dopravně technickému stavu vozovky (zatáčka,klesání,stoupání,šířka apod.)","povrch suchý, neznečistěný",neztížené,dobré,na jízdním pruhu,přednost vyznačena dopravními značkami,zatáčka,neurčeno,jedoucí - ve směru staničení na komunika,"srážka s vozidlem zaparkovaným, odstaven","nepřichází v úvahu, nejde o srážku s pev",živice,"dobrý, bez závad","ve dne, viditelnost nezhoršená vlivem po",dvoupruhová,místní úprava (vyplní se pol. 24),železniční přejezd zabezpečený,mimo křižovatku,ne,P2995,6.55349807382,Křešice u Děčína - Děčín východ-dolní nádraží,"454,145",Ano,II.,261,zast. Staré Město,50° 45' 59.97477'' N,14° 12' 53.70013'' E,50.76666,14.21492
13.354078248389994,50.380315942333567,40306070704,Kadaň (Ústecký kraj),2007-05-30 12:00:00,komunikace místní,0,řidičem motorového vozidla,s řidičským oprávněním skupiny b,řidič nebyl ovlivněn,nezjišťováno,dobrý -žádné nepříznivé okolnosti nebyly zjištěny,0,0,0,2,AVIA,nedošlo k požáru,450,žádné z uvedených,"nákladní automobil (včetně multikáry, au",1995,"soukromá organizace (podnikatel, s.r.o.,",150,nebylo třeba užít násilí,nehoda pouze s hmotnou škodou,boční,jiné nedání přednosti,"povrch suchý, neznečistěný",neztížené,dobré,na jízdním pruhu,žádná místní úprava,přímý úsek,neurčeno,vozidlo jedoucí - na komunikaci bez stan,srážka s vlakem,"nepřichází v úvahu, nejde o srážku s pev",dlažba,"dobrý, bez závad","ve dne, viditelnost nezhoršená vlivem po",dvoupruhová,žádný způsob řízení provozu,železniční přejezd zabezpečený,mimo křižovatku,ne,P1896,3738.24901238,ROZVODNA - Hradec u Kadaně,"22,036",Ne,H,,,50° 21' 23.13634'' N,13° 19' 01.59821'' E,50.35643,13.31711
13.44204200653655,50.484498822775819,40306070346,Otvice (Ústecký kraj),2007-03-19 06:53:00,komunikace místní,0,řidičem motorového vozidla,s řidičským oprávněním skupiny b,řidič nebyl ovlivněn,ne,dobrý -žádné nepříznivé okolnosti nebyly zjištěny,0,0,1,2,CITROEN,nedošlo k požáru,1000,žádné z uvedených,osobní automobil bez přívěsu,1996,"soukromé, nevyužívané k výdělečné činnos",300,nebylo třeba užít násilí,nehoda s následky na životě nebo zdraví,z boku,jiné nedání přednosti,"povrch suchý, neznečistěný",neztížené,dobré,na jízdním pruhu,žádná místní úprava,zatáčka,neurčeno,vozidlo jedoucí - na komunikaci bez stan,srážka s vlakem,"nepřichází v úvahu, nejde o srážku s pev",živice,"dobrý, bez závad","ve dne, viditelnost nezhoršená vlivem po",dvoupruhová,žádný způsob řízení provozu,železniční přejezd zabezpečený,mimo křižovatku,ne,P1994,3.69392006205,Dolní Rybník - Jirkov,"0,572",Ne,C,,,50° 29' 04.18230'' N,13° 26' 31.15665'' E,50.4845,13.44199
13.429823335592618,50.455818507411266,40306070790,Chomutov (Ústecký kraj),2007-06-18 11:50:00,silnice 3.třídy,728,řidičem motorového vozidla,s řidičským oprávněním skupiny c,řidič nebyl ovlivněn,ne,dobrý -žádné nepříznivé okolnosti nebyly zjištěny,0,0,0,1,TATRA,nedošlo k požáru,60,žádné z uvedených,"nákladní automobil (včetně multikáry, au",1988,"soukromá organizace (podnikatel, s.r.o.,",50,nebylo třeba užít násilí,nehoda pouze s hmotnou škodou,"nepřichází v úvahu, nejde o srážku jedou",řidič se plně nevěnoval řízení vozidla,"povrch suchý, neznečistěný",neztížené,dobré,na jízdním pruhu,žádná místní úprava,přímý úsek,neurčeno,jedoucí - proti směru staničení na komun,srážka s pevnou překážkou,závory železničního přejezdu,živice,"dobrý, bez závad","ve dne, viditelnost nezhoršená vlivem po",dvoupruhová,žádný způsob řízení provozu,železniční přejezd zabezpečený,mimo křižovatku,ne,P2000,1647.0343845,žst. Chomutov-seř.n.,"1,107",Ano,MK,,,50° 27' 34.24433'' N,13° 24' 26.49528'' E,50.45951,13.40736
13.403778874255897,50.462201746070029,40306071111,Chomutov (Ústecký kraj),2007-08-10 12:20:00,silnice 1.třídy,13,řidičem motorového vozidla,s řidičským oprávněním skupiny c,řidič nebyl ovlivněn,ne,"unaven, usnul, náhlá fyzická indispozice",0,0,0,1,CHRYSLER,nedošlo k požáru,200,žádné z uvedených,osobní automobil bez přívěsu,1997,"soukromé, nevyužívané k výdělečné činnos",100,nebylo třeba užít násilí,nehoda pouze s hmotnou škodou,"nepřichází v úvahu, nejde o srážku jedou",řidič se plně nevěnoval řízení vozidla,"povrch suchý, neznečistěný",neztížené,dobré,na jízdním pruhu,žádná místní úprava,přímý úsek,neurčeno,jedoucí - proti směru staničení na komun,srážka s pevnou překážkou,závory železničního přejezdu,živice,"dobrý, bez závad","ve dne, viditelnost nezhoršená vlivem po",čtyřpruhová s dělící čarou,žádný způsob řízení provozu,železniční přejezd zabezpečený,mimo křižovatku,ne,P1963,8.72848966978,Chomutov-os.n. - Černovice u Chomutova,"0,788",Ne,I.,13,,50° 27' 44.19031'' N,13° 24' 13.57095'' E,50.46228,13.40377
13.399193348971698,50.451159723828809,40306071271,Spořice (Ústecký kraj),2007-09-11 06:50:00,silnice 3.třídy,2256,řidičem motorového vozidla,s řidičským oprávněním skupiny c,řidič nebyl ovlivněn,ne,dobrý -žádné nepříznivé okolnosti nebyly zjištěny,0,2,0,3,OPEL,nedošlo k požáru,3000,žádné z uvedených,osobní automobil bez přívěsu,2001,TAXI,1000,nebylo třeba užít násilí,nehoda s následky na životě nebo zdraví,z boku,jiné nedání přednosti,povrch mokrý,déšť,dobré,na jízdním pruhu,přednost nevyznačena - vyplývá z pravide,přímý úsek,neurčeno,jedoucí - proti směru staničení na komun,srážka s vlakem,"nepřichází v úvahu, nejde o srážku s pev",živice,"dobrý, bez závad","ve dne, zhoršená viditelnost (svítání,so",dvoupruhová,žádný způsob řízení provozu,železniční přejezd nezabezpečený,mimo křižovatku,ne,P2002,267.484810971,,"1,139",ne,III,2256,Spořická ulice,50° 26' 55.830'' N,13° 23' 53.516'' E,50.44884,13.3982
13.403849888143213,50.462098759284402,40306071486,Chomutov (Ústecký kraj),2007-10-19 09:20:00,silnice 1.třídy,13,řidičem motorového vozidla,s řidičským oprávněním skupiny b,řidič nebyl ovlivněn,ne,dobrý -žádné nepříznivé okolnosti nebyly zjištěny,0,0,0,1,ŠKODA,nedošlo k požáru,1850,"došlo k úniku pohonných hmot, oleje, chl",osobní automobil bez přívěsu,2005,"státní podnik, státní organizace",800,nebylo třeba užít násilí,nehoda pouze s hmotnou škodou,"nepřichází v úvahu, nejde o srážku jedou","nepř. rychlosti stavu vozovky (náledí, výtluky, bláto, mokrý povrch apod.)",povrch mokrý,"na počátku deště, slabý déšť",dobré,na jízdním pruhu,přednost vyznačena dopravními značkami,přímý úsek,neurčeno,jedoucí - proti směru staničení na komun,srážka s pevnou překážkou,"sloup - telefonní, veř.osvětlení, el.ved",živice,"dobrý, bez závad","ve dne, zhoršená viditelnost vlivem pově",čtyřpruhová s dělící čarou,místní úprava (vyplní se pol. 24),železniční přejezd zabezpečený,mimo křižovatku,ano,P1963,20.9435227917,Chomutov-os.n. - Černovice u Chomutova,"0,788",Ne,I.,13,,50° 27' 44.19031'' N,13° 24' 13.57095'' E,50.46228,13.40377