X,Y,id,obec,datum,komunikace,komunika_1,zavineni,ridic_kate,ridic_ovli,vinik_alko,ridic_stav,obeti_usmr,obeti_lehc,obeti_tezc,vozidel_ce,vinik_vozi,vinik_vo_1,skoda,unik_hmot,vinik_vo_2,vinik_vo_3,vinik_vo_4,vinik_skod,vyprosteni,nehoda_cha,srazka_voz,hlavni_pri,povrch_sta,meteo,rozhled,nehoda_pol,prednost_v,smerove_po,druh_krizu,smer_jizdy,nehoda_dru,pevna_prek,povrch_dru,komunika_2,viditelnos,komunika_3,rizeni_pro,objekty,misto_neho,smyk,neighbors_TargetID,neighbors_Distance,neighbors_prejezdy-dec_Název definičního úseku,neighbors_prejezdy-dec_Žkm přejezdu,neighbors_prejezdy-dec_Přejezd s trolejovým vedením,neighbors_prejezdy-dec_Třída pozemní komunikace,neighbors_prejezdy-dec_Číslo pozemní komunikace,neighbors_prejezdy-dec_Místní název přejezdu,neighbors_prejezdy-dec_Zeměpisná šířka,neighbors_prejezdy-dec_Zeměpisná délka,neighbors_prejezdy-dec_field_10,neighbors_prejezdy-dec_field_11
15.494968224395588,50.264984616443748,50206081702,Skřivany (Královéhradecký kraj),2008-08-26 20:40:00,komunikace místní,0,řidičem motorového vozidla,s řidičským oprávněním skupiny c,řidič nebyl ovlivněn,ne,dobrý -žádné nepříznivé okolnosti nebyly zjištěny,0,0,0,1,žádná z uvedených,nedošlo k požáru,100,žádné z uvedených,traktor (i s přívěsem),1998,"soukromé, využívané k výdělečné činnosti",0,nebylo třeba užít násilí,nehoda pouze s hmotnou škodou,"nepřichází v úvahu, nejde o srážku jedou",řidič se plně nevěnoval řízení vozidla,"povrch suchý, neznečistěný",neztížené,dobré,na jízdním pruhu,žádná místní úprava,přímý úsek,neurčeno,vozidlo jedoucí - na komunikaci bez stan,srážka s pevnou překážkou,závory železničního přejezdu,živice,"dobrý, bez závad","v noci - s veřejným osvětlením,viditelno",dvoupruhová,žádný způsob řízení provozu,železniční přejezd zabezpečený,mimo křižovatku,ne,P4448,20.5590831976,Nový Bydžov - Skřivany,"35,774",Ne,O,,,50° 15' 53.94885'' N,15° 29' 40.83314'' E,50.26499,15.49468
15.848006523505545,50.294094235173212,50206082110,Smiřice (Královéhradecký kraj),2008-10-19 11:32:00,komunikace místní,0,řidičem motorového vozidla,s řidičským oprávněním skupiny b,řidič nebyl ovlivněn,ne,dobrý -žádné nepříznivé okolnosti nebyly zjištěny,0,2,0,2,ŠKODA,nedošlo k požáru,4000,"došlo k úniku pohonných hmot, oleje, chl",osobní automobil bez přívěsu,2003,"soukromé, nevyužívané k výdělečné činnos",1500,nebylo třeba užít násilí,nehoda s následky na životě nebo zdraví,z boku,jiné nedání přednosti,"povrch suchý, neznečistěný",neztížené,dobré,na jízdním pruhu,žádná místní úprava,přímý úsek po projetí zatáčkou (do vzdál,neurčeno,vozidlo jedoucí - na komunikaci bez stan,srážka s vlakem,"nepřichází v úvahu, nejde o srážku s pev",živice,"dobrý, bez závad","ve dne, viditelnost nezhoršená vlivem po",dvoupruhová,světelným signalizačním zařízením,železniční přejezd zabezpečený,mimo křižovatku,ne,P5221,2.11377244287,Smiřice zastávka - Smiřice,"10,751",Ne,C,,"\""Zdeňas\""",50° 17' 38.80943'' N,15° 50' 52.75746'' E,50.29411,15.84799
15.858850857437266,50.301527115939813,50206082426,Smiřice (Královéhradecký kraj),2008-12-12 15:40:00,silnice 3.třídy,3089,řidičem nemotorového vozidla,ostatní řidiči vozidel,řidič nebyl ovlivněn,ne,dobrý -žádné nepříznivé okolnosti nebyly zjištěny,0,1,0,1,žádná z uvedených,nedošlo k požáru,2,žádné z uvedených,jízdní kolo,,"soukromé, nevyužívané k výdělečné činnos",2,nebylo třeba užít násilí,nehoda s následky na životě nebo zdraví,"nepřichází v úvahu, nejde o srážku jedou",řidič se plně nevěnoval řízení vozidla,"povrch suchý, neznečistěný",neztížené,dobré,na jízdním pruhu,žádná místní úprava,přímý úsek,neurčeno,jedoucí - ve směru staničení na komunika,havárie,"nepřichází v úvahu, nejde o srážku s pev",živice,"dobrý, bez závad","ve dne, viditelnost nezhoršená vlivem po",dvoupruhová,žádný způsob řízení provozu,železniční přejezd zabezpečený,mimo křižovatku,ne,P5222,8.01158739031,žst. Smiřice,"33,331",Ano,III.,3089,,50° 18' 05.25757'' N,15° 51' 31.73310'' E,50.30146,15.85881
15.461193824913966,50.16185144811471,50206082547,Chlumec nad Cidlinou (Královéhradecký kraj),2008-12-17 06:30:00,silnice 2.třídy,327,řidičem motorového vozidla,nezjištěno,jiné ovlivnění,nezjišťováno,jiný nepříznivý stav,0,0,0,1,žádná z uvedených,žádná z uvedených,50,žádné z uvedených,"nezjištěno, řidič ujel",,žádná z uvedených,0,žádná z uvedených,nehoda pouze s hmotnou škodou,"nepřichází v úvahu, nejde o srážku jedou",řidič se plně nevěnoval řízení vozidla,"povrch suchý, neznečistěný",neztížené,dobré,na jízdním pruhu,žádná místní úprava,přímý úsek,neurčeno,žádná z uvedených,srážka s pevnou překážkou,závory železničního přejezdu,živice,"dobrý, bez závad","ve dne, viditelnost nezhoršená vlivem po",dvoupruhová,žádný způsob řízení provozu,železniční přejezd zabezpečený,mimo křižovatku,ne,P3980,1.71809564396,,"0,163",ne/ano,III,327,,50° 9' 45.074'' N,15° 27' 27.707'' E,50.16252,15.4577
15.698130219768577,50.297958063949892,50206082625,Sadová (Královéhradecký kraj),2008-12-30 15:15:00,silnice 1.třídy,35,řidičem motorového vozidla,s řidičským oprávněním skupiny b,řidič nebyl ovlivněn,ne,dobrý -žádné nepříznivé okolnosti nebyly zjištěny,0,0,0,2,ŠKODA,nedošlo k požáru,150,žádné z uvedených,osobní automobil bez přívěsu,2002,"soukromé, nevyužívané k výdělečné činnos",50,nebylo třeba užít násilí,nehoda pouze s hmotnou škodou,zezadu,nedodržení bezpečné vzdálenosti za vozidlem,"povrch suchý, neznečistěný",neztížené,dobré,na jízdním pruhu,žádná místní úprava,přímý úsek,neurčeno,jedoucí - ve směru staničení na komunika,srážka s jedoucím nekolejovým vozidlem,"nepřichází v úvahu, nejde o srážku s pev",živice,"dobrý, bez závad","ve dne, viditelnost nezhoršená vlivem po",dvoupruhová,žádný způsob řízení provozu,železniční přejezd zabezpečený,mimo křižovatku,ne,P5389,21.1750531359,Sadová - Hněvčeves,"14,713",Ne,I.,35,Sádová,50° 17' 52.99065'' N,15° 41' 52.34381'' E,50.29805,15.69787
15.847993940257286,50.294104371414953,50206090025,Smiřice (Královéhradecký kraj),2009-01-11 04:35:00,komunikace místní,0,technickou závadou vozidla,s řidičským oprávněním skupiny b,řidič nebyl ovlivněn,nezjišťováno,dobrý -žádné nepříznivé okolnosti nebyly zjištěny,0,0,0,2,ŠKODA,nedošlo k požáru,7000,žádné z uvedených,osobní automobil bez přívěsu,2004,"soukromé, nevyužívané k výdělečné činnos",3000,nebylo třeba užít násilí,nehoda pouze s hmotnou škodou,z boku,jiná technická závada,"na vozovce je náledí, ujetý sníh - posyp",neztížené,dobré,na jízdním pruhu,přednost vyznačena přenosnými dopravními,přímý úsek,neurčeno,vozidlo jedoucí - na komunikaci bez stan,srážka s vlakem,"nepřichází v úvahu, nejde o srážku s pev",živice,"dobrý, bez závad","ve dne, viditelnost nezhoršená vlivem po",dvoupruhová,místní úprava (vyplní se pol. 24),železniční přejezd zabezpečený,mimo křižovatku,ne,P5221,0.68782808675,Smiřice zastávka - Smiřice,"10,751",Ne,C,,"\""Zdeňas\""",50° 17' 38.80943'' N,15° 50' 52.75746'' E,50.29411,15.84799
15.968916116787392,50.205513313312572,50206090056,Třebechovice pod Orebem (Královéhradecký kraj),2009-01-21 20:20:00,komunikace místní,0,řidičem motorového vozidla,s řidičským oprávněním skupiny b,řidič nebyl ovlivněn,ne,dobrý -žádné nepříznivé okolnosti nebyly zjištěny,0,0,0,1,ŠKODA,nedošlo k požáru,230,žádné z uvedených,osobní automobil bez přívěsu,1992,"soukromé, nevyužívané k výdělečné činnos",80,nebylo třeba užít násilí,nehoda pouze s hmotnou škodou,"nepřichází v úvahu, nejde o srážku jedou","nepř. rychlosti stavu vozovky (náledí, výtluky, bláto, mokrý povrch apod.)","na vozovce je náledí, ujetý sníh - nepos",sněžení,dobré,mimo komunikaci,žádná místní úprava,přímý úsek,neurčeno,vozidlo jedoucí - na komunikaci bez stan,srážka s pevnou překážkou,závory železničního přejezdu,dlažba,"dobrý, bez závad","v noci - bez veřejného osvětlení, vidite",dvoupruhová,žádný způsob řízení provozu,železniční přejezd zabezpečený,mimo křižovatku,ano,P4014,9.49410609686,Hradec Králové-Slezské Předměstí - Třebechovice pod Orebem,"40,32",Ano,II.,29822,U cikánů,50° 12' 19.65210'' N,15° 58' 08.47627'' E,50.20546,15.96902
15.492746441673981,50.296501856569122,50206090181,Smidary (Královéhradecký kraj),2009-02-28 20:49:00,silnice 2.třídy,280,řidičem motorového vozidla,nezjištěno,jiné ovlivnění,nezjišťováno,jiný nepříznivý stav,0,0,0,1,žádná z uvedených,žádná z uvedených,100,žádné z uvedených,"nezjištěno, řidič ujel",,žádná z uvedených,0,žádná z uvedených,nehoda pouze s hmotnou škodou,"nepřichází v úvahu, nejde o srážku jedou",jiný druh nesprávného způsobu jízdy,povrch mokrý,neztížené,dobré,na jízdním pruhu,žádná místní úprava,přímý úsek,neurčeno,žádná z uvedených,srážka s pevnou překážkou,závory železničního přejezdu,živice,"dobrý, bez závad","v noci - s veřejným osvětlením,viditelno",dvoupruhová,světelným signalizačním zařízením,železniční přejezd zabezpečený,mimo křižovatku,ne,P4453,3.40843330473,Smidary - Ostroměř,"39,672",Ne,II.,280,Smidary - stanice,50° 17' 47.31666'' N,15° 29' 34.02322'' E,50.29648,15.49278
15.501587838229655,50.308527816680389,50206090255,Smidary (Královéhradecký kraj),2009-03-25 16:05:00,silnice 3.třídy,28047,řidičem motorového vozidla,s řidičským oprávněním skupiny d,řidič nebyl ovlivněn,nezjišťováno,jiný nepříznivý stav,1,0,0,2,žádná z uvedených,žádná z uvedených,30000,žádné z uvedených,"jiné motorové vozidlo (zemědělské, stave",,"soukromá organizace (podnikatel, s.r.o.,",25000,použitím speciální vyprošťovací techniky,nehoda s následky na životě nebo zdraví,boční,jiné nedání přednosti,jiný stav povrchu vozovky v době nehody,neztížené,dobré,žádné z uvedených,přednost nevyznačena - vyplývá z pravide,přímý úsek,neurčeno,jedoucí - ve směru staničení na komunika,srážka s vlakem,"nepřichází v úvahu, nejde o srážku s pev",jiný nezpevněný povrch,"dobrý, bez závad","ve dne, viditelnost nezhoršená vlivem po",žádná z uvedených,žádný způsob řízení provozu,železniční přejezd nezabezpečený,mimo křižovatku,ne,P4455,138.831431712,Smidary - Ostroměř,"41,278",Ne,O,,Šikmý,50° 18' 30.86988'' N,15° 29' 58.69989'' E,50.30857,15.49964
15.48460911472484,50.242042809473865,50206090270,Nový Bydžov (Královéhradecký kraj),2009-03-30 09:35:00,silnice 3.třídy,32419,řidičem motorového vozidla,s řidičským oprávněním skupiny b,řidič nebyl ovlivněn,ne,dobrý -žádné nepříznivé okolnosti nebyly zjištěny,0,0,0,1,MULTICAR,žádná z uvedených,60,žádné z uvedených,"nákladní automobil (včetně multikáry, au",1990,"soukromá organizace (podnikatel, s.r.o.,",10,nebylo třeba užít násilí,nehoda pouze s hmotnou škodou,"nepřichází v úvahu, nejde o srážku jedou",řidič se plně nevěnoval řízení vozidla,"povrch suchý, neznečistěný",neztížené,dobré,na jízdním pruhu,přednost vyznačena dopravními značkami,křižovatka styková - tříramenná,místní komunikace,zachycuje směr jízdy křižovatkou,srážka s pevnou překážkou,závory železničního přejezdu,živice,"dobrý, bez závad","ve dne, viditelnost nezhoršená vlivem po",dvoupruhová,místní úprava (vyplní se pol. 24),železniční přejezd zabezpečený,"na křižovatce, uvnitř hranic křižovatky",ne,P4444,4.99526415744,Chlumec n/Cidlinou - Nový Bydžov,"33,125",Ne,II.,324,U nemocnice,50° 14' 31.37068'' N,15° 29' 04.35363'' E,50.24205,15.48454
15.487039823454586,50.190207548353584,50206090353,Nepolisy (Královéhradecký kraj),2009-04-21 07:30:00,silnice 3.třídy,32737,řidičem motorového vozidla,s řidičským oprávněním skupiny b,řidič nebyl ovlivněn,ne,dobrý -žádné nepříznivé okolnosti nebyly zjištěny,0,1,1,2,ŠKODA,nedošlo k požáru,3350,žádné z uvedených,osobní automobil bez přívěsu,1992,"soukromé, nevyužívané k výdělečné činnos",200,použitím speciální vyprošťovací techniky,nehoda s následky na životě nebo zdraví,čelní,jiné nedání přednosti,"povrch suchý, neznečistěný",neztížené,dobré,na jízdním pruhu,žádná místní úprava,přímý úsek,neurčeno,jedoucí - ve směru staničení na komunika,srážka s vlakem,"nepřichází v úvahu, nejde o srážku s pev",živice,"dobrý, bez závad","ve dne, viditelnost nezhoršená vlivem po",dvoupruhová,světelným signalizačním zařízením,železniční přejezd zabezpečený,mimo křižovatku,ano,P4435,10.4441734986,Chlumec n/Cidlinou - Nový Bydžov,"27,285",Ne,III.,32737,Luková 2 zast.,50° 11' 24.66273'' N,15° 29' 12.85060'' E,50.19018,15.4869
15.774861748906782,50.24713649244859,50206090384,Světí (Královéhradecký kraj),2009-04-29 09:15:00,silnice 3.třídy,32433,řidičem motorového vozidla,s řidičským oprávněním skupiny b,řidič nebyl ovlivněn,ne,dobrý -žádné nepříznivé okolnosti nebyly zjištěny,0,1,0,2,OPEL,nedošlo k požáru,1050,žádné z uvedených,osobní automobil bez přívěsu,1998,"soukromá organizace (podnikatel, s.r.o.,",400,nebylo třeba užít násilí,nehoda s následky na životě nebo zdraví,z boku,proti příkazu dopravní značky STŮJ DEJ PŘEDNOST,"povrch suchý, neznečistěný",neztížené,dobré,na jízdním pruhu,přednost vyznačena dopravními značkami,přímý úsek,neurčeno,jedoucí - ve směru staničení na komunika,srážka s vlakem,"nepřichází v úvahu, nejde o srážku s pev",živice,"dobrý, bez závad","ve dne, viditelnost nezhoršená vlivem po",dvoupruhová,místní úprava (vyplní se pol. 24),železniční přejezd nezabezpečený,mimo křižovatku,ne,P5379,0.925431268985,ČKD Plotiště n/L. - Všestary,"4,633",Ne,III.,32433,Světí,50° 14' 49.69097'' N,15° 46' 29.46135'' E,50.24714,15.77485
15.498486881446937,50.271493375718393,50206090454,Skřivany (Královéhradecký kraj),2009-05-17 17:45:00,silnice 2.třídy,327,řidičem motorového vozidla,nezjištěno,jiné ovlivnění,nezjišťováno,jiný nepříznivý stav,0,0,0,1,žádná z uvedených,žádná z uvedených,100,žádné z uvedených,"nezjištěno, řidič ujel",,žádná z uvedených,0,žádná z uvedených,nehoda pouze s hmotnou škodou,"nepřichází v úvahu, nejde o srážku jedou",nezvládnutí řízení vozidla,"povrch suchý, neznečistěný",neztížené,dobré,na jízdním pruhu,žádná místní úprava,přímý úsek,neurčeno,žádná z uvedených,havárie,"nepřichází v úvahu, nejde o srážku s pev",živice,"dobrý, bez závad","ve dne, viditelnost nezhoršená vlivem po",dvoupruhová,žádný způsob řízení provozu,železniční přejezd zabezpečený,mimo křižovatku,ne,P4450,2.66447780644,Nový Bydžov - Skřivany,"36,548",Ne,II.,327,u zast. Skřivany,50° 16' 17.42436'' N,15° 29' 54.43932'' E,50.27151,15.49846
15.98521843423687,50.198852412953094,50206090533,Třebechovice pod Orebem (Královéhradecký kraj),2009-06-10 14:55:00,komunikace místní,0,řidičem motorového vozidla,s řidičským oprávněním skupiny c,řidič nebyl ovlivněn,ne,dobrý -žádné nepříznivé okolnosti nebyly zjištěny,0,0,0,1,SCANIA,nedošlo k požáru,160,žádné z uvedených,nákladní automobil s návěsem,2001,registrované mimo území ČR,0,nebylo třeba užít násilí,nehoda pouze s hmotnou škodou,"nepřichází v úvahu, nejde o srážku jedou",jiné nedání přednosti,povrch mokrý,"na počátku deště, slabý déšť",dobré,na jízdním pruhu,žádná místní úprava,přímý úsek,neurčeno,vozidlo jedoucí - na komunikaci bez stan,srážka s pevnou překážkou,závory železničního přejezdu,dlažba,"dobrý, bez závad","ve dne, zhoršená viditelnost vlivem pově",dvoupruhová,žádný způsob řízení provozu,železniční přejezd zabezpečený,mimo křižovatku,ne,P4016,2.56320029484,Třebechovice p/O - Týniště n/Orlicí,"41,692",Ano,C,,U Tanexu,50° 11' 55.79472'' N,15° 59' 06.77253'' E,50.19883,15.98521
15.797372846787656,50.182573619028418,50206090838,Hradec Králové (Královéhradecký kraj),2009-05-12 18:00:00,komunikace místní,0,řidičem motorového vozidla,nezjištěno,jiné ovlivnění,nezjišťováno,jiný nepříznivý stav,0,1,0,2,žádná z uvedených,žádná z uvedených,10,žádné z uvedených,"nezjištěno, řidič ujel",,žádná z uvedených,0,žádná z uvedených,nehoda s následky na životě nebo zdraví,boční,vyhýbání bez dostatečné boční vůle,"povrch suchý, neznečistěný",neztížené,dobré,na jízdním pruhu,přednost vyznačena dopravními značkami,křižovatka styková - tříramenná,místní komunikace,žádná z uvedených,srážka s jedoucím nekolejovým vozidlem,"nepřichází v úvahu, nejde o srážku s pev",živice,"dobrý, bez závad","ve dne, viditelnost nezhoršená vlivem po",dvoupruhová,místní úprava (vyplní se pol. 24),železniční přejezd zabezpečený,"na křižovatce,jedná-li se o křížení siln",ne,P5369,22.9043302928,Opatovice n/Labem - Hradec Králové hl.n.,"18,743",Ano,O,,U Vlasty Vosáhla,50° 10' 56.88669'' N,15° 47' 51.53452'' E,50.18247,15.79765
16.062425449423465,49.752855818187633,50306070044,Krouna (Pardubický kraj),2007-01-15 06:55:00,silnice 3.třídy,3545,řidičem motorového vozidla,s řidičským oprávněním skupiny b,řidič nebyl ovlivněn,ne,dobrý -žádné nepříznivé okolnosti nebyly zjištěny,0,0,0,2,FORD,nedošlo k požáru,450,žádné z uvedených,"nákladní automobil (včetně multikáry, au",1997,"soukromá organizace (podnikatel, s.r.o.,",400,nebylo třeba užít násilí,nehoda pouze s hmotnou škodou,z boku,jiné nedání přednosti,"povrch suchý, neznečistěný",neztížené,dobré,na jízdním pruhu,přednost vyznačena přenosnými dopravními,přímý úsek,neurčeno,jedoucí - ve směru staničení na komunika,srážka s vlakem,"nepřichází v úvahu, nejde o srážku s pev",živice,"dobrý, bez závad","ve dne, viditelnost nezhoršená vlivem po",dvoupruhová,místní úprava (vyplní se pol. 24),železniční přejezd nezabezpečený,mimo křižovatku,ne,P6910,8.99751427784,Borová u Poličky - Čachnov,"36,707",Ne,III.,3545,vedle žst.Čachnov,49° 45' 10.26161'' N,16° 03' 45.18134'' E,49.75285,16.06255
15.665756971382093,49.949597085837645,50306070750,Heřmanův Městec (Pardubický kraj),2007-07-12 10:15:00,komunikace místní,0,řidičem motorového vozidla,s řidičským oprávněním skupiny b,řidič nebyl ovlivněn,ne,dobrý -žádné nepříznivé okolnosti nebyly zjištěny,0,0,0,2,ŠKODA,nedošlo k požáru,570,žádné z uvedených,osobní automobil bez přívěsu,2000,"soukromé, nevyužívané k výdělečné činnos",350,nebylo třeba užít násilí,nehoda pouze s hmotnou škodou,boční,proti příkazu dopravní značky DEJ PŘEDNOST,povrch mokrý,"na počátku deště, slabý déšť",dobré,na jízdním pruhu,přednost vyznačena dopravními značkami,křižovatka styková - tříramenná,místní komunikace,vozidlo jedoucí - na komunikaci bez stan,srážka s jedoucím nekolejovým vozidlem,"nepřichází v úvahu, nejde o srážku s pev",živice,"dobrý, bez závad","ve dne, zhoršená viditelnost vlivem pově",dvoupruhová,místní úprava (vyplní se pol. 24),železniční přejezd nezabezpečený,"na křižovatce,jedná-li se o křížení siln",ne,P5043,528.940662919,Heřmanův Městec - Kostelec u Heřman. M. Z,"13,75",Ne,I.,,vedle žst.Heřmanův Městec,49° 56' 57.53016'' N,15° 39' 30.22891'' E,49.94931,15.6584
15.85994520614312,49.978482759651399,50306071293,Úhřetice (Pardubický kraj),2007-11-11 07:50:00,silnice 2.třídy,340,řidičem motorového vozidla,s řidičským oprávněním skupiny c,řidič nebyl ovlivněn,ne,dobrý -žádné nepříznivé okolnosti nebyly zjištěny,0,0,0,2,FORD,nedošlo k požáru,1000,žádné z uvedených,osobní automobil bez přívěsu,1995,"soukromé, nevyužívané k výdělečné činnos",300,nebylo třeba užít násilí,nehoda pouze s hmotnou škodou,z boku,jiné nedání přednosti,povrch mokrý,neztížené,dobré,na jízdním pruhu,přednost vyznačena dopravními značkami,přímý úsek,neurčeno,jedoucí - ve směru staničení na komunika,srážka s vlakem,"nepřichází v úvahu, nejde o srážku s pev",živice,"dobrý, bez závad","ve dne, viditelnost nezhoršená vlivem po",dvoupruhová,místní úprava (vyplní se pol. 24),železniční přejezd nezabezpečený,mimo křižovatku,ne,P5013,5.71053192288,,"0,157",ne,II,340,,49° 58' 42.68328'' N,15° 51' 35.98624'' E,49.97852,15.86
15.659452720164373,49.942540958040176,50306080075,Heřmanův Městec (Pardubický kraj),2008-01-27 17:35:00,silnice 3.třídy,33749,řidičem motorového vozidla,s řidičským oprávněním skupiny b,řidič nebyl ovlivněn,ne,dobrý -žádné nepříznivé okolnosti nebyly zjištěny,0,0,0,1,ŠKODA,nedošlo k požáru,50,žádné z uvedených,osobní automobil bez přívěsu,1989,"soukromé, nevyužívané k výdělečné činnos",50,nebylo třeba užít násilí,nehoda pouze s hmotnou škodou,"nepřichází v úvahu, nejde o srážku jedou","nepř. rychlosti dopravně technickému stavu vozovky (zatáčka,klesání,stoupání,šířka apod.)",povrch mokrý,déšť,dobré,mimo komunikaci,žádná místní úprava,zatáčka,neurčeno,jedoucí - proti směru staničení na komun,srážka s pevnou překážkou,"jiná překážka (zábradlí,oplocení,násep,n",živice,"dobrý, bez závad","v noci - bez veřejného osvětlení, vidite",dvoupruhová,žádný způsob řízení provozu,železniční přejezd zabezpečený,mimo křižovatku,ano,P5045,1.52179866836,Heřmanův Městec - Kostelec u Heřman. M. Z,"14,52",Ne,III.,33749,ul.Barákova,49° 56' 33.11009'' N,15° 39' 33.99355'' E,49.94253,15.65944
15.778374991617547,49.957392483199463,50306080123,Chrudim (Pardubický kraj),2008-02-11 13:50:00,komunikace účelová - ostatní (parkoviště apod.),0,řidičem motorového vozidla,s řidičským oprávněním skupiny c,řidič nebyl ovlivněn,nezjišťováno,dobrý -žádné nepříznivé okolnosti nebyly zjištěny,0,0,0,2,IVECO,nedošlo k požáru,11,žádné z uvedených,nákladní automobil s návěsem,2000,"soukromá organizace (podnikatel, s.r.o.,",0,nebylo třeba užít násilí,nehoda pouze s hmotnou škodou,"nepřichází v úvahu, nejde o srážku jedou",řidič se plně nevěnoval řízení vozidla,"povrch suchý, neznečistěný",neztížené,dobré,na jízdním pruhu,žádná místní úprava,přímý úsek,neurčeno,vozidlo jedoucí - na komunikaci bez stan,"srážka s vozidlem zaparkovaným, odstaven","nepřichází v úvahu, nejde o srážku s pev",živice,"dobrý, bez závad","ve dne, viditelnost nezhoršená vlivem po",dvoupruhová,žádný způsob řízení provozu,železniční přejezd nezabezpečený,mimo křižovatku,ne,P5344,342.650450436,TRANSPORTA Chrudim - Medlešice,"81,604",Ne,C,,"u Transporty, u kamen.mostu",49° 57' 26.76457'' N,15° 46' 59.33523'' E,49.95743,15.78315
15.76045264400733,49.960024549910671,50306080125,Třibřichy (Pardubický kraj),2008-02-12 16:18:00,silnice 3.třídy,32238,řidičem motorového vozidla,s řidičským oprávněním skupiny c,řidič nebyl ovlivněn,ne,dobrý -žádné nepříznivé okolnosti nebyly zjištěny,0,0,0,2,FORD,nedošlo k požáru,1200,žádné z uvedených,osobní automobil bez přívěsu,2006,"soukromá organizace (podnikatel, s.r.o.,",1000,nebylo třeba užít násilí,nehoda pouze s hmotnou škodou,z boku,jiné nedání přednosti,"povrch suchý, neznečistěný",neztížené,dobré,na jízdním pruhu,přednost vyznačena dopravními značkami,přímý úsek,neurčeno,jedoucí - ve směru staničení na komunika,srážka s vlakem,"nepřichází v úvahu, nejde o srážku s pev",živice,"dobrý, bez závad","ve dne, viditelnost nezhoršená vlivem po",dvoupruhová,místní úprava (vyplní se pol. 24),železniční přejezd nezabezpečený,mimo křižovatku,ne,P5003,41.9802172461,Heřmanův Městec - Chrudim město,"10,616",Ne,III.,32239,Třibřichy,49° 57' 35.12781'' N,15° 45' 39.11596'' E,49.95976,15.76087
15.696860295251655,49.970951770635033,50306080233,Rozhovice (Pardubický kraj),2008-03-18 14:50:00,silnice 3.třídy,3427,řidičem motorového vozidla,s řidičským oprávněním skupiny c,řidič nebyl ovlivněn,ne,dobrý -žádné nepříznivé okolnosti nebyly zjištěny,0,0,1,2,PEUGEOT,žádná z uvedených,2520,žádné z uvedených,"nákladní automobil (včetně multikáry, au",1999,"soukromé, nevyužívané k výdělečné činnos",1000,nebylo třeba užít násilí,nehoda s následky na životě nebo zdraví,z boku,jiné nedání přednosti,povrch mokrý,neztížené,dobré,na jízdním pruhu,přednost nevyznačena - vyplývá z pravide,přímý úsek,neurčeno,jedoucí - ve směru staničení na komunika,srážka s vlakem,"nepřichází v úvahu, nejde o srážku s pev",živice,"dobrý, bez závad","ve dne, viditelnost nezhoršená vlivem po",dvoupruhová,žádný způsob řízení provozu,železniční přejezd nezabezpečený,mimo křižovatku,ne,P4991,2.41986136371,Heřmanův Městec - Chrudim město,"4,547",Ne,III.,3427,Rozhovice - Jezbořice,49° 58' 15.33517'' N,15° 41' 48.71328'' E,49.97093,15.69686
15.972403770974941,49.791185160542661,50306080266,Vojtěchov (Pardubický kraj),2008-03-25 19:17:00,silnice 3.třídy,35526,řidičem motorového vozidla,bez příslušného řidičského oprávnění,řidič nebyl ovlivněn,"ano, obsah alkoholu v&nbsp;krvi do 0,99‰ (2)","pod vlivem alkoholu, obsah alkoholu v krvi do 0,99‰",0,0,0,2,FIAT,žádná z uvedených,150,žádné z uvedených,osobní automobil bez přívěsu,,žádná z uvedených,20,nebylo třeba užít násilí,nehoda pouze s hmotnou škodou,z boku,jiné nedání přednosti,"na vozovce je náledí, ujetý sníh - nepos",neztížené,dobré,na jízdním pruhu,žádná místní úprava,přímý úsek,neurčeno,jedoucí - ve směru staničení na komunika,srážka s vlakem,"nepřichází v úvahu, nejde o srážku s pev",živice,"dobrý, bez závad","ve dne, zhoršená viditelnost (svítání,so",dvoupruhová,světelným signalizačním zařízením,železniční přejezd zabezpečený,mimo křižovatku,ano,P5304,11.2372689916,Hlinsko v Čechách - Žďárec u Skutče,"46,918",Ne,III.,35526,zast.Vojtěchov,49° 47' 28.59805'' N,15° 58' 20.46615'' E,49.79128,15.97235
15.634310141354639,49.894076828030414,50306080417,Prachovice (Pardubický kraj),2008-05-05 11:45:00,komunikace místní,0,řidičem motorového vozidla,s řidičským oprávněním skupiny d,řidič nebyl ovlivněn,ne,dobrý -žádné nepříznivé okolnosti nebyly zjištěny,0,0,0,2,VOLVO,nedošlo k požáru,1700,žádné z uvedených,nákladní automobil s návěsem,2008,"soukromá organizace (podnikatel, s.r.o.,",0,nebylo třeba užít násilí,nehoda pouze s hmotnou škodou,z boku,proti příkazu dopravní značky STŮJ DEJ PŘEDNOST,"povrch suchý, neznečistěný",neztížené,dobré,na jízdním pruhu,přednost vyznačena dopravními značkami,zatáčka,neurčeno,vozidlo jedoucí - na komunikaci bez stan,srážka s vlakem,"nepřichází v úvahu, nejde o srážku s pev",živice,"dobrý, bez závad","ve dne, viditelnost nezhoršená vlivem po",dvoupruhová,místní úprava (vyplní se pol. 24),železniční přejezd nezabezpečený,mimo křižovatku,ne,P5051,23.1340816738,žst. Prachovice,"21,226",Ne,O,,"areál Holcin, a.s. Prachovice",49° 53' 39.09250'' N,15° 38' 02.53606'' E,49.89419,15.63404