X,Y,id,obec,datum,komunikace,komunika_1,zavineni,ridic_kate,ridic_ovli,vinik_alko,ridic_stav,obeti_usmr,obeti_lehc,obeti_tezc,vozidel_ce,vinik_vozi,vinik_vo_1,skoda,unik_hmot,vinik_vo_2,vinik_vo_3,vinik_vo_4,vinik_skod,vyprosteni,nehoda_cha,srazka_voz,hlavni_pri,povrch_sta,meteo,rozhled,nehoda_pol,prednost_v,smerove_po,druh_krizu,smer_jizdy,nehoda_dru,pevna_prek,povrch_dru,komunika_2,viditelnos,komunika_3,rizeni_pro,objekty,misto_neho,smyk,neighbors_TargetID,neighbors_Distance,neighbors_prejezdy-dec_Název definičního úseku,neighbors_prejezdy-dec_Žkm přejezdu,neighbors_prejezdy-dec_Přejezd s trolejovým vedením,neighbors_prejezdy-dec_Třída pozemní komunikace,neighbors_prejezdy-dec_Číslo pozemní komunikace,neighbors_prejezdy-dec_Místní název přejezdu,neighbors_prejezdy-dec_Zeměpisná šířka,neighbors_prejezdy-dec_Zeměpisná délka,neighbors_prejezdy-dec_field_10,neighbors_prejezdy-dec_field_11
12.97072204286448,49.248853334691042,50906080055,N/A,2008-01-14 06:50:00,silnice 2.třídy,366,řidičem motorového vozidla,s řidičským oprávněním skupiny c,řidič nebyl ovlivněn,ne,dobrý -žádné nepříznivé okolnosti nebyly zjištěny,0,0,0,1,FORD,žádná z uvedených,500,žádné z uvedených,osobní automobil bez přívěsu,2004,"soukromé, nevyužívané k výdělečné činnos",400,nebylo třeba užít násilí,nehoda pouze s hmotnou škodou,"nepřichází v úvahu, nejde o srážku jedou","nepř. rychlosti stavu vozovky (náledí, výtluky, bláto, mokrý povrch apod.)",povrch mokrý,mlha,jiné špatné,mimo komunikaci,žádná místní úprava,zatáčka,neurčeno,jedoucí - ve směru staničení na komunika,havárie,"nepřichází v úvahu, nejde o srážku s pev",živice,jiný (neuvedený) stav nebo závada komuni,"ve dne, zhoršená viditelnost vlivem pově",dvoupruhová,žádný způsob řízení provozu,železniční přejezd zabezpečený,mimo křižovatku,ano,P835,14114.1006455,Zelená Lhota - Nýrsko,"26,073",Ne,C,,Dešenice-les,49° 15' 55.03939'' N,13° 09' 46.67792'' E,49.26529,13.16297
16.479405645175525,49.756800664547512,50906080565,Svitavy (Pardubický kraj),2008-07-27 11:45:00,komunikace místní,0,řidičem motorového vozidla,s řidičským oprávněním skupiny b,řidič nebyl ovlivněn,ne,dobrý -žádné nepříznivé okolnosti nebyly zjištěny,0,0,0,1,FORD,nedošlo k požáru,110,žádné z uvedených,"nákladní automobil (včetně multikáry, au",2007,"soukromá organizace (podnikatel, s.r.o.,",30,nebylo třeba užít násilí,nehoda pouze s hmotnou škodou,"nepřichází v úvahu, nejde o srážku jedou",řidič se plně nevěnoval řízení vozidla,"povrch suchý, neznečistěný",neztížené,dobré,na jízdním pruhu,žádná místní úprava,přímý úsek,neurčeno,vozidlo jedoucí - na komunikaci bez stan,srážka s pevnou překážkou,závory železničního přejezdu,živice,"dobrý, bez závad","ve dne, viditelnost nezhoršená vlivem po",dvoupruhová,světelným signalizačním zařízením,železniční přejezd zabezpečený,mimo křižovatku,ne,P6829,25.3485842433,žst. Svitavy,"229,11",Ano,C,,"žst.Svitavy, ul.Olomoucká",49° 45' 24.10853'' N,16° 28' 44.73192'' E,49.7567,16.47909
16.524502437992084,49.623150641645367,50906080974,Brněnec (Pardubický kraj),2008-12-28 09:00:00,silnice 2.třídy,363,řidičem motorového vozidla,nezjištěno,jiné ovlivnění,nezjišťováno,jiný nepříznivý stav,0,0,0,1,žádná z uvedených,žádná z uvedených,50,žádné z uvedených,"nezjištěno, řidič ujel",,žádná z uvedených,0,žádná z uvedených,nehoda pouze s hmotnou škodou,"nepřichází v úvahu, nejde o srážku jedou",řidič se plně nevěnoval řízení vozidla,"povrch suchý, neznečistěný",neztížené,dobré,na jízdním pruhu,přednost nevyznačena - vyplývá z pravide,přímý úsek,neurčeno,žádná z uvedených,srážka s pevnou překážkou,závory železničního přejezdu,živice,"dobrý, bez závad","ve dne, viditelnost nezhoršená vlivem po",dvoupruhová,místní úprava (vyplní se pol. 24),železniční přejezd zabezpečený,mimo křižovatku,ne,P6823,7.71700414074,Letovice - Březová nad Svitavou,"212,004",Ano,II.,363,"u žel.zast.Moravská Chrastová,",49° 37' 23.59423'' N,16° 31' 28.18207'' E,49.62322,16.5245
15.870102124395585,50.396697373778949,51006070050,Kuks (Královéhradecký kraj),2007-01-10 18:25:00,silnice 3.třídy,29915,jiné zavinění,s řidičským oprávněním skupiny b,řidič nebyl ovlivněn,nezjišťováno,dobrý -žádné nepříznivé okolnosti nebyly zjištěny,0,0,0,1,ŠKODA,nedošlo k požáru,300,"došlo k úniku pohonných hmot, oleje, chl",osobní automobil bez přívěsu,2003,"soukromá organizace (podnikatel, s.r.o.,",300,nebylo třeba užít násilí,nehoda pouze s hmotnou škodou,"nepřichází v úvahu, nejde o srážku jedou",nezaviněná řidičem,povrch mokrý,neztížené,špatné vlivem profilu komunikace (nepřeh,na jízdním pruhu,žádná místní úprava,zatáčka,neurčeno,jedoucí - ve směru staničení na komunika,jiný druh nehody,"nepřichází v úvahu, nejde o srážku s pev",živice,"dobrý, bez závad","v noci - bez veřejného osvětlení,viditel",dvoupruhová,žádný způsob řízení provozu,železniční přejezd zabezpečený,mimo křižovatku,ne,P5231,3.79600287838,Jaroměř - Dvůr Králové n/Labem,"48,673",Ne,III.,29915,,50° 23' 48.07822'' N,15° 52' 12.17983'' E,50.39669,15.87005
15.973148345802494,50.675356231865081,51006070158,Královec (Královéhradecký kraj),2007-01-28 23:59:00,silnice 1.třídy,16,řidičem motorového vozidla,nezjištěno,jiné ovlivnění,nezjišťováno,jiný nepříznivý stav,0,0,0,1,žádná z uvedených,žádná z uvedených,200,žádné z uvedených,"nezjištěno, řidič ujel",,žádná z uvedených,0,žádná z uvedených,nehoda pouze s hmotnou škodou,"nepřichází v úvahu, nejde o srážku jedou","nepř. rychlosti stavu vozovky (náledí, výtluky, bláto, mokrý povrch apod.)",povrch mokrý,sněžení,dobré,mimo komunikaci,žádná místní úprava,zatáčka,neurčeno,žádná z uvedených,srážka s pevnou překážkou,závory železničního přejezdu,živice,"dobrý, bez závad","ve dne, viditelnost nezhoršená vlivem po",dvoupruhová,žádný způsob řízení provozu,železniční přejezd zabezpečený,mimo křižovatku,ne,P5488,37.4319742701,Královec - Královec st.hr.,"60,592",Ne,I.,16,,50° 40' 30.24505'' N,15° 58' 22.33431'' E,50.67507,15.97287
15.97313285256492,50.675302335927064,51006070215,Královec (Královéhradecký kraj),2007-02-02 07:45:00,silnice 1.třídy,16,řidičem motorového vozidla,s řidičským oprávněním skupiny c,řidič nebyl ovlivněn,ne,dobrý -žádné nepříznivé okolnosti nebyly zjištěny,0,0,0,1,IVECO,žádná z uvedených,70,žádné z uvedených,"nákladní automobil (včetně multikáry, au",1998,registrované mimo území ČR,20,nebylo třeba užít násilí,nehoda pouze s hmotnou škodou,"nepřichází v úvahu, nejde o srážku jedou","nepř. rychlosti stavu vozovky (náledí, výtluky, bláto, mokrý povrch apod.)","souvislá sněhová vrstva, rozbředlý sníh",neztížené,dobré,na jízdním pruhu,žádná místní úprava,zatáčka,neurčeno,jedoucí - proti směru staničení na komun,srážka s pevnou překážkou,závory železničního přejezdu,živice,"dobrý, bez závad","ve dne, viditelnost nezhoršená vlivem po",dvoupruhová,žádný způsob řízení provozu,železniční přejezd zabezpečený,mimo křižovatku,ano,P5488,31.8330053278,Královec - Královec st.hr.,"60,592",Ne,I.,16,,50° 40' 30.24505'' N,15° 58' 22.33431'' E,50.67507,15.97287
15.729911961851572,50.538735487820858,51006070333,Hostinné (Královéhradecký kraj),2007-03-03 23:59:00,silnice 2.třídy,325,řidičem motorového vozidla,nezjištěno,jiné ovlivnění,nezjišťováno,jiný nepříznivý stav,0,0,0,1,žádná z uvedených,žádná z uvedených,50,žádné z uvedených,"nezjištěno, řidič ujel",,žádná z uvedených,0,žádná z uvedených,nehoda pouze s hmotnou škodou,"nepřichází v úvahu, nejde o srážku jedou",řidič se plně nevěnoval řízení vozidla,povrch mokrý,neztížené,dobré,žádné z uvedených,žádná místní úprava,přímý úsek,neurčeno,žádná z uvedených,srážka s pevnou překážkou,závory železničního přejezdu,živice,"dobrý, bez závad","ve dne, viditelnost nezhoršená vlivem po",dvoupruhová,žádný způsob řízení provozu,železniční přejezd zabezpečený,mimo křižovatku,ne,P4534,12.3123943233,Kunčice n/Labem - Hostinné,"106,741",Ne,II.,325,,50° 32' 19.40751'' N,15° 43' 47.04977'' E,50.53872,15.72974
16.070344198377416,50.608667687538812,51006070353,Jívka (Královéhradecký kraj),2007-03-03 07:18:00,silnice 3.třídy,30116,řidičem motorového vozidla,s řidičským oprávněním skupiny c,řidič nebyl ovlivněn,ne,dobrý -žádné nepříznivé okolnosti nebyly zjištěny,0,0,0,2,PEUGEOT,nedošlo k požáru,1000,žádné z uvedených,osobní automobil bez přívěsu,1997,"soukromé, nevyužívané k výdělečné činnos",400,nebylo třeba užít násilí,nehoda pouze s hmotnou škodou,boční,proti příkazu dopravní značky STŮJ DEJ PŘEDNOST,"na vozovce je náledí, ujetý sníh - nepos",neztížené,dobré,na jízdním pruhu,přednost vyznačena dopravními značkami,přímý úsek,neurčeno,jedoucí - ve směru staničení na komunika,srážka s vlakem,"nepřichází v úvahu, nejde o srážku s pev",živice,jiný (neuvedený) stav nebo závada komuni,"ve dne, viditelnost nezhoršená vlivem po",dvoupruhová,místní úprava (vyplní se pol. 24),železniční přejezd nezabezpečený,mimo křižovatku,ne,P4836,3.98380346757,Janovice u Trut. - Adršpach,"19,423",Ne,III.,30116,Hodkovický,50° 36' 31.32580'' N,16° 04' 13.14557'' E,50.6087,16.07032
15.614919340343365,50.58820467499514,51006070386,Kunčice nad Labem (Královéhradecký kraj),2007-03-12 11:45:00,silnice 3.třídy,32551,řidičem motorového vozidla,nezjištěno,jiné ovlivnění,nezjišťováno,jiný nepříznivý stav,0,0,0,1,žádná z uvedených,žádná z uvedených,50,žádné z uvedených,"nezjištěno, řidič ujel",,žádná z uvedených,0,žádná z uvedených,nehoda pouze s hmotnou škodou,"nepřichází v úvahu, nejde o srážku jedou",řidič se plně nevěnoval řízení vozidla,"povrch suchý, neznečistěný",neztížené,dobré,na jízdním pruhu,žádná místní úprava,přímý úsek,neurčeno,žádná z uvedených,srážka s pevnou překážkou,závory železničního přejezdu,živice,"dobrý, bez závad","ve dne, viditelnost nezhoršená vlivem po",dvoupruhová,žádný způsob řízení provozu,železniční přejezd zabezpečený,mimo křižovatku,ne,P4517,7.55101407705,Martinice v Krkonoších - Kunčice n/Labem,"96,341",Ne,III.,32551,,50° 35' 17.70914'' N,15° 36' 53.41973'' E,50.58825,15.61484
15.799069142268968,50.42184887270534,51006070539,Dvůr Králové nad Labem (Královéhradecký kraj),2007-04-14 07:30:00,silnice 2.třídy,300,řidičem motorového vozidla,s řidičským oprávněním skupiny b,řidič nebyl ovlivněn,ne,dobrý -žádné nepříznivé okolnosti nebyly zjištěny,0,0,0,2,VOLKSWAGEN,nedošlo k požáru,50,žádné z uvedených,osobní automobil bez přívěsu,1998,"soukromé, nevyužívané k výdělečné činnos",30,nebylo třeba užít násilí,nehoda pouze s hmotnou škodou,boční,vyhýbání bez dostatečné boční vůle,"povrch suchý, neznečistěný",neztížené,dobré,na jízdním pruhu,žádná místní úprava,přímý úsek,neurčeno,jedoucí - ve směru staničení na komunika,srážka s jedoucím nekolejovým vozidlem,"nepřichází v úvahu, nejde o srážku s pev",živice,"dobrý, bez závad","ve dne, viditelnost nezhoršená vlivem po",dvoupruhová,žádný způsob řízení provozu,železniční přejezd zabezpečený,mimo křižovatku,ne,P5233,857.244636705,žst. Dvůr Králové n/Labem,"54,535",Ne,III.,30011,,50° 24' 53.01840'' N,15° 47' 40.02537'' E,50.41473,15.79445
15.614848091201988,50.589740265740311,51006070552,Vrchlabí (Královéhradecký kraj),2007-04-19 20:15:00,silnice 3.třídy,32551,řidičem motorového vozidla,s řidičským oprávněním skupiny b,řidič nebyl ovlivněn,"ano, obsah alkoholu v&nbsp;krvi do 0,99‰ (2)","pod vlivem alkoholu, obsah alkoholu v krvi do 0,99‰",0,0,0,1,MAZDA,nedošlo k požáru,40,žádné z uvedených,osobní automobil bez přívěsu,1983,"soukromé, nevyužívané k výdělečné činnos",20,nebylo třeba užít násilí,nehoda pouze s hmotnou škodou,"nepřichází v úvahu, nejde o srážku jedou",nezvládnutí řízení vozidla,"povrch suchý, neznečistěný",neztížené,dobré,mimo komunikaci,žádná místní úprava,přímý úsek,neurčeno,jedoucí - ve směru staničení na komunika,srážka s pevnou překážkou,"odrazník, patník, sloupek, dopr.značky a",živice,"dobrý, bez závad","v noci - bez veřejného osvětlení,viditel",dvoupruhová,žádný způsob řízení provozu,železniční přejezd zabezpečený,mimo křižovatku,ne,P4782,67.6443264558,Kunčice n/L. - Vrchlabí,"0,823",Ne,C,,U cikána,50° 35' 22.32973'' N,15° 36' 56.68650'' E,50.58954,15.61575
15.586484409380237,50.596857996017924,51006070663,Dolní Branná (Královéhradecký kraj),2007-05-13 13:00:00,silnice 3.třídy,2954,řidičem motorového vozidla,nezjištěno,jiné ovlivnění,nezjišťováno,jiný nepříznivý stav,0,0,0,1,žádná z uvedených,žádná z uvedených,100,žádné z uvedených,"nezjištěno, řidič ujel",,žádná z uvedených,0,žádná z uvedených,nehoda pouze s hmotnou škodou,"nepřichází v úvahu, nejde o srážku jedou","bezohledná, agresivní, neohleduplná jízda","povrch suchý, neznečistěný",neztížené,dobré,na jízdním pruhu,žádná místní úprava,zatáčka,neurčeno,žádná z uvedených,srážka s pevnou překážkou,závory železničního přejezdu,živice,"dobrý, bez závad","ve dne, viditelnost nezhoršená vlivem po",dvoupruhová,světelným signalizačním zařízením,železniční přejezd zabezpečený,mimo křižovatku,ne,P4511,3.60147192597,Martinice v Krkonoších - Kunčice n/Labem,"94,105",Ne,III.,2954,,50° 35' 48.57823'' N,15° 35' 11.45086'' E,50.59683,15.58651
15.594194968857662,50.593967917231517,51006070707,Dolní Branná (Královéhradecký kraj),2007-05-22 11:25:00,silnice 2.třídy,295,řidičem motorového vozidla,s řidičským oprávněním skupiny c,řidič nebyl ovlivněn,ne,dobrý -žádné nepříznivé okolnosti nebyly zjištěny,0,0,0,1,TATRA,žádná z uvedených,110,žádné z uvedených,"nákladní automobil (včetně multikáry, au",1988,"soukromá organizace (podnikatel, s.r.o.,",10,nebylo třeba užít násilí,nehoda pouze s hmotnou škodou,"nepřichází v úvahu, nejde o srážku jedou",nepř. rychlosti vlastnostem vozidla a nákladu,"povrch suchý, neznečistěný",neztížené,dobré,na jízdním pruhu,žádná místní úprava,přímý úsek,neurčeno,jedoucí - proti směru staničení na komun,srážka s pevnou překážkou,závory železničního přejezdu,živice,"dobrý, bez závad","ve dne, viditelnost nezhoršená vlivem po",dvoupruhová,žádný způsob řízení provozu,železniční přejezd zabezpečený,mimo křižovatku,ne,P4513,15.2373354164,Martinice v Krkonoších - Kunčice n/Labem,"94,75",Ne,II.,295,,50° 35' 37.95544'' N,15° 35' 39.70453'' E,50.59388,15.59436
15.763945341824304,50.52061754759626,51006070759,Chotěvice (Královéhradecký kraj),2007-06-06 10:10:00,komunikace místní,0,řidičem motorového vozidla,s řidičským oprávněním skupiny c,řidič nebyl ovlivněn,ne,dobrý -žádné nepříznivé okolnosti nebyly zjištěny,0,0,0,1,ŠKODA,žádná z uvedených,350,žádné z uvedených,osobní automobil bez přívěsu,2001,"soukromé, nevyužívané k výdělečné činnos",350,nebylo třeba užít násilí,nehoda pouze s hmotnou škodou,"nepřichází v úvahu, nejde o srážku jedou",jiné nedání přednosti,"povrch suchý, neznečistěný",neztížené,dobré,na jízdním pruhu,přednost nevyznačena - vyplývá z pravide,zatáčka,neurčeno,vozidlo jedoucí - na komunikaci bez stan,srážka s pevnou překážkou,závory železničního přejezdu,živice,"dobrý, bez závad","ve dne, viditelnost nezhoršená vlivem po",dvoupruhová,místní úprava (vyplní se pol. 24),železniční přejezd zabezpečený,mimo křižovatku,ne,P4543,10.4426462556,Hostinné - Pilníkov,"111,647",Ne,O,,,50° 31' 14.16687'' N,15° 45' 50.70873'' E,50.5206,15.76409
15.797407146510052,50.421783877893645,51006071006,Dvůr Králové nad Labem (Královéhradecký kraj),2007-07-21 10:10:00,silnice 2.třídy,300,řidičem motorového vozidla,s řidičským oprávněním skupiny b,ovlivněn jednáním jiného účastníka sil. provozu,ne,dobrý -žádné nepříznivé okolnosti nebyly zjištěny,0,0,0,2,PEUGEOT,nedošlo k požáru,350,žádné z uvedených,osobní automobil bez přívěsu,1988,"soukromé, nevyužívané k výdělečné činnos",50,nebylo třeba užít násilí,nehoda pouze s hmotnou škodou,zezadu,nepřizpůsobení rychlosti hustotě provozu,"povrch suchý, neznečistěný",neztížené,dobré,na jízdním pruhu,žádná místní úprava,přímý úsek,neurčeno,jedoucí - ve směru staničení na komunika,srážka s jedoucím nekolejovým vozidlem,"nepřichází v úvahu, nejde o srážku s pev",živice,"dobrý, bez závad","ve dne, viditelnost nezhoršená vlivem po",dvoupruhová,žádný způsob řízení provozu,železniční přejezd zabezpečený,mimo křižovatku,ne,P5233,812.3206919,žst. Dvůr Králové n/Labem,"54,535",Ne,III.,30011,,50° 24' 53.01840'' N,15° 47' 40.02537'' E,50.41473,15.79445
15.617277695551348,50.593712666570006,51006071053,Vrchlabí (Královéhradecký kraj),2007-07-30 16:42:00,komunikace místní,0,řidičem motorového vozidla,s řidičským oprávněním skupiny b,řidič nebyl ovlivněn,ne,dobrý -žádné nepříznivé okolnosti nebyly zjištěny,0,0,0,2,ROVER,nedošlo k požáru,640,žádné z uvedených,osobní automobil bez přívěsu,1997,"soukromé, nevyužívané k výdělečné činnos",600,nebylo třeba užít násilí,nehoda pouze s hmotnou škodou,z boku,proti příkazu dopravní značky STŮJ DEJ PŘEDNOST,"povrch suchý, neznečistěný",neztížené,dobré,na jízdním pruhu,přednost vyznačena dopravními značkami,přímý úsek,neurčeno,vozidlo jedoucí - na komunikaci bez stan,srážka s vlakem,"nepřichází v úvahu, nejde o srážku s pev",živice,"dobrý, bez závad","ve dne, viditelnost nezhoršená vlivem po",dvoupruhová,místní úprava (vyplní se pol. 24),železniční přejezd zabezpečený,mimo křižovatku,ne,P4783,33.1587054553,Kunčice n/L. - Vrchlabí,"1,324",Ne,C,,U mlékárny,50° 35' 37.93440'' N,15° 37' 00.77839'' E,50.59387,15.61688
15.77826958490472,50.522050677936363,51006071155,Chotěvice (Královéhradecký kraj),2007-08-16 20:27:00,silnice 1.třídy,16,řidičem motorového vozidla,s řidičským oprávněním skupiny c,řidič nebyl ovlivněn,nezjišťováno,jiný nepříznivý stav,1,0,0,2,ŠKODA,nedošlo k požáru,1200,žádné z uvedených,osobní automobil bez přívěsu,1988,"soukromé, nevyužívané k výdělečné činnos",100,použitím speciální vyprošťovací techniky,nehoda s následky na životě nebo zdraví,z boku,jiné nedání přednosti,"povrch suchý, neznečistěný",neztížené,dobré,na jízdním pruhu,přednost vyznačena dopravními značkami,přímý úsek po projetí zatáčkou (do vzdál,neurčeno,jedoucí - ve směru staničení na komunika,srážka s vlakem,"nepřichází v úvahu, nejde o srážku s pev",jiný nezpevněný povrch,"dobrý, bez závad","ve dne, viditelnost nezhoršená vlivem po",dvoupruhová,místní úprava (vyplní se pol. 24),železniční přejezd zabezpečený,mimo křižovatku,ne,P4546,8.3872355546,Hostinné - Pilníkov,"112,698",Ne,I.,16,Chotěvický,50° 31' 19.22710'' N,15° 46' 41.39418'' E,50.52201,15.77817
15.614931121768041,50.588214948451366,51006071244,Kunčice nad Labem (Královéhradecký kraj),2007-09-09 23:59:00,silnice 3.třídy,32551,řidičem motorového vozidla,nezjištěno,jiné ovlivnění,nezjišťováno,jiný nepříznivý stav,0,0,0,1,žádná z uvedených,žádná z uvedených,100,žádné z uvedených,"nezjištěno, řidič ujel",,žádná z uvedených,0,žádná z uvedených,nehoda pouze s hmotnou škodou,"nepřichází v úvahu, nejde o srážku jedou",řidič se plně nevěnoval řízení vozidla,povrch mokrý,neztížené,dobré,na jízdním pruhu,žádná místní úprava,přímý úsek po projetí zatáčkou (do vzdál,neurčeno,žádná z uvedených,srážka s pevnou překážkou,závory železničního přejezdu,živice,"dobrý, bez závad","ve dne, viditelnost nezhoršená vlivem po",dvoupruhová,žádný způsob řízení provozu,železniční přejezd zabezpečený,mimo křižovatku,ne,P4517,7.54109925597,Martinice v Krkonoších - Kunčice n/Labem,"96,341",Ne,III.,32551,,50° 35' 17.70914'' N,15° 36' 53.41973'' E,50.58825,15.61484
15.894487319360998,50.574850200660201,51006071555,Trutnov (Královéhradecký kraj),2007-11-11 08:28:00,komunikace místní,0,řidičem motorového vozidla,s řidičským oprávněním skupiny b,řidič nebyl ovlivněn,ne,dobrý -žádné nepříznivé okolnosti nebyly zjištěny,0,0,0,2,FIAT,žádná z uvedených,700,žádné z uvedených,osobní automobil bez přívěsu,2005,"soukromá organizace (podnikatel, s.r.o.,",300,použitím speciální vyprošťovací techniky,nehoda pouze s hmotnou škodou,z boku,řidič se plně nevěnoval řízení vozidla,povrch mokrý,neztížené,dobré,na jízdním pruhu,žádná místní úprava,přímý úsek,neurčeno,vozidlo jedoucí - na komunikaci bez stan,srážka s vlakem,"nepřichází v úvahu, nejde o srážku s pev",živice,"dobrý, bez závad","ve dne, viditelnost nezhoršená vlivem po",dvoupruhová,žádný způsob řízení provozu,železniční přejezd zabezpečený,mimo křižovatku,ne,P4789,4.71602704513,Trutnov hl.n. - Kalná Voda,"1,861",Ne,C,,ul. Zahradní,50° 34' 29.56843'' N,15° 53' 39.97913'' E,50.57488,15.89444
15.769921730215517,50.426602930439429,51006071561,Bílá Třemešná (Královéhradecký kraj),2007-11-11 05:30:00,silnice 2.třídy,300,řidičem motorového vozidla,s řidičským oprávněním skupiny c,řidič nebyl ovlivněn,ne,dobrý -žádné nepříznivé okolnosti nebyly zjištěny,0,0,0,1,ŠKODA,žádná z uvedených,350,"došlo k úniku pohonných hmot, oleje, chl",osobní automobil bez přívěsu,1988,"soukromé, nevyužívané k výdělečné činnos",100,nebylo třeba užít násilí,nehoda pouze s hmotnou škodou,"nepřichází v úvahu, nejde o srážku jedou","nepř. rychlosti stavu vozovky (náledí, výtluky, bláto, mokrý povrch apod.)",povrch mokrý,neztížené,dobré,na krajnici,žádná místní úprava,přímý úsek,neurčeno,jedoucí - proti směru staničení na komun,srážka s pevnou překážkou,závory železničního přejezdu,živice,"dobrý, bez závad","v noci - bez veřejného osvětlení,viditel",dvoupruhová,žádný způsob řízení provozu,železniční přejezd zabezpečený,mimo křižovatku,ano,P5235,4.75321287663,Dvůr Králové n/Labem - Bílá Třemešná,"56,742",Ne,II.,300,,50° 25' 35.85438'' N,15° 46' 11.53787'' E,50.42663,15.76987
15.650455720540773,50.567986295699804,51006071572,Kunčice nad Labem (Královéhradecký kraj),2007-11-11 07:25:00,silnice 3.třídy,32551,řidičem motorového vozidla,s řidičským oprávněním skupiny b,řidič nebyl ovlivněn,ne,dobrý -žádné nepříznivé okolnosti nebyly zjištěny,0,0,0,1,FIAT,žádná z uvedených,450,žádné z uvedených,"nákladní automobil (včetně multikáry, au",2006,"soukromá organizace (podnikatel, s.r.o.,",300,nebylo třeba užít násilí,nehoda pouze s hmotnou škodou,"nepřichází v úvahu, nejde o srážku jedou","nepř. rychlosti stavu vozovky (náledí, výtluky, bláto, mokrý povrch apod.)","souvislá sněhová vrstva, rozbředlý sníh",sněžení,dobré,na jízdním pruhu,žádná místní úprava,zatáčka,neurčeno,jedoucí - proti směru staničení na komun,srážka s pevnou překážkou,závory železničního přejezdu,živice,"dobrý, bez závad","ve dne, zhoršená viditelnost vlivem pově",dvoupruhová,žádný způsob řízení provozu,železniční přejezd zabezpečený,mimo křižovatku,ano,P4523,4.95650254537,Kunčice n/Labem - Hostinné,"99,736",Ne,III.,32551,,50° 34' 04.88835'' N,15° 39' 01.48673'' E,50.56802,15.65041
15.616884961772305,50.593865305030882,51006071721,Vrchlabí (Královéhradecký kraj),2007-11-29 10:04:00,komunikace místní,0,řidičem motorového vozidla,s řidičským oprávněním skupiny c,řidič nebyl ovlivněn,ne,dobrý -žádné nepříznivé okolnosti nebyly zjištěny,0,0,0,2,MULTICAR,žádná z uvedených,250,žádné z uvedených,"nákladní automobil (včetně multikáry, au",1986,"soukromá organizace (podnikatel, s.r.o.,",200,nebylo třeba užít násilí,nehoda pouze s hmotnou škodou,z boku,proti příkazu dopravní značky STŮJ DEJ PŘEDNOST,"na vozovce je náledí, ujetý sníh - nepos",neztížené,dobré,žádné z uvedených,přednost vyznačena přenosnými dopravními,křižovatka průsečná - čtyřramenná,místní komunikace,vozidlo jedoucí - na komunikaci bez stan,srážka s vlakem,"nepřichází v úvahu, nejde o srážku s pev",živice,"dobrý, bez závad","ve dne, viditelnost nezhoršená vlivem po",žádná z uvedených,místní úprava (vyplní se pol. 24),železniční přejezd nezabezpečený,"na křižovatce,jedná-li se o křížení siln",ano,P4783,0.631150659086,Kunčice n/L. - Vrchlabí,"1,324",Ne,C,,U mlékárny,50° 35' 37.93440'' N,15° 37' 00.77839'' E,50.59387,15.61688
15.650506627140732,50.568033125980605,51006071737,Kunčice nad Labem (Královéhradecký kraj),2007-12-12 07:00:00,silnice 3.třídy,32551,řidičem motorového vozidla,s řidičským oprávněním skupiny c,řidič nebyl ovlivněn,ne,dobrý -žádné nepříznivé okolnosti nebyly zjištěny,0,0,0,1,MERCEDES,nedošlo k požáru,2300,žádné z uvedených,nákladní automobil s přívěsem,2007,"soukromá organizace (podnikatel, s.r.o.,",2000,nebylo třeba užít násilí,nehoda pouze s hmotnou škodou,"nepřichází v úvahu, nejde o srážku jedou","nepř. rychlosti stavu vozovky (náledí, výtluky, bláto, mokrý povrch apod.)",povrch mokrý,neztížené,"špatné vlivem okolní zástavby (budovy,pl",na krajnici,žádná místní úprava,zatáčka,neurčeno,jedoucí - ve směru staničení na komunika,srážka s pevnou překážkou,"sloup - telefonní, veř.osvětlení, el.ved",živice,"dobrý, bez závad","ve dne, viditelnost nezhoršená vlivem po",dvoupruhová,žádný způsob řízení provozu,železniční přejezd zabezpečený,mimo křižovatku,ano,P4523,7.00011001787,Kunčice n/Labem - Hostinné,"99,736",Ne,III.,32551,,50° 34' 04.88835'' N,15° 39' 01.48673'' E,50.56802,15.65041
15.742732308047483,50.532369851731985,51006080107,Hostinné (Královéhradecký kraj),2008-01-22 09:30:00,silnice 2.třídy,325,řidičem motorového vozidla,s řidičským oprávněním skupiny c,jiné ovlivnění,ne,dobrý -žádné nepříznivé okolnosti nebyly zjištěny,0,0,0,1,ŠKODA,nedošlo k požáru,550,žádné z uvedených,"nákladní automobil (včetně multikáry, au",1997,"soukromé, nevyužívané k výdělečné činnos",400,nebylo třeba užít násilí,nehoda pouze s hmotnou škodou,"nepřichází v úvahu, nejde o srážku jedou",nezvládnutí řízení vozidla,povrch mokrý,neztížené,dobré,na jízdním pruhu,žádná místní úprava,zatáčka,neurčeno,jedoucí - ve směru staničení na komunika,srážka s pevnou překážkou,závory železničního přejezdu,živice,"dobrý, bez závad","ve dne, viditelnost nezhoršená vlivem po",dvoupruhová,žádný způsob řízení provozu,železniční přejezd zabezpečený,mimo křižovatku,ne,P4536,4.51672350977,,"0,085",ne,místní K TOSu,,U TOSu,50° 31' 56.381''N,15° 44' 33.805''E,50.53233,15.74272