X,Y,id,obec,datum,komunikace,komunika_1,zavineni,ridic_kate,ridic_ovli,vinik_alko,ridic_stav,obeti_usmr,obeti_lehc,obeti_tezc,vozidel_ce,vinik_vozi,vinik_vo_1,skoda,unik_hmot,vinik_vo_2,vinik_vo_3,vinik_vo_4,vinik_skod,vyprosteni,nehoda_cha,srazka_voz,hlavni_pri,povrch_sta,meteo,rozhled,nehoda_pol,prednost_v,smerove_po,druh_krizu,smer_jizdy,nehoda_dru,pevna_prek,povrch_dru,komunika_2,viditelnos,komunika_3,rizeni_pro,objekty,misto_neho,smyk,neighbors_TargetID,neighbors_Distance,neighbors_prejezdy-dec_Název definičního úseku,neighbors_prejezdy-dec_Žkm přejezdu,neighbors_prejezdy-dec_Přejezd s trolejovým vedením,neighbors_prejezdy-dec_Třída pozemní komunikace,neighbors_prejezdy-dec_Číslo pozemní komunikace,neighbors_prejezdy-dec_Místní název přejezdu,neighbors_prejezdy-dec_Zeměpisná šířka,neighbors_prejezdy-dec_Zeměpisná délka,neighbors_prejezdy-dec_field_10,neighbors_prejezdy-dec_field_11
17.403282927708052,49.283461551810767,60806070448,Kroměříž (Zlínský kraj),2007-06-06 09:52:00,silnice 2.třídy,367,řidičem motorového vozidla,s řidičským oprávněním skupiny c,řidič nebyl ovlivněn,ne,dobrý -žádné nepříznivé okolnosti nebyly zjištěny,0,0,0,2,CITROEN,nedošlo k požáru,900,žádné z uvedených,"nákladní automobil (včetně multikáry, au",2002,"soukromé, nevyužívané k výdělečné činnos",700,nebylo třeba užít násilí,nehoda pouze s hmotnou škodou,z boku,jiné nedání přednosti,"povrch suchý, neznečistěný",neztížené,dobré,na jízdním pruhu,žádná místní úprava,zatáčka,neurčeno,jedoucí - proti směru staničení na komun,srážka s vlakem,"nepřichází v úvahu, nejde o srážku s pev",živice,"dobrý, bez závad","ve dne, viditelnost nezhoršená vlivem po",dvoupruhová,světelným signalizačním zařízením,železniční přejezd zabezpečený,mimo křižovatku,ne,P7309,6.16795547237,NAVOS vl. Kotojedy - Zdounky,"2,606",Ne,II.,367,zastávka Kotojedy,49° 17' 00.42930'' N,17° 24' 11.50498'' E,49.28345,17.4032
17.468201028072805,49.328052335223155,60806070483,Hulín (Zlínský kraj),2007-06-12 09:52:00,komunikace místní,0,řidičem motorového vozidla,nezjištěno,jiné ovlivnění,nezjišťováno,jiný nepříznivý stav,0,0,0,1,žádná z uvedených,žádná z uvedených,50,žádné z uvedených,"nezjištěno, řidič ujel",,žádná z uvedených,0,žádná z uvedených,nehoda pouze s hmotnou škodou,"nepřichází v úvahu, nejde o srážku jedou",řidič se plně nevěnoval řízení vozidla,"povrch suchý, neznečistěný",neztížené,dobré,na jízdním pruhu,žádná místní úprava,přímý úsek,neurčeno,žádná z uvedených,srážka s pevnou překážkou,závory železničního přejezdu,živice,"dobrý, bez závad","ve dne, viditelnost nezhoršená vlivem po",dvoupruhová,žádný způsob řízení provozu,železniční přejezd zabezpečený,mimo křižovatku,ne,P8174,9.64312752793,Hulín - Říkovice,"169,909",Ano,MK,,ke statku v Hulíně,49° 19' 41.26558'' N,17° 28' 05.72722'' E,49.32813,17.46826
17.682007170677611,49.396767736318218,60806070589,Bystřice pod Hostýnem (Zlínský kraj),2007-07-19 10:10:00,komunikace místní,0,řidičem nemotorového vozidla,ostatní řidiči vozidel,řidič nebyl ovlivněn,ne,dobrý -žádné nepříznivé okolnosti nebyly zjištěny,0,1,0,2,žádná z uvedených,nedošlo k požáru,10,žádné z uvedených,jízdní kolo,,"soukromé, nevyužívané k výdělečné činnos",10,nebylo třeba užít násilí,nehoda s následky na životě nebo zdraví,z boku,jiné nedání přednosti,"povrch suchý, neznečistěný",neztížené,dobré,na jízdním pruhu,přednost nevyznačena - vyplývá z pravide,přímý úsek po projetí zatáčkou (do vzdál,neurčeno,vozidlo jedoucí - na komunikaci bez stan,srážka s vlakem,"nepřichází v úvahu, nejde o srážku s pev",živice,"dobrý, bez závad","ve dne, viditelnost nezhoršená vlivem po",dvoupruhová,žádný způsob řízení provozu,železniční přejezd zabezpečený,mimo křižovatku,ne,P7275,10.9086926877,Bystřice p.Host. - Loukov,"36,336",Ne,MK,,spojnice mezi obcí,49° 23' 48.55688'' N,17° 40' 54.75451'' E,49.39682,17.68188
17.455387041839941,49.348935434129785,60806080258,Břest (Zlínský kraj),2008-03-28 12:16:00,silnice 3.třídy,4903,řidičem motorového vozidla,nezjištěno,jiné ovlivnění,nezjišťováno,jiný nepříznivý stav,0,0,0,1,žádná z uvedených,žádná z uvedených,100,žádné z uvedených,"nezjištěno, řidič ujel",,žádná z uvedených,0,žádná z uvedených,nehoda pouze s hmotnou škodou,"nepřichází v úvahu, nejde o srážku jedou",řidič se plně nevěnoval řízení vozidla,"povrch suchý, neznečistěný",neztížené,dobré,na jízdním pruhu,žádná místní úprava,přímý úsek,neurčeno,žádná z uvedených,srážka s pevnou překážkou,závory železničního přejezdu,živice,"dobrý, bez závad","ve dne, viditelnost nezhoršená vlivem po",dvoupruhová,žádný způsob řízení provozu,železniční přejezd zabezpečený,mimo křižovatku,ne,P8175,8.32563869726,Hulín - Říkovice,"172,409",Ano,III.,4903,zastávka Břest,49° 20' 55.98549'' N,17° 27' 19.13048'' E,49.34888,17.45531
17.572574127961392,49.327312178888185,60806080446,Holešov (Zlínský kraj),2008-06-06 16:38:00,komunikace místní,0,řidičem motorového vozidla,s řidičským oprávněním skupiny b,řidič nebyl ovlivněn,ne,dobrý -žádné nepříznivé okolnosti nebyly zjištěny,0,0,1,2,ŠKODA,nedošlo k požáru,2620,"došlo k úniku pohonných hmot, oleje, chl",osobní automobil bez přívěsu,2000,"soukromé, nevyužívané k výdělečné činnos",2000,nebylo třeba užít násilí,nehoda s následky na životě nebo zdraví,z boku,jízda na “červené světlo“,"povrch suchý, neznečistěný",neztížené,dobré,na jízdním pruhu,žádná místní úprava,přímý úsek,neurčeno,vozidlo jedoucí - na komunikaci bez stan,srážka s vlakem,"nepřichází v úvahu, nejde o srážku s pev",živice,"dobrý, bez závad","ve dne, viditelnost nezhoršená vlivem po",dvoupruhová,světelným signalizačním zařízením,železniční přejezd zabezpečený,mimo křižovatku,ne,P7258,6.24615346844,,"0,089",ne,místní,,ulice Tovární,49° 19' 38.583''N,17° 34' 21.672''E,49.32738,17.57269
17.300093569760183,49.236123899614078,60806090032,Zdounky (Zlínský kraj),2009-02-02 13:07:00,silnice 3.třídy,42815,řidičem motorového vozidla,s řidičským oprávněním skupiny c,řidič nebyl ovlivněn,ne,dobrý -žádné nepříznivé okolnosti nebyly zjištěny,0,0,0,2,BMW,nedošlo k požáru,8000,žádné z uvedených,osobní automobil bez přívěsu,2006,registrované mimo území ČR,7500,nebylo třeba užít násilí,nehoda pouze s hmotnou škodou,z boku,jízda na “červené světlo“,povrch mokrý,neztížené,dobré,na jízdním pruhu,žádná místní úprava,zatáčka,neurčeno,jedoucí - ve směru staničení na komunika,srážka s vlakem,"nepřichází v úvahu, nejde o srážku s pev",živice,"dobrý, bez závad","ve dne, viditelnost nezhoršená vlivem po",dvoupruhová,světelným signalizačním zařízením,železniční přejezd zabezpečený,mimo křižovatku,ne,P7322,3.75402627328,Zdounky - Zborovice,"13,922",Ne,III.,43215,nětčický na trojce,49° 14' 09.94743'' N,17° 18' 00.48056'' E,49.2361,17.30013
17.597905627651713,49.338494788727473,60806090069,Holešov (Zlínský kraj),2009-05-11 11:32:00,komunikace místní,0,řidičem motorového vozidla,s řidičským oprávněním skupiny c,řidič nebyl ovlivněn,ne,dobrý -žádné nepříznivé okolnosti nebyly zjištěny,0,0,1,2,TATRA,nedošlo k požáru,10000,"došlo k úniku pohonných hmot, oleje, chl",nákladní automobil s přívěsem,1995,"soukromé, využívané k výdělečné činnosti",9000,nebylo třeba užít násilí,nehoda s následky na životě nebo zdraví,z boku,jiné nedání přednosti,"povrch suchý, neznečistěný",neztížené,dobré,na jízdním pruhu,žádná místní úprava,přímý úsek,neurčeno,vozidlo jedoucí - na komunikaci bez stan,srážka s vlakem,"nepřichází v úvahu, nejde o srážku s pev",živice,"dobrý, bez závad","ve dne, viditelnost nezhoršená vlivem po",dvoupruhová,žádný způsob řízení provozu,železniční přejezd nezabezpečený,mimo křižovatku,ne,P7263,5.50780841361,Holešov - Hlinsko p.Host.,"26,813",Ne,O,,u cihelny,49° 20' 18.49422'' N,17° 35' 52.20960'' E,49.33847,17.59784
17.486165206528629,49.301998467691632,60806090072,Hulín (Zlínský kraj),2009-05-18 10:02:00,silnice 3.třídy,5511,řidičem motorového vozidla,s řidičským oprávněním skupiny c,řidič nebyl ovlivněn,ne,dobrý -žádné nepříznivé okolnosti nebyly zjištěny,0,0,0,1,MERCEDES,nedošlo k požáru,700,žádné z uvedených,"nákladní automobil (včetně multikáry, au",2003,"soukromá organizace (podnikatel, s.r.o.,",500,nebylo třeba užít násilí,nehoda pouze s hmotnou škodou,"nepřichází v úvahu, nejde o srážku jedou",řidič se plně nevěnoval řízení vozidla,"povrch suchý, znečist. (písek,listí,štěr",neztížené,dobré,na jízdním pruhu,žádná místní úprava,zatáčka,neurčeno,jedoucí - ve směru staničení na komunika,srážka s pevnou překážkou,závory železničního přejezdu,živice,"dobrý, bez závad","ve dne, viditelnost nezhoršená vlivem po",dvoupruhová,světelným signalizačním zařízením,železniční přejezd zabezpečený,mimo křižovatku,ne,P8173,8.34965289626,Tlumačov - Hulín,"166,72",Ano,III.,5511,na Chrášťany,49° 18' 07.20590'' N,17° 29' 10.60463'' E,49.302,17.48628
15.812653214438695,49.212850235585421,61006070076,Stařeč (Kraj Vysočina),2007-01-25 17:00:00,silnice 1.třídy,23,řidičem motorového vozidla,nezjištěno,jiné ovlivnění,nezjišťováno,jiný nepříznivý stav,0,0,0,1,žádná z uvedených,žádná z uvedených,50,žádné z uvedených,"nezjištěno, řidič ujel",,žádná z uvedených,0,žádná z uvedených,nehoda pouze s hmotnou škodou,"nepřichází v úvahu, nejde o srážku jedou",nezvládnutí řízení vozidla,"na vozovce je náledí, ujetý sníh - nepos","tvoří se námraza, náledí",dobré,na jízdním pruhu,žádná místní úprava,přímý úsek,neurčeno,žádná z uvedených,srážka s pevnou překážkou,závory železničního přejezdu,živice,"dobrý, bez závad","ve dne, viditelnost nezhoršená vlivem po",dvoupruhová,žádný způsob řízení provozu,železniční přejezd zabezpečený,mimo křižovatku,ne,P3868,4.29834565804,Třebíč - Krahulov,"55,467",Ne,I.,23,Krahulov,49° 12' 46.14777'' N,15° 48' 45.68201'' E,49.21282,15.81269
15.854616122119298,49.209749062395964,61006070487,Třebíč (Kraj Vysočina),2007-06-15 15:05:00,silnice 1.třídy,23,řidičem motorového vozidla,s řidičským oprávněním skupiny d,řidič nebyl ovlivněn,ne,dobrý -žádné nepříznivé okolnosti nebyly zjištěny,0,0,0,1,SOR,nedošlo k požáru,80,žádné z uvedených,autobus,1996,"soukromá organizace (podnikatel, s.r.o.,",20,nebylo třeba užít násilí,nehoda pouze s hmotnou škodou,"nepřichází v úvahu, nejde o srážku jedou",nezvládnutí řízení vozidla,"povrch suchý, neznečistěný",neztížené,dobré,na jízdním pruhu,žádná místní úprava,přímý úsek,neurčeno,jedoucí - ve směru staničení na komunika,srážka s pevnou překážkou,závory železničního přejezdu,živice,"dobrý, bez závad","ve dne, viditelnost nezhoršená vlivem po",dvoupruhová,žádný způsob řízení provozu,železniční přejezd zabezpečený,mimo křižovatku,ne,P3866,12.1258157549,Třebíč - Krahulov,"52,28",Ne,I.,23,Borovina,49° 12' 35.02748'' N,15° 51' 17.21830'' E,49.20973,15.85478
15.812661522805712,49.212883926480487,61006070642,Stařeč (Kraj Vysočina),2007-08-08 16:54:00,silnice 1.třídy,23,řidičem motorového vozidla,nezjištěno,jiné ovlivnění,nezjišťováno,jiný nepříznivý stav,0,0,0,1,žádná z uvedených,žádná z uvedených,80,žádné z uvedených,"nezjištěno, řidič ujel",,žádná z uvedených,0,žádná z uvedených,nehoda pouze s hmotnou škodou,"nepřichází v úvahu, nejde o srážku jedou",jiný druh nesprávného způsobu jízdy,"povrch suchý, neznečistěný",neztížené,dobré,na jízdním pruhu,žádná místní úprava,přímý úsek,neurčeno,žádná z uvedených,srážka s pevnou překážkou,závory železničního přejezdu,živice,"dobrý, bez závad","ve dne, viditelnost nezhoršená vlivem po",dvoupruhová,žádný způsob řízení provozu,železniční přejezd zabezpečený,mimo křižovatku,ne,P3868,7.40397375486,Třebíč - Krahulov,"55,467",Ne,I.,23,Krahulov,49° 12' 46.14777'' N,15° 48' 45.68201'' E,49.21282,15.81269
15.793649044219254,49.046132304243315,61006070698,Moravské Budějovice (Kraj Vysočina),2007-08-17 17:03:00,silnice 3.třídy,15226,řidičem motorového vozidla,s řidičským oprávněním skupiny c,řidič nebyl ovlivněn,ne,dobrý -žádné nepříznivé okolnosti nebyly zjištěny,0,0,0,2,FORD,žádná z uvedených,600,žádné z uvedených,osobní automobil bez přívěsu,2007,"soukromá organizace (podnikatel, s.r.o.,",400,nebylo třeba užít násilí,nehoda pouze s hmotnou škodou,z boku,jiné nedání přednosti,povrch mokrý,déšť,dobré,na jízdním pruhu,žádná místní úprava,přímý úsek,neurčeno,jedoucí - proti směru staničení na komun,srážka s vlakem,"nepřichází v úvahu, nejde o srážku s pev",živice,"dobrý, bez závad","ve dne, viditelnost nezhoršená vlivem po",dvoupruhová,žádný způsob řízení provozu,železniční přejezd nezabezpečený,mimo křižovatku,ne,P3875,13.8955202836,Moravské Budějovice - Třebelovice,"1,874",Ne,III.,15226,není,49° 02' 45.61831'' N,15° 47' 36.99471'' E,49.04601,15.79361
15.821204542220919,49.070989265489608,61006070826,Lukov (Kraj Vysočina),2007-09-21 11:10:00,komunikace místní,0,řidičem motorového vozidla,s řidičským oprávněním skupiny d,řidič nebyl ovlivněn,ne,dobrý -žádné nepříznivé okolnosti nebyly zjištěny,2,0,0,2,ŠKODA,nedošlo k požáru,6010,žádné z uvedených,osobní automobil bez přívěsu,2004,"soukromé, nevyužívané k výdělečné činnos",5000,nebylo třeba užít násilí,nehoda s následky na životě nebo zdraví,z boku,proti příkazu dopravní značky STŮJ DEJ PŘEDNOST,"povrch suchý, neznečistěný",neztížené,jiné špatné,na jízdním pruhu,přednost vyznačena dopravními značkami,přímý úsek,neurčeno,vozidlo jedoucí - na komunikaci bez stan,srážka s vlakem,"nepřichází v úvahu, nejde o srážku s pev","žádný z uvedených (písek,dřevo atd.)","dobrý, bez závad","ve dne, viditelnost nezhoršená vlivem po",žádná z uvedených,místní úprava (vyplní se pol. 24),železniční přejezd nezabezpečený,mimo křižovatku,ne,P3639,9.93074612512,Moravské Budějovice - Jaroměřice nad Rokytnou,"140,285",Ne,O,,není,49° 04' 15.23793'' N,15° 49' 16.32320'' E,49.0709,15.8212
15.801197013233976,49.209263497721032,61006070851,Stařeč (Kraj Vysočina),2007-09-27 13:45:00,silnice 1.třídy,23,řidičem motorového vozidla,s řidičským oprávněním skupiny b,řidič nebyl ovlivněn,ne,dobrý -žádné nepříznivé okolnosti nebyly zjištěny,0,0,0,2,žádná z uvedených,nedošlo k požáru,70,žádné z uvedených,traktor (i s přívěsem),2007,"soukromá organizace (podnikatel, s.r.o.,",0,nebylo třeba užít násilí,nehoda pouze s hmotnou škodou,z boku,jiné nedání přednosti,povrch mokrý,déšť,dobré,na jízdním pruhu,přednost vyznačena dopravními značkami,přímý úsek,neurčeno,jedoucí - proti směru staničení na komun,srážka s vlakem,"nepřichází v úvahu, nejde o srážku s pev",živice,"dobrý, bez závad","ve dne, viditelnost nezhoršená vlivem po",dvoupruhová,místní úprava (vyplní se pol. 24),železniční přejezd zabezpečený,mimo křižovatku,ne,P3868,926.032462034,Třebíč - Krahulov,"55,467",Ne,I.,23,Krahulov,49° 12' 46.14777'' N,15° 48' 45.68201'' E,49.21282,15.81269
16.20177037518485,49.19077272536839,61006071144,Kralice nad Oslavou (Kraj Vysočina),2007-12-20 09:24:00,silnice 2.třídy,392,řidičem motorového vozidla,nezjištěno,jiné ovlivnění,nezjišťováno,jiný nepříznivý stav,0,0,0,1,žádná z uvedených,žádná z uvedených,50,žádné z uvedených,"nezjištěno, řidič ujel",,žádná z uvedených,0,žádná z uvedených,nehoda pouze s hmotnou škodou,"nepřichází v úvahu, nejde o srážku jedou",jiný druh nesprávného způsobu jízdy,"povrch suchý, neznečistěný",neztížené,dobré,na jízdním pruhu,žádná místní úprava,přímý úsek,neurčeno,žádná z uvedených,srážka s pevnou překážkou,závory železničního přejezdu,živice,"dobrý, bez závad","ve dne, viditelnost nezhoršená vlivem po",dvoupruhová,žádný způsob řízení provozu,železniční přejezd zabezpečený,mimo křižovatku,ne,P3836,7.11896749099,žst. Kralice nad Oslavou,"23,882",Ne,II.,392,není,49° 11' 26.55367'' N,16° 12' 06.43574'' E,49.19071,16.20179
16.007892594907055,49.273724146047634,61006080331,Budišov (Kraj Vysočina),2008-05-16 09:18:00,silnice 2.třídy,390,řidičem motorového vozidla,s řidičským oprávněním skupiny c,řidič nebyl ovlivněn,ne,dobrý -žádné nepříznivé okolnosti nebyly zjištěny,0,0,0,2,FIAT,nedošlo k požáru,200,žádné z uvedených,osobní automobil bez přívěsu,1997,"soukromé, nevyužívané k výdělečné činnos",200,nebylo třeba užít násilí,nehoda pouze s hmotnou škodou,boční,řidič se plně nevěnoval řízení vozidla,"povrch suchý, neznečistěný",neztížené,dobré,žádné z uvedených,žádná místní úprava,přímý úsek,neurčeno,jedoucí - ve směru staničení na komunika,srážka s vlakem,"nepřichází v úvahu, nejde o srážku s pev",živice,"dobrý, bez závad","ve dne, viditelnost nezhoršená vlivem po",dvoupruhová,žádný způsob řízení provozu,železniční přejezd zabezpečený,mimo křižovatku,ne,P3908,0.845897821282,Budišov u Třebíče - Rudíkov,"8,091",Ne,II.,390,není,49° 16' 25.42502'' N,16° 00' 28.43652'' E,49.27373,16.0079
15.793782678877355,49.045978012227579,61006080662,Moravské Budějovice (Kraj Vysočina),2008-09-15 13:50:00,silnice 3.třídy,15226,řidičem motorového vozidla,s řidičským oprávněním skupiny b,řidič nebyl ovlivněn,ne,dobrý -žádné nepříznivé okolnosti nebyly zjištěny,0,0,0,2,ŠKODA,nedošlo k požáru,600,žádné z uvedených,osobní automobil bez přívěsu,1996,"soukromé, nevyužívané k výdělečné činnos",200,nebylo třeba užít násilí,nehoda pouze s hmotnou škodou,z boku,jiné nedání přednosti,povrch mokrý,déšť,dobré,na jízdním pruhu,žádná místní úprava,přímý úsek,neurčeno,jedoucí - ve směru staničení na komunika,srážka s vlakem,"nepřichází v úvahu, nejde o srážku s pev",živice,"dobrý, bez závad","ve dne, zhoršená viditelnost vlivem pově",dvoupruhová,žádný způsob řízení provozu,železniční přejezd nezabezpečený,mimo křižovatku,ne,P3875,13.1150145412,Moravské Budějovice - Třebelovice,"1,874",Ne,III.,15226,není,49° 02' 45.61831'' N,15° 47' 36.99471'' E,49.04601,15.79361
15.651316317926453,49.021206680055471,61006080737,Třebelovice (Kraj Vysočina),2008-10-11 08:05:00,silnice 3.třídy,15114,řidičem motorového vozidla,s řidičským oprávněním skupiny c,řidič nebyl ovlivněn,ne,dobrý -žádné nepříznivé okolnosti nebyly zjištěny,0,0,0,2,MAN,nedošlo k požáru,1050,žádné z uvedených,"nákladní automobil (včetně multikáry, au",2003,"soukromá organizace (podnikatel, s.r.o.,",50,nebylo třeba užít násilí,nehoda pouze s hmotnou škodou,z boku,proti příkazu dopravní značky STŮJ DEJ PŘEDNOST,"povrch suchý, neznečistěný",neztížené,dobré,na jízdním pruhu,přednost vyznačena dopravními značkami,přímý úsek,neurčeno,jedoucí - proti směru staničení na komun,srážka s vlakem,"nepřichází v úvahu, nejde o srážku s pev",živice,"dobrý, bez závad","ve dne, zhoršená viditelnost (svítání,so",dvoupruhová,místní úprava (vyplní se pol. 24),železniční přejezd nezabezpečený,mimo křižovatku,ne,P3894,3.53566728511,Třebelovice - Jemnice,"14,392",Ne,III.,15114,není,49° 01' 16.25599'' N,15° 39' 04.63371'' E,49.02118,15.65129
15.793744676251036,49.045981015630694,61006080856,Moravské Budějovice (Kraj Vysočina),2008-11-25 08:20:00,silnice 3.třídy,15226,řidičem motorového vozidla,s řidičským oprávněním skupiny d,řidič nebyl ovlivněn,nezjišťováno,dobrý -žádné nepříznivé okolnosti nebyly zjištěny,0,1,0,2,TATRA,nedošlo k požáru,4000,žádné z uvedených,"nákladní automobil (včetně multikáry, au",1982,"soukromá organizace (podnikatel, s.r.o.,",500,použitím speciální vyprošťovací techniky,nehoda s následky na životě nebo zdraví,čelní,jiné nedání přednosti,"povrch suchý, neznečistěný",neztížené,dobré,mimo komunikaci,žádná místní úprava,přímý úsek,neurčeno,jedoucí - proti směru staničení na komun,srážka s vlakem,"nepřichází v úvahu, nejde o srážku s pev",živice,"dobrý, bez závad","ve dne, viditelnost nezhoršená vlivem po",dvoupruhová,žádný způsob řízení provozu,železniční přejezd nezabezpečený,mimo křižovatku,ne,P3875,10.3596755771,Moravské Budějovice - Třebelovice,"1,874",Ne,III.,15226,není,49° 02' 45.61831'' N,15° 47' 36.99471'' E,49.04601,15.79361
16.039455611100273,49.23910691102548,61006090091,Pozďatín (Kraj Vysočina),2009-05-26 18:00:00,silnice 3.třídy,39010,řidičem nemotorového vozidla,ostatní řidiči vozidel,řidič nebyl ovlivněn,ne,dobrý -žádné nepříznivé okolnosti nebyly zjištěny,0,1,0,1,žádná z uvedených,nedošlo k požáru,15,žádné z uvedených,jízdní kolo,,"soukromé, nevyužívané k výdělečné činnos",5,nebylo třeba užít násilí,nehoda s následky na životě nebo zdraví,"nepřichází v úvahu, nejde o srážku jedou","nepř. rychlosti stavu vozovky (náledí, výtluky, bláto, mokrý povrch apod.)","povrch suchý, neznečistěný",neztížené,dobré,na jízdním pruhu,žádná místní úprava,přímý úsek,neurčeno,jedoucí - proti směru staničení na komun,havárie,"nepřichází v úvahu, nejde o srážku s pev",živice,nesouvislé výtluky,"ve dne, viditelnost nezhoršená vlivem po",dvoupruhová,žádný způsob řízení provozu,železniční přejezd nezabezpečený,mimo křižovatku,ne,P3903,31.89436705,Studenec - Budišov u Třebíče,"3,206",Ne,III.,39010,není,49° 14' 21.74636'' N,16° 02' 22.65655'' E,49.23937,16.03963
17.461691716491391,49.042296972083129,61106070806,Kunovice (Zlínský kraj),2007-06-17 09:45:00,komunikace místní,0,řidičem motorového vozidla,s řidičským oprávněním skupiny b,oslněn sluncem,ne,dobrý -žádné nepříznivé okolnosti nebyly zjištěny,1,0,0,2,HYUNDAI,nedošlo k požáru,1650,"došlo k úniku pohonných hmot, oleje, chl",osobní automobil bez přívěsu,1993,"soukromé, nevyužívané k výdělečné činnos",800,použitím speciální vyprošťovací techniky,nehoda s následky na životě nebo zdraví,z boku,řidič se plně nevěnoval řízení vozidla,"povrch suchý, neznečistěný",neztížené,dobré,na jízdním pruhu,přednost vyznačena dopravními značkami,přímý úsek,neurčeno,vozidlo jedoucí - na komunikaci bez stan,srážka s vlakem,"nepřichází v úvahu, nejde o srážku s pev",živice,"dobrý, bez závad","ve dne, viditelnost nezhoršená vlivem po",dvoupruhová,místní úprava (vyplní se pol. 24),železniční přejezd nezabezpečený,mimo křižovatku,ne,P7958,1.54440253796,Aircraft Indusries - Kunovice-výhybka 19,"99,85",Ne,C,,do nového LETU,49° 02' 32.23332'' N,17° 27' 42.16165'' E,49.04229,17.46171
17.802337500583459,49.038756451026188,61106071299,Bojkovice (Zlínský kraj),2007-09-21 07:45:00,komunikace místní,0,řidičem motorového vozidla,s řidičským oprávněním skupiny c,řidič nebyl ovlivněn,ne,dobrý -žádné nepříznivé okolnosti nebyly zjištěny,1,0,0,2,OPEL,nedošlo k požáru,1800,žádné z uvedených,osobní automobil bez přívěsu,,"soukromé, nevyužívané k výdělečné činnos",800,použitím speciální vyprošťovací techniky,nehoda s následky na životě nebo zdraví,z boku,jiné nedání přednosti,"povrch suchý, neznečistěný",neztížené,dobré,na jízdním pruhu,žádná místní úprava,přímý úsek po projetí zatáčkou (do vzdál,neurčeno,vozidlo jedoucí - na komunikaci bez stan,srážka s vlakem,"nepřichází v úvahu, nejde o srážku s pev",živice,"dobrý, bez závad","ve dne, viditelnost nezhoršená vlivem po",dvoupruhová,světelným signalizačním zařízením,železniční přejezd nezabezpečený,mimo křižovatku,ne,P7990,52.730321008,Bojkovice - Slavičín,"130,014",Ne,MK,,"na Rudimov, u Kuchařového",49° 02' 18.28402'' N,17° 48' 10.20522'' E,49.03841,17.80283
17.46866828383483,49.118403465031413,61106080665,Babice (Zlínský kraj),2008-06-18 13:10:00,komunikace místní,0,řidičem motorového vozidla,nezjištěno,jiné ovlivnění,nezjišťováno,jiný nepříznivý stav,0,0,0,1,žádná z uvedených,žádná z uvedených,200,žádné z uvedených,"nezjištěno, řidič ujel",,žádná z uvedených,0,žádná z uvedených,nehoda pouze s hmotnou škodou,"nepřichází v úvahu, nejde o srážku jedou",řidič se plně nevěnoval řízení vozidla,"povrch suchý, neznečistěný",neztížené,dobré,žádné z uvedených,žádná místní úprava,přímý úsek,neurčeno,žádná z uvedených,srážka s pevnou překážkou,závory železničního přejezdu,živice,"dobrý, bez závad","ve dne, viditelnost nezhoršená vlivem po",žádná z uvedených,žádný způsob řízení provozu,železniční přejezd zabezpečený,mimo křižovatku,ne,P8162,11.3031032213,žst. Huštěnovice,"143,746",Ano,MK,,u Hamé,49° 07' 06.05507'' N,17° 28' 07.66490'' E,49.11835,17.4688
17.597438776156263,49.045869615362129,61106080670,Drslavice (Zlínský kraj),2008-06-19 06:00:00,komunikace místní,0,řidičem motorového vozidla,s řidičským oprávněním skupiny d,řidič nebyl ovlivněn,ne,dobrý -žádné nepříznivé okolnosti nebyly zjištěny,0,0,0,2,AVIA,nedošlo k požáru,6500,žádné z uvedených,"nákladní automobil (včetně multikáry, au",1996,"soukromá organizace (podnikatel, s.r.o.,",500,nebylo třeba užít násilí,nehoda pouze s hmotnou škodou,boční,jízda na “červené světlo“,"povrch suchý, neznečistěný",neztížené,dobré,na jízdním pruhu,žádná místní úprava,přímý úsek,neurčeno,vozidlo jedoucí - na komunikaci bez stan,srážka s vlakem,"nepřichází v úvahu, nejde o srážku s pev",živice,"dobrý, bez závad","ve dne, viditelnost nezhoršená vlivem po",žádná z uvedených,světelným signalizačním zařízením,železniční přejezd nezabezpečený,mimo křižovatku,ne,P7971,1.79456978203,Hradčovice - Uherský Brod,"111,59",Ne,O,,u hřiště (u kiosku),49° 02' 45.18415'' N,17° 35' 50.70136'' E,49.04588,17.59742
17.732668315341247,49.029247521034122,61106081142,Šumice (Zlínský kraj),2008-10-10 06:00:00,silnice 2.třídy,495,řidičem motorového vozidla,nezjištěno,jiné ovlivnění,nezjišťováno,jiný nepříznivý stav,0,0,0,1,žádná z uvedených,žádná z uvedených,70,žádné z uvedených,"nezjištěno, řidič ujel",,žádná z uvedených,0,žádná z uvedených,nehoda pouze s hmotnou škodou,"nepřichází v úvahu, nejde o srážku jedou",řidič se plně nevěnoval řízení vozidla,povrch mokrý,"na počátku deště, slabý déšť",dobré,na jízdním pruhu,žádná místní úprava,přímý úsek,neurčeno,žádná z uvedených,srážka s pevnou překážkou,závory železničního přejezdu,živice,"dobrý, bez závad","v noci - s veřejným osvětlením,viditelno",dvoupruhová,žádný způsob řízení provozu,železniční přejezd zabezpečený,mimo křižovatku,ne,P7983,6.98177206062,Újezdec u Luhačovic - Nezdenice,"123,284",Ne,II.,495,Hlavní,49° 01' 45.06936'' N,17° 43' 57.45908'' E,49.02919,17.73263