X,Y,id,obec,datum,komunikace,komunika_1,zavineni,ridic_kate,ridic_ovli,vinik_alko,ridic_stav,obeti_usmr,obeti_lehc,obeti_tezc,vozidel_ce,vinik_vozi,vinik_vo_1,skoda,unik_hmot,vinik_vo_2,vinik_vo_3,vinik_vo_4,vinik_skod,vyprosteni,nehoda_cha,srazka_voz,hlavni_pri,povrch_sta,meteo,rozhled,nehoda_pol,prednost_v,smerove_po,druh_krizu,smer_jizdy,nehoda_dru,pevna_prek,povrch_dru,komunika_2,viditelnos,komunika_3,rizeni_pro,objekty,misto_neho,smyk,neighbors_TargetID,neighbors_Distance,neighbors_prejezdy-dec_Název definičního úseku,neighbors_prejezdy-dec_Žkm přejezdu,neighbors_prejezdy-dec_Přejezd s trolejovým vedením,neighbors_prejezdy-dec_Třída pozemní komunikace,neighbors_prejezdy-dec_Číslo pozemní komunikace,neighbors_prejezdy-dec_Místní název přejezdu,neighbors_prejezdy-dec_Zeměpisná šířka,neighbors_prejezdy-dec_Zeměpisná délka,neighbors_prejezdy-dec_field_10,neighbors_prejezdy-dec_field_11
17.702658719431042,50.095599964334895,70106070310,Krnov (Moravskoslezský kraj),2007-04-04 14:30:00,komunikace účelová - polní a lesní cesty atd.,0,řidičem motorového vozidla,s řidičským oprávněním skupiny b,řidič nebyl ovlivněn,ne,dobrý -žádné nepříznivé okolnosti nebyly zjištěny,1,0,1,3,NISSAN,nedošlo k požáru,600,"došlo k úniku pohonných hmot, oleje, chl",osobní automobil bez přívěsu,1986,"soukromé, nevyužívané k výdělečné činnos",250,použitím speciální vyprošťovací techniky,nehoda s následky na životě nebo zdraví,čelní,proti příkazu dopravní značky STŮJ DEJ PŘEDNOST,"povrch suchý, neznečistěný",neztížené,dobré,žádné z uvedených,přednost vyznačena dopravními značkami,křižovatka průsečná - čtyřramenná,účelová komunikace,vozidlo jedoucí - na komunikaci bez stan,srážka s vlakem,"nepřichází v úvahu, nejde o srážku s pev",jiný nezpevněný povrch,"dobrý, bez závad","ve dne, viditelnost nezhoršená vlivem po",žádná z uvedených,místní úprava (vyplní se pol. 24),železniční přejezd nezabezpečený,"na křižovatce,jedná-li se o křížení siln",ne,P7749,16.3332487614,Krnov - Skrochovice,"89,457",Ne,C,,Ulice Hřbitovní Krnov,50° 05' 43.77658'' N,17° 42' 10.12849'' E,50.09549,17.70281
17.370210947812879,49.912277094313268,70106070720,Břidličná (Moravskoslezský kraj),2007-07-26 19:34:00,silnice 3.třídy,37021,řidičem motorového vozidla,s řidičským oprávněním skupiny a,řidič nebyl ovlivněn,nezjišťováno,dobrý -žádné nepříznivé okolnosti nebyly zjištěny,0,0,2,2,HONDA,nedošlo k požáru,200,žádné z uvedených,"motocykl (včetně sidecarů, skútrů apod.)",2006,"soukromé, nevyužívané k výdělečné činnos",100,nebylo třeba užít násilí,nehoda s následky na životě nebo zdraví,boční,vozidlu přijíždějícímu zprava,"povrch suchý, neznečistěný",neztížené,dobré,mimo komunikaci,žádná místní úprava,křižovatka průsečná - čtyřramenná,účelová komunikace,zachycuje směr jízdy křižovatkou,srážka s vlakem,"nepřichází v úvahu, nejde o srážku s pev",živice,"dobrý, bez závad","ve dne, viditelnost nezhoršená vlivem po",dvoupruhová,světelným signalizačním zařízením,železniční přejezd zabezpečený,"na křižovatce, uvnitř hranic křižovatky",ne,P7665,8.70443289739,Břidličná - Rýmařov,"5,824",Ne,III.,37021,ulice Šternberská Břidličná,49° 54' 43.92157'' N,17° 22' 12.69987'' E,49.9122,17.37019
17.430641233639374,49.895462315798348,70106070801,Lomnice (Moravskoslezský kraj),2007-08-16 23:59:00,silnice 1.třídy,45,řidičem motorového vozidla,nezjištěno,jiné ovlivnění,nezjišťováno,jiný nepříznivý stav,0,0,0,1,žádná z uvedených,žádná z uvedených,100,žádné z uvedených,"nezjištěno, řidič ujel",,žádná z uvedených,0,žádná z uvedených,nehoda pouze s hmotnou škodou,"nepřichází v úvahu, nejde o srážku jedou","bezohledná, agresivní, neohleduplná jízda","povrch suchý, neznečistěný",neztížené,dobré,na jízdním pruhu,žádná místní úprava,křižovatka průsečná - čtyřramenná,místní komunikace,žádná z uvedených,srážka s pevnou překážkou,závory železničního přejezdu,živice,"dobrý, bez závad","ve dne, viditelnost nezhoršená vlivem po",dvoupruhová,světelným signalizačním zařízením,železniční přejezd zabezpečený,"na křižovatce, uvnitř hranic křižovatky",ne,P7555,21.4249776938,Dětřichov nad Bystřicí - Valšov,"51,914",Ne,I.,45,Lomnice závory v esíčku,49° 53' 44.22452'' N,17° 25' 49.70845'' E,49.89562,17.43047
17.392986673221653,49.816027822116041,70106070922,Dětřichov nad Bystřicí (Moravskoslezský kraj),2007-09-20 10:30:00,silnice 1.třídy,45,řidičem motorového vozidla,s řidičským oprávněním skupiny b,řidič nebyl ovlivněn,ne,dobrý -žádné nepříznivé okolnosti nebyly zjištěny,0,0,0,2,NISSAN,nedošlo k požáru,300,žádné z uvedených,osobní automobil bez přívěsu,1990,"soukromé, nevyužívané k výdělečné činnos",300,nebylo třeba užít násilí,nehoda pouze s hmotnou škodou,z boku,vozidlu přijíždějícímu zprava,"povrch suchý, neznečistěný",neztížené,dobré,na jízdním pruhu,žádná místní úprava,křižovatka průsečná - čtyřramenná,místní komunikace,zachycuje směr jízdy křižovatkou,srážka s vlakem,"nepřichází v úvahu, nejde o srážku s pev",živice,"dobrý, bez závad","ve dne, viditelnost nezhoršená vlivem po",dvoupruhová,světelným signalizačním zařízením,železniční přejezd zabezpečený,"na křižovatce, uvnitř hranic křižovatky",ne,P7544,14.4581365388,Moravský Beroun - Dětřichov nad Bystřicí,"42,175",Ne,I.,45,Dětřichov,49° 48' 57.25335'' N,17° 23' 34.61145'' E,49.8159,17.39295
17.525994034463157,50.025612665688278,70106080623,Nové Heřminovy (Moravskoslezský kraj),2008-08-18 16:54:00,silnice 2.třídy,451,řidičem motorového vozidla,s řidičským oprávněním skupiny c,řidič nebyl ovlivněn,ne,dobrý -žádné nepříznivé okolnosti nebyly zjištěny,0,2,0,2,VOLVO,nedošlo k požáru,3000,"došlo k úniku pohonných hmot, oleje, chl",nákladní automobil s návěsem,2004,"soukromá organizace (podnikatel, s.r.o.,",2000,použitím speciální vyprošťovací techniky,nehoda s následky na životě nebo zdraví,boční,vozidlu přijíždějícímu zprava,"povrch suchý, neznečistěný",neztížené,špatné vlivem profilu komunikace (nepřeh,žádné z uvedených,žádná místní úprava,křižovatka průsečná - čtyřramenná,místní komunikace,zachycuje směr jízdy křižovatkou,srážka s vlakem,"nepřichází v úvahu, nejde o srážku s pev",živice,"dobrý, bez závad","ve dne, viditelnost nezhoršená vlivem po",dvoupruhová,světelným signalizačním zařízením,železniční přejezd zabezpečený,uvnitř zóny 2 předmětné křižovatky,ne,P7703,24.0871172662,hranice TO - Kunov,"3,595",Ne,II.,451,,50° 01' 31.83748'' N,17° 31' 34.64989'' E,50.02551,17.52629
17.430114676975158,49.895321890496248,70106080704,Lomnice (Moravskoslezský kraj),2008-09-15 04:15:00,silnice 1.třídy,45,řidičem motorového vozidla,s řidičským oprávněním skupiny b,řidič nebyl ovlivněn,ne,dobrý -žádné nepříznivé okolnosti nebyly zjištěny,0,0,0,1,VOLKSWAGEN,nedošlo k požáru,800,žádné z uvedených,osobní automobil bez přívěsu,1994,registrované mimo území ČR,300,nebylo třeba užít násilí,nehoda pouze s hmotnou škodou,"nepřichází v úvahu, nejde o srážku jedou",nezvládnutí řízení vozidla,povrch mokrý,déšť,špatné vlivem profilu komunikace (nepřeh,mimo komunikaci,žádná místní úprava,křižovatka průsečná - čtyřramenná,místní komunikace,zachycuje směr jízdy křižovatkou,srážka s pevnou překážkou,"jiná překážka (zábradlí,oplocení,násep,n",živice,"dobrý, bez závad","v noci - bez veřejného osvětlení, vidite",dvoupruhová,světelným signalizačním zařízením,železniční přejezd zabezpečený,"na křižovatce, uvnitř hranic křižovatky",ano,P7555,41.8487057432,Dětřichov nad Bystřicí - Valšov,"51,914",Ne,I.,45,Lomnice závory v esíčku,49° 53' 44.22452'' N,17° 25' 49.70845'' E,49.89562,17.43047
17.75528663104533,50.049015465642618,70106080963,Úvalno (Moravskoslezský kraj),2008-12-13 16:10:00,silnice 3.třídy,4593,řidičem motorového vozidla,s řidičským oprávněním skupiny c,řidič nebyl ovlivněn,ne,dobrý -žádné nepříznivé okolnosti nebyly zjištěny,0,0,0,2,FIAT,nedošlo k požáru,370,"došlo k úniku pohonných hmot, oleje, chl",osobní automobil bez přívěsu,1989,"soukromé, nevyužívané k výdělečné činnos",70,nebylo třeba užít násilí,nehoda pouze s hmotnou škodou,z boku,vozidlu přijíždějícímu zprava,"povrch suchý, neznečistěný",neztížené,dobré,žádné z uvedených,žádná místní úprava,křižovatka průsečná - čtyřramenná,místní komunikace,zachycuje směr jízdy křižovatkou,srážka s vlakem,"nepřichází v úvahu, nejde o srážku s pev",živice,"dobrý, bez závad","ve dne, viditelnost nezhoršená vlivem po",dvoupruhová,světelným signalizačním zařízením,železniční přejezd nezabezpečený,"na křižovatce, uvnitř hranic křižovatky",ne,P7757,3.85999484479,Krnov - Skrochovice,"96,165",Ne,III.,4593,zn.Úvalno,50° 02' 56.35483'' N,17° 45' 18.88620'' E,50.04899,17.75525
17.430422804233032,49.895556431043723,70106090164,Lomnice (Moravskoslezský kraj),2009-03-26 19:00:00,silnice 1.třídy,45,řidičem motorového vozidla,"nezjištěno, řidič místo nehody opustil",jiné ovlivnění,nezjišťováno,jiný nepříznivý stav,0,0,0,1,ŠKODA,řidič ujel - nezjištěn,100,žádné z uvedených,osobní automobil bez přívěsu,1997,"soukromé, nevyužívané k výdělečné činnos",100,nebylo třeba užít násilí,nehoda pouze s hmotnou škodou,"nepřichází v úvahu, nejde o srážku jedou",nezvládnutí řízení vozidla,povrch mokrý,neztížené,dobré,mimo komunikaci,žádná místní úprava,křižovatka průsečná - čtyřramenná,místní komunikace,zachycuje směr jízdy křižovatkou,srážka s pevnou překážkou,"sloup - telefonní, veř.osvětlení, el.ved",živice,"dobrý, bez závad","v noci - bez veřejného osvětlení,viditel",dvoupruhová,světelným signalizačním zařízením,železniční přejezd zabezpečený,"na křižovatce, uvnitř hranic křižovatky",ne,P7555,7.84301289376,Dětřichov nad Bystřicí - Valšov,"51,914",Ne,I.,45,Lomnice závory v esíčku,49° 53' 44.22452'' N,17° 25' 49.70845'' E,49.89562,17.43047
18.430301588324337,49.670536287801717,70206070148,Nošovice (Moravskoslezský kraj),2007-01-22 07:00:00,komunikace místní,0,řidičem motorového vozidla,s řidičským oprávněním skupiny b,"ovlivněn při vyhýbání zvěři, domácímu zvířectvu",ne,dobrý -žádné nepříznivé okolnosti nebyly zjištěny,0,0,0,1,Kia,nedošlo k požáru,800,žádné z uvedených,osobní automobil bez přívěsu,2004,registrované mimo území ČR,600,nebylo třeba užít násilí,nehoda pouze s hmotnou škodou,"nepřichází v úvahu, nejde o srážku jedou",nezvládnutí řízení vozidla,"povrch suchý, neznečistěný",neztížené,dobré,mimo komunikaci,žádná místní úprava,křižovatka průsečná - čtyřramenná,místní komunikace,vozidlo jedoucí - na komunikaci bez stan,srážka s pevnou překážkou,"odrazník, patník, sloupek, dopr.značky a",živice,"dobrý, bez závad","v noci - bez veřejného osvětlení,viditel",dvoupruhová,světelným signalizačním zařízením,železniční přejezd zabezpečený,"na křižovatce,jedná-li se o křížení siln",ne,P8310,118.809671869,Dobrá u Frýdku-Místku - odb. PZ Nošovice,118,Ne,O,,,49° 40' 17.47616'' N,18° 25' 46.78138'' E,49.67152,18.42966
12.97072204286448,49.248853334691042,70206070183,N/A,2007-01-25 11:15:00,komunikace účelová - ostatní (parkoviště apod.),0,řidičem motorového vozidla,s řidičským oprávněním skupiny c,řidič nebyl ovlivněn,ne,dobrý -žádné nepříznivé okolnosti nebyly zjištěny,0,1,0,2,VOLVO,nedošlo k požáru,10200,žádné z uvedených,nákladní automobil s návěsem,2004,"soukromá organizace (podnikatel, s.r.o.,",10000,nebylo třeba užít násilí,nehoda s následky na životě nebo zdraví,z boku,jiné nedání přednosti,"na vozovce je náledí, ujetý sníh - nepos",sněžení,dobré,žádné z uvedených,žádná místní úprava,křižovatka průsečná - čtyřramenná,místní komunikace,vozidlo jedoucí - na komunikaci bez stan,srážka s vlakem,"nepřichází v úvahu, nejde o srážku s pev",štěrk,"dobrý, bez závad","ve dne, zhoršená viditelnost vlivem pově",žádná z uvedených,světelným signalizačním zařízením,železniční přejezd nezabezpečený,"na křižovatce,jedná-li se o křížení siln",ne,P835,14114.1006455,Zelená Lhota - Nýrsko,"26,073",Ne,C,,Dešenice-les,49° 15' 55.03939'' N,13° 09' 46.67792'' E,49.26529,13.16297
18.401218590150155,49.674668232007377,70206070630,Dobrá (Moravskoslezský kraj),2007-03-27 09:50:00,silnice 2.třídy,648,řidičem motorového vozidla,nezjištěno,jiné ovlivnění,nezjišťováno,jiný nepříznivý stav,0,0,0,1,žádná z uvedených,žádná z uvedených,50,žádné z uvedených,"nezjištěno, řidič ujel",,žádná z uvedených,0,žádná z uvedených,nehoda pouze s hmotnou škodou,"nepřichází v úvahu, nejde o srážku jedou",řidič se plně nevěnoval řízení vozidla,"povrch suchý, neznečistěný",neztížené,dobré,žádné z uvedených,žádná místní úprava,přímý úsek,neurčeno,žádná z uvedených,srážka s pevnou překážkou,závory železničního přejezdu,živice,"dobrý, bez závad","ve dne, viditelnost nezhoršená vlivem po",dvoupruhová,žádný způsob řízení provozu,železniční přejezd zabezpečený,mimo křižovatku,ne,P8306,11.8754687174,Frýdek-Místek - Dobrá u Frýdku-Místku,"115,812",Ne,II.,648,Na Špici,49° 40' 28.94167'' N,18° 24' 04.94323'' E,49.67471,18.40137
18.368988777936561,49.628090340460247,70206071122,Baška (Moravskoslezský kraj),2007-05-25 23:20:00,silnice 3.třídy,48425,řidičem motorového vozidla,s řidičským oprávněním skupiny b,řidič nebyl ovlivněn,ne,dobrý -žádné nepříznivé okolnosti nebyly zjištěny,0,1,0,2,OPEL,nedošlo k požáru,1330,žádné z uvedených,osobní automobil bez přívěsu,1998,"soukromé, nevyužívané k výdělečné činnos",1200,nebylo třeba užít násilí,nehoda s následky na životě nebo zdraví,boční,"nepř. rychlosti dopravně technickému stavu vozovky (zatáčka,klesání,stoupání,šířka apod.)","povrch suchý, neznečistěný",neztížené,dobré,mimo komunikaci,žádná místní úprava,přímý úsek po projetí zatáčkou (do vzdál,neurčeno,jedoucí - ve směru staničení na komunika,srážka s vlakem,"nepřichází v úvahu, nejde o srážku s pev",živice,"dobrý, bez závad","v noci - bez veřejného osvětlení,viditel",dvoupruhová,žádný způsob řízení provozu,železniční přejezd nezabezpečený,mimo křižovatku,ne,P7387,67.2813588505,Pržno - Baška,"105,718",Ne,MK,,,49° 37' 39.17152'' N,18° 22' 06.83930'' E,49.62755,18.36857
18.741434273825515,49.56418479010641,70206071125,Bocanovice (Moravskoslezský kraj),2007-05-24 23:59:00,silnice 3.třídy,1144,řidičem motorového vozidla,nezjištěno,jiné ovlivnění,nezjišťováno,jiný nepříznivý stav,0,0,0,2,žádná z uvedených,žádná z uvedených,50,žádné z uvedených,"nezjištěno, řidič ujel",,žádná z uvedených,0,žádná z uvedených,nehoda pouze s hmotnou škodou,"nepřichází v úvahu, nejde o srážku jedou",vyhýbání bez dostatečné boční vůle,"povrch suchý, neznečistěný",neztížené,dobré,mimo komunikaci,žádná místní úprava,přímý úsek po projetí zatáčkou (do vzdál,neurčeno,žádná z uvedených,srážka s pevnou překážkou,závory železničního přejezdu,živice,"dobrý, bez závad","ve dne, viditelnost nezhoršená vlivem po",dvoupruhová,žádný způsob řízení provozu,železniční přejezd zabezpečený,mimo křižovatku,ne,P8271,10.7935853368,Mosty u Jablunkova - Návsí,"295,599",Ano,III.,1144,Bocanovice,49° 33' 51.34028'' N,18° 44' 28.83598'' E,49.56426,18.74134
18.369000089742862,49.643784361167917,70206071757,Baška (Moravskoslezský kraj),2007-08-08 23:59:00,komunikace místní,0,řidičem nemotorového vozidla,ostatní řidiči vozidel,řidič nebyl ovlivněn,ne,dobrý -žádné nepříznivé okolnosti nebyly zjištěny,1,0,0,2,žádná z uvedených,žádná z uvedených,80,žádné z uvedených,jízdní kolo,,"soukromé, nevyužívané k výdělečné činnos",80,nebylo třeba užít násilí,nehoda s následky na životě nebo zdraví,boční,vozidlu přijíždějícímu zprava,"povrch suchý, neznečistěný",neztížené,dobré,žádné z uvedených,přednost vyznačena dopravními značkami,křižovatka průsečná - čtyřramenná,místní komunikace,vozidlo jedoucí - na komunikaci bez stan,srážka s vlakem,"nepřichází v úvahu, nejde o srážku s pev",živice,"dobrý, bez závad","ve dne, viditelnost nezhoršená vlivem po",dvoupruhová,místní úprava (vyplní se pol. 24),železniční přejezd nezabezpečený,"na křižovatce,jedná-li se o křížení siln",ne,P7390,66.2838798718,Pržno - Baška,"107,592",Ne,II.,477,,49° 38' 39.78031'' N,18° 22' 08.49121'' E,49.64438,18.36903
18.358430057721481,49.585529482968496,70206072193,Frýdlant nad Ostravicí (Moravskoslezský kraj),2007-09-24 23:15:00,komunikace místní,0,řidičem nemotorového vozidla,ostatní řidiči vozidel,řidič nebyl ovlivněn,nezjišťováno,dobrý -žádné nepříznivé okolnosti nebyly zjištěny,1,0,0,1,žádná z uvedených,žádná z uvedených,5,žádné z uvedených,jízdní kolo,,"soukromé, nevyužívané k výdělečné činnos",5,nebylo třeba užít násilí,nehoda s následky na životě nebo zdraví,"nepřichází v úvahu, nejde o srážku jedou",nezvládnutí řízení vozidla,"povrch suchý, neznečistěný",neztížené,dobré,na chodníku nebo ostrůvku,žádná místní úprava,křižovatka průsečná - čtyřramenná,místní komunikace,vozidlo jedoucí - na komunikaci bez stan,havárie,"nepřichází v úvahu, nejde o srážku s pev",panely,"dobrý, bez závad","v noci - bez veřejného osvětlení,viditel",dvoupruhová,světelným signalizačním zařízením,železniční přejezd nezabezpečený,"na křižovatce,jedná-li se o křížení siln",ne,P7380,5.9126086495,Kunčice pod Ondřejníkem - Frýdlant nad Ostravicí,"100,572",Ne,MK,,,49° 35' 07.73805'' N,18° 21' 30.45061'' E,49.58548,18.35846
12.97072204286448,49.248853334691042,70206072194,N/A,2007-09-25 01:45:00,komunikace účelová - ostatní (parkoviště apod.),0,řidičem motorového vozidla,s řidičským oprávněním skupiny c,řidič nebyl ovlivněn,ne,dobrý -žádné nepříznivé okolnosti nebyly zjištěny,0,0,0,2,LIAZ,nedošlo k požáru,750,žádné z uvedených,nákladní automobil s návěsem,1982,"soukromá organizace (podnikatel, s.r.o.,",500,nebylo třeba užít násilí,nehoda pouze s hmotnou škodou,z boku,proti příkazu dopravní značky STŮJ DEJ PŘEDNOST,"povrch suchý, neznečistěný",neztížené,dobré,na jízdním pruhu,přednost vyznačena dopravními značkami,přímý úsek po projetí zatáčkou (do vzdál,neurčeno,vozidlo jedoucí - na komunikaci bez stan,srážka s vlakem,"nepřichází v úvahu, nejde o srážku s pev",živice,"dobrý, bez závad","v noci - s veřejným osvětlením,viditelno",dvoupruhová,místní úprava (vyplní se pol. 24),železniční přejezd zabezpečený,mimo křižovatku,ne,P835,14114.1006455,Zelená Lhota - Nýrsko,"26,073",Ne,C,,Dešenice-les,49° 15' 55.03939'' N,13° 09' 46.67792'' E,49.26529,13.16297
12.97072204286448,49.248853334691042,70206072257,N/A,2007-10-10 06:40:00,komunikace účelová - ostatní (parkoviště apod.),0,řidičem motorového vozidla,s řidičským oprávněním skupiny b,řidič nebyl ovlivněn,ne,dobrý -žádné nepříznivé okolnosti nebyly zjištěny,0,0,0,2,CITROEN,nedošlo k požáru,300,žádné z uvedených,"nákladní automobil (včetně multikáry, au",2007,"soukromá organizace (podnikatel, s.r.o.,",300,nebylo třeba užít násilí,nehoda pouze s hmotnou škodou,z boku,proti příkazu dopravní značky STŮJ DEJ PŘEDNOST,"povrch suchý, neznečistěný",neztížené,"špatné vlivem okolní zástavby (budovy,pl",na jízdním pruhu,přednost vyznačena dopravními značkami,zatáčka,neurčeno,vozidlo jedoucí - na komunikaci bez stan,srážka s vlakem,"nepřichází v úvahu, nejde o srážku s pev",živice,"dobrý, bez závad","ve dne, viditelnost nezhoršená vlivem po",dvoupruhová,místní úprava (vyplní se pol. 24),železniční přejezd zabezpečený,mimo křižovatku,ne,P835,14114.1006455,Zelená Lhota - Nýrsko,"26,073",Ne,C,,Dešenice-les,49° 15' 55.03939'' N,13° 09' 46.67792'' E,49.26529,13.16297
18.295293160495159,49.719858697249748,70206072340,Paskov (Moravskoslezský kraj),2007-10-11 10:25:00,komunikace účelová - ostatní (parkoviště apod.),0,řidičem motorového vozidla,s řidičským oprávněním skupiny b,řidič nebyl ovlivněn,ne,dobrý -žádné nepříznivé okolnosti nebyly zjištěny,0,1,0,2,ŠKODA,nedošlo k požáru,350,žádné z uvedených,osobní automobil bez přívěsu,2003,"soukromá organizace (podnikatel, s.r.o.,",300,nebylo třeba užít násilí,nehoda s následky na životě nebo zdraví,z boku,proti příkazu dopravní značky STŮJ DEJ PŘEDNOST,"povrch suchý, neznečistěný",neztížené,dobré,na jízdním pruhu,přednost vyznačena dopravními značkami,přímý úsek,neurčeno,vozidlo jedoucí - na komunikaci bez stan,srážka s vlakem,"nepřichází v úvahu, nejde o srážku s pev",živice,"dobrý, bez závad","ve dne, viditelnost nezhoršená vlivem po",dvoupruhová,místní úprava (vyplní se pol. 24),železniční přejezd nezabezpečený,mimo křižovatku,ne,P7402,1288.84170398,"km 15,256 DÚ 2132 14 - Lískovec u Frýdku","15,21",Ne,O,,,49° 43' 46.91443'' N,18° 18' 17.04547'' E,49.7297,18.30473
18.306352835312079,49.766875875175657,70206072542,Vratimov (Moravskoslezský kraj),2007-10-30 23:59:00,komunikace místní,0,řidičem motorového vozidla,nezjištěno,jiné ovlivnění,nezjišťováno,jiný nepříznivý stav,0,0,0,1,žádná z uvedených,žádná z uvedených,10,žádné z uvedených,"nezjištěno, řidič ujel",,žádná z uvedených,0,žádná z uvedených,nehoda pouze s hmotnou škodou,"nepřichází v úvahu, nejde o srážku jedou",řidič se plně nevěnoval řízení vozidla,povrch mokrý,neztížené,dobré,na jízdním pruhu,žádná místní úprava,přímý úsek,neurčeno,žádná z uvedených,srážka s pevnou překážkou,závory železničního přejezdu,živice,"dobrý, bez závad","ve dne, viditelnost nezhoršená vlivem po",dvoupruhová,žádný způsob řízení provozu,železniční přejezd zabezpečený,mimo křižovatku,ne,P7400,4.89291095116,,"0,052",ne,III,,ul. Výletní (místní kom.),49° 46' 0.88'' N,18° 18' 22.71'' E,49.76691,18.30631
18.639900945226653,49.703753306249837,70206072672,Třinec (Moravskoslezský kraj),2007-11-13 08:30:00,komunikace místní,0,řidičem motorového vozidla,nezjištěno,jiné ovlivnění,nezjišťováno,jiný nepříznivý stav,0,0,0,1,žádná z uvedených,žádná z uvedených,50,žádné z uvedených,"nezjištěno, řidič ujel",,žádná z uvedených,0,žádná z uvedených,nehoda pouze s hmotnou škodou,"nepřichází v úvahu, nejde o srážku jedou",řidič se plně nevěnoval řízení vozidla,povrch mokrý,neztížené,dobré,na jízdním pruhu,žádná místní úprava,křižovatka průsečná - čtyřramenná,místní komunikace,žádná z uvedených,srážka s pevnou překážkou,závory železničního přejezdu,živice,"dobrý, bez závad","ve dne, viditelnost nezhoršená vlivem po",třípruhová,světelným signalizačním zařízením,železniční přejezd zabezpečený,"na křižovatce,jedná-li se o křížení siln",ne,P8340,1928.56072934,Hnojník - Český Těšín,"134,169",Ne,O,,,49° 42' 38.21684'' N,18° 36' 55.27485'' E,49.71062,18.61535
18.63795308335018,49.705100101809371,70206080153,Třinec (Moravskoslezský kraj),2008-01-17 18:00:00,komunikace místní,0,řidičem motorového vozidla,nezjištěno,jiné ovlivnění,nezjišťováno,jiný nepříznivý stav,0,0,0,1,žádná z uvedených,žádná z uvedených,100,žádné z uvedených,"nezjištěno, řidič ujel",,žádná z uvedených,0,žádná z uvedených,nehoda pouze s hmotnou škodou,"nepřichází v úvahu, nejde o srážku jedou",řidič se plně nevěnoval řízení vozidla,"povrch suchý, neznečistěný",neztížené,dobré,na jízdním pruhu,žádná místní úprava,křižovatka průsečná - čtyřramenná,místní komunikace,žádná z uvedených,srážka s pevnou překážkou,závory železničního přejezdu,živice,"dobrý, bez závad","v noci - s veřejným osvětlením,viditelno",třípruhová,světelným signalizačním zařízením,železniční přejezd zabezpečený,"na křižovatce,jedná-li se o křížení siln",ne,P8340,1742.12970741,Hnojník - Český Těšín,"134,169",Ne,O,,,49° 42' 38.21684'' N,18° 36' 55.27485'' E,49.71062,18.61535
12.97072204286448,49.248853334691042,70206081087,N/A,2008-05-22 04:55:00,komunikace místní,0,řidičem motorového vozidla,s řidičským oprávněním skupiny b,řidič nebyl ovlivněn,ne,dobrý -žádné nepříznivé okolnosti nebyly zjištěny,0,0,0,2,ŠKODA,nedošlo k požáru,450,žádné z uvedených,osobní automobil bez přívěsu,2008,"soukromá organizace (podnikatel, s.r.o.,",450,nebylo třeba užít násilí,nehoda pouze s hmotnou škodou,z boku,jiné nedání přednosti,povrch mokrý,"na počátku deště, slabý déšť",dobré,na jízdním pruhu,žádná místní úprava,křižovatka průsečná - čtyřramenná,místní komunikace,vozidlo jedoucí - na komunikaci bez stan,srážka s vlakem,"nepřichází v úvahu, nejde o srážku s pev",živice,"dobrý, bez závad","ve dne, viditelnost nezhoršená vlivem po",dvoupruhová,světelným signalizačním zařízením,železniční přejezd nezabezpečený,"na křižovatce,jedná-li se o křížení siln",ne,P835,14114.1006455,Zelená Lhota - Nýrsko,"26,073",Ne,C,,Dešenice-les,49° 15' 55.03939'' N,13° 09' 46.67792'' E,49.26529,13.16297
18.325714233501522,49.6968164530522,70206081234,Sviadnov (Moravskoslezský kraj),2008-06-12 23:15:00,komunikace místní,0,řidičem motorového vozidla,s řidičským oprávněním skupiny b,řidič nebyl ovlivněn,"ano, obsah alkoholu v&nbsp;krvi do 0,99‰ (2)","pod vlivem alkoholu, obsah alkoholu v krvi do 0,99‰",0,0,0,1,HYUNDAI,nedošlo k požáru,350,žádné z uvedených,osobní automobil bez přívěsu,1994,"soukromé, nevyužívané k výdělečné činnos",300,nebylo třeba užít násilí,nehoda pouze s hmotnou škodou,"nepřichází v úvahu, nejde o srážku jedou","nepř. rychlosti dopravně technickému stavu vozovky (zatáčka,klesání,stoupání,šířka apod.)","povrch suchý, neznečistěný",neztížené,špatné vlivem profilu komunikace (nepřeh,mimo komunikaci,přednost vyznačena dopravními značkami,křižovatka průsečná - čtyřramenná,místní komunikace,vozidlo jedoucí - na komunikaci bez stan,havárie,"nepřichází v úvahu, nejde o srážku s pev",živice,"dobrý, bez závad","v noci - s veřejným osvětlením,viditelno",dvoupruhová,místní úprava (vyplní se pol. 24),železniční přejezd nezabezpečený,"na křižovatce,jedná-li se o křížení siln",ne,P7405,735.953105088,,"0,441 00 koleje č. 205",ne,místní komunikace Ulice Míru,,,49° 41' 30.32727'' N,18° 19' 56.28799'' E,49.69176,18.3323
18.368958895362269,49.644396322912449,70206081250,Baška (Moravskoslezský kraj),2008-06-16 04:40:00,silnice 2.třídy,477,řidičem motorového vozidla,s řidičským oprávněním skupiny c,řidič nebyl ovlivněn,ne,dobrý -žádné nepříznivé okolnosti nebyly zjištěny,0,1,0,2,ŠKODA,nedošlo k požáru,191,žádné z uvedených,osobní automobil bez přívěsu,1979,"soukromé, nevyužívané k výdělečné činnos",40,nebylo třeba užít násilí,nehoda s následky na životě nebo zdraví,z boku,jiné nedání přednosti,"povrch suchý, neznečistěný",neztížené,dobré,na jízdním pruhu,žádná místní úprava,křižovatka průsečná - čtyřramenná,místní komunikace,zachycuje směr jízdy křižovatkou,srážka s vlakem,"nepřichází v úvahu, nejde o srážku s pev",živice,"dobrý, bez závad","ve dne, viditelnost nezhoršená vlivem po",dvoupruhová,světelným signalizačním zařízením,železniční přejezd zabezpečený,"na křižovatce, uvnitř hranic křižovatky",ne,P7390,5.4463410221,Pržno - Baška,"107,592",Ne,II.,477,,49° 38' 39.78031'' N,18° 22' 08.49121'' E,49.64438,18.36903