X,Y,id,obec,datum,komunikace,komunika_1,zavineni,ridic_kate,ridic_ovli,vinik_alko,ridic_stav,obeti_usmr,obeti_lehc,obeti_tezc,vozidel_ce,vinik_vozi,vinik_vo_1,skoda,unik_hmot,vinik_vo_2,vinik_vo_3,vinik_vo_4,vinik_skod,vyprosteni,nehoda_cha,srazka_voz,hlavni_pri,povrch_sta,meteo,rozhled,nehoda_pol,prednost_v,smerove_po,druh_krizu,smer_jizdy,nehoda_dru,pevna_prek,povrch_dru,komunika_2,viditelnos,komunika_3,rizeni_pro,objekty,misto_neho,smyk,neighbors_TargetID,neighbors_Distance,neighbors_prejezdy-dec_Název definičního úseku,neighbors_prejezdy-dec_Žkm přejezdu,neighbors_prejezdy-dec_Přejezd s trolejovým vedením,neighbors_prejezdy-dec_Třída pozemní komunikace,neighbors_prejezdy-dec_Číslo pozemní komunikace,neighbors_prejezdy-dec_Místní název přejezdu,neighbors_prejezdy-dec_Zeměpisná šířka,neighbors_prejezdy-dec_Zeměpisná délka,neighbors_prejezdy-dec_field_10,neighbors_prejezdy-dec_field_11
18.405196823886687,49.840330512630224,70306081362,Petřvald (Moravskoslezský kraj),2008-07-07 20:45:00,silnice 3.třídy,4727,řidičem motorového vozidla,s řidičským oprávněním skupiny b,řidič nebyl ovlivněn,ne,dobrý -žádné nepříznivé okolnosti nebyly zjištěny,0,0,0,2,RENAULT,nedošlo k požáru,200,žádné z uvedených,"nákladní automobil (včetně multikáry, au",2000,"soukromé, využívané k výdělečné činnosti",200,nebylo třeba užít násilí,nehoda pouze s hmotnou škodou,z boku,při odbočování vlevo souběžně jedoucímu vozidlu,povrch mokrý,"na počátku deště, slabý déšť",dobré,na kolejích tramvaje,žádná místní úprava,přímý úsek,neurčeno,jedoucí - ve směru staničení na komunika,srážka s vlakem,"nepřichází v úvahu, nejde o srážku s pev",živice,"dobrý, bez závad","v noci - s veřejným osvětlením, zhoršená",dvoupruhová,světelným signalizačním zařízením,železniční přejezd zabezpečený,mimo křižovatku,ne,P8296,6544.37579659,Havířov - Ostrava-Bartovice,"20,94",Ano,C,,,49° 46' 55.35633'' N,18° 23' 34.19311'' E,49.78204,18.39283
18.559703393230212,49.816201321534813,70306081625,Karviná (Moravskoslezský kraj),2008-08-10 15:30:00,silnice 2.třídy,475,řidičem motorového vozidla,s řidičským oprávněním skupiny b,řidič nebyl ovlivněn,ne,dobrý -žádné nepříznivé okolnosti nebyly zjištěny,0,0,0,1,CHRYSLER,žádná z uvedených,750,"došlo k úniku pohonných hmot, oleje, chl",osobní automobil bez přívěsu,1994,"soukromé, nevyužívané k výdělečné činnos",300,nebylo třeba užít násilí,nehoda pouze s hmotnou škodou,"nepřichází v úvahu, nejde o srážku jedou",řidič se plně nevěnoval řízení vozidla,"povrch suchý, neznečistěný",neztížené,dobré,na jízdním pruhu,žádná místní úprava,křižovatka styková - tříramenná,místní komunikace,zachycuje směr jízdy křižovatkou,srážka s pevnou překážkou,závory železničního přejezdu,živice,"dobrý, bez závad","ve dne, viditelnost nezhoršená vlivem po",dvoupruhová,světelným signalizačním zařízením,železniční přejezd zabezpečený,"na křižovatce, uvnitř hranic křižovatky",ano,P8290,22.2741158387,,"328,67",ne,silnice II. třídy č. 475,,pod ČSM,49° 48' 57.539'' N,18° 33' 33.707'' E,49.81598,18.55936
18.582227518186823,49.799552896320051,70306081769,Karviná (Moravskoslezský kraj),2008-08-29 12:54:00,komunikace místní,0,řidičem motorového vozidla,s řidičským oprávněním skupiny c,řidič nebyl ovlivněn,ne,dobrý -žádné nepříznivé okolnosti nebyly zjištěny,0,0,0,1,VOLVO,žádná z uvedených,200,žádné z uvedených,nákladní automobil s návěsem,2007,"soukromá organizace (podnikatel, s.r.o.,",0,nebylo třeba užít násilí,nehoda pouze s hmotnou škodou,"nepřichází v úvahu, nejde o srážku jedou",jiný druh nesprávného způsobu jízdy,"povrch suchý, neznečistěný",neztížené,dobré,na jízdním pruhu,žádná místní úprava,křižovatka průsečná - čtyřramenná,místní komunikace,vozidlo jedoucí - na komunikaci bez stan,srážka s pevnou překážkou,závory železničního přejezdu,živice,"dobrý, bez závad","ve dne, viditelnost nezhoršená vlivem po",dvoupruhová,světelným signalizačním zařízením,železniční přejezd zabezpečený,"na křižovatce,jedná-li se o křížení siln",ne,P8289,20.6388474871,žst. Louky n.Olší,"326,208",Ano,MK,,ul.Těšínská,49° 47' 58.00162'' N,18° 34' 55.19179'' E,49.79944,18.582
12.97072204286448,49.248853334691042,70306081879,N/A,2008-09-10 23:59:00,silnice 2.třídy,475,řidičem motorového vozidla,nezjištěno,jiné ovlivnění,nezjišťováno,jiný nepříznivý stav,0,0,0,1,žádná z uvedených,žádná z uvedených,150,žádné z uvedených,"nezjištěno, řidič ujel",,žádná z uvedených,0,žádná z uvedených,nehoda pouze s hmotnou škodou,"nepřichází v úvahu, nejde o srážku jedou",řidič se plně nevěnoval řízení vozidla,"povrch suchý, neznečistěný",neztížené,dobré,žádné z uvedených,žádná místní úprava,křižovatka průsečná - čtyřramenná,místní komunikace,žádná z uvedených,srážka s pevnou překážkou,závory železničního přejezdu,živice,"dobrý, bez závad","ve dne, viditelnost nezhoršená vlivem po",dvoupruhová,světelným signalizačním zařízením,železniční přejezd zabezpečený,uvnitř zóny 2 předmětné křižovatky,ne,P835,14114.1006455,Zelená Lhota - Nýrsko,"26,073",Ne,C,,Dešenice-les,49° 15' 55.03939'' N,13° 09' 46.67792'' E,49.26529,13.16297
18.56135049670397,49.889174508877666,70306081952,Petrovice u Karviné (Moravskoslezský kraj),2008-09-20 13:15:00,komunikace místní,0,řidičem motorového vozidla,nezjištěno,jiné ovlivnění,nezjišťováno,jiný nepříznivý stav,0,0,0,1,žádná z uvedených,žádná z uvedených,100,žádné z uvedených,"nezjištěno, řidič ujel",,žádná z uvedených,0,žádná z uvedených,nehoda pouze s hmotnou škodou,"nepřichází v úvahu, nejde o srážku jedou",nezvládnutí řízení vozidla,povrch mokrý,déšť,dobré,na jízdním pruhu,žádná místní úprava,křižovatka průsečná - čtyřramenná,místní komunikace,žádná z uvedených,srážka s pevnou překážkou,závory železničního přejezdu,živice,"dobrý, bez závad","ve dne, zhoršená viditelnost vlivem pově",dvoupruhová,světelným signalizačním zařízením,železniční přejezd zabezpečený,"na křižovatce,jedná-li se o křížení siln",ne,P6517,12.1240097049,Petrovice u Karviné - Petrovice u Karviné st.hr.,"291,785",Ano,II.,475,,49° 53' 21.16748'' N,18° 33' 41.43807'' E,49.88921,18.56151
18.365350521536634,49.902042726869119,70306082471,Bohumín (Moravskoslezský kraj),2008-11-14 12:50:00,silnice 3.třídy,46817,řidičem motorového vozidla,s řidičským oprávněním skupiny b,řidič nebyl ovlivněn,ne,dobrý -žádné nepříznivé okolnosti nebyly zjištěny,0,0,0,2,ŠKODA,nedošlo k požáru,50,žádné z uvedených,osobní automobil bez přívěsu,1991,"soukromé, nevyužívané k výdělečné činnos",50,nebylo třeba užít násilí,nehoda pouze s hmotnou škodou,z boku,řidič se plně nevěnoval řízení vozidla,povrch mokrý,neztížené,dobré,na jízdním pruhu,přednost vyznačena dopravními značkami,křižovatka průsečná - čtyřramenná,místní komunikace,zachycuje směr jízdy křižovatkou,srážka s vlakem,"nepřichází v úvahu, nejde o srážku s pev",živice,"dobrý, bez závad","ve dne, viditelnost nezhoršená vlivem po",dvoupruhová,místní úprava (vyplní se pol. 24),železniční přejezd nezabezpečený,uvnitř zóny 3 předmětné křižovatky,ne,P6533,1164.94152362,Bohumín - Bohumín st.hr.,"276,608",Ano,III.,46816,9.května,49° 53' 50.04438'' N,18° 21' 03.40875'' E,49.89723,18.35095
18.534871926269641,49.830155640289185,70306082560,Stonava (Moravskoslezský kraj),2008-11-23 08:55:00,silnice 3.třídy,4687,řidičem motorového vozidla,s řidičským oprávněním skupiny c,řidič nebyl ovlivněn,ne,dobrý -žádné nepříznivé okolnosti nebyly zjištěny,0,0,0,1,BMW,nedošlo k požáru,900,žádné z uvedených,osobní automobil bez přívěsu,1995,"soukromé, nevyužívané k výdělečné činnos",400,nebylo třeba užít násilí,nehoda pouze s hmotnou škodou,"nepřichází v úvahu, nejde o srážku jedou","nepř. rychlosti stavu vozovky (náledí, výtluky, bláto, mokrý povrch apod.)","na vozovce je náledí, ujetý sníh - posyp",sněžení,dobré,na jízdním pruhu,žádná místní úprava,křižovatka průsečná - čtyřramenná,místní komunikace,zachycuje směr jízdy křižovatkou,srážka s pevnou překážkou,závory železničního přejezdu,živice,"dobrý, bez závad","ve dne, zhoršená viditelnost vlivem pově",dvoupruhová,světelným signalizačním zařízením,železniční přejezd zabezpečený,uvnitř zóny 3 předmětné křižovatky,ano,P8290,2364.63016253,,"328,67",ne,silnice II. třídy č. 475,,pod ČSM,49° 48' 57.539'' N,18° 33' 33.707'' E,49.81598,18.55936
18.534862999498422,49.830300409229153,70306082767,Stonava (Moravskoslezský kraj),2008-12-12 21:05:00,silnice 3.třídy,4687,řidičem motorového vozidla,s řidičským oprávněním skupiny b,řidič nebyl ovlivněn,ne,dobrý -žádné nepříznivé okolnosti nebyly zjištěny,0,0,0,2,ŠKODA,nedošlo k požáru,300,žádné z uvedených,osobní automobil bez přívěsu,1998,"soukromé, nevyužívané k výdělečné činnos",300,nebylo třeba užít násilí,nehoda pouze s hmotnou škodou,z boku,jízda na “červené světlo“,povrch mokrý,neztížené,dobré,na kolejích tramvaje,žádná místní úprava,přímý úsek,neurčeno,jedoucí - proti směru staničení na komun,srážka s vlakem,"nepřichází v úvahu, nejde o srážku s pev",živice,"dobrý, bez závad","v noci - s veřejným osvětlením,viditelno",dvoupruhová,světelným signalizačním zařízením,železniční přejezd zabezpečený,mimo křižovatku,ne,P8290,2375.87253479,,"328,67",ne,silnice II. třídy č. 475,,pod ČSM,49° 48' 57.539'' N,18° 33' 33.707'' E,49.81598,18.55936
18.414390247791417,49.912479275515913,70306082800,Dolní Lutyně (Moravskoslezský kraj),2008-12-16 03:46:00,silnice 3.třídy,46812,řidičem motorového vozidla,nezjištěno,jiné ovlivnění,nezjišťováno,jiný nepříznivý stav,0,0,0,1,žádná z uvedených,žádná z uvedených,60,žádné z uvedených,"nezjištěno, řidič ujel",,žádná z uvedených,0,žádná z uvedených,nehoda pouze s hmotnou škodou,"nepřichází v úvahu, nejde o srážku jedou",řidič se plně nevěnoval řízení vozidla,povrch mokrý,neztížené,dobré,žádné z uvedených,žádná místní úprava,křižovatka průsečná - čtyřramenná,místní komunikace,žádná z uvedených,srážka s pevnou překážkou,závory železničního přejezdu,živice,"dobrý, bez závad","ve dne, viditelnost nezhoršená vlivem po",žádná z uvedených,světelným signalizačním zařízením,železniční přejezd zabezpečený,uvnitř zóny 3 předmětné křižovatky,ne,P6511,3.0356214758,Bohumín - Dětmarovice,"280,264",Ano,III.,46812,,49° 54' 44.89687'' N,18° 24' 51.94124'' E,49.91247,18.41443
18.545526398547718,49.821241802035644,70306082908,Stonava (Moravskoslezský kraj),2008-12-29 11:40:00,komunikace místní,0,řidičem motorového vozidla,s řidičským oprávněním skupiny c,řidič nebyl ovlivněn,ne,dobrý -žádné nepříznivé okolnosti nebyly zjištěny,0,0,0,2,ŠKODA,nedošlo k požáru,1010,žádné z uvedených,osobní automobil bez přívěsu,2006,"soukromá organizace (podnikatel, s.r.o.,",1000,nebylo třeba užít násilí,nehoda pouze s hmotnou škodou,z boku,řidič se plně nevěnoval řízení vozidla,"povrch suchý, neznečistěný",neztížené,dobré,na jízdním pruhu,žádná místní úprava,přímý úsek,neurčeno,vozidlo jedoucí - na komunikaci bez stan,srážka s vlakem,"nepřichází v úvahu, nejde o srážku s pev",živice,"dobrý, bez závad","ve dne, viditelnost nezhoršená vlivem po",dvoupruhová,světelným signalizačním zařízením,železniční přejezd zabezpečený,mimo křižovatku,ne,P8290,1154.86170904,,"328,67",ne,silnice II. třídy č. 475,,pod ČSM,49° 48' 57.539'' N,18° 33' 33.707'' E,49.81598,18.55936
18.350753391304405,49.892449328638527,70306090103,Bohumín (Moravskoslezský kraj),2009-01-22 06:40:00,komunikace účelová - polní a lesní cesty atd.,0,řidičem motorového vozidla,s řidičským oprávněním skupiny c,řidič nebyl ovlivněn,ne,dobrý -žádné nepříznivé okolnosti nebyly zjištěny,0,0,1,2,TATRA,žádná z uvedených,1400,žádné z uvedených,nákladní automobil s návěsem,1990,"soukromá organizace (podnikatel, s.r.o.,",800,nebylo třeba užít násilí,nehoda s následky na životě nebo zdraví,boční,jiné nedání přednosti,povrch mokrý,"na počátku deště, slabý déšť",dobré,žádné z uvedených,žádná místní úprava,křižovatka průsečná - čtyřramenná,místní komunikace,vozidlo jedoucí - na komunikaci bez stan,srážka s vlakem,"nepřichází v úvahu, nejde o srážku s pev",živice,"dobrý, bez závad","ve dne, viditelnost nezhoršená vlivem po",dvoupruhová,světelným signalizačním zařízením,železniční přejezd nezabezpečený,"na křižovatce,jedná-li se o křížení siln",ne,P6533,531.954126113,Bohumín - Bohumín st.hr.,"276,608",Ano,III.,46816,9.května,49° 53' 50.04438'' N,18° 21' 03.40875'' E,49.89723,18.35095
18.338757464282612,49.889806733767166,70306090104,Bohumín (Moravskoslezský kraj),2009-01-22 10:50:00,komunikace místní,0,řidičem motorového vozidla,nezjištěno,jiné ovlivnění,nezjišťováno,jiný nepříznivý stav,0,0,0,1,žádná z uvedených,žádná z uvedených,200,žádné z uvedených,"nezjištěno, řidič ujel",,žádná z uvedených,0,žádná z uvedených,nehoda pouze s hmotnou škodou,"nepřichází v úvahu, nejde o srážku jedou",řidič se plně nevěnoval řízení vozidla,povrch mokrý,sněžení,dobré,na kolejích tramvaje,žádná místní úprava,křižovatka průsečná - čtyřramenná,místní komunikace,žádná z uvedených,srážka s pevnou překážkou,závory železničního přejezdu,živice,"dobrý, bez závad","ve dne, viditelnost nezhoršená vlivem po",dvoupruhová,světelným signalizačním zařízením,železniční přejezd zabezpečený,"na křižovatce,jedná-li se o křížení siln",ne,P6510,6.61055246754,Bohumín-Vrbice - Bohumín,"273,988",Ano,C,,,49° 53' 23.10700'' N,18° 20' 19.43747'' E,49.88975,18.33873
18.423199548029963,49.793413856479582,70306090584,Havířov (Moravskoslezský kraj),2009-05-05 12:57:00,komunikace místní,0,řidičem motorového vozidla,s řidičským oprávněním skupiny b,řidič nebyl ovlivněn,ne,dobrý -žádné nepříznivé okolnosti nebyly zjištěny,0,0,0,2,ŠKODA,nedošlo k požáru,110,žádné z uvedených,osobní automobil bez přívěsu,1996,"soukromé, nevyužívané k výdělečné činnos",100,nebylo třeba užít násilí,nehoda pouze s hmotnou škodou,z boku,jiné nedání přednosti,povrch mokrý,"na počátku deště, slabý déšť",dobré,na jízdním pruhu,žádná místní úprava,křižovatka průsečná - čtyřramenná,místní komunikace,vozidlo jedoucí - na komunikaci bez stan,srážka s vlakem,"nepřichází v úvahu, nejde o srážku s pev",živice,"dobrý, bez závad","ve dne, zhoršená viditelnost vlivem pově",dvoupruhová,světelným signalizačním zařízením,železniční přejezd zabezpečený,"na křižovatce,jedná-li se o křížení siln",ano,P8296,2526.5255963,Havířov - Ostrava-Bartovice,"20,94",Ano,C,,,49° 46' 55.35633'' N,18° 23' 34.19311'' E,49.78204,18.39283
17.922337746766008,49.634792318887961,70406070123,Mankovice (Moravskoslezský kraj),2007-01-20 23:00:00,silnice 3.třídy,4734,řidičem motorového vozidla,s řidičským oprávněním skupiny b,řidič nebyl ovlivněn,ne,dobrý -žádné nepříznivé okolnosti nebyly zjištěny,0,0,0,1,TOYOTA,nedošlo k požáru,100,žádné z uvedených,osobní automobil bez přívěsu,1994,"soukromé, nevyužívané k výdělečné činnos",100,nebylo třeba užít násilí,nehoda pouze s hmotnou škodou,"nepřichází v úvahu, nejde o srážku jedou",nezvládnutí řízení vozidla,povrch mokrý,neztížené,dobré,na jízdním pruhu,žádná místní úprava,křižovatka průsečná - čtyřramenná,místní komunikace,zachycuje směr jízdy křižovatkou,havárie,"nepřichází v úvahu, nejde o srážku s pev",živice,"dobrý, bez závad","v noci - bez veřejného osvětlení,viditel",dvoupruhová,světelným signalizačním zařízením,železniční přejezd zabezpečený,"na křižovatce, uvnitř hranic křižovatky",ne,P6496,7.39066453057,"odb. Měnírna Suchdol n.O. - SŽDC, areál měnírny","1,481",Ne,III.,4734,Suchdol - měnírna,49° 38' 05.25412'' N,17° 55' 20.78700'' E,49.63479,17.92244
17.943411177402481,49.643425069023692,70406070468,Suchdol nad Odrou (Moravskoslezský kraj),2007-03-14 14:15:00,silnice 3.třídy,4734,řidičem motorového vozidla,nezjištěno,jiné ovlivnění,ne,jiný nepříznivý stav,0,1,0,2,žádná z uvedených,žádná z uvedených,0,žádné z uvedených,"nezjištěno, řidič ujel",,žádná z uvedených,0,žádná z uvedených,nehoda s následky na životě nebo zdraví,"nepřichází v úvahu, nejde o srážku jedou","při předjíždění došlo k ohrožení předjížděného  řidiče (vynucované zařazení, předjížděný musel  prudce brzdit, měnit směr jízdy apod.)","povrch suchý, neznečistěný",neztížené,dobré,na jízdním pruhu,žádná místní úprava,křižovatka průsečná - čtyřramenná,místní komunikace,žádná z uvedených,havárie,"nepřichází v úvahu, nejde o srážku s pev",živice,"dobrý, bez závad","ve dne, viditelnost nezhoršená vlivem po",dvoupruhová,světelným signalizačním zařízením,železniční přejezd zabezpečený,"na křižovatce, uvnitř hranic křižovatky",ne,P6777,20.5199075135,Suchdol nad Odrou - Šenov u Nového Jičína,"0,345",Ne,III.,4734,Suchdol ul. Za nádražím,49° 38' 36.11987'' N,17° 56' 35.30961'' E,49.64337,17.94314
17.835766680806927,49.668721267465706,70406070700,Odry (Moravskoslezský kraj),2007-04-17 20:25:00,silnice 1.třídy,47,řidičem motorového vozidla,s řidičským oprávněním skupiny c,řidič nebyl ovlivněn,ne,dobrý -žádné nepříznivé okolnosti nebyly zjištěny,0,0,0,2,OPEL,nedošlo k požáru,400,žádné z uvedených,osobní automobil bez přívěsu,1990,"soukromé, nevyužívané k výdělečné činnos",300,nebylo třeba užít násilí,nehoda pouze s hmotnou škodou,"nepřichází v úvahu, nejde o srážku jedou",řidič se plně nevěnoval řízení vozidla,"povrch suchý, neznečistěný",neztížené,dobré,na jízdním pruhu,žádná místní úprava,křižovatka průsečná - čtyřramenná,účelová komunikace,zachycuje směr jízdy křižovatkou,jiný druh nehody,"nepřichází v úvahu, nejde o srážku s pev",živice,"dobrý, bez závad","v noci - s veřejným osvětlením,viditelno",dvoupruhová,světelným signalizačním zařízením,železniční přejezd nezabezpečený,"na křižovatce, uvnitř hranic křižovatky",ne,P6708,24.1111372116,dD3 Odry,"10,086",Ne,I.,47,tř. Osvobození dvoukolejný,49° 40' 07.00926'' N,17° 50' 07.72825'' E,49.66861,17.83548
17.973494423797799,49.670174332885558,70406070967,Hladké Životice (Moravskoslezský kraj),2007-06-06 09:30:00,silnice 1.třídy,57,řidičem motorového vozidla,nezjištěno,jiné ovlivnění,nezjišťováno,jiný nepříznivý stav,0,0,0,1,žádná z uvedených,žádná z uvedených,300,žádné z uvedených,"nezjištěno, řidič ujel",,žádná z uvedených,0,žádná z uvedených,nehoda pouze s hmotnou škodou,"nepřichází v úvahu, nejde o srážku jedou",nezvládnutí řízení vozidla,"povrch suchý, neznečistěný",neztížené,dobré,na jízdním pruhu,žádná místní úprava,přímý úsek,neurčeno,žádná z uvedených,srážka s pevnou překážkou,závory železničního přejezdu,živice,"dobrý, bez závad","ve dne, viditelnost nezhoršená vlivem po",dvoupruhová,žádný způsob řízení provozu,železniční přejezd zabezpečený,mimo křižovatku,ne,P6497,13.3967906618,Suchdol nad Odrou - Studénka,"236,704",Ano,I.,57,,49° 40' 12.86098'' N,17° 58' 25.13349'' E,49.67024,17.97365
17.973660156163625,49.67031049615764,70406071197,Hladké Životice (Moravskoslezský kraj),2007-07-07 11:01:00,silnice 1.třídy,57,řidičem motorového vozidla,s řidičským oprávněním skupiny d,řidič nebyl ovlivněn,ne,dobrý -žádné nepříznivé okolnosti nebyly zjištěny,0,0,0,1,VOLVO,nedošlo k požáru,500,žádné z uvedených,nákladní automobil s návěsem,1992,registrované mimo území ČR,100,nebylo třeba užít násilí,nehoda pouze s hmotnou škodou,"nepřichází v úvahu, nejde o srážku jedou",řidič se plně nevěnoval řízení vozidla,"povrch suchý, neznečistěný",neztížené,dobré,na jízdním pruhu,žádná místní úprava,křižovatka průsečná - čtyřramenná,místní komunikace,zachycuje směr jízdy křižovatkou,srážka s pevnou překážkou,závory železničního přejezdu,živice,"dobrý, bez závad","ve dne, viditelnost nezhoršená vlivem po",dvoupruhová,světelným signalizačním zařízením,železniční přejezd zabezpečený,"na křižovatce, uvnitř hranic křižovatky",ne,P6497,7.87326433545,Suchdol nad Odrou - Studénka,"236,704",Ano,I.,57,,49° 40' 12.86098'' N,17° 58' 25.13349'' E,49.67024,17.97365
17.901253270531431,49.614777137259011,70406071230,Jeseník nad Odrou (Moravskoslezský kraj),2007-07-16 15:30:00,silnice 3.třídy,489,řidičem motorového vozidla,nezjištěno,jiné ovlivnění,nezjišťováno,jiný nepříznivý stav,0,0,0,1,žádná z uvedených,žádná z uvedených,100,žádné z uvedených,"nezjištěno, řidič ujel",,žádná z uvedených,0,žádná z uvedených,nehoda pouze s hmotnou škodou,"nepřichází v úvahu, nejde o srážku jedou",nezvládnutí řízení vozidla,"povrch suchý, neznečistěný",neztížené,dobré,na jízdním pruhu,žádná místní úprava,křižovatka průsečná - čtyřramenná,místní komunikace,žádná z uvedených,srážka s pevnou překážkou,závory železničního přejezdu,živice,"dobrý, bez závad","ve dne, viditelnost nezhoršená vlivem po",dvoupruhová,světelným signalizačním zařízením,železniční přejezd zabezpečený,"na křižovatce, uvnitř hranic křižovatky",ne,P6495,22.1932969967,Polom - Suchdol nad Odrou,"228,508",Ano,III.,489,Jeseník,49° 36' 52.74930'' N,17° 54' 05.35781'' E,49.61465,17.90149
17.921851143183531,49.6348632066668,70406071293,Mankovice (Moravskoslezský kraj),2007-04-17 23:59:00,silnice 3.třídy,4734,řidičem motorového vozidla,nezjištěno,jiné ovlivnění,nezjišťováno,jiný nepříznivý stav,0,0,0,1,žádná z uvedených,žádná z uvedených,10,žádné z uvedených,"nezjištěno, řidič ujel",,žádná z uvedených,0,žádná z uvedených,nehoda pouze s hmotnou škodou,"nepřichází v úvahu, nejde o srážku jedou",nezvládnutí řízení vozidla,"povrch suchý, neznečistěný",neztížené,dobré,na jízdním pruhu,žádná místní úprava,přímý úsek,neurčeno,žádná z uvedených,srážka s pevnou překážkou,závory železničního přejezdu,živice,"dobrý, bez závad","ve dne, viditelnost nezhoršená vlivem po",dvoupruhová,světelným signalizačním zařízením,železniční přejezd zabezpečený,mimo křižovatku,ne,P6496,43.3077788726,"odb. Měnírna Suchdol n.O. - SŽDC, areál měnírny","1,481",Ne,III.,4734,Suchdol - měnírna,49° 38' 05.25412'' N,17° 55' 20.78700'' E,49.63479,17.92244
17.921693722504191,49.634914812239366,70406071403,Mankovice (Moravskoslezský kraj),2007-08-13 11:15:00,silnice 3.třídy,4734,řidičem motorového vozidla,s řidičským oprávněním skupiny c,řidič nebyl ovlivněn,ne,dobrý -žádné nepříznivé okolnosti nebyly zjištěny,0,0,0,1,AVIA,nedošlo k požáru,150,žádné z uvedených,"nákladní automobil (včetně multikáry, au",2000,"soukromé, využívané k výdělečné činnosti",0,nebylo třeba užít násilí,nehoda pouze s hmotnou škodou,"nepřichází v úvahu, nejde o srážku jedou",řidič se plně nevěnoval řízení vozidla,"povrch suchý, neznečistěný",jiné ztížené,dobré,na jízdním pruhu,žádná místní úprava,křižovatka průsečná - čtyřramenná,místní komunikace,zachycuje směr jízdy křižovatkou,srážka s pevnou překážkou,závory železničního přejezdu,živice,"dobrý, bez závad","ve dne, viditelnost nezhoršená vlivem po",dvoupruhová,světelným signalizačním zařízením,železniční přejezd zabezpečený,uvnitř zóny 3 předmětné křižovatky,ne,P6496,55.6652400789,"odb. Měnírna Suchdol n.O. - SŽDC, areál měnírny","1,481",Ne,III.,4734,Suchdol - měnírna,49° 38' 05.25412'' N,17° 55' 20.78700'' E,49.63479,17.92244
17.90180016727961,49.614625524414336,70406071674,Jeseník nad Odrou (Moravskoslezský kraj),2007-09-19 20:08:00,silnice 3.třídy,489,řidičem motorového vozidla,nezjištěno,jiné ovlivnění,nezjišťováno,jiný nepříznivý stav,0,0,0,1,žádná z uvedených,žádná z uvedených,250,žádné z uvedených,"nezjištěno, řidič ujel",,žádná z uvedených,0,žádná z uvedených,nehoda pouze s hmotnou škodou,"nepřichází v úvahu, nejde o srážku jedou",řidič se plně nevěnoval řízení vozidla,"povrch suchý, neznečistěný",neztížené,dobré,na jízdním pruhu,žádná místní úprava,křižovatka průsečná - čtyřramenná,místní komunikace,žádná z uvedených,srážka s pevnou překážkou,závory železničního přejezdu,živice,"dobrý, bez závad","v noci - s veřejným osvětlením,viditelno",dvoupruhová,světelným signalizačním zařízením,železniční přejezd zabezpečený,uvnitř zóny 3 předmětné křižovatky,ne,P6495,22.5788617515,Polom - Suchdol nad Odrou,"228,508",Ano,III.,489,Jeseník,49° 36' 52.74930'' N,17° 54' 05.35781'' E,49.61465,17.90149
18.070979298285202,49.70859958127739,70406071707,Studénka (Moravskoslezský kraj),2007-09-25 12:04:00,silnice 3.třídy,46427,řidičem motorového vozidla,nezjištěno,jiné ovlivnění,nezjišťováno,jiný nepříznivý stav,0,0,0,1,žádná z uvedených,žádná z uvedených,250,žádné z uvedených,"nezjištěno, řidič ujel",,žádná z uvedených,0,žádná z uvedených,nehoda pouze s hmotnou škodou,"nepřichází v úvahu, nejde o srážku jedou",řidič se plně nevěnoval řízení vozidla,"povrch suchý, neznečistěný",neztížené,dobré,na jízdním pruhu,žádná místní úprava,křižovatka průsečná - čtyřramenná,místní komunikace,žádná z uvedených,srážka s pevnou překážkou,závory železničního přejezdu,živice,"dobrý, bez závad","ve dne, viditelnost nezhoršená vlivem po",dvoupruhová,světelným signalizačním zařízením,železniční přejezd zabezpečený,uvnitř zóny 3 předmětné křižovatky,ne,P6501,32.2362775084,žst. Studénka,"245,044",Ano,III.,46427,Studénka ul. 2.května,49° 42' 29.90715'' N,18° 04' 15.44528'' E,49.70831,18.07096