X,Y,id,obec,datum,komunikace,komunika_1,zavineni,ridic_kate,ridic_ovli,vinik_alko,ridic_stav,obeti_usmr,obeti_lehc,obeti_tezc,vozidel_ce,vinik_vozi,vinik_vo_1,skoda,unik_hmot,vinik_vo_2,vinik_vo_3,vinik_vo_4,vinik_skod,vyprosteni,nehoda_cha,srazka_voz,hlavni_pri,povrch_sta,meteo,rozhled,nehoda_pol,prednost_v,smerove_po,druh_krizu,smer_jizdy,nehoda_dru,pevna_prek,povrch_dru,komunika_2,viditelnos,komunika_3,rizeni_pro,objekty,misto_neho,smyk,neighbors_TargetID,neighbors_Distance,neighbors_prejezdy-dec_Název definičního úseku,neighbors_prejezdy-dec_Žkm přejezdu,neighbors_prejezdy-dec_Přejezd s trolejovým vedením,neighbors_prejezdy-dec_Třída pozemní komunikace,neighbors_prejezdy-dec_Číslo pozemní komunikace,neighbors_prejezdy-dec_Místní název přejezdu,neighbors_prejezdy-dec_Zeměpisná šířka,neighbors_prejezdy-dec_Zeměpisná délka,neighbors_prejezdy-dec_field_10,neighbors_prejezdy-dec_field_11
17.973626155999348,49.669990510053253,70406071831,Hladké Životice (Moravskoslezský kraj),2007-10-12 16:03:00,silnice 1.třídy,57,řidičem motorového vozidla,s řidičským oprávněním skupiny c,řidič nebyl ovlivněn,ne,dobrý -žádné nepříznivé okolnosti nebyly zjištěny,0,0,0,1,AVIA,nedošlo k požáru,51,žádné z uvedených,"nákladní automobil (včetně multikáry, au",1993,"soukromé, využívané k výdělečné činnosti",1,nebylo třeba užít násilí,nehoda pouze s hmotnou škodou,"nepřichází v úvahu, nejde o srážku jedou",řidič se plně nevěnoval řízení vozidla,"povrch suchý, neznečistěný",neztížené,dobré,na jízdním pruhu,žádná místní úprava,křižovatka průsečná - čtyřramenná,místní komunikace,zachycuje směr jízdy křižovatkou,srážka s pevnou překážkou,závory železničního přejezdu,živice,"dobrý, bez závad","ve dne, viditelnost nezhoršená vlivem po",dvoupruhová,světelným signalizačním zařízením,železniční přejezd zabezpečený,"na křižovatce, uvnitř hranic křižovatky",ne,P6497,27.8029704977,Suchdol nad Odrou - Studénka,"236,704",Ano,I.,57,,49° 40' 12.86098'' N,17° 58' 25.13349'' E,49.67024,17.97365
18.144248845382425,49.647338385533914,70406080342,Příbor (Moravskoslezský kraj),2008-03-03 16:35:00,komunikace místní,0,řidičem motorového vozidla,s řidičským oprávněním skupiny c,řidič nebyl ovlivněn,ne,dobrý -žádné nepříznivé okolnosti nebyly zjištěny,1,2,1,2,ŠKODA,nedošlo k požáru,1400,žádné z uvedených,osobní automobil bez přívěsu,1997,"soukromé, nevyužívané k výdělečné činnos",700,nebylo třeba užít násilí,nehoda s následky na životě nebo zdraví,boční,vozidlu přijíždějícímu zprava,"povrch suchý, neznečistěný",neztížené,dobré,na jízdním pruhu,žádná místní úprava,křižovatka průsečná - čtyřramenná,místní komunikace,vozidlo jedoucí - na komunikaci bez stan,srážka s vlakem,"nepřichází v úvahu, nejde o srážku s pev",živice,"dobrý, bez závad","ve dne, viditelnost nezhoršená vlivem po",dvoupruhová,světelným signalizačním zařízením,železniční přejezd zabezpečený,"na křižovatce,jedná-li se o křížení siln",ne,P7481,3.51861556611,Sedlnice - Příbor,"11,621",Ne,MK,,Příbor benzina,49° 38' 50.52129'' N,18° 08' 39.28741'' E,49.64737,18.14425
17.780776350421696,49.69899930651934,70406080391,Heřmanice u Oder (Moravskoslezský kraj),2008-03-14 12:35:00,silnice 2.třídy,442,řidičem motorového vozidla,s řidičským oprávněním skupiny c,řidič nebyl ovlivněn,ne,dobrý -žádné nepříznivé okolnosti nebyly zjištěny,0,4,0,3,MAN,nedošlo k požáru,12980,"došlo k úniku pohonných hmot, oleje, chl","nákladní automobil (včetně multikáry, au",2003,"soukromá organizace (podnikatel, s.r.o.,",10000,použitím speciální vyprošťovací techniky,nehoda s následky na životě nebo zdraví,z boku,proti příkazu dopravní značky STŮJ DEJ PŘEDNOST,na vozovce je bláto,"na počátku deště, slabý déšť",dobré,na jízdním pruhu,přednost vyznačena dopravními značkami,křižovatka průsečná - čtyřramenná,místní komunikace,zachycuje směr jízdy křižovatkou,srážka s vlakem,"nepřichází v úvahu, nejde o srážku s pev",štěrk,"dobrý, bez závad","ve dne, viditelnost nezhoršená vlivem po",dvoupruhová,místní úprava (vyplní se pol. 24),železniční přejezd nezabezpečený,"na křižovatce, uvnitř hranic křižovatky",ne,P6718,11.228858157,Jakubčovice nad Odrou - LESY Heřmánky,"15,385",Ne,O,,kamenolm 2,49° 41' 56.10845'' N,17° 46' 50.43407'' E,49.69892,17.78068
17.973964154622671,49.670058509959446,70406080511,Hladké Životice (Moravskoslezský kraj),2008-04-04 04:52:00,silnice 1.třídy,57,řidičem motorového vozidla,nezjištěno,jiné ovlivnění,nezjišťováno,jiný nepříznivý stav,0,0,0,1,žádná z uvedených,žádná z uvedených,150,žádné z uvedených,"nezjištěno, řidič ujel",,žádná z uvedených,0,žádná z uvedených,nehoda pouze s hmotnou škodou,"nepřichází v úvahu, nejde o srážku jedou",nezvládnutí řízení vozidla,"povrch suchý, neznečistěný",neztížené,dobré,žádné z uvedených,žádná místní úprava,křižovatka průsečná - čtyřramenná,místní komunikace,žádná z uvedených,srážka s pevnou překážkou,závory železničního přejezdu,živice,"dobrý, bez závad","ve dne, viditelnost nezhoršená vlivem po",dvoupruhová,světelným signalizačním zařízením,železniční přejezd zabezpečený,uvnitř zóny 1 předmětné křižovatky,ne,P6497,30.360071597,Suchdol nad Odrou - Studénka,"236,704",Ano,I.,57,,49° 40' 12.86098'' N,17° 58' 25.13349'' E,49.67024,17.97365
17.973499200932,49.670171677690149,70406080575,Hladké Životice (Moravskoslezský kraj),2008-04-13 08:28:00,silnice 1.třídy,57,řidičem motorového vozidla,nezjištěno,jiné ovlivnění,nezjišťováno,jiný nepříznivý stav,0,0,0,1,žádná z uvedených,žádná z uvedených,300,žádné z uvedených,"nezjištěno, řidič ujel",,žádná z uvedených,0,žádná z uvedených,nehoda pouze s hmotnou škodou,"nepřichází v úvahu, nejde o srážku jedou",řidič se plně nevěnoval řízení vozidla,"povrch suchý, neznečistěný",neztížené,dobré,žádné z uvedených,žádná místní úprava,křižovatka průsečná - čtyřramenná,místní komunikace,žádná z uvedených,srážka s pevnou překážkou,závory železničního přejezdu,živice,"dobrý, bez závad","ve dne, viditelnost nezhoršená vlivem po",dvoupruhová,světelným signalizačním zařízením,železniční přejezd zabezpečený,uvnitř zóny 1 předmětné křižovatky,ne,P6497,13.2759097735,Suchdol nad Odrou - Studénka,"236,704",Ano,I.,57,,49° 40' 12.86098'' N,17° 58' 25.13349'' E,49.67024,17.97365
17.92179214230601,49.634909200567769,70406080706,Mankovice (Moravskoslezský kraj),2008-05-05 07:18:00,silnice 3.třídy,4734,řidičem motorového vozidla,s řidičským oprávněním skupiny d,řidič nebyl ovlivněn,ne,dobrý -žádné nepříznivé okolnosti nebyly zjištěny,0,0,0,1,SCANIA,nedošlo k požáru,200,žádné z uvedených,nákladní automobil s přívěsem,2006,"soukromá organizace (podnikatel, s.r.o.,",0,nebylo třeba užít násilí,nehoda pouze s hmotnou škodou,"nepřichází v úvahu, nejde o srážku jedou",nezvládnutí řízení vozidla,"povrch suchý, neznečistěný",neztížené,dobré,na jízdním pruhu,žádná místní úprava,přímý úsek,neurčeno,jedoucí - proti směru staničení na komun,srážka s pevnou překážkou,závory železničního přejezdu,živice,"dobrý, bez závad","ve dne, viditelnost nezhoršená vlivem po",dvoupruhová,žádný způsob řízení provozu,železniční přejezd zabezpečený,mimo křižovatku,ne,P6496,48.6388905498,"odb. Měnírna Suchdol n.O. - SŽDC, areál měnírny","1,481",Ne,III.,4734,Suchdol - měnírna,49° 38' 05.25412'' N,17° 55' 20.78700'' E,49.63479,17.92244
17.97352056722525,49.670161125450647,70406080713,Hladké Životice (Moravskoslezský kraj),2008-05-05 05:48:00,silnice 1.třídy,57,řidičem motorového vozidla,nezjištěno,jiné ovlivnění,nezjišťováno,jiný nepříznivý stav,0,0,0,1,žádná z uvedených,žádná z uvedených,450,žádné z uvedených,"nezjištěno, řidič ujel",,žádná z uvedených,0,žádná z uvedených,nehoda pouze s hmotnou škodou,"nepřichází v úvahu, nejde o srážku jedou",řidič se plně nevěnoval řízení vozidla,"povrch suchý, neznečistěný",neztížené,dobré,na jízdním pruhu,žádná místní úprava,přímý úsek,neurčeno,žádná z uvedených,srážka s pevnou překážkou,závory železničního přejezdu,živice,"dobrý, bez závad","ve dne, viditelnost nezhoršená vlivem po",dvoupruhová,žádný způsob řízení provozu,železniční přejezd zabezpečený,mimo křižovatku,ne,P6497,12.8167683151,Suchdol nad Odrou - Studénka,"236,704",Ano,I.,57,,49° 40' 12.86098'' N,17° 58' 25.13349'' E,49.67024,17.97365
17.97334698149908,49.670222738356323,70406080873,Hladké Životice (Moravskoslezský kraj),2008-06-06 00:25:00,silnice 1.třídy,57,řidičem motorového vozidla,nezjištěno,jiné ovlivnění,nezjišťováno,jiný nepříznivý stav,0,0,0,1,žádná z uvedených,žádná z uvedených,150,žádné z uvedených,"nezjištěno, řidič ujel",,žádná z uvedených,0,žádná z uvedených,nehoda pouze s hmotnou škodou,"nepřichází v úvahu, nejde o srážku jedou",nezvládnutí řízení vozidla,"povrch suchý, neznečistěný",neztížené,dobré,na jízdním pruhu,žádná místní úprava,přímý úsek,neurčeno,žádná z uvedených,srážka s pevnou překážkou,závory železničního přejezdu,živice,"dobrý, bez závad","v noci - bez veřejného osvětlení,viditel",dvoupruhová,žádný způsob řízení provozu,železniční přejezd zabezpečený,mimo křižovatku,ne,P6497,21.9569735277,Suchdol nad Odrou - Studénka,"236,704",Ano,I.,57,,49° 40' 12.86098'' N,17° 58' 25.13349'' E,49.67024,17.97365
17.829133953348613,49.672706475961185,70406081203,Odry (Moravskoslezský kraj),2008-08-08 12:27:00,silnice 2.třídy,441,řidičem motorového vozidla,s řidičským oprávněním skupiny b,řidič nebyl ovlivněn,ne,dobrý -žádné nepříznivé okolnosti nebyly zjištěny,0,0,0,2,ŠKODA,nedošlo k požáru,300,žádné z uvedených,osobní automobil bez přívěsu,1996,"soukromé, nevyužívané k výdělečné činnos",300,nebylo třeba užít násilí,nehoda pouze s hmotnou škodou,boční,řidič se plně nevěnoval řízení vozidla,"povrch suchý, neznečistěný",neztížené,dobré,na jízdním pruhu,žádná místní úprava,křižovatka průsečná - čtyřramenná,účelová komunikace,zachycuje směr jízdy křižovatkou,srážka s vlakem,"nepřichází v úvahu, nejde o srážku s pev",živice,"dobrý, bez závad","ve dne, viditelnost nezhoršená vlivem po",dvoupruhová,světelným signalizačním zařízením,železniční přejezd zabezpečený,"na křižovatce, uvnitř hranic křižovatky",ne,P6709,14.2477079213,Odry - Jakubčovice nad Odrou,"10,737",Ne,II.,441,optimitka,49° 40' 21.56971'' N,17° 49' 44.23335'' E,49.67266,17.82895
17.922785137768344,49.634664203908436,70406081215,Suchdol nad Odrou (Moravskoslezský kraj),2008-08-08 15:55:00,silnice 3.třídy,4734,řidičem motorového vozidla,nezjištěno,jiné ovlivnění,nezjišťováno,jiný nepříznivý stav,0,0,0,1,žádná z uvedených,žádná z uvedených,200,žádné z uvedených,"nezjištěno, řidič ujel",,žádná z uvedených,0,žádná z uvedených,nehoda pouze s hmotnou škodou,"nepřichází v úvahu, nejde o srážku jedou",řidič se plně nevěnoval řízení vozidla,"povrch suchý, neznečistěný",neztížené,dobré,na jízdním pruhu,žádná místní úprava,křižovatka průsečná - čtyřramenná,místní komunikace,žádná z uvedených,srážka s pevnou překážkou,závory železničního přejezdu,živice,"dobrý, bez závad","ve dne, viditelnost nezhoršená vlivem po",dvoupruhová,světelným signalizačním zařízením,železniční přejezd zabezpečený,uvnitř zóny 3 předmětné křižovatky,ne,P6496,28.5890901524,"odb. Měnírna Suchdol n.O. - SŽDC, areál měnírny","1,481",Ne,III.,4734,Suchdol - měnírna,49° 38' 05.25412'' N,17° 55' 20.78700'' E,49.63479,17.92244
18.147539123205178,49.747083639962163,70406081955,Jistebník (Moravskoslezský kraj),2008-12-12 19:54:00,silnice 3.třídy,4804,řidičem motorového vozidla,nezjištěno,jiné ovlivnění,nezjišťováno,jiný nepříznivý stav,0,0,0,1,žádná z uvedených,žádná z uvedených,200,žádné z uvedených,"nezjištěno, řidič ujel",,žádná z uvedených,0,žádná z uvedených,nehoda pouze s hmotnou škodou,"nepřichází v úvahu, nejde o srážku jedou",nezvládnutí řízení vozidla,"povrch suchý, neznečistěný",neztížené,dobré,na jízdním pruhu,žádná místní úprava,křižovatka průsečná - čtyřramenná,místní komunikace,žádná z uvedených,srážka s pevnou překážkou,závory železničního přejezdu,živice,"dobrý, bez závad","v noci - s veřejným osvětlením,viditelno",dvoupruhová,světelným signalizačním zařízením,železniční přejezd zabezpečený,uvnitř zóny 3 předmětné křižovatky,ne,P6506,8.76543049045,žst. Jistebník,"252,244",Ano,III.,4804,Jistebník,49° 44' 49.30301'' N,18° 08' 50.83154'' E,49.74703,18.14745
17.922218145218466,49.635039199714477,70406090248,Suchdol nad Odrou (Moravskoslezský kraj),2009-04-10 09:15:00,silnice 3.třídy,4734,řidičem motorového vozidla,nezjištěno,jiné ovlivnění,nezjišťováno,jiný nepříznivý stav,0,0,0,1,žádná z uvedených,žádná z uvedených,200,žádné z uvedených,"nezjištěno, řidič ujel",,žádná z uvedených,0,žádná z uvedených,nehoda pouze s hmotnou škodou,"nepřichází v úvahu, nejde o srážku jedou",nezvládnutí řízení vozidla,"povrch suchý, neznečistěný",neztížené,dobré,na jízdním pruhu,žádná místní úprava,křižovatka průsečná - čtyřramenná,místní komunikace,žádná z uvedených,srážka s pevnou překážkou,závory železničního přejezdu,živice,"dobrý, bez závad","ve dne, viditelnost nezhoršená vlivem po",dvoupruhová,světelným signalizačním zařízením,železniční přejezd zabezpečený,uvnitř zóny 3 předmětné křižovatky,ne,P6496,32.0137886813,"odb. Měnírna Suchdol n.O. - SŽDC, areál měnírny","1,481",Ne,III.,4734,Suchdol - měnírna,49° 38' 05.25412'' N,17° 55' 20.78700'' E,49.63479,17.92244
12.97072204286448,49.248853334691042,70506070087,N/A,2007-01-10 16:00:00,silnice 3.třídy,4353,řidičem motorového vozidla,nezjištěno,jiné ovlivnění,nezjišťováno,jiný nepříznivý stav,0,0,0,1,žádná z uvedených,žádná z uvedených,20,žádné z uvedených,"nezjištěno, řidič ujel",,žádná z uvedených,0,žádná z uvedených,nehoda pouze s hmotnou škodou,"nepřichází v úvahu, nejde o srážku jedou",řidič se plně nevěnoval řízení vozidla,"povrch suchý, neznečistěný",neztížené,dobré,na jízdním pruhu,žádná místní úprava,křižovatka průsečná - čtyřramenná,místní komunikace,žádná z uvedených,srážka s pevnou překážkou,závory železničního přejezdu,živice,"dobrý, bez závad","ve dne, viditelnost nezhoršená vlivem po",dvoupruhová,světelným signalizačním zařízením,železniční přejezd zabezpečený,"na křižovatce, uvnitř hranic křižovatky",ne,P835,14114.1006455,Zelená Lhota - Nýrsko,"26,073",Ne,C,,Dešenice-les,49° 15' 55.03939'' N,13° 09' 46.67792'' E,49.26529,13.16297
17.149137557930136,49.778311067457352,70506070102,Uničov (Olomoucký kraj),2007-01-12 17:55:00,komunikace místní,0,řidičem motorového vozidla,s řidičským oprávněním skupiny c,řidič nebyl ovlivněn,ne,dobrý -žádné nepříznivé okolnosti nebyly zjištěny,0,1,0,2,RENAULT,nedošlo k požáru,2010,žádné z uvedených,"nákladní automobil (včetně multikáry, au",2006,"soukromá organizace (podnikatel, s.r.o.,",2000,nebylo třeba užít násilí,nehoda s následky na životě nebo zdraví,z boku,jiné nedání přednosti,"povrch suchý, neznečistěný",neztížené,dobré,na jízdním pruhu,přednost vyznačena dopravními značkami,křižovatka průsečná - čtyřramenná,místní komunikace,vozidlo jedoucí - na komunikaci bez stan,srážka s vlakem,"nepřichází v úvahu, nejde o srážku s pev",živice,"dobrý, bez závad","v noci - s veřejným osvětlením,viditelno",dvoupruhová,místní úprava (vyplní se pol. 24),železniční přejezd nezabezpečený,"na křižovatce,jedná-li se o křížení siln",ne,P4220,534.683743306,UNEX Uničov - Uničov,"13,187",Ne,O,,,49° 46' 39.80040'' N,17° 08' 30.35772'' E,49.77772,17.14177
17.403258910600588,49.625327971101044,70506090562,Hlubočky (Olomoucký kraj),2009-04-20 13:12:00,silnice 3.třídy,44317,řidičem motorového vozidla,s řidičským oprávněním skupiny b,řidič nebyl ovlivněn,ne,dobrý -žádné nepříznivé okolnosti nebyly zjištěny,1,0,0,2,HONDA,nedošlo k požáru,5000,"došlo k úniku pohonných hmot, oleje, chl","nákladní automobil (včetně multikáry, au",2001,"soukromé, nevyužívané k výdělečné činnos",1500,použitím speciální vyprošťovací techniky,nehoda s následky na životě nebo zdraví,z boku,jiné nedání přednosti,"povrch suchý, neznečistěný",neztížené,dobré,na jízdním pruhu,žádná místní úprava,přímý úsek,neurčeno,odstavené - ve směru staničení na komuni,srážka s vlakem,"nepřichází v úvahu, nejde o srážku s pev",živice,"dobrý, bez závad","ve dne, viditelnost nezhoršená vlivem po",dvoupruhová,světelným signalizačním zařízením,železniční přejezd nezabezpečený,mimo křižovatku,ne,P7531,20.4801722389,Hlubočky-Mariánské Údolí - Hlubočky,"12,418",Ne,III.,44317,U zastávky Hlubočky,49° 37' 31.78442'' N,17° 24' 12.09064'' E,49.6255,17.40336
17.208171722277076,49.630661866968687,70506071028,Horka nad Moravou (Olomoucký kraj),2007-04-11 12:47:00,silnice 3.třídy,4465,řidičem motorového vozidla,s řidičským oprávněním skupiny b,řidič nebyl ovlivněn,ne,dobrý -žádné nepříznivé okolnosti nebyly zjištěny,0,1,0,2,ŠKODA,nedošlo k požáru,1510,žádné z uvedených,osobní automobil bez přívěsu,2003,"soukromé, nevyužívané k výdělečné činnos",1500,nebylo třeba užít násilí,nehoda s následky na životě nebo zdraví,z boku,jízda na “červené světlo“,"povrch suchý, neznečistěný",neztížené,dobré,na jízdním pruhu,žádná místní úprava,křižovatka styková - tříramenná,silnice 3.třídy,zachycuje směr jízdy křižovatkou,srážka s vlakem,"nepřichází v úvahu, nejde o srážku s pev",živice,"dobrý, bez závad","ve dne, viditelnost nezhoršená vlivem po",dvoupruhová,světelným signalizačním zařízením,železniční přejezd zabezpečený,"na křižovatce, uvnitř hranic křižovatky",ne,P7620,11.9779116165,Olomouc-Řepčín - Horka nad Moravou,"8,674",Ne,III.,4465,Na rozcestí,49° 37' 50.72206'' N,17° 12' 29.67164'' E,49.63076,17.20824
17.276132090800559,49.602396473621333,70506071385,Olomouc (Olomoucký kraj),2007-05-10 11:05:00,silnice 2.třídy,448,řidičem motorového vozidla,s řidičským oprávněním skupiny b,řidič nebyl ovlivněn,ne,dobrý -žádné nepříznivé okolnosti nebyly zjištěny,0,0,0,2,ŠKODA,nedošlo k požáru,250,žádné z uvedených,osobní automobil bez přívěsu,1996,"soukromé, nevyužívané k výdělečné činnos",100,nebylo třeba užít násilí,nehoda pouze s hmotnou škodou,zezadu,nedodržení bezpečné vzdálenosti za vozidlem,povrch mokrý,"na počátku deště, slabý déšť",dobré,na jízdním pruhu,přednost vyznačena dopravními značkami,přímý úsek,neurčeno,jedoucí - ve směru staničení na komunika,srážka s jedoucím nekolejovým vozidlem,"nepřichází v úvahu, nejde o srážku s pev",živice,"dobrý, bez závad","ve dne, zhoršená viditelnost (svítání,so",dvoupruhová,místní úprava (vyplní se pol. 24),železniční přejezd zabezpečený,mimo křižovatku,ne,P4199,13.3338852364,Olomouc hl.n. - Bohuňovice,"102,539",Ne,II.,448,U podjezdu,49° 36' 08.36392'' N,17° 16' 33.57333'' E,49.60232,17.27599
17.233528382863522,49.604326854502972,70506071801,Olomouc (Olomoucký kraj),2007-06-13 07:30:00,silnice 2.třídy,635,řidičem motorového vozidla,s řidičským oprávněním skupiny c,řidič nebyl ovlivněn,ne,dobrý -žádné nepříznivé okolnosti nebyly zjištěny,0,0,0,2,MAN,nedošlo k požáru,750,žádné z uvedených,"nákladní automobil (včetně multikáry, au",2001,"soukromá organizace (podnikatel, s.r.o.,",700,nebylo třeba užít násilí,nehoda pouze s hmotnou škodou,z boku,jiné nedání přednosti,"povrch suchý, neznečistěný",neztížené,dobré,na jízdním pruhu,přednost vyznačena dopravními značkami,křižovatka průsečná - čtyřramenná,místní komunikace,zachycuje směr jízdy křižovatkou,srážka s vlakem,"nepřichází v úvahu, nejde o srážku s pev",živice,"dobrý, bez závad","ve dne, viditelnost nezhoršená vlivem po",dvoupruhová,místní úprava (vyplní se pol. 24),železniční přejezd zabezpečený,"na křižovatce, uvnitř hranic křižovatky",ne,P7613,14.1363654706,Olomouc město - Olomouc-Řepčín,"5,117",Ne,II.,635,Na trati,49° 36' 16.00441'' N,17° 14' 00.54457'' E,49.60445,17.23348
17.157360237712098,49.696896134515235,70506072166,Střeň (Olomoucký kraj),2007-07-16 09:20:00,silnice 3.třídy,44620,řidičem motorového vozidla,nezjištěno,jiné ovlivnění,nezjišťováno,jiný nepříznivý stav,0,0,0,1,žádná z uvedených,žádná z uvedených,50,žádné z uvedených,"nezjištěno, řidič ujel",,žádná z uvedených,0,žádná z uvedených,nehoda pouze s hmotnou škodou,"nepřichází v úvahu, nejde o srážku jedou",řidič se plně nevěnoval řízení vozidla,"povrch suchý, neznečistěný",neztížené,dobré,na jízdním pruhu,žádná místní úprava,křižovatka průsečná - čtyřramenná,místní komunikace,žádná z uvedených,srážka s pevnou překážkou,"odrazník, patník, sloupek, dopr.značky a",živice,"dobrý, bez závad","ve dne, viditelnost nezhoršená vlivem po",dvoupruhová,světelným signalizačním zařízením,železniční přejezd zabezpečený,"na křižovatce, uvnitř hranic křižovatky",ne,P6521,13.7972207722,Červenka - Štěpánov,"71,429",Ano,III.,44620,U nádraží,49° 41' 49.27540'' N,17° 09' 26.46495'' E,49.69702,17.15735
17.041368621797911,49.743306321279114,70506072215,Červenka (Olomoucký kraj),2007-07-19 21:15:00,silnice 3.třídy,4435,řidičem motorového vozidla,s řidičským oprávněním skupiny b,řidič nebyl ovlivněn,ne,dobrý -žádné nepříznivé okolnosti nebyly zjištěny,0,0,0,1,ŠKODA,nedošlo k požáru,800,žádné z uvedených,osobní automobil bez přívěsu,1998,registrované mimo území ČR,800,nebylo třeba užít násilí,nehoda pouze s hmotnou škodou,"nepřichází v úvahu, nejde o srážku jedou","nepř. rychlosti dopravně technickému stavu vozovky (zatáčka,klesání,stoupání,šířka apod.)","povrch suchý, neznečistěný",neztížené,dobré,na jízdním pruhu,přednost vyznačena dopravními značkami,křižovatka průsečná - čtyřramenná,místní komunikace,zachycuje směr jízdy křižovatkou,havárie,"nepřichází v úvahu, nejde o srážku s pev",živice,"dobrý, bez závad","v noci - bez veřejného osvětlení,viditel",dvoupruhová,místní úprava (vyplní se pol. 24),železniční přejezd zabezpečený,"na křižovatce, uvnitř hranic křižovatky",ano,P6520,19.3277201295,Moravičany - Červenka,"61,599",Ano,III.,4496,Benkov,49° 44' 36.51023'' N,17° 02' 28.90242'' E,49.74348,17.04136
17.2879551182995,49.717860092078901,70506072394,Šternberk (Olomoucký kraj),2007-08-08 14:50:00,komunikace místní,0,řidičem motorového vozidla,s řidičským oprávněním skupiny c,řidič nebyl ovlivněn,ne,dobrý -žádné nepříznivé okolnosti nebyly zjištěny,0,0,0,1,LIAZ,nedošlo k požáru,201,žádné z uvedených,nákladní automobil s přívěsem,1988,"soukromá organizace (podnikatel, s.r.o.,",0,nebylo třeba užít násilí,nehoda pouze s hmotnou škodou,"nepřichází v úvahu, nejde o srážku jedou",řidič se plně nevěnoval řízení vozidla,"povrch suchý, neznečistěný",neztížené,dobré,na jízdním pruhu,přednost vyznačena dopravními značkami,křižovatka průsečná - čtyřramenná,místní komunikace,vozidlo jedoucí - na komunikaci bez stan,srážka s pevnou překážkou,závory železničního přejezdu,živice,"dobrý, bez závad","ve dne, viditelnost nezhoršená vlivem po",dvoupruhová,místní úprava (vyplní se pol. 24),železniční přejezd zabezpečený,"na křižovatce,jedná-li se o křížení siln",ne,P4207,5.83655178668,žst. Šternberk,"115,49",Ne,III.,44427,Lhota,49° 43' 04.35015'' N,17° 17' 16.89508'' E,49.71788,17.28803
17.117807758748732,49.55800362151124,70506072553,Slatinice (Olomoucký kraj),2007-08-18 07:00:00,silnice 2.třídy,570,řidičem motorového vozidla,s řidičským oprávněním skupiny b,řidič nebyl ovlivněn,ne,dobrý -žádné nepříznivé okolnosti nebyly zjištěny,0,0,0,2,FORD,nedošlo k požáru,450,"došlo k úniku pohonných hmot, oleje, chl",osobní automobil bez přívěsu,2002,"soukromé, nevyužívané k výdělečné činnos",400,nebylo třeba užít násilí,nehoda pouze s hmotnou škodou,z boku,jízda na “červené světlo“,"povrch suchý, neznečistěný",neztížené,dobré,na jízdním pruhu,žádná místní úprava,přímý úsek,neurčeno,jedoucí - proti směru staničení na komun,srážka s vlakem,"nepřichází v úvahu, nejde o srážku s pev",živice,"dobrý, bez závad","ve dne, viditelnost nezhoršená vlivem po",dvoupruhová,světelným signalizačním zařízením,železniční přejezd zabezpečený,mimo křižovatku,ne,P7647,1.65818211256,Drahanovice - Třebčín,"27,576",Ne,II.,570,,49° 33' 28.79989'' N,17° 07' 04.18258'' E,49.558,17.11783
17.241121008275936,49.595108503110076,70506072581,Olomouc (Olomoucký kraj),2007-08-20 15:30:00,silnice 2.třídy,448,řidičem motorového vozidla,s řidičským oprávněním skupiny b,řidič nebyl ovlivněn,ne,dobrý -žádné nepříznivé okolnosti nebyly zjištěny,0,0,0,2,AUDI,nedošlo k požáru,400,žádné z uvedených,osobní automobil bez přívěsu,1999,"soukromá organizace (podnikatel, s.r.o.,",100,nebylo třeba užít násilí,nehoda pouze s hmotnou škodou,zezadu,nedodržení bezpečné vzdálenosti za vozidlem,"povrch suchý, neznečistěný",neztížené,dobré,na jízdním pruhu,žádná místní úprava,křižovatka průsečná - čtyřramenná,místní komunikace,zachycuje směr jízdy křižovatkou,srážka s jedoucím nekolejovým vozidlem,"nepřichází v úvahu, nejde o srážku s pev",živice,"dobrý, bez závad","ve dne, viditelnost nezhoršená vlivem po",dvoupruhová,světelným signalizačním zařízením,železniční přejezd zabezpečený,uvnitř zóny 2 předmětné křižovatky,ne,P7611,9.73911014671,žst. Olomouc město,"3,887",Ne,II.,448,Palackého,49° 35' 42.26663'' N,17° 14' 27.59187'' E,49.59507,17.241
17.141712798932858,49.777732099408439,70506073137,Uničov (Olomoucký kraj),2007-10-10 17:30:00,komunikace místní,0,řidičem motorového vozidla,s řidičským oprávněním skupiny b,řidič nebyl ovlivněn,ne,dobrý -žádné nepříznivé okolnosti nebyly zjištěny,0,0,0,2,FORD,nedošlo k požáru,400,žádné z uvedených,osobní automobil bez přívěsu,1998,"soukromé, nevyužívané k výdělečné činnos",200,nebylo třeba užít násilí,nehoda pouze s hmotnou škodou,z boku,jiné nedání přednosti,"povrch suchý, neznečistěný",neztížené,dobré,na jízdním pruhu,žádná místní úprava,křižovatka průsečná - čtyřramenná,místní komunikace,vozidlo jedoucí - na komunikaci bez stan,srážka s vlakem,"nepřichází v úvahu, nejde o srážku s pev",živice,"dobrý, bez závad","ve dne, viditelnost nezhoršená vlivem po",dvoupruhová,světelným signalizačním zařízením,železniční přejezd zabezpečený,"na křižovatce,jedná-li se o křížení siln",ne,P4220,4.33335758771,UNEX Uničov - Uničov,"13,187",Ne,O,,,49° 46' 39.80040'' N,17° 08' 30.35772'' E,49.77772,17.14177