X,Y,id,obec,datum,komunikace,komunika_1,zavineni,ridic_kate,ridic_ovli,vinik_alko,ridic_stav,obeti_usmr,obeti_lehc,obeti_tezc,vozidel_ce,vinik_vozi,vinik_vo_1,skoda,unik_hmot,vinik_vo_2,vinik_vo_3,vinik_vo_4,vinik_skod,vyprosteni,nehoda_cha,srazka_voz,hlavni_pri,povrch_sta,meteo,rozhled,nehoda_pol,prednost_v,smerove_po,druh_krizu,smer_jizdy,nehoda_dru,pevna_prek,povrch_dru,komunika_2,viditelnos,komunika_3,rizeni_pro,objekty,misto_neho,smyk,neighbors_TargetID,neighbors_Distance,neighbors_prejezdy-dec_Název definičního úseku,neighbors_prejezdy-dec_Žkm přejezdu,neighbors_prejezdy-dec_Přejezd s trolejovým vedením,neighbors_prejezdy-dec_Třída pozemní komunikace,neighbors_prejezdy-dec_Číslo pozemní komunikace,neighbors_prejezdy-dec_Místní název přejezdu,neighbors_prejezdy-dec_Zeměpisná šířka,neighbors_prejezdy-dec_Zeměpisná délka,neighbors_prejezdy-dec_field_10,neighbors_prejezdy-dec_field_11
17.71045318840547,49.895206891805977,70606070599,Litultovice (Moravskoslezský kraj),2007-04-14 18:00:00,silnice 1.třídy,46,řidičem motorového vozidla,s řidičským oprávněním skupiny b,řidič nebyl ovlivněn,ne,dobrý -žádné nepříznivé okolnosti nebyly zjištěny,0,0,0,2,PEUGEOT,nedošlo k požáru,1100,žádné z uvedených,osobní automobil bez přívěsu,1998,"soukromé, nevyužívané k výdělečné činnos",800,nebylo třeba užít násilí,nehoda pouze s hmotnou škodou,z boku,jiné nedání přednosti,"povrch suchý, neznečistěný",neztížené,dobré,na jízdním pruhu,přednost vyznačena dopravními značkami,křižovatka průsečná - čtyřramenná,místní komunikace,zachycuje směr jízdy křižovatkou,srážka s vlakem,"nepřichází v úvahu, nejde o srážku s pev",živice,"dobrý, bez závad","ve dne, viditelnost nezhoršená vlivem po",dvoupruhová,místní úprava (vyplní se pol. 24),železniční přejezd nezabezpečený,uvnitř zóny 1 předmětné křižovatky,ne,P7846,21.9319770132,Mladecko - Jakartovice,"17,868",Ne,O,,Na chaty v Mladecku,49° 53' 43.40026'' N,17° 42' 37.23427'' E,49.89539,17.71034
17.884404151565445,49.903263498554551,70606070666,Otice (Moravskoslezský kraj),2007-04-24 15:17:00,silnice 3.třídy,44346,řidičem motorového vozidla,s řidičským oprávněním skupiny b,řidič nebyl ovlivněn,ne,dobrý -žádné nepříznivé okolnosti nebyly zjištěny,0,1,0,2,SEAT,nedošlo k požáru,1560,"došlo k úniku pohonných hmot, oleje, chl",osobní automobil bez přívěsu,1996,"soukromé, nevyužívané k výdělečné činnos",600,nebylo třeba užít násilí,nehoda s následky na životě nebo zdraví,boční,vozidlu přijíždějícímu zprava,"povrch suchý, neznečistěný",neztížené,dobré,na jízdním pruhu,žádná místní úprava,křižovatka průsečná - čtyřramenná,místní komunikace,zachycuje směr jízdy křižovatkou,srážka s vlakem,"nepřichází v úvahu, nejde o srážku s pev",živice,"dobrý, bez závad","ve dne, viditelnost nezhoršená vlivem po",dvoupruhová,světelným signalizačním zařízením,železniční přejezd zabezpečený,"na křižovatce, uvnitř hranic křižovatky",ne,P7812,2.5582986319,odb. Moravice - Branka u Op.,"4,981",Ne,III.,44346,Rybníčky,49° 54' 11.78587'' N,17° 53' 03.73337'' E,49.90327,17.88437
17.707379171982311,49.897537735232042,70606071328,Mladecko (Moravskoslezský kraj),2007-08-08 13:25:00,silnice 3.třídy,46016,řidičem motorového vozidla,s řidičským oprávněním skupiny b,řidič nebyl ovlivněn,ne,dobrý -žádné nepříznivé okolnosti nebyly zjištěny,0,0,0,2,FIAT,nedošlo k požáru,450,žádné z uvedených,osobní automobil bez přívěsu,1996,"soukromé, nevyužívané k výdělečné činnos",200,nebylo třeba užít násilí,nehoda pouze s hmotnou škodou,boční,proti příkazu dopravní značky STŮJ DEJ PŘEDNOST,"povrch suchý, neznečistěný",neztížené,dobré,na jízdním pruhu,přednost vyznačena dopravními značkami,přímý úsek,neurčeno,jedoucí - ve směru staničení na komunika,srážka s vlakem,"nepřichází v úvahu, nejde o srážku s pev",živice,"dobrý, bez závad","ve dne, viditelnost nezhoršená vlivem po",dvoupruhová,místní úprava (vyplní se pol. 24),železniční přejezd nezabezpečený,mimo křižovatku,ne,P7847,69.7945887378,Mladecko - Jakartovice,"18,117",Ne,III.,46016,U pošty Mladecko,49° 53' 49.31736'' N,17° 42' 28.62918'' E,49.89703,17.70795
17.891675500848223,49.913858150395356,70606071391,Opava (Moravskoslezský kraj),2007-08-12 07:18:00,silnice 2.třídy,461,řidičem motorového vozidla,s řidičským oprávněním skupiny c,řidič nebyl ovlivněn,ne,dobrý -žádné nepříznivé okolnosti nebyly zjištěny,0,0,0,2,ŠKODA,nedošlo k požáru,2200,žádné z uvedených,osobní automobil bez přívěsu,2006,"soukromá organizace (podnikatel, s.r.o.,",1000,nebylo třeba užít násilí,nehoda pouze s hmotnou škodou,z boku,vozidlu přijíždějícímu zprava,"povrch suchý, neznečistěný",neztížené,dobré,na jízdním pruhu,přednost nevyznačena - vyplývá z pravide,křižovatka průsečná - čtyřramenná,místní komunikace,zachycuje směr jízdy křižovatkou,srážka s vlakem,"nepřichází v úvahu, nejde o srážku s pev",živice,"dobrý, bez závad","ve dne, viditelnost nezhoršená vlivem po",dvoupruhová,žádný způsob řízení provozu,železniční přejezd nezabezpečený,"na křižovatce, uvnitř hranic křižovatky",ne,P7810,841.819167277,odb. Moravice - Branka u Op.,"2,848",Ne,I.,57,Ulice Hradecká Opava,49° 55' 15.86288'' N,17° 53' 42.81585'' E,49.92107,17.89523
17.96239794647089,49.918179875426453,70606071396,Opava (Moravskoslezský kraj),2007-08-13 08:20:00,silnice 1.třídy,11,řidičem motorového vozidla,s řidičským oprávněním skupiny c,řidič nebyl ovlivněn,ne,dobrý -žádné nepříznivé okolnosti nebyly zjištěny,0,0,0,1,AVIA,nedošlo k požáru,75,žádné z uvedených,"nákladní automobil (včetně multikáry, au",2001,"soukromá organizace (podnikatel, s.r.o.,",0,nebylo třeba užít násilí,nehoda pouze s hmotnou škodou,"nepřichází v úvahu, nejde o srážku jedou",řidič se plně nevěnoval řízení vozidla,"povrch suchý, neznečistěný",neztížené,dobré,na jízdním pruhu,žádná místní úprava,křižovatka průsečná - čtyřramenná,místní komunikace,zachycuje směr jízdy křižovatkou,srážka s pevnou překážkou,závory železničního přejezdu,živice,"dobrý, bez závad","ve dne, viditelnost nezhoršená vlivem po",dvoupruhová,světelným signalizačním zařízením,železniční přejezd zabezpečený,"na křižovatce, uvnitř hranic křižovatky",ne,P7745,12.1793763952,žst. Opava-Komárov,"285,692",Ano,I.,11,Ulice Ostravská Komárov,49° 55' 05.29229'' N,17° 57' 44.07670'' E,49.91814,17.96224
17.962485932058627,49.91805628771138,70606071496,Opava (Moravskoslezský kraj),2007-08-29 16:30:00,silnice 1.třídy,11,řidičem motorového vozidla,s řidičským oprávněním skupiny c,řidič nebyl ovlivněn,ne,dobrý -žádné nepříznivé okolnosti nebyly zjištěny,0,0,0,1,žádná z uvedených,nedošlo k požáru,75,žádné z uvedených,traktor (i s přívěsem),1976,"soukromá organizace (podnikatel, s.r.o.,",0,nebylo třeba užít násilí,nehoda pouze s hmotnou škodou,"nepřichází v úvahu, nejde o srážku jedou",řidič se plně nevěnoval řízení vozidla,"povrch suchý, neznečistěný",neztížené,dobré,na jízdním pruhu,žádná místní úprava,křižovatka průsečná - čtyřramenná,místní komunikace,zachycuje směr jízdy křižovatkou,srážka s pevnou překážkou,závory železničního přejezdu,živice,"dobrý, bez závad","ve dne, viditelnost nezhoršená vlivem po",dvoupruhová,světelným signalizačním zařízením,železniční přejezd zabezpečený,"na křižovatce, uvnitř hranic křižovatky",ne,P7745,19.9675671415,žst. Opava-Komárov,"285,692",Ano,I.,11,Ulice Ostravská Komárov,49° 55' 05.29229'' N,17° 57' 44.07670'' E,49.91814,17.96224
18.008713812027409,49.912547778230461,70606072252,Štítina (Moravskoslezský kraj),2007-12-13 14:27:00,silnice 2.třídy,467,řidičem motorového vozidla,s řidičským oprávněním skupiny c,řidič nebyl ovlivněn,ne,dobrý -žádné nepříznivé okolnosti nebyly zjištěny,0,1,0,2,DAF,nedošlo k požáru,3500,žádné z uvedených,nákladní automobil s přívěsem,1999,registrované mimo území ČR,0,nebylo třeba užít násilí,nehoda s následky na životě nebo zdraví,z boku,jiné nedání přednosti,"povrch suchý, neznečistěný",neztížené,dobré,na jízdním pruhu,přednost vyznačena dopravními značkami,křižovatka průsečná - čtyřramenná,místní komunikace,zachycuje směr jízdy křižovatkou,srážka s vlakem,"nepřichází v úvahu, nejde o srážku s pev",živice,"dobrý, bez závad","ve dne, viditelnost nezhoršená vlivem po",dvoupruhová,místní úprava (vyplní se pol. 24),železniční přejezd zabezpečený,uvnitř zóny 2 předmětné křižovatky,ne,P7743,3.32689211998,žst. Štítina,"282,28",Ano,II.,467,Ul.Hlavní - Štítina žst.,49° 54' 45.19633'' N,18° 00' 31.52740'' E,49.91255,18.00876
17.884403140105796,49.903261452984694,70606072305,Otice (Moravskoslezský kraj),2007-12-20 06:18:00,silnice 3.třídy,44346,řidičem motorového vozidla,s řidičským oprávněním skupiny c,řidič nebyl ovlivněn,ne,dobrý -žádné nepříznivé okolnosti nebyly zjištěny,0,4,0,2,TOYOTA,nedošlo k požáru,700,"došlo k úniku pohonných hmot, oleje, chl",osobní automobil bez přívěsu,1999,"soukromá organizace (podnikatel, s.r.o.,",600,nebylo třeba užít násilí,nehoda s následky na životě nebo zdraví,boční,jiné nedání přednosti,"povrch suchý, neznečistěný",neztížené,dobré,žádné z uvedených,přednost nevyznačena - vyplývá z pravide,křižovatka průsečná - čtyřramenná,místní komunikace,zachycuje směr jízdy křižovatkou,srážka s vlakem,"nepřichází v úvahu, nejde o srážku s pev",živice,"dobrý, bez závad","v noci - bez veřejného osvětlení,viditel",žádná z uvedených,místní úprava (vyplní se pol. 24),železniční přejezd nezabezpečený,uvnitř zóny 3 předmětné křižovatky,ne,P7812,2.56420666913,odb. Moravice - Branka u Op.,"4,981",Ne,III.,44346,Rybníčky,49° 54' 11.78587'' N,17° 53' 03.73337'' E,49.90327,17.88437
17.962529408765906,49.918039452794034,70606080086,Opava (Moravskoslezský kraj),2008-01-15 06:55:00,silnice 1.třídy,11,řidičem motorového vozidla,nezjištěno,jiné ovlivnění,nezjišťováno,jiný nepříznivý stav,0,0,0,1,žádná z uvedených,žádná z uvedených,300,žádné z uvedených,"nezjištěno, řidič ujel",,žádná z uvedených,0,žádná z uvedených,nehoda pouze s hmotnou škodou,"nepřichází v úvahu, nejde o srážku jedou","bezohledná, agresivní, neohleduplná jízda",povrch mokrý,neztížené,dobré,na jízdním pruhu,žádná místní úprava,křižovatka průsečná - čtyřramenná,místní komunikace,žádná z uvedených,srážka s pevnou překážkou,závory železničního přejezdu,živice,jiný (neuvedený) stav nebo závada komuni,"ve dne, zhoršená viditelnost (svítání,so",dvoupruhová,světelným signalizačním zařízením,železniční přejezd zabezpečený,"na křižovatce, uvnitř hranic křižovatky",ne,P7745,23.603846282,žst. Opava-Komárov,"285,692",Ano,I.,11,Ulice Ostravská Komárov,49° 55' 05.29229'' N,17° 57' 44.07670'' E,49.91814,17.96224
17.669226256772159,49.800003977333773,70606080238,Svatoňovice (Moravskoslezský kraj),2008-02-15 10:10:00,silnice 2.třídy,442,řidičem motorového vozidla,s řidičským oprávněním skupiny c,řidič nebyl ovlivněn,ne,dobrý -žádné nepříznivé okolnosti nebyly zjištěny,0,0,0,2,ŠKODA,nedošlo k požáru,150,žádné z uvedených,osobní automobil bez přívěsu,1992,"soukromé, nevyužívané k výdělečné činnos",100,nebylo třeba užít násilí,nehoda pouze s hmotnou škodou,z boku,jízda na “červené světlo“,povrch mokrý,neztížené,dobré,na jízdním pruhu,žádná místní úprava,přímý úsek,neurčeno,jedoucí - proti směru staničení na komun,srážka s vlakem,"nepřichází v úvahu, nejde o srážku s pev",živice,"dobrý, bez závad","ve dne, viditelnost nezhoršená vlivem po",dvoupruhová,světelným signalizačním zařízením,železniční přejezd zabezpečený,mimo křižovatku,ne,P6745,3.26760783725,Čermná ve Slezsku - Svatoňovice,"33,765",Ne,II.,442,Svatoňovice světla,49° 47' 59.92018'' N,17° 40' 09.11273'' E,49.79998,17.6692
17.858136604588211,49.975345472357816,70606080486,Opava (Moravskoslezský kraj),2008-04-04 15:35:00,silnice 3.třídy,578,řidičem motorového vozidla,s řidičským oprávněním skupiny b,řidič nebyl ovlivněn,nezjišťováno,dobrý -žádné nepříznivé okolnosti nebyly zjištěny,1,0,0,2,MAZDA,nedošlo k požáru,3000,žádné z uvedených,osobní automobil bez přívěsu,2003,"soukromé, nevyužívané k výdělečné činnos",2000,nebylo třeba užít násilí,nehoda s následky na životě nebo zdraví,z boku,jízda na “červené světlo“,"povrch suchý, neznečistěný",neztížené,dobré,na jízdním pruhu,žádná místní úprava,přímý úsek,neurčeno,jedoucí - proti směru staničení na komun,srážka s vlakem,"nepřichází v úvahu, nejde o srážku s pev",živice,"dobrý, bez závad","ve dne, viditelnost nezhoršená vlivem po",dvoupruhová,světelným signalizačním zařízením,železniční přejezd zabezpečený,mimo křižovatku,ne,P7767,11.7636928284,Skrochovice - vl. Cukrovar,"107,573",Ne,III.,578,Ulice k Celnici Vávrovice zn.,49° 58' 30.94191'' N,17° 51' 28.93277'' E,49.97526,17.85804
17.891783726204871,49.91393502160178,70606080852,Opava (Moravskoslezský kraj),2008-06-06 10:20:00,silnice 2.třídy,461,řidičem motorového vozidla,s řidičským oprávněním skupiny b,řidič nebyl ovlivněn,ne,dobrý -žádné nepříznivé okolnosti nebyly zjištěny,0,0,0,2,FIAT,nedošlo k požáru,2100,"došlo k úniku pohonných hmot, oleje, chl","nákladní automobil (včetně multikáry, au",2007,"soukromá organizace (podnikatel, s.r.o.,",2000,nebylo třeba užít násilí,nehoda pouze s hmotnou škodou,z boku,vozidlu přijíždějícímu zprava,"povrch suchý, neznečistěný",neztížené,dobré,na jízdním pruhu,přednost vyznačena dopravními značkami,křižovatka průsečná - čtyřramenná,místní komunikace,zachycuje směr jízdy křižovatkou,srážka s vlakem,"nepřichází v úvahu, nejde o srážku s pev",živice,"dobrý, bez závad","ve dne, viditelnost nezhoršená vlivem po",dvoupruhová,místní úprava (vyplní se pol. 24),železniční přejezd nezabezpečený,"na křižovatce, uvnitř hranic křižovatky",ne,P7810,831.328172356,odb. Moravice - Branka u Op.,"2,848",Ne,I.,57,Ulice Hradecká Opava,49° 55' 15.86288'' N,17° 53' 42.81585'' E,49.92107,17.89523
17.856647424595195,49.920052191624968,70606081125,Slavkov (Moravskoslezský kraj),2008-07-23 17:10:00,silnice 2.třídy,461,řidičem motorového vozidla,s řidičským oprávněním skupiny b,řidič nebyl ovlivněn,ne,dobrý -žádné nepříznivé okolnosti nebyly zjištěny,0,2,0,2,VOLKSWAGEN,nedošlo k požáru,1200,žádné z uvedených,osobní automobil bez přívěsu,1994,"soukromé, nevyužívané k výdělečné činnos",400,nebylo třeba užít násilí,nehoda s následky na životě nebo zdraví,z boku,proti příkazu dopravní značky STŮJ DEJ PŘEDNOST,"povrch suchý, neznečistěný",neztížené,dobré,na jízdním pruhu,přednost vyznačena dopravními značkami,přímý úsek,neurčeno,jedoucí - ve směru staničení na komunika,srážka s vlakem,"nepřichází v úvahu, nejde o srážku s pev",živice,"dobrý, bez závad","ve dne, viditelnost nezhoršená vlivem po",dvoupruhová,místní úprava (vyplní se pol. 24),železniční přejezd nezabezpečený,mimo křižovatku,ne,P7822,4.77755954557,odb. Moravice - Dolní Životice,"5,645",Ne,II.,461,Ulice Otická Otice/Slavkov,49° 55' 12.04368'' N,17° 51' 23.97458'' E,49.92001,17.85666
17.881649542818042,49.945534789030212,70606081341,Opava (Moravskoslezský kraj),2008-08-28 08:19:00,komunikace místní,0,řidičem motorového vozidla,s řidičským oprávněním skupiny b,řidič nebyl ovlivněn,"ano, obsah alkoholu v&nbsp;krvi do 0,99‰ (2)","pod vlivem alkoholu, obsah alkoholu v krvi do 0,99‰",0,0,0,2,jiné vyrobené mimo ČR,nedošlo k požáru,250,žádné z uvedených,"nákladní automobil (včetně multikáry, au",1997,"soukromá organizace (podnikatel, s.r.o.,",50,nebylo třeba užít násilí,nehoda pouze s hmotnou škodou,z boku,vozidlu přijíždějícímu zprava,"povrch suchý, neznečistěný",neztížené,dobré,žádné z uvedených,žádná místní úprava,křižovatka průsečná - čtyřramenná,účelová komunikace,"vozidlo odstavené, parkující - na komuni",srážka s vlakem,"nepřichází v úvahu, nejde o srážku s pev",dlažba,"dobrý, bez závad","ve dne, viditelnost nezhoršená vlivem po",dvoupruhová,světelným signalizačním zařízením,železniční přejezd zabezpečený,"na křižovatce,jedná-li se o křížení siln",ne,P7771,194.323568423,vl. Cukrovar - Opava západ,"111,612",Ne,B,,Ulice Vančurova Opava,49° 56' 37.87825'' N,17° 52' 56.71319'' E,49.94386,17.88242
17.898509406440105,49.922403209386452,70606081861,Opava (Moravskoslezský kraj),2008-11-21 17:50:00,komunikace místní,0,řidičem motorového vozidla,s řidičským oprávněním skupiny b,řidič nebyl ovlivněn,ne,dobrý -žádné nepříznivé okolnosti nebyly zjištěny,0,1,0,2,PEUGEOT,nedošlo k požáru,2500,žádné z uvedených,osobní automobil bez přívěsu,2005,"soukromé, nevyužívané k výdělečné činnos",1000,nebylo třeba užít násilí,nehoda s následky na životě nebo zdraví,z boku,"bezohledná, agresivní, neohleduplná jízda","povrch suchý, neznečistěný",neztížené,dobré,na jízdním pruhu,přednost nevyznačena - vyplývá z pravide,přímý úsek,neurčeno,vozidlo jedoucí - na komunikaci bez stan,srážka s vlakem,"nepřichází v úvahu, nejde o srážku s pev",živice,"dobrý, bez závad","v noci - bez veřejného osvětlení,viditel",dvoupruhová,místní úprava (vyplní se pol. 24),železniční přejezd zabezpečený,mimo křižovatku,ne,P7808,9.5778757721,Opava východ - odb. Moravice,"2,56",Ne,A,,Ulice Na Hrázi Opava,49° 55' 20.41051'' N,17° 53' 54.96085'' E,49.92234,17.8986
17.884410902702701,49.903257847144914,70606082050,Otice (Moravskoslezský kraj),2008-12-17 17:13:00,silnice 3.třídy,44346,řidičem motorového vozidla,s řidičským oprávněním skupiny d,řidič nebyl ovlivněn,ne,dobrý -žádné nepříznivé okolnosti nebyly zjištěny,0,12,0,2,VOLVO,nedošlo k požáru,5000,žádné z uvedených,nákladní automobil s návěsem,2003,"soukromá organizace (podnikatel, s.r.o.,",0,nebylo třeba užít násilí,nehoda s následky na životě nebo zdraví,z boku,jiné nedání přednosti,povrch mokrý,"na počátku deště, slabý déšť",dobré,na jízdním pruhu,přednost nevyznačena - vyplývá z pravide,křižovatka průsečná - čtyřramenná,místní komunikace,zachycuje směr jízdy křižovatkou,srážka s vlakem,"nepřichází v úvahu, nejde o srážku s pev",živice,"dobrý, bez závad","v noci - s veřejným osvětlením,viditelno",dvoupruhová,místní úprava (vyplní se pol. 24),železniční přejezd zabezpečený,uvnitř zóny 3 předmětné křižovatky,ne,P7812,3.23516822355,odb. Moravice - Branka u Op.,"4,981",Ne,III.,44346,Rybníčky,49° 54' 11.78587'' N,17° 53' 03.73337'' E,49.90327,17.88437
18.101488384608107,49.924242736266841,70606090313,Dolní Benešov (Moravskoslezský kraj),2009-04-24 09:45:00,silnice 3.třídy,4671,jiné zavinění,s řidičským oprávněním skupiny c,řidič nebyl ovlivněn,nezjišťováno,dobrý -žádné nepříznivé okolnosti nebyly zjištěny,0,0,0,1,MAN,nedošlo k požáru,200,žádné z uvedených,nákladní automobil s návěsem,2007,"soukromá organizace (podnikatel, s.r.o.,",0,nebylo třeba užít násilí,nehoda pouze s hmotnou škodou,"nepřichází v úvahu, nejde o srážku jedou",nezaviněná řidičem,"povrch suchý, neznečistěný",neztížené,dobré,na jízdním pruhu,přednost nevyznačena - vyplývá z pravide,křižovatka průsečná - čtyřramenná,místní komunikace,zachycuje směr jízdy křižovatkou,srážka s pevnou překážkou,"sloup - telefonní, veř.osvětlení, el.ved",živice,"dobrý, bez závad","ve dne, viditelnost nezhoršená vlivem po",dvoupruhová,místní úprava (vyplní se pol. 24),železniční přejezd zabezpečený,uvnitř zóny 3 předmětné křižovatky,ne,P7881,39.0176032451,Kravaře ve Sl. - Dolní Benešov,"7,027",Ne,III.,4671,Ulice Bolatická Dolní Benešov,49° 55' 26.27063'' N,18° 06' 06.51172'' E,49.92396,18.10181
18.318623779959267,49.789049921432699,70706070736,Ostrava (Moravskoslezský kraj),2007-02-21 13:30:00,komunikace místní,0,řidičem motorového vozidla,s řidičským oprávněním skupiny c,řidič nebyl ovlivněn,ne,dobrý -žádné nepříznivé okolnosti nebyly zjištěny,0,0,0,2,VOLVO,nedošlo k požáru,1100,žádné z uvedených,nákladní automobil s návěsem,1998,registrované mimo území ČR,800,nebylo třeba užít násilí,nehoda pouze s hmotnou škodou,z boku,vozidlu přijíždějícímu zprava,"povrch suchý, neznečistěný",neztížené,dobré,na jízdním pruhu,přednost vyznačena dopravními značkami,křižovatka průsečná - čtyřramenná,neurčeno,vozidlo jedoucí - na komunikaci bez stan,srážka s vlakem,"nepřichází v úvahu, nejde o srážku s pev",živice,"dobrý, bez závad","ve dne, viditelnost nezhoršená vlivem po",dvoupruhová,místní úprava (vyplní se pol. 24),železniční přejezd nezabezpečený,"na křižovatce,jedná-li se o křížení siln",ne,P7398,1854.64063916,Ostrava-Kunčice - Vratimov,"9,013",Ano,MK,,U trati,49° 46' 48.98716'' N,18° 17' 48.23872'' E,49.78027,18.29673
18.206610269872758,49.813992504191958,70706070857,Ostrava (Moravskoslezský kraj),2007-03-03 07:50:00,komunikace místní,0,řidičem motorového vozidla,s řidičským oprávněním skupiny c,řidič nebyl ovlivněn,ne,dobrý -žádné nepříznivé okolnosti nebyly zjištěny,0,0,0,1,DAF,nedošlo k požáru,20,žádné z uvedených,nákladní automobil s návěsem,1992,"soukromá organizace (podnikatel, s.r.o.,",0,nebylo třeba užít násilí,nehoda pouze s hmotnou škodou,"nepřichází v úvahu, nejde o srážku jedou",nezvládnutí řízení vozidla,"povrch suchý, neznečistěný",neztížené,dobré,na jízdním pruhu,žádná místní úprava,křižovatka průsečná - čtyřramenná,neurčeno,vozidlo jedoucí - na komunikaci bez stan,srážka s pevnou překážkou,závory železničního přejezdu,živice,"dobrý, bez závad","ve dne, viditelnost nezhoršená vlivem po",dvoupruhová,světelným signalizačním zařízením,železniční přejezd zabezpečený,"na křižovatce,jedná-li se o křížení siln",ne,P6509,9.82569136949,žst. Ostrava Svinov,"261,035",Ano,MK,,ulice Bratří Sedláčku,49° 48' 50.47113'' N,18° 12' 24.25929'' E,49.81402,18.20674
18.256626424617625,49.816926456768165,70706072093,Ostrava (Moravskoslezský kraj),2007-05-16 05:55:00,komunikace místní,0,řidičem motorového vozidla,s řidičským oprávněním skupiny c,řidič nebyl ovlivněn,ne,dobrý -žádné nepříznivé okolnosti nebyly zjištěny,0,0,0,2,DAF,nedošlo k požáru,600,žádné z uvedených,nákladní automobil s návěsem,2000,"soukromá organizace (podnikatel, s.r.o.,",400,nebylo třeba užít násilí,nehoda pouze s hmotnou škodou,z boku,vozidlu přijíždějícímu zprava,povrch mokrý,"na počátku deště, slabý déšť",dobré,na jízdním pruhu,přednost vyznačena dopravními značkami,křižovatka průsečná - čtyřramenná,neurčeno,vozidlo jedoucí - na komunikaci bez stan,srážka s vlakem,"nepřichází v úvahu, nejde o srážku s pev",živice,"dobrý, bez závad","ve dne, zhoršená viditelnost vlivem pově",dvoupruhová,místní úprava (vyplní se pol. 24),železniční přejezd nezabezpečený,"na křižovatce,jedná-li se o křížení siln",ne,P7397,3063.93538541,,"0,027",ano,,,Škrobálkova,49° 48' 27.579''N,18° 17' 48.705''E,49.80766,18.29686
18.245769599049648,49.772575519218329,70706074255,Ostrava (Moravskoslezský kraj),2007-09-24 12:25:00,komunikace sledovaná (ve vybraných městech),0,řidičem motorového vozidla,s řidičským oprávněním skupiny b,řidič nebyl ovlivněn,ne,dobrý -žádné nepříznivé okolnosti nebyly zjištěny,0,0,0,2,OPEL,nedošlo k požáru,650,žádné z uvedených,osobní automobil bez přívěsu,2000,"soukromé, nevyužívané k výdělečné činnos",500,nebylo třeba užít násilí,nehoda pouze s hmotnou škodou,z boku,jízda na “červené světlo“,"povrch suchý, neznečistěný",neztížené,dobré,na kolejích tramvaje,žádná místní úprava,křižovatka styková - tříramenná,neurčeno,jedoucí - ve směru staničení na komunika,srážka s tramvají,"nepřichází v úvahu, nejde o srážku s pev",živice,"dobrý, bez závad","ve dne, viditelnost nezhoršená vlivem po",dvoupruhová,světelným signalizačním zařízením,železniční přejezd nezabezpečený,"na křižovatce,jedná-li se o křížení siln",ne,P7398,3769.04834482,Ostrava-Kunčice - Vratimov,"9,013",Ano,MK,,U trati,49° 46' 48.98716'' N,18° 17' 48.23872'' E,49.78027,18.29673
18.255753695202248,49.773834379910006,70706074736,Ostrava (Moravskoslezský kraj),2007-10-22 17:20:00,komunikace místní,0,řidičem motorového vozidla,s řidičským oprávněním skupiny b,řidič nebyl ovlivněn,ne,dobrý -žádné nepříznivé okolnosti nebyly zjištěny,0,0,0,2,FIAT,nedošlo k požáru,450,žádné z uvedených,osobní automobil bez přívěsu,1997,"soukromé, nevyužívané k výdělečné činnos",300,nebylo třeba užít násilí,nehoda pouze s hmotnou škodou,boční,nezvládnutí řízení vozidla,"povrch suchý, neznečistěný",neztížené,dobré,na jízdním pruhu,žádná místní úprava,zatáčka,neurčeno,vozidlo jedoucí - na komunikaci bez stan,srážka s jedoucím nekolejovým vozidlem,"nepřichází v úvahu, nejde o srážku s pev",živice,"dobrý, bez závad","ve dne, viditelnost nezhoršená vlivem po",dvoupruhová,žádný způsob řízení provozu,železniční přejezd nezabezpečený,mimo křižovatku,ne,P7398,3036.98430996,Ostrava-Kunčice - Vratimov,"9,013",Ano,MK,,U trati,49° 46' 48.98716'' N,18° 17' 48.23872'' E,49.78027,18.29673
18.189551015806998,49.778150374960092,70706075033,Ostrava (Moravskoslezský kraj),2007-11-11 12:36:00,komunikace místní,0,řidičem motorového vozidla,nezjištěno,jiné ovlivnění,nezjišťováno,jiný nepříznivý stav,0,0,0,1,žádná z uvedených,žádná z uvedených,500,žádné z uvedených,"nezjištěno, řidič ujel",,žádná z uvedených,0,žádná z uvedených,nehoda pouze s hmotnou škodou,"nepřichází v úvahu, nejde o srážku jedou",řidič se plně nevěnoval řízení vozidla,povrch mokrý,neztížené,dobré,na jízdním pruhu,žádná místní úprava,přímý úsek,neurčeno,žádná z uvedených,srážka s pevnou překážkou,závory železničního přejezdu,živice,"dobrý, bez závad","ve dne, zhoršená viditelnost (svítání,so",dvoupruhová,světelným signalizačním zařízením,železniční přejezd zabezpečený,mimo křižovatku,ne,P6508,9.13087653887,Jistebník - Polanka nad Odrou,"256,861",Ano,II.,478,Polanka ul. 1. května,49° 46' 41.49560'' N,18° 11' 21.97846'' E,49.77819,18.18944