X,Y,id,obec,datum,komunikace,komunika_1,zavineni,ridic_kate,ridic_ovli,vinik_alko,ridic_stav,obeti_usmr,obeti_lehc,obeti_tezc,vozidel_ce,vinik_vozi,vinik_vo_1,skoda,unik_hmot,vinik_vo_2,vinik_vo_3,vinik_vo_4,vinik_skod,vyprosteni,nehoda_cha,srazka_voz,hlavni_pri,povrch_sta,meteo,rozhled,nehoda_pol,prednost_v,smerove_po,druh_krizu,smer_jizdy,nehoda_dru,pevna_prek,povrch_dru,komunika_2,viditelnos,komunika_3,rizeni_pro,objekty,misto_neho,smyk,neighbors_TargetID,neighbors_Distance,neighbors_prejezdy-dec_Název definičního úseku,neighbors_prejezdy-dec_Žkm přejezdu,neighbors_prejezdy-dec_Přejezd s trolejovým vedením,neighbors_prejezdy-dec_Třída pozemní komunikace,neighbors_prejezdy-dec_Číslo pozemní komunikace,neighbors_prejezdy-dec_Místní název přejezdu,neighbors_prejezdy-dec_Zeměpisná šířka,neighbors_prejezdy-dec_Zeměpisná délka,neighbors_prejezdy-dec_field_10,neighbors_prejezdy-dec_field_11
17.584065460724624,49.532419657415026,70806090071,Lipník nad Bečvou (Olomoucký kraj),2009-02-02 21:00:00,komunikace místní,0,řidičem motorového vozidla,s řidičským oprávněním skupiny b,řidič nebyl ovlivněn,ne,dobrý -žádné nepříznivé okolnosti nebyly zjištěny,0,0,0,1,TOYOTA,nedošlo k požáru,200,žádné z uvedených,osobní automobil bez přívěsu,1997,"soukromá organizace (podnikatel, s.r.o.,",0,nebylo třeba užít násilí,nehoda pouze s hmotnou škodou,"nepřichází v úvahu, nejde o srážku jedou",nezvládnutí řízení vozidla,"povrch suchý, neznečistěný",neztížené,dobré,na jízdním pruhu,přednost vyznačena dopravními značkami,křižovatka průsečná - čtyřramenná,místní komunikace,vozidlo jedoucí - na komunikaci bez stan,srážka s pevnou překážkou,závory železničního přejezdu,živice,"dobrý, bez závad","v noci - bez veřejného osvětlení,viditel",dvoupruhová,místní úprava (vyplní se pol. 24),železniční přejezd zabezpečený,"na křižovatce,jedná-li se o křížení siln",ne,P6492,35.881202699,žst. Lipník nad Bečvou,"199,554",Ano,O,,,49° 31' 57.82566'' N,17° 35' 02.14133'' E,49.53273,17.58393
17.454034007629762,49.381433687143193,70806090091,Říkovice (Olomoucký kraj),2009-02-02 07:32:00,silnice 3.třídy,4348,řidičem motorového vozidla,s řidičským oprávněním skupiny d,řidič nebyl ovlivněn,ne,dobrý -žádné nepříznivé okolnosti nebyly zjištěny,0,0,0,1,DAF,nedošlo k požáru,520,žádné z uvedených,nákladní automobil s návěsem,2001,registrované mimo území ČR,0,nebylo třeba užít násilí,nehoda pouze s hmotnou škodou,"nepřichází v úvahu, nejde o srážku jedou",nezvládnutí řízení vozidla,povrch mokrý,neztížené,dobré,na jízdním pruhu,žádná místní úprava,křižovatka průsečná - čtyřramenná,místní komunikace,zachycuje směr jízdy křižovatkou,srážka s pevnou překážkou,závory železničního přejezdu,živice,"dobrý, bez závad","ve dne, viditelnost nezhoršená vlivem po",dvoupruhová,světelným signalizačním zařízením,železniční přejezd zabezpečený,"na křižovatce, uvnitř hranic křižovatky",ne,P8177,12.1954643282,žst. Říkovice,"176,027",Ano,III.,4348,Říkovice sever,49° 22' 53.06485'' N,17° 27' 13.92297'' E,49.38141,17.45387
17.028927556711789,50.168621700464179,70906071042,Branná (Olomoucký kraj),2007-10-10 23:59:00,silnice 2.třídy,369,řidičem motorového vozidla,nezjištěno,jiné ovlivnění,nezjišťováno,jiný nepříznivý stav,0,0,0,1,žádná z uvedených,žádná z uvedených,20,žádné z uvedených,"nezjištěno, řidič ujel",,žádná z uvedených,0,žádná z uvedených,nehoda pouze s hmotnou škodou,"nepřichází v úvahu, nejde o srážku jedou",chyby při udání směru jízdy,"povrch suchý, neznečistěný",neztížené,dobré,mimo komunikaci,žádná místní úprava,křižovatka průsečná - čtyřramenná,místní komunikace,žádná z uvedených,srážka s pevnou překážkou,"odrazník, patník, sloupek, dopr.značky a",živice,"dobrý, bez závad","ve dne, viditelnost nezhoršená vlivem po",dvoupruhová,světelným signalizačním zařízením,železniční přejezd zabezpečený,"na křižovatce, uvnitř hranic křižovatky",ne,P4283,2.65743522723,Branná - Ostružná,"15,29",Ne,II.,369,,50° 10' 06.98395'' N,17° 01' 44.27050'' E,50.16861,17.02896
16.916818582953596,49.903792119650696,70906080116,Postřelmov (Olomoucký kraj),2008-02-02 19:50:00,komunikace místní,0,chodcem,nezjištěno,jiné ovlivnění,"ano, obsah alkoholu v&nbsp;krvi do 0,99‰ (2)",jiný nepříznivý stav,0,1,0,1,žádná z uvedených,žádná z uvedených,0,žádné z uvedených,vlak,,žádná z uvedených,0,žádná z uvedených,nehoda s následky na životě nebo zdraví,"nepřichází v úvahu, nejde o srážku jedou",nezaviněná řidičem,"povrch suchý, neznečistěný",neztížené,dobré,na jízdním pruhu,žádná místní úprava,křižovatka průsečná - čtyřramenná,místní komunikace,žádná z uvedených,srážka s chodcem,"nepřichází v úvahu, nejde o srážku s pev",živice,"dobrý, bez závad","v noci - s veřejným osvětlením,viditelno",dvoupruhová,světelným signalizačním zařízením,železniční přejezd zabezpečený,"na křižovatce,jedná-li se o křížení siln",ne,P6654,14.8904606091,Zábřeh na Moravě - Postřelmov,"4,355",Ano,C,,ul. 1.máje,49° 54' 13.93613'' N,16° 54' 59.93805'' E,49.90387,16.91665
17.00554399271708,49.966330653170957,70906080575,Vikýřovice (Olomoucký kraj),2008-06-15 09:25:00,silnice 3.třídy,44638,řidičem motorového vozidla,s řidičským oprávněním skupiny c,řidič nebyl ovlivněn,ne,dobrý -žádné nepříznivé okolnosti nebyly zjištěny,0,1,0,2,ROVER,nedošlo k požáru,14510,žádné z uvedených,osobní automobil bez přívěsu,2003,"soukromá organizace (podnikatel, s.r.o.,",2500,nebylo třeba užít násilí,nehoda s následky na životě nebo zdraví,boční,vozidlu přijíždějícímu zprava,"povrch suchý, neznečistěný",neztížené,dobré,na jízdním pruhu,žádná místní úprava,křižovatka průsečná - čtyřramenná,místní komunikace,zachycuje směr jízdy křižovatkou,srážka s vlakem,"nepřichází v úvahu, nejde o srážku s pev",živice,"dobrý, bez závad","ve dne, viditelnost nezhoršená vlivem po",dvoupruhová,žádný způsob řízení provozu,železniční přejezd zabezpečený,"na křižovatce, uvnitř hranic křižovatky",ne,P4237,2.86941440078,Nový Malín - Šumperk,"42,1",Ne,III.,44638,u Benziny,49° 57' 58.71497'' N,17° 00' 19.85552'' E,49.96631,17.00552
17.043096380892681,50.005506475890357,70906080646,Petrov nad Desnou (Olomoucký kraj),2008-07-07 14:04:00,silnice 1.třídy,11,řidičem motorového vozidla,nezjištěno,jiné ovlivnění,nezjišťováno,jiný nepříznivý stav,0,0,0,1,žádná z uvedených,žádná z uvedených,100,žádné z uvedených,"nezjištěno, řidič ujel",,žádná z uvedených,0,žádná z uvedených,nehoda pouze s hmotnou škodou,"nepřichází v úvahu, nejde o srážku jedou",řidič se plně nevěnoval řízení vozidla,"povrch suchý, neznečistěný",neztížené,dobré,na jízdním pruhu,žádná místní úprava,křižovatka průsečná - čtyřramenná,místní komunikace,žádná z uvedených,srážka s pevnou překážkou,závory železničního přejezdu,živice,"dobrý, bez závad","ve dne, viditelnost nezhoršená vlivem po",dvoupruhová,světelným signalizačním zařízením,železniční přejezd zabezpečený,uvnitř zóny 1 předmětné křižovatky,ne,P4236,4906.35171009,Nový Malín - Šumperk,"40,667",Ne,O,,,49° 57' 47.53786'' N,17° 01' 25.44085'' E,49.9632,17.02373
16.875528062194721,49.952182308658855,70906080891,Bohutín (Olomoucký kraj),2008-09-11 23:15:00,silnice 3.třídy,1119,řidičem motorového vozidla,s řidičským oprávněním skupiny b,řidič nebyl ovlivněn,ne,dobrý -žádné nepříznivé okolnosti nebyly zjištěny,0,0,0,1,OPEL,nedošlo k požáru,1700,"došlo k úniku pohonných hmot, oleje, chl",osobní automobil bez přívěsu,1998,"soukromé, nevyužívané k výdělečné činnos",700,nebylo třeba užít násilí,nehoda pouze s hmotnou škodou,"nepřichází v úvahu, nejde o srážku jedou",nezvládnutí řízení vozidla,"povrch suchý, neznečistěný",neztížené,dobré,na jízdním pruhu,žádná místní úprava,křižovatka průsečná - čtyřramenná,místní komunikace,zachycuje směr jízdy křižovatkou,srážka s pevnou překážkou,"sloup - telefonní, veř.osvětlení, el.ved",živice,"dobrý, bez závad","v noci - s veřejným osvětlením,viditelno",dvoupruhová,světelným signalizačním zařízením,železniční přejezd zabezpečený,uvnitř zóny 3 předmětné křižovatky,ne,P4249,19.2394038186,"Bludov-Chromeč - OP papírna, s.r.o. vlečka Olšany","55,144",Ne,III.,1119,,49° 57' 07.83714'' N,16° 52' 30.92064'' E,49.95218,16.87526
17.015269479915567,49.979664359942774,70906081163,Vikýřovice (Olomoucký kraj),2008-11-26 10:15:00,komunikace místní,0,řidičem motorového vozidla,s řidičským oprávněním skupiny c,řidič nebyl ovlivněn,ne,dobrý -žádné nepříznivé okolnosti nebyly zjištěny,0,0,0,2,PEUGEOT,nedošlo k požáru,400,žádné z uvedených,osobní automobil bez přívěsu,1999,"soukromé, nevyužívané k výdělečné činnos",350,nebylo třeba užít násilí,nehoda pouze s hmotnou škodou,z boku,proti příkazu dopravní značky STŮJ DEJ PŘEDNOST,"na vozovce je náledí, ujetý sníh - posyp",neztížené,dobré,na jízdním pruhu,přednost vyznačena dopravními značkami,křižovatka průsečná - čtyřramenná,místní komunikace,vozidlo jedoucí - na komunikaci bez stan,srážka s vlakem,"nepřichází v úvahu, nejde o srážku s pev",živice,"dobrý, bez závad","ve dne, viditelnost nezhoršená vlivem po",dvoupruhová,místní úprava (vyplní se pol. 24),železniční přejezd nezabezpečený,"na křižovatce,jedná-li se o křížení siln",ne,P4237,1641.78003531,Nový Malín - Šumperk,"42,1",Ne,III.,44638,u Benziny,49° 57' 58.71497'' N,17° 00' 19.85552'' E,49.96631,17.00552
17.087514240476576,50.068152051568859,70906090052,Loučná nad Desnou (Olomoucký kraj),2009-01-20 12:10:00,silnice 3.třídy,447,řidičem motorového vozidla,s řidičským oprávněním skupiny c,řidič nebyl ovlivněn,ne,dobrý -žádné nepříznivé okolnosti nebyly zjištěny,0,0,0,1,BMW,nedošlo k požáru,900,žádné z uvedených,osobní automobil bez přívěsu,1994,"soukromé, nevyužívané k výdělečné činnos",300,nebylo třeba užít násilí,nehoda pouze s hmotnou škodou,"nepřichází v úvahu, nejde o srážku jedou","nepř. rychlosti stavu vozovky (náledí, výtluky, bláto, mokrý povrch apod.)","souvislá sněhová vrstva, rozbředlý sníh",neztížené,dobré,mimo komunikaci,žádná místní úprava,zatáčka,neurčeno,jedoucí - ve směru staničení na komunika,srážka s pevnou překážkou,"jiná překážka (zábradlí,oplocení,násep,n",živice,"dobrý, bez závad","ve dne, viditelnost nezhoršená vlivem po",dvoupruhová,žádný způsob řízení provozu,železniční přejezd zabezpečený,mimo křižovatku,ano,P4276,7675.05505491,Jindřichov na Moravě - Branná,"6,965",Ne,O,,,50° 06' 11.91839'' N,16° 59' 42.88110'' E,50.10331,16.99524
17.084275118547136,50.055083941422438,70906090081,Loučná nad Desnou (Olomoucký kraj),2009-02-02 09:00:00,silnice 1.třídy,44,řidičem motorového vozidla,nezjištěno,jiné ovlivnění,nezjišťováno,jiný nepříznivý stav,0,0,0,1,žádná z uvedených,žádná z uvedených,100,žádné z uvedených,"nezjištěno, řidič ujel",,žádná z uvedených,0,žádná z uvedených,nehoda pouze s hmotnou škodou,"nepřichází v úvahu, nejde o srážku jedou",nezvládnutí řízení vozidla,povrch mokrý,neztížené,dobré,na jízdním pruhu,žádná místní úprava,křižovatka průsečná - čtyřramenná,místní komunikace,žádná z uvedených,srážka s pevnou překážkou,závory železničního přejezdu,živice,"dobrý, bez závad","ve dne, viditelnost nezhoršená vlivem po",dvoupruhová,světelným signalizačním zařízením,železniční přejezd zabezpečený,uvnitř zóny 1 předmětné křižovatky,ne,P4275,8276.87212711,Jindřichov na Moravě - Branná,"6,516",Ne,MK,,,50° 06' 00.25287'' N,16° 59' 31.79846'' E,50.10007,16.99217
17.033432359646806,50.016358051785218,70906090102,Rapotín (Olomoucký kraj),2009-02-20 08:50:00,silnice 1.třídy,44,řidičem motorového vozidla,nezjištěno,jiné ovlivnění,nezjišťováno,jiný nepříznivý stav,0,0,0,1,žádná z uvedených,žádná z uvedených,2200,žádné z uvedených,"nezjištěno, řidič ujel",,žádná z uvedených,0,žádná z uvedených,nehoda pouze s hmotnou škodou,"nepřichází v úvahu, nejde o srážku jedou",nezvládnutí řízení vozidla,"souvislá sněhová vrstva, rozbředlý sníh",sněžení,dobré,mimo komunikaci,žádná místní úprava,křižovatka průsečná - čtyřramenná,místní komunikace,žádná z uvedených,srážka s pevnou překážkou,"sloup - telefonní, veř.osvětlení, el.ved",živice,"dobrý, bez závad","ve dne, zhoršená viditelnost vlivem pově",dvoupruhová,světelným signalizačním zařízením,železniční přejezd zabezpečený,uvnitř zóny 1 předmětné křižovatky,ne,P4237,5915.63936958,Nový Malín - Šumperk,"42,1",Ne,III.,44638,u Benziny,49° 57' 58.71497'' N,17° 00' 19.85552'' E,49.96631,17.00552
16.894562906793784,49.998215780522514,70906090138,Bohdíkov (Olomoucký kraj),2009-03-17 06:17:00,komunikace místní,0,řidičem motorového vozidla,s řidičským oprávněním skupiny b,řidič nebyl ovlivněn,ne,dobrý -žádné nepříznivé okolnosti nebyly zjištěny,0,1,0,2,ŠKODA,nedošlo k požáru,750,"došlo k úniku pohonných hmot, oleje, chl",osobní automobil bez přívěsu,1994,"soukromé, využívané k výdělečné činnosti",150,nebylo třeba užít násilí,nehoda s následky na životě nebo zdraví,čelní,vozidlu přijíždějícímu zprava,"povrch suchý, neznečistěný",neztížené,dobré,na jízdním pruhu,žádná místní úprava,křižovatka průsečná - čtyřramenná,místní komunikace,vozidlo jedoucí - na komunikaci bez stan,srážka s vlakem,"nepřichází v úvahu, nejde o srážku s pev",živice,"dobrý, bez závad","ve dne, viditelnost nezhoršená vlivem po",dvoupruhová,žádný způsob řízení provozu,železniční přejezd nezabezpečený,"na křižovatce,jedná-li se o křížení siln",ano,P4253,27.7533943116,Ruda n/Moravou - Bohdíkov,"61,054",Ne,MK,,,49° 59' 54.21994'' N,16° 53' 41.42763'' E,49.99839,16.89484
16.999888434408891,49.964455641864177,70906090294,Šumperk (Olomoucký kraj),2009-06-06 04:50:00,silnice 3.třídy,44636,řidičem motorového vozidla,s řidičským oprávněním skupiny b,řidič nebyl ovlivněn,"ano, obsah alkoholu v&nbsp;krvi do 0,99‰ (2)","pod vlivem alkoholu, obsah alkoholu v krvi do 0,99‰",0,2,0,2,VOLKSWAGEN,nedošlo k požáru,1800,žádné z uvedených,osobní automobil bez přívěsu,1993,"soukromé, nevyužívané k výdělečné činnos",300,nebylo třeba užít násilí,nehoda s následky na životě nebo zdraví,boční,vozidlu přijíždějícímu zprava,"povrch suchý, neznečistěný",neztížené,dobré,na jízdním pruhu,žádná místní úprava,křižovatka průsečná - čtyřramenná,místní komunikace,zachycuje směr jízdy křižovatkou,srážka s vlakem,"nepřichází v úvahu, nejde o srážku s pev",živice,"dobrý, bez závad","ve dne, viditelnost nezhoršená vlivem po",dvoupruhová,světelným signalizačním zařízením,železniční přejezd zabezpečený,"na křižovatce, uvnitř hranic křižovatky",ne,P4238,15.2544542679,,"4,803",ne,III.,44636,ul.Luže,49° 57' 51.556'' N,16° 59' 59.729'' E,49.96432,16.99992
17.099624209380675,50.290757089483627,71106070250,Vápenná (Olomoucký kraj),2007-08-08 08:20:00,komunikace místní,0,řidičem motorového vozidla,s řidičským oprávněním skupiny b,řidič nebyl ovlivněn,ne,dobrý -žádné nepříznivé okolnosti nebyly zjištěny,0,0,0,2,SUBARU,nedošlo k požáru,400,žádné z uvedených,osobní automobil bez přívěsu,1988,"soukromé, nevyužívané k výdělečné činnos",300,nebylo třeba užít násilí,nehoda pouze s hmotnou škodou,z boku,vozidlu přijíždějícímu zprava,"povrch suchý, neznečistěný",neztížené,špatné vlivem profilu komunikace (nepřeh,žádné z uvedených,přednost vyznačena dopravními značkami,křižovatka průsečná - čtyřramenná,místní komunikace,vozidlo jedoucí - na komunikaci bez stan,srážka s vlakem,"nepřichází v úvahu, nejde o srážku s pev",štěrk,"dobrý, bez závad","ve dne, viditelnost nezhoršená vlivem po",dvoupruhová,místní úprava (vyplní se pol. 24),železniční přejezd nezabezpečený,"na křižovatce,jedná-li se o křížení siln",ne,P4346,5.7210296522,Vápenná - Žulová,"10,853",Ne,O,,,50° 17' 26.89454'' N,17° 05' 58.49226'' E,50.2908,17.09958
17.053068540976419,50.19040330423303,71106070445,Ostružná (Olomoucký kraj),2007-12-29 12:00:00,silnice 3.třídy,3693,řidičem motorového vozidla,s řidičským oprávněním skupiny b,řidič nebyl ovlivněn,ne,dobrý -žádné nepříznivé okolnosti nebyly zjištěny,0,0,0,2,Kia,nedošlo k požáru,750,žádné z uvedených,osobní automobil bez přívěsu,2007,"soukromá organizace (podnikatel, s.r.o.,",400,nebylo třeba užít násilí,nehoda pouze s hmotnou škodou,boční,"nepř. rychlosti stavu vozovky (náledí, výtluky, bláto, mokrý povrch apod.)","na vozovce je náledí, ujetý sníh - nepos","tvoří se námraza, náledí",špatné vlivem profilu komunikace (nepřeh,na jízdním pruhu,žádná místní úprava,přímý úsek,neurčeno,jedoucí - proti směru staničení na komun,srážka s jedoucím nekolejovým vozidlem,"nepřichází v úvahu, nejde o srážku s pev",živice,"dobrý, bez závad","ve dne, viditelnost nezhoršená vlivem po",dvoupruhová,policistou nebo jiným pověřeným orgánem,železniční přejezd nezabezpečený,mimo křižovatku,ano,P4287,76.3018017765,Ostružná - SLEZSKÝ KÁMEN H.Lipová,"19,04",Ne,III.,3693,Petříkov,50° 11' 27.82418'' N,17° 03' 09.92975'' E,50.19106,17.05276
17.187831203898785,50.226665075945547,71106080029,Jeseník (Olomoucký kraj),2008-01-27 09:00:00,silnice 3.třídy,45319,řidičem motorového vozidla,s řidičským oprávněním skupiny b,řidič nebyl ovlivněn,ne,dobrý -žádné nepříznivé okolnosti nebyly zjištěny,0,0,0,2,ŠKODA,nedošlo k požáru,301,žádné z uvedených,osobní automobil bez přívěsu,1990,"soukromé, využívané k výdělečné činnosti",1,nebylo třeba užít násilí,nehoda pouze s hmotnou škodou,z boku,nezvládnutí řízení vozidla,"na vozovce je náledí, ujetý sníh - nepos",sněžení,dobré,na jízdním pruhu,žádná místní úprava,křižovatka průsečná - čtyřramenná,místní komunikace,zachycuje směr jízdy křižovatkou,srážka s vlakem,"nepřichází v úvahu, nejde o srážku s pev",živice,"dobrý, bez závad","ve dne, zhoršená viditelnost vlivem pově",dvoupruhová,světelným signalizačním zařízením,železniční přejezd nezabezpečený,uvnitř zóny 3 předmětné křižovatky,ano,P4303,20.2681341597,žst. Jeseník,"35,347",Ne,III.,45319,,50° 13' 35.71905'' N,17° 11' 17.12307'' E,50.22659,17.18809
17.06311855185325,50.194615845579527,71106080374,Ostružná (Olomoucký kraj),2008-11-23 11:30:00,komunikace místní,0,řidičem motorového vozidla,s řidičským oprávněním skupiny b,jiné ovlivnění,ne,dobrý -žádné nepříznivé okolnosti nebyly zjištěny,0,0,0,2,VAZ,žádná z uvedených,460,žádné z uvedených,osobní automobil s přívěsem,2007,"soukromá organizace (podnikatel, s.r.o.,",0,nebylo třeba užít násilí,nehoda pouze s hmotnou škodou,čelní,vozidlu přijíždějícímu zprava,"na vozovce je náledí, ujetý sníh - nepos",sněžení,jiné špatné,na jízdním pruhu,přednost vyznačena dopravními značkami,přímý úsek,neurčeno,vozidlo jedoucí - na komunikaci bez stan,srážka s vlakem,"nepřichází v úvahu, nejde o srážku s pev","žádný z uvedených (písek,dřevo atd.)","dobrý, bez závad","ve dne, zhoršená viditelnost vlivem pově",dvoupruhová,místní úprava (vyplní se pol. 24),železniční přejezd zabezpečený,mimo křižovatku,ne,P4288,4.09780905524,Ostružná - SLEZSKÝ KÁMEN H.Lipová,"20,285",Ne,MK,,,50° 11' 40.74740'' N,17° 03' 47.29932'' E,50.19465,17.06314
17.199452837190051,50.230969826635125,71106080405,Jeseník (Olomoucký kraj),2008-12-25 16:46:00,komunikace místní,0,řidičem motorového vozidla,s řidičským oprávněním skupiny c,řidič nebyl ovlivněn,ne,dobrý -žádné nepříznivé okolnosti nebyly zjištěny,0,0,0,2,PEUGEOT,nedošlo k požáru,250,žádné z uvedených,osobní automobil bez přívěsu,1992,"soukromé, nevyužívané k výdělečné činnos",150,nebylo třeba užít násilí,nehoda pouze s hmotnou škodou,z boku,nezvládnutí řízení vozidla,"na vozovce je náledí, ujetý sníh - nepos",sněžení,špatné vlivem profilu komunikace (nepřeh,na jízdním pruhu,přednost vyznačena dopravními značkami,přímý úsek po projetí zatáčkou (do vzdál,neurčeno,vozidlo jedoucí - na komunikaci bez stan,srážka s vlakem,"nepřichází v úvahu, nejde o srážku s pev",dlažba,"dobrý, bez závad","v noci - s veřejným osvětlením,viditelno",žádná z uvedených,místní úprava (vyplní se pol. 24),železniční přejezd zabezpečený,mimo křižovatku,ne,P4305,4.49966430859,Jeseník - ŘETĚZÁRNA Česká Ves,"36,337",Ne,MK,,,50° 13' 51.61978'' N,17° 11' 58.03889'' E,50.23101,17.19946
17.132532135866484,49.464910536242186,71206070427,Prostějov (Olomoucký kraj),2007-05-15 15:15:00,komunikace místní,0,řidičem motorového vozidla,s řidičským oprávněním skupiny c,řidič nebyl ovlivněn,ne,dobrý -žádné nepříznivé okolnosti nebyly zjištěny,0,0,0,2,MAN,nedošlo k požáru,650,žádné z uvedených,nákladní automobil s návěsem,1998,"soukromá organizace (podnikatel, s.r.o.,",0,nebylo třeba užít násilí,nehoda pouze s hmotnou škodou,boční,jiné nedání přednosti,povrch mokrý,neztížené,"špatné vlivem okolní zástavby (budovy,pl",na jízdním pruhu,žádná místní úprava,křižovatka průsečná - čtyřramenná,místní komunikace,vozidlo jedoucí - na komunikaci bez stan,srážka s vlakem,"nepřichází v úvahu, nejde o srážku s pev",panely,"dobrý, bez závad","ve dne, viditelnost nezhoršená vlivem po",žádná z uvedených,světelným signalizačním zařízením,železniční přejezd nezabezpečený,"na křižovatce,jedná-li se o křížení siln",ne,P7587,256.572880052,,"0,083",ne,chodník,,,49° 27' 56.0416'' N,17° 7' 44.8962'' E,49.46557,17.12914
16.959421771610611,49.526431910916983,71206070757,Ptení (Olomoucký kraj),2007-08-15 17:30:00,komunikace místní,0,řidičem motorového vozidla,s řidičským oprávněním skupiny c,řidič nebyl ovlivněn,ne,dobrý -žádné nepříznivé okolnosti nebyly zjištěny,0,9,1,3,MERCEDES,nedošlo k požáru,27600,žádné z uvedených,nákladní automobil s návěsem,2000,"soukromá organizace (podnikatel, s.r.o.,",10000,nebylo třeba užít násilí,nehoda s následky na životě nebo zdraví,boční,proti příkazu dopravní značky STŮJ DEJ PŘEDNOST,"povrch suchý, neznečistěný",neztížené,dobré,na jízdním pruhu,přednost vyznačena dopravními značkami,přímý úsek,neurčeno,vozidlo jedoucí - na komunikaci bez stan,srážka s vlakem,"nepřichází v úvahu, nejde o srážku s pev",živice,"dobrý, bez závad","ve dne, viditelnost nezhoršená vlivem po",dvoupruhová,místní úprava (vyplní se pol. 24),železniční přejezd nezabezpečený,mimo křižovatku,ne,P6563,11.3328369811,Kostelec na Hané - Ptení,"15,738",Ne,O,,,49° 31' 34.80171'' N,16° 57' 33.90384'' E,49.52633,16.95942
17.083196951888063,49.493024615699269,71206071023,Smržice (Olomoucký kraj),2007-10-26 20:05:00,silnice 3.třídy,37760,řidičem motorového vozidla,s řidičským oprávněním skupiny c,řidič nebyl ovlivněn,ne,dobrý -žádné nepříznivé okolnosti nebyly zjištěny,0,1,0,2,FIAT,nedošlo k požáru,250,"došlo k úniku pohonných hmot, oleje, chl",osobní automobil bez přívěsu,1997,"soukromé, nevyužívané k výdělečné činnos",200,nebylo třeba užít násilí,nehoda s následky na životě nebo zdraví,z boku,vozidlu přijíždějícímu zprava,"povrch suchý, neznečistěný",neztížené,dobré,na kolejích tramvaje,žádná místní úprava,křižovatka průsečná - čtyřramenná,místní komunikace,zachycuje směr jízdy křižovatkou,srážka s vlakem,"nepřichází v úvahu, nejde o srážku s pev",živice,"dobrý, bez závad","v noci - bez veřejného osvětlení,viditel",dvoupruhová,žádný způsob řízení provozu,železniční přejezd nezabezpečený,"na křižovatce, uvnitř hranic křižovatky",ne,P6547,9.265797704,Prostějov míst.n. - Kostelec na Hané,"4,483",Ne,III.,37760,u Smržic,49° 29' 34.60761'' N,17° 04' 59.31200'' E,49.49295,17.08314
17.19846382974406,49.343879511619917,71206080297,Němčice nad Hanou (Olomoucký kraj),2008-04-10 15:09:00,komunikace místní,0,řidičem motorového vozidla,s řidičským oprávněním skupiny c,oslněn sluncem,ne,dobrý -žádné nepříznivé okolnosti nebyly zjištěny,0,1,0,2,žádná z uvedených,nedošlo k požáru,1600,"došlo k úniku pohonných hmot, oleje, chl",traktor (i s přívěsem),1979,"soukromé, využívané k výdělečné činnosti",600,nebylo třeba užít násilí,nehoda s následky na životě nebo zdraví,boční,jiné nedání přednosti,"povrch suchý, neznečistěný",neztížené,špatné vlivem profilu komunikace (nepřeh,na jízdním pruhu,žádná místní úprava,křižovatka průsečná - čtyřramenná,místní komunikace,vozidlo jedoucí - na komunikaci bez stan,srážka s vlakem,"nepřichází v úvahu, nejde o srážku s pev",živice,"dobrý, bez závad","ve dne, viditelnost nezhoršená vlivem po",dvoupruhová,světelným signalizačním zařízením,železniční přejezd nezabezpečený,"na křižovatce,jedná-li se o křížení siln",ne,P7199,21.3094732998,Nezamyslice - Němčice nad Hanou,"65,214",Ano,O,,MK z obce do polí asi 17 domů,49° 20' 37.50728'' N,17° 11' 55.26370'' E,49.34375,17.19868
17.134705465088832,49.474663730005439,71206080507,Prostějov (Olomoucký kraj),2008-06-17 07:00:00,komunikace účelová - polní a lesní cesty atd.,0,řidičem motorového vozidla,s řidičským oprávněním skupiny b,řidič nebyl ovlivněn,ne,dobrý -žádné nepříznivé okolnosti nebyly zjištěny,0,0,0,2,ŠKODA,žádná z uvedených,700,žádné z uvedených,osobní automobil bez přívěsu,2007,"soukromé, nevyužívané k výdělečné činnos",700,nebylo třeba užít násilí,nehoda pouze s hmotnou škodou,z boku,jiné nedání přednosti,povrch mokrý,déšť,dobré,na jízdním pruhu,žádná místní úprava,přímý úsek,neurčeno,vozidlo jedoucí - na komunikaci bez stan,srážka s vlakem,"nepřichází v úvahu, nejde o srážku s pev",živice,"dobrý, bez závad","ve dne, viditelnost nezhoršená vlivem po",žádná z uvedených,policistou nebo jiným pověřeným orgánem,železniční přejezd nezabezpečený,mimo křižovatku,ne,P7588,363.043099616,Prostějov hl.n. - Vrbátky,"81,128",Ano,II.,150,Hlavní,49° 28' 30.93295'' N,17° 07' 47.19319'' E,49.47526,17.12978