X,Y,id,obec,datum,komunikace,komunika_1,zavineni,ridic_kate,ridic_ovli,vinik_alko,ridic_stav,obeti_usmr,obeti_lehc,obeti_tezc,vozidel_ce,vinik_vozi,vinik_vo_1,skoda,unik_hmot,vinik_vo_2,vinik_vo_3,vinik_vo_4,vinik_skod,vyprosteni,nehoda_cha,srazka_voz,hlavni_pri,povrch_sta,meteo,rozhled,nehoda_pol,prednost_v,smerove_po,druh_krizu,smer_jizdy,nehoda_dru,pevna_prek,povrch_dru,komunika_2,viditelnos,komunika_3,rizeni_pro,objekty,misto_neho,smyk,neighbors_TargetID,neighbors_Distance,neighbors_prejezdy-dec_Název definičního úseku,neighbors_prejezdy-dec_Žkm přejezdu,neighbors_prejezdy-dec_Přejezd s trolejovým vedením,neighbors_prejezdy-dec_Třída pozemní komunikace,neighbors_prejezdy-dec_Číslo pozemní komunikace,neighbors_prejezdy-dec_Místní název přejezdu,neighbors_prejezdy-dec_Zeměpisná šířka,neighbors_prejezdy-dec_Zeměpisná délka,neighbors_prejezdy-dec_field_10,neighbors_prejezdy-dec_field_11
15.004270419316786,50.413367126874704,10706090751,Březno (Středočeský kraj),2009-08-08 07:00:00,silnice 3.třídy,2801,řidičem motorového vozidla,s řidičským oprávněním skupiny b,řidič nebyl ovlivněn,ne,dobrý -žádné nepříznivé okolnosti nebyly zjištěny,0,0,0,2,ŠKODA,nedošlo k požáru,800,žádné z uvedených,osobní automobil bez přívěsu,2001,"soukromé, nevyužívané k výdělečné činnos",800,nebylo třeba užít násilí,nehoda pouze s hmotnou škodou,boční,řidič se plně nevěnoval řízení vozidla,"povrch suchý, neznečistěný",neztížené,dobré,na jízdním pruhu,žádná místní úprava,přímý úsek,neurčeno,jedoucí - ve směru staničení na komunika,srážka s vlakem,"nepřichází v úvahu, nejde o srážku s pev",živice,"dobrý, bez závad","ve dne, viditelnost nezhoršená vlivem po",dvoupruhová,žádný způsob řízení provozu,železniční přejezd nezabezpečený,mimo křižovatku,ne,P4646,7.50170925473,Kolomuty - Dolní Bousov,"24,3",Ne,III.,2801,před zn. Březno,50° 24' 47.87207'' N,15° 00' 15.33562'' E,50.4133,15.00426
14.715601388112168,50.320013106498791,10706091047,Dolní Slivno (Středočeský kraj),2009-10-28 00:30:00,silnice 3.třídy,27220,řidičem motorového vozidla,bez příslušného řidičského oprávnění,řidič nebyl ovlivněn,"ano, obsah alkoholu v&nbsp;krvi do 0,99‰ (2)","pod vlivem alkoholu, obsah alkoholu v krvi do 0,99‰",0,0,0,2,OPEL,nedošlo k požáru,310,žádné z uvedených,osobní automobil bez přívěsu,1996,"soukromé, nevyužívané k výdělečné činnos",200,nebylo třeba užít násilí,nehoda pouze s hmotnou škodou,"nepřichází v úvahu, nejde o srážku jedou","nepř. rychlosti stavu vozovky (náledí, výtluky, bláto, mokrý povrch apod.)",povrch mokrý,neztížené,dobré,na krajnici,žádná místní úprava,zatáčka,neurčeno,jedoucí - proti směru staničení na komun,srážka s pevnou překážkou,"odrazník, patník, sloupek, dopr.značky a",živice,"dobrý, bez závad","v noci - bez veřejného osvětlení,viditel",dvoupruhová,světelným signalizačním zařízením,železniční přejezd zabezpečený,mimo křižovatku,ano,P2688,8.83594330228,Kropáčova Vrutice - Chotětov,"52,056",Ne,III.,27220,,50° 19' 11.77101'' N,14° 42' 56.33512'' E,50.31994,14.71565
14.976576901933418,50.406584314669729,10706091107,Kolomuty (Středočeský kraj),2009-11-15 17:42:00,silnice 3.třídy,27515,řidičem motorového vozidla,s řidičským oprávněním skupiny b,řidič nebyl ovlivněn,ne,dobrý -žádné nepříznivé okolnosti nebyly zjištěny,0,1,0,2,ROVER,nedošlo k požáru,3000,žádné z uvedených,"nákladní automobil (včetně multikáry, au",2006,"soukromé, využívané k výdělečné činnosti",2500,nebylo třeba užít násilí,nehoda s následky na životě nebo zdraví,boční,jiné nedání přednosti,"povrch suchý, neznečistěný",neztížené,dobré,na jízdním pruhu,žádná místní úprava,přímý úsek,neurčeno,jedoucí - proti směru staničení na komun,srážka s vlakem,"nepřichází v úvahu, nejde o srážku s pev",živice,"dobrý, bez závad","v noci - bez veřejného osvětlení,viditel",dvoupruhová,žádný způsob řízení provozu,železniční přejezd nezabezpečený,mimo křižovatku,ne,P4642,1.04624168639,PREYMESSER Řepov - Kolomuty,"22,145",Ne,III.,27515,před zn. Kolomuty,50° 24' 23.67827'' N,14° 58' 35.70904'' E,50.40658,14.97659
14.943405577743649,50.353235280797129,10706091142,Dobrovice (Středočeský kraj),2009-11-26 15:00:00,silnice 3.třídy,2746,řidičem motorového vozidla,s řidičským oprávněním skupiny b,řidič nebyl ovlivněn,ne,dobrý -žádné nepříznivé okolnosti nebyly zjištěny,0,0,0,1,žádná z uvedených,žádná z uvedených,130,žádné z uvedených,traktor (i s přívěsem),1994,"soukromá organizace (podnikatel, s.r.o.,",30,nebylo třeba užít násilí,nehoda pouze s hmotnou škodou,"nepřichází v úvahu, nejde o srážku jedou",řidič se plně nevěnoval řízení vozidla,"povrch suchý, neznečistěný",neztížené,dobré,na jízdním pruhu,žádná místní úprava,přímý úsek,neurčeno,jedoucí - proti směru staničení na komun,srážka s pevnou překážkou,závory železničního přejezdu,živice,"dobrý, bez závad","ve dne, viditelnost nezhoršená vlivem po",dvoupruhová,žádný způsob řízení provozu,železniční přejezd zabezpečený,mimo křižovatku,ne,P2800,27.9621481966,Luštěnice - Dobrovice,"20,999",Ne,III.,2746,,50° 21' 10.97122'' N,14° 56' 35.31094'' E,50.35305,14.94314
14.955397191726355,50.358829067267763,10706100069,Dobrovice (Středočeský kraj),2010-01-19 05:45:00,silnice 3.třídy,2746,řidičem motorového vozidla,s řidičským oprávněním skupiny c,řidič nebyl ovlivněn,ne,dobrý -žádné nepříznivé okolnosti nebyly zjištěny,0,0,0,1,MITSUBISHI,žádná z uvedených,180,žádné z uvedených,"nákladní automobil (včetně multikáry, au",2009,"soukromá organizace (podnikatel, s.r.o.,",100,nebylo třeba užít násilí,nehoda pouze s hmotnou škodou,"nepřichází v úvahu, nejde o srážku jedou","nepř. rychlosti stavu vozovky (náledí, výtluky, bláto, mokrý povrch apod.)","na vozovce je náledí, ujetý sníh - nepos",sněžení,dobré,na jízdním pruhu,žádná místní úprava,přímý úsek,neurčeno,jedoucí - ve směru staničení na komunika,srážka s pevnou překážkou,závory železničního přejezdu,živice,"dobrý, bez závad","v noci - bez veřejného osvětlení, vidite",dvoupruhová,žádný způsob řízení provozu,železniční přejezd zabezpečený,mimo křižovatku,ne,P2800,1083.51098216,Luštěnice - Dobrovice,"20,999",Ne,III.,2746,,50° 21' 10.97122'' N,14° 56' 35.31094'' E,50.35305,14.94314
15.034648986168854,50.420036012470391,10706100100,Sukorady (Středočeský kraj),2010-01-27 13:45:00,komunikace místní,0,řidičem motorového vozidla,s řidičským oprávněním skupiny b,řidič nebyl ovlivněn,"ano, obsah alkoholu v&nbsp;krvi do 0,99‰ (2)","pod vlivem alkoholu, obsah alkoholu v krvi do 0,99‰",0,0,0,2,OPEL,nedošlo k požáru,200,žádné z uvedených,osobní automobil bez přívěsu,1994,"soukromé, nevyužívané k výdělečné činnos",100,nebylo třeba užít násilí,nehoda pouze s hmotnou škodou,z boku,jiné nedání přednosti,"na vozovce je náledí, ujetý sníh - nepos",neztížené,dobré,na jízdním pruhu,přednost vyznačena dopravními značkami,přímý úsek,neurčeno,vozidlo jedoucí - na komunikaci bez stan,srážka s vlakem,"nepřichází v úvahu, nejde o srážku s pev",jiný nezpevněný povrch,"dobrý, bez závad","ve dne, viditelnost nezhoršená vlivem po",dvoupruhová,místní úprava (vyplní se pol. 24),železniční přejezd nezabezpečený,mimo křižovatku,ne,P4649,7.49222936702,Kolomuty - Dolní Bousov,"26,593",Ne,2L,,v lesíku před Dlouhou Lhotou,50° 25' 12.25386'' N,15° 02' 05.06045'' E,50.42007,15.03474
14.946992519686878,50.409238399945906,10706100147,Mladá Boleslav (Středočeský kraj),2010-02-12 18:40:00,silnice 1.třídy,16,závadou komunikace,s řidičským oprávněním skupiny c,řidič nebyl ovlivněn,nezjišťováno,dobrý -žádné nepříznivé okolnosti nebyly zjištěny,0,0,0,1,ŠKODA,žádná z uvedených,20,žádné z uvedených,osobní automobil bez přívěsu,2002,"soukromá organizace (podnikatel, s.r.o.,",20,nebylo třeba užít násilí,nehoda pouze s hmotnou škodou,"nepřichází v úvahu, nejde o srážku jedou",nezaviněná řidičem,povrch mokrý,neztížené,dobré,na jízdním pruhu,žádná místní úprava,přímý úsek,neurčeno,jedoucí - ve směru staničení na komunika,havárie,"nepřichází v úvahu, nejde o srážku s pev",živice,nesouvislé výtluky,"v noci - bez veřejného osvětlení,viditel",dvoupruhová,žádný způsob řízení provozu,železniční přejezd nezabezpečený,mimo křižovatku,ne,P4638,6.99104155791,Mladá Boleslav město - PREYMESSER Řepov,"19,98",Ne,I.,16,"ul.Jičínská, hl.přejezd v Řepově",50° 24' 33.21539'' N,14° 56' 49.52755'' E,50.40923,14.94709
14.946963367437521,50.284918174693416,10706100155,Vlkava (Středočeský kraj),2010-02-18 18:00:00,komunikace účelová - ostatní (parkoviště apod.),0,řidičem motorového vozidla,nezjištěno,jiné ovlivnění,nezjišťováno,jiný nepříznivý stav,0,0,0,1,žádná z uvedených,žádná z uvedených,50,žádné z uvedených,"nezjištěno, řidič ujel",,žádná z uvedených,0,žádná z uvedených,nehoda pouze s hmotnou škodou,"nepřichází v úvahu, nejde o srážku jedou",řidič se plně nevěnoval řízení vozidla,"na vozovce je náledí, ujetý sníh - posyp",neztížené,dobré,na jízdním pruhu,žádná místní úprava,přímý úsek,neurčeno,žádná z uvedených,srážka s pevnou překážkou,závory železničního přejezdu,štěrk,"dobrý, bez závad","v noci - bez veřejného osvětlení,viditel",žádná z uvedených,žádný způsob řízení provozu,železniční přejezd zabezpečený,mimo křižovatku,ne,P2792,12.1914784031,Cachovice - Luštěnice,"13,08",Ne,O,,,50° 17' 06.01879'' N,14° 56' 48.73107'' E,50.28501,14.94687
14.976646431620397,50.406553548652795,10706100247,Kolomuty (Středočeský kraj),2010-03-18 06:30:00,silnice 3.třídy,27515,řidičem motorového vozidla,s řidičským oprávněním skupiny b,řidič nebyl ovlivněn,ne,dobrý -žádné nepříznivé okolnosti nebyly zjištěny,0,0,0,2,CITROEN,nedošlo k požáru,1200,žádné z uvedených,osobní automobil bez přívěsu,2007,"soukromé, nevyužívané k výdělečné činnos",900,nebylo třeba užít násilí,nehoda pouze s hmotnou škodou,z boku,jiné nedání přednosti,"povrch suchý, neznečistěný",neztížené,dobré,na jízdním pruhu,přednost vyznačena dopravními značkami,přímý úsek,neurčeno,jedoucí - ve směru staničení na komunika,srážka s vlakem,"nepřichází v úvahu, nejde o srážku s pev",živice,"dobrý, bez závad","ve dne, viditelnost nezhoršená vlivem po",dvoupruhová,místní úprava (vyplní se pol. 24),železniční přejezd zabezpečený,mimo křižovatku,ne,P4642,4.97627637516,PREYMESSER Řepov - Kolomuty,"22,145",Ne,III.,27515,před zn. Kolomuty,50° 24' 23.67827'' N,14° 58' 35.70904'' E,50.40658,14.97659
14.869192106038525,50.376475170966209,10706100413,Krnsko (Středočeský kraj),2010-05-17 01:55:00,silnice 3.třídy,27225,řidičem motorového vozidla,bez příslušného řidičského oprávnění,řidič nebyl ovlivněn,ano - obsah alkoholu v krvi 1‰ a více (2),pod vlivem alkoholu obsah alkoholu v krvi 1‰ a více,0,1,0,1,ŠKODA,žádná z uvedených,1600,žádné z uvedených,osobní automobil bez přívěsu,2004,"soukromé, nevyužívané k výdělečné činnos",800,nebylo třeba užít násilí,nehoda s následky na životě nebo zdraví,"nepřichází v úvahu, nejde o srážku jedou","nepř. rychlosti dopravně technickému stavu vozovky (zatáčka,klesání,stoupání,šířka apod.)","povrch suchý, neznečistěný",neztížené,dobré,mimo komunikaci,žádná místní úprava,zatáčka,neurčeno,jedoucí - ve směru staničení na komunika,srážka s pevnou překážkou,závory železničního přejezdu,živice,"dobrý, bez závad","v noci - bez veřejného osvětlení,viditel",dvoupruhová,žádný způsob řízení provozu,železniční přejezd zabezpečený,mimo křižovatku,ne,P2695,8.95232969666,Chotětov - Mladá Boleslav hl.n.,"68,235",Ne,III.,27225,,50° 22' 35.50393'' N,14° 52' 08.76145'' E,50.37653,14.8691
14.938819951949748,50.478545191701684,10706100560,Bakov nad Jizerou (Středočeský kraj),2010-07-07 02:00:00,silnice 2.třídy,276,řidičem motorového vozidla,nezjištěno,jiné ovlivnění,nezjišťováno,jiný nepříznivý stav,0,0,0,1,žádná z uvedených,žádná z uvedených,50,žádné z uvedených,"nezjištěno, řidič ujel",,žádná z uvedených,0,žádná z uvedených,nehoda pouze s hmotnou škodou,"nepřichází v úvahu, nejde o srážku jedou",řidič se plně nevěnoval řízení vozidla,"povrch suchý, neznečistěný",neztížené,dobré,na jízdním pruhu,přednost vyznačena dopravními značkami,křižovatka pěti a víceramenná,silnice 3.třídy,žádná z uvedených,srážka s pevnou překážkou,závory železničního přejezdu,živice,"dobrý, bez závad","v noci - s veřejným osvětlením,viditelno",dvoupruhová,místní úprava (vyplní se pol. 24),železniční přejezd zabezpečený,"na křižovatce, uvnitř hranic křižovatky",ne,P2704,21.00735145,Bakov nad Jizerou - Zálučí,"83,428",Ne,III.,2767,"ul.Boleslavská,kdysi R.armády",50° 28' 43.29968'' N,14° 56' 19.06851'' E,50.47869,14.93863
15.038648091798846,50.420973367930294,10706100721,Dlouhá Lhota (Středočeský kraj),2010-09-09 13:05:00,silnice 3.třídy,27939,řidičem motorového vozidla,s řidičským oprávněním skupiny c,řidič nebyl ovlivněn,ne,dobrý -žádné nepříznivé okolnosti nebyly zjištěny,0,0,0,2,ŠKODA,nedošlo k požáru,2000,žádné z uvedených,osobní automobil bez přívěsu,2006,"soukromé, nevyužívané k výdělečné činnos",1200,nebylo třeba užít násilí,nehoda pouze s hmotnou škodou,boční,proti příkazu dopravní značky STŮJ DEJ PŘEDNOST,"povrch suchý, neznečistěný",neztížené,dobré,na jízdním pruhu,přednost vyznačena dopravními značkami,přímý úsek,neurčeno,odstavené - ve směru staničení na komuni,srážka s vlakem,"nepřichází v úvahu, nejde o srážku s pev",živice,"dobrý, bez závad","ve dne, viditelnost nezhoršená vlivem po",dvoupruhová,místní úprava (vyplní se pol. 24),železniční přejezd nezabezpečený,mimo křižovatku,ne,P4650,5.66751577156,Kolomuty - Dolní Bousov,"26,891",Ne,III.,27939,hl. přejezd v Dlouhé Lhotě,50° 25' 15.35460'' N,15° 02' 19.29698'' E,50.42093,15.03869
15.051231922495568,50.421529473438646,10706100796,Dlouhá Lhota (Středočeský kraj),2010-09-24 13:15:00,komunikace účelová - ostatní (parkoviště apod.),0,řidičem motorového vozidla,s řidičským oprávněním skupiny c,řidič nebyl ovlivněn,ne,dobrý -žádné nepříznivé okolnosti nebyly zjištěny,0,1,0,2,žádná z uvedených,nedošlo k požáru,860,žádné z uvedených,traktor (i s přívěsem),2007,"soukromá organizace (podnikatel, s.r.o.,",50,nebylo třeba užít násilí,nehoda s následky na životě nebo zdraví,z boku,jiné nedání přednosti,"povrch suchý, neznečistěný",neztížené,dobré,na jízdním pruhu,přednost vyznačena dopravními značkami,přímý úsek,neurčeno,vozidlo jedoucí - na komunikaci bez stan,srážka s vlakem,"nepřichází v úvahu, nejde o srážku s pev",štěrk,"dobrý, bez závad","ve dne, viditelnost nezhoršená vlivem po",dvoupruhová,místní úprava (vyplní se pol. 24),železniční přejezd nezabezpečený,mimo křižovatku,ne,P4652,256.031947818,Kolomuty - Dolní Bousov,"27,872",Ne,D,,,50° 25' 25.71624'' N,15° 03' 06.18794'' E,50.42381,15.05172
15.038642285155769,50.420990574162985,10706100886,Dlouhá Lhota (Středočeský kraj),2010-10-23 11:58:00,silnice 3.třídy,27939,řidičem motorového vozidla,"nezjištěno, řidič místo nehody opustil",jiné ovlivnění,nezjišťováno,jiný nepříznivý stav,0,0,0,2,BMW,nedošlo k požáru,600,žádné z uvedených,osobní automobil bez přívěsu,2007,"soukromá organizace (podnikatel, s.r.o.,",500,nebylo třeba užít násilí,nehoda pouze s hmotnou škodou,boční,proti příkazu dopravní značky STŮJ DEJ PŘEDNOST,"povrch suchý, neznečistěný",neztížené,dobré,na jízdním pruhu,přednost vyznačena dopravními značkami,přímý úsek,neurčeno,jedoucí - proti směru staničení na komun,srážka s vlakem,"nepřichází v úvahu, nejde o srážku s pev",živice,"dobrý, bez závad","ve dne, viditelnost nezhoršená vlivem po",dvoupruhová,místní úprava (vyplní se pol. 24),železniční přejezd nezabezpečený,mimo křižovatku,ne,P4650,7.54123132779,Kolomuty - Dolní Bousov,"26,891",Ne,III.,27939,hl. přejezd v Dlouhé Lhotě,50° 25' 15.35460'' N,15° 02' 19.29698'' E,50.42093,15.03869
14.95756159819847,50.360030338659804,10706100973,Dobrovice (Středočeský kraj),2010-11-26 08:05:00,silnice 3.třídy,2746,řidičem motorového vozidla,s řidičským oprávněním skupiny b,řidič nebyl ovlivněn,ne,dobrý -žádné nepříznivé okolnosti nebyly zjištěny,0,1,0,2,PEUGEOT,nedošlo k požáru,1100,žádné z uvedených,osobní automobil bez přívěsu,2003,"soukromé, nevyužívané k výdělečné činnos",800,nebylo třeba užít násilí,nehoda s následky na životě nebo zdraví,z boku,"nepř. rychlosti stavu vozovky (náledí, výtluky, bláto, mokrý povrch apod.)","na vozovce je náledí, ujetý sníh - nepos",neztížené,dobré,na jízdním pruhu,přednost vyznačena dopravními značkami,přímý úsek,neurčeno,jedoucí - proti směru staničení na komun,srážka s vlakem,"nepřichází v úvahu, nejde o srážku s pev",živice,"dobrý, bez závad","ve dne, viditelnost nezhoršená vlivem po",dvoupruhová,místní úprava (vyplní se pol. 24),železniční přejezd zabezpečený,mimo křižovatku,ano,P2800,1286.86193096,Luštěnice - Dobrovice,"20,999",Ne,III.,2746,,50° 21' 10.97122'' N,14° 56' 35.31094'' E,50.35305,14.94314
14.857321198472444,50.37439714728356,10706101024,Krnsko (Středočeský kraj),2010-12-13 08:30:00,silnice 3.třídy,27223,řidičem motorového vozidla,s řidičským oprávněním skupiny b,řidič nebyl ovlivněn,ne,dobrý -žádné nepříznivé okolnosti nebyly zjištěny,0,0,0,1,ŠKODA,nedošlo k požáru,1000,žádné z uvedených,osobní automobil bez přívěsu,2010,"soukromá organizace (podnikatel, s.r.o.,",700,nebylo třeba užít násilí,nehoda pouze s hmotnou škodou,"nepřichází v úvahu, nejde o srážku jedou","nepř. rychlosti stavu vozovky (náledí, výtluky, bláto, mokrý povrch apod.)","na vozovce je náledí, ujetý sníh - nepos",neztížené,dobré,na jízdním pruhu,žádná místní úprava,zatáčka,neurčeno,jedoucí - ve směru staničení na komunika,srážka s pevnou překážkou,závory železničního přejezdu,živice,"dobrý, bez závad","ve dne, viditelnost nezhoršená vlivem po",dvoupruhová,světelným signalizačním zařízením,železniční přejezd zabezpečený,mimo křižovatku,ano,P2695,870.788915417,Chotětov - Mladá Boleslav hl.n.,"68,235",Ne,III.,27225,,50° 22' 35.50393'' N,14° 52' 08.76145'' E,50.37653,14.8691
14.80394835856595,50.190533227974441,10806090571,Lysá nad Labem (Středočeský kraj),2009-10-30 14:55:00,silnice 3.třídy,3315,řidičem motorového vozidla,s řidičským oprávněním skupiny b,oslněn sluncem,nezjišťováno,dobrý -žádné nepříznivé okolnosti nebyly zjištěny,1,0,0,2,PEUGEOT,žádná z uvedených,6550,"došlo k úniku pohonných hmot, oleje, chl",osobní automobil bez přívěsu,1992,"soukromé, nevyužívané k výdělečné činnos",200,nebylo třeba užít násilí,nehoda s následky na životě nebo zdraví,z boku,řidič se plně nevěnoval řízení vozidla,"povrch suchý, neznečistěný",neztížené,dobré,na jízdním pruhu,žádná místní úprava,přímý úsek,neurčeno,jedoucí - ve směru staničení na komunika,srážka s vlakem,"nepřichází v úvahu, nejde o srážku s pev",živice,"dobrý, bez závad","ve dne, viditelnost nezhoršená vlivem po",dvoupruhová,světelným signalizačním zařízením,železniční přejezd nezabezpečený,mimo křižovatku,ne,P3611,9.60086157688,Lysá nad Labem - Kovohutě Čelákovice,"2,832",Ano,III.,3315,Šikmý směr Byšičky,50° 11' 26.03894'' N,14° 48' 14.64141'' E,50.19057,14.80407
15.251111752333474,50.135007746831874,10806090575,Opolany (Středočeský kraj),2009-11-11 03:35:00,silnice 3.třídy,32812,řidičem motorového vozidla,s řidičským oprávněním skupiny c,řidič nebyl ovlivněn,ne,dobrý -žádné nepříznivé okolnosti nebyly zjištěny,0,0,0,1,PEUGEOT,nedošlo k požáru,700,žádné z uvedených,osobní automobil bez přívěsu,1998,"soukromé, nevyužívané k výdělečné činnos",400,nebylo třeba užít násilí,nehoda pouze s hmotnou škodou,"nepřichází v úvahu, nejde o srážku jedou",nepř. rychlosti vlastnostem vozidla a nákladu,"povrch suchý, neznečistěný",neztížené,dobré,žádné z uvedených,žádná místní úprava,zatáčka,neurčeno,jedoucí - proti směru staničení na komun,srážka s pevnou překážkou,"jiná překážka (zábradlí,oplocení,násep,n",živice,"dobrý, bez závad","v noci - bez veřejného osvětlení,viditel",dvoupruhová,žádný způsob řízení provozu,železniční přejezd zabezpečený,mimo křižovatku,ne,P3969,7.19556637031,Kanín - Dobšice nad Cidlinou,"5,711",Ano,III.,32812,Badra,50° 08' 05.88401'' N,15° 15' 03.69166'' E,50.13497,15.25103
15.187672652217335,50.122173260959329,10806100083,Opolany (Středočeský kraj),2010-02-28 00:55:00,silnice 3.třídy,3283,řidičem motorového vozidla,s řidičským oprávněním skupiny b,řidič nebyl ovlivněn,nezjišťováno,dobrý -žádné nepříznivé okolnosti nebyly zjištěny,0,0,1,2,FIAT,žádná z uvedených,2600,žádné z uvedených,osobní automobil bez přívěsu,1993,"soukromé, nevyužívané k výdělečné činnos",300,použitím speciální vyprošťovací techniky,nehoda s následky na životě nebo zdraví,boční,jiné nedání přednosti,"povrch suchý, neznečistěný",neztížené,dobré,na jízdním pruhu,žádná místní úprava,přímý úsek,neurčeno,jedoucí - ve směru staničení na komunika,srážka s vlakem,"nepřichází v úvahu, nejde o srážku s pev",živice,"dobrý, bez závad","v noci - bez veřejného osvětlení,viditel",dvoupruhová,světelným signalizačním zařízením,železniční přejezd nezabezpečený,mimo křižovatku,ne,P3583,4.87366366332,Velký Osek - Libice nad Cidlinou,"309,399",Ano,III.,3283,Kánínský,50° 07' 19.84511'' N,15° 11' 15.85644'' E,50.12218,15.18774
14.857601039074428,50.200347782097346,10806100210,Lysá nad Labem (Středočeský kraj),2010-05-20 06:55:00,silnice 3.třídy,2725,řidičem motorového vozidla,nezjištěno,jiné ovlivnění,nezjišťováno,jiný nepříznivý stav,0,0,0,1,žádná z uvedených,žádná z uvedených,90,žádné z uvedených,"nezjištěno, řidič ujel",,žádná z uvedených,0,žádná z uvedených,nehoda pouze s hmotnou škodou,"nepřichází v úvahu, nejde o srážku jedou",jiné nedání přednosti,"povrch suchý, neznečistěný",neztížené,dobré,na jízdním pruhu,přednost vyznačena přenosnými dopravními,přímý úsek,neurčeno,žádná z uvedených,srážka s pevnou překážkou,závory železničního přejezdu,živice,"dobrý, bez závad","ve dne, viditelnost nezhoršená vlivem po",dvoupruhová,místní úprava (vyplní se pol. 24),železniční přejezd zabezpečený,mimo křižovatku,ne,P2923,6.42558507458,Lysá nad Labem - Milovice,"1,492",Ano,III.,2725,U Výzkumáku,50° 12' 01.04861'' N,14° 51' 27.36449'' E,50.20029,14.8576
15.129326566360298,50.146049906617357,10806100456,Poděbrady (Středočeský kraj),2010-10-10 18:20:00,silnice 3.třídy,32916,řidičem motorového vozidla,nezjištěno,jiné ovlivnění,nezjišťováno,jiný nepříznivý stav,0,0,0,1,žádná z uvedených,žádná z uvedených,250,žádné z uvedených,"nezjištěno, řidič ujel",,žádná z uvedených,0,žádná z uvedených,nehoda pouze s hmotnou škodou,"nepřichází v úvahu, nejde o srážku jedou",řidič se plně nevěnoval řízení vozidla,"povrch suchý, neznečistěný",neztížené,dobré,na jízdním pruhu,žádná místní úprava,přímý úsek,neurčeno,žádná z uvedených,srážka s pevnou překážkou,závory železničního přejezdu,dlažba,"dobrý, bez závad","ve dne, viditelnost nezhoršená vlivem po",dvoupruhová,žádný způsob řízení provozu,železniční přejezd zabezpečený,mimo křižovatku,ne,P3588,4.72171183162,Libice nad Cidlinou - Poděbrady,"314,595",Ano,III.,32916,U Sklárny,50° 08' 45.89144'' N,15° 07' 45.41397'' E,50.14608,15.12928
15.180976331396465,50.300599699618814,10806100599,Rožďalovice (Středočeský kraj),2010-12-23 07:30:00,silnice 3.třídy,32827,řidičem motorového vozidla,nezjištěno,jiné ovlivnění,nezjišťováno,jiný nepříznivý stav,0,0,0,1,žádná z uvedených,žádná z uvedených,100,žádné z uvedených,"nezjištěno, řidič ujel",,žádná z uvedených,0,žádná z uvedených,nehoda pouze s hmotnou škodou,"nepřichází v úvahu, nejde o srážku jedou",řidič se plně nevěnoval řízení vozidla,povrch mokrý,neztížené,dobré,na jízdním pruhu,žádná místní úprava,přímý úsek,neurčeno,žádná z uvedených,srážka s pevnou překážkou,závory železničního přejezdu,živice,"dobrý, bez závad","ve dne, viditelnost nezhoršená vlivem po",dvoupruhová,světelným signalizačním zařízením,železniční přejezd zabezpečený,mimo křižovatku,ne,P4613,3.47266519423,žst. Rožďalovice,"17,979",Ne,III.,32827,,50° 18' 02.13805'' N,15° 10' 51.35172'' E,50.30059,15.18093
13.917794828968207,49.528546902818327,11106090826,Hudčice (Středočeský kraj),2009-10-26 14:52:00,silnice 2.třídy,174,řidičem motorového vozidla,s řidičským oprávněním skupiny c,řidič nebyl ovlivněn,ne,dobrý -žádné nepříznivé okolnosti nebyly zjištěny,0,0,0,2,ŠKODA,žádná z uvedených,50,žádné z uvedených,osobní automobil bez přívěsu,1996,"soukromé, nevyužívané k výdělečné činnos",20,nebylo třeba užít násilí,nehoda pouze s hmotnou škodou,z boku,proti příkazu dopravní značky STŮJ DEJ PŘEDNOST,"povrch suchý, neznečistěný",neztížené,dobré,na jízdním pruhu,přednost vyznačena dopravními značkami,přímý úsek,neurčeno,jedoucí - proti směru staničení na komun,srážka s vlakem,"nepřichází v úvahu, nejde o srážku s pev",živice,"dobrý, bez závad","ve dne, viditelnost nezhoršená vlivem po",dvoupruhová,místní úprava (vyplní se pol. 24),železniční přejezd nezabezpečený,mimo křižovatku,ne,P1313,3.48944068249,HUDČICE - Bělčice,"7,009",Ne,II.,174,Koupský vršek,49° 31' 42.67409'' N,13° 55' 03.95711'' E,49.52852,13.91777
14.225111563065978,49.788145576090791,11106091003,Mokrovraty (Středočeský kraj),2009-12-28 07:35:00,silnice 2.třídy,114,řidičem motorového vozidla,s řidičským oprávněním skupiny c,řidič nebyl ovlivněn,ne,dobrý -žádné nepříznivé okolnosti nebyly zjištěny,0,0,0,2,OPEL,nedošlo k požáru,830,žádné z uvedených,osobní automobil bez přívěsu,1995,"soukromé, nevyužívané k výdělečné činnos",400,nebylo třeba užít násilí,nehoda pouze s hmotnou škodou,z boku,proti příkazu dopravní značky STŮJ DEJ PŘEDNOST,"na vozovce je náledí, ujetý sníh - nepos","tvoří se námraza, náledí",dobré,mimo komunikaci,přednost vyznačena dopravními značkami,přímý úsek,neurčeno,jedoucí - ve směru staničení na komunika,srážka s vlakem,"nepřichází v úvahu, nejde o srážku s pev",živice,"dobrý, bez závad","ve dne, zhoršená viditelnost vlivem pově",dvoupruhová,místní úprava (vyplní se pol. 24),železniční přejezd nezabezpečený,mimo křižovatku,ano,P5739,23.4979605105,"Dobříš km 0,106 = km 1,106 - Malá Hraštice","3,521",Ne,II.,114,Knínský,49° 47' 16.67854'' N,14° 13' 29.75758'' E,49.78797,14.22493