X,Y,id,obec,datum,komunikace,komunika_1,zavineni,ridic_kate,ridic_ovli,vinik_alko,ridic_stav,obeti_usmr,obeti_lehc,obeti_tezc,vozidel_ce,vinik_vozi,vinik_vo_1,skoda,unik_hmot,vinik_vo_2,vinik_vo_3,vinik_vo_4,vinik_skod,vyprosteni,nehoda_cha,srazka_voz,hlavni_pri,povrch_sta,meteo,rozhled,nehoda_pol,prednost_v,smerove_po,druh_krizu,smer_jizdy,nehoda_dru,pevna_prek,povrch_dru,komunika_2,viditelnos,komunika_3,rizeni_pro,objekty,misto_neho,smyk,neighbors_TargetID,neighbors_Distance,neighbors_prejezdy-dec_Název definičního úseku,neighbors_prejezdy-dec_Žkm přejezdu,neighbors_prejezdy-dec_Přejezd s trolejovým vedením,neighbors_prejezdy-dec_Třída pozemní komunikace,neighbors_prejezdy-dec_Číslo pozemní komunikace,neighbors_prejezdy-dec_Místní název přejezdu,neighbors_prejezdy-dec_Zeměpisná šířka,neighbors_prejezdy-dec_Zeměpisná délka,neighbors_prejezdy-dec_field_10,neighbors_prejezdy-dec_field_11
14.187169305972112,50.092372940521365,11606090516,Jeneč (Středočeský kraj),2009-09-28 18:30:00,silnice 1.třídy,6,řidičem motorového vozidla,nezjištěno,jiné ovlivnění,nezjišťováno,jiný nepříznivý stav,0,0,0,1,žádná z uvedených,žádná z uvedených,100,žádné z uvedených,"nezjištěno, řidič ujel",,žádná z uvedených,0,žádná z uvedených,nehoda pouze s hmotnou škodou,"nepřichází v úvahu, nejde o srážku jedou",nezvládnutí řízení vozidla,"povrch suchý, neznečistěný",neztížené,dobré,na jízdním pruhu,přednost nevyznačena - vyplývá z pravide,přímý úsek,neurčeno,žádná z uvedených,srážka s pevnou překážkou,závory železničního přejezdu,živice,"dobrý, bez závad","ve dne, viditelnost nezhoršená vlivem po",dvoupruhová,místní úprava (vyplní se pol. 24),železniční přejezd zabezpečený,mimo křižovatku,ne,P19,16.3875809725,Jeneč - Unhošť,"20,196",Ne,I.,,,50° 05' 32.24721'' N,14° 11' 13.12959'' E,50.09229,14.18698
14.276884328170322,49.92490464633471,11606100019,Dobřichovice (Středočeský kraj),2010-01-14 08:17:00,silnice 3.třídy,11510,řidičem motorového vozidla,s řidičským oprávněním skupiny b,řidič nebyl ovlivněn,ne,dobrý -žádné nepříznivé okolnosti nebyly zjištěny,0,0,0,2,SAAB,nedošlo k požáru,100,žádné z uvedených,osobní automobil bez přívěsu,1995,"soukromé, nevyužívané k výdělečné činnos",0,nebylo třeba užít násilí,nehoda pouze s hmotnou škodou,boční,"nepř. rychlosti stavu vozovky (náledí, výtluky, bláto, mokrý povrch apod.)","na vozovce je náledí, ujetý sníh - posyp",neztížené,dobré,na jízdním pruhu,žádná místní úprava,křižovatka průsečná - čtyřramenná,místní komunikace,zachycuje směr jízdy křižovatkou,srážka s jedoucím nekolejovým vozidlem,"nepřichází v úvahu, nejde o srážku s pev",živice,"dobrý, bez závad","ve dne, viditelnost nezhoršená vlivem po",dvoupruhová,světelným signalizačním zařízením,železniční přejezd zabezpečený,"na křižovatce, uvnitř hranic křižovatky",ne,P270,12.5513709611,Dobřichovice - Řevnice,"20,514",Ano,III.,11510,u mostu,49° 55' 29.97342'' N,14° 16' 36.36239'' E,49.92499,14.27677
14.246063965275029,50.030834699732672,11606100041,Jinočany (Středočeský kraj),2010-01-29 19:25:00,silnice 3.třídy,516,řidičem motorového vozidla,s řidičským oprávněním skupiny b,řidič nebyl ovlivněn,ne,dobrý -žádné nepříznivé okolnosti nebyly zjištěny,0,0,0,1,FORD,žádná z uvedených,230,žádné z uvedených,osobní automobil bez přívěsu,2009,"soukromé, nevyužívané k výdělečné činnos",200,nebylo třeba užít násilí,nehoda pouze s hmotnou škodou,"nepřichází v úvahu, nejde o srážku jedou",nezvládnutí řízení vozidla,"na vozovce je náledí, ujetý sníh - nepos",neztížené,dobré,žádné z uvedených,přednost nevyznačena - vyplývá z pravide,přímý úsek,neurčeno,jedoucí - ve směru staničení na komunika,srážka s pevnou překážkou,"odrazník, patník, sloupek, dopr.značky a",živice,"dobrý, bez závad","ve dne, zhoršená viditelnost (svítání,so",dvoupruhová,žádný způsob řízení provozu,železniční přejezd zabezpečený,mimo křižovatku,ano,P2229,895.382247136,Praha-Řeporyje - Rudná u Prahy,"14,325",Ne,III.,516,,50° 01' 54.88895'' N,14° 15' 30.40771'' E,50.03191,14.25845
13.227050686460124,49.374306705856043,30406100314,Bezděkov (Plzeňský kraj),2010-10-10 08:15:00,silnice 3.třídy,18510,řidičem motorového vozidla,s řidičským oprávněním skupiny c,řidič nebyl ovlivněn,ne,dobrý -žádné nepříznivé okolnosti nebyly zjištěny,0,0,0,2,NISSAN,nedošlo k požáru,3600,žádné z uvedených,nákladní automobil s přívěsem,2000,"soukromé, nevyužívané k výdělečné činnos",100,nebylo třeba užít násilí,nehoda pouze s hmotnou škodou,boční,jiné nedání přednosti,"povrch suchý, neznečistěný",neztížené,dobré,na jízdním pruhu,žádná místní úprava,zatáčka,neurčeno,jedoucí - ve směru staničení na komunika,srážka s vlakem,"nepřichází v úvahu, nejde o srážku s pev",živice,"dobrý, bez závad","ve dne, viditelnost nezhoršená vlivem po",dvoupruhová,světelným signalizačním zařízením,železniční přejezd nezabezpečený,mimo křižovatku,ne,P847,5.31455251592,Janovice nad Úhlavou - Klatovy,"44,499",Ne,III.,18510,Rohozno st.sil.,49° 22' 27.40297'' N,13° 13' 37.16389'' E,49.37428,13.22699
14.276800065191665,49.924966241515328,11606100191,Dobřichovice (Středočeský kraj),2010-06-06 13:45:00,komunikace místní,0,řidičem motorového vozidla,nezjištěno,jiné ovlivnění,nezjišťováno,jiný nepříznivý stav,0,0,0,1,žádná z uvedených,žádná z uvedených,50,žádné z uvedených,"nezjištěno, řidič ujel",,žádná z uvedených,0,žádná z uvedených,nehoda pouze s hmotnou škodou,"nepřichází v úvahu, nejde o srážku jedou",řidič se plně nevěnoval řízení vozidla,povrch mokrý,déšť,dobré,na jízdním pruhu,přednost vyznačena dopravními značkami,křižovatka styková - tříramenná,místní komunikace,žádná z uvedených,srážka s pevnou překážkou,závory železničního přejezdu,živice,"dobrý, bez závad","ve dne, viditelnost nezhoršená vlivem po",dvoupruhová,místní úprava (vyplní se pol. 24),železniční přejezd zabezpečený,"na křižovatce,jedná-li se o křížení siln",ne,P270,3.41365430268,Dobřichovice - Řevnice,"20,514",Ano,III.,11510,u mostu,49° 55' 29.97342'' N,14° 16' 36.36239'' E,49.92499,14.27677
14.323322947538854,49.959342267580588,11606100207,Černošice (Středočeský kraj),2010-06-14 16:45:00,komunikace místní,0,chodcem,nezjištěno,jiné ovlivnění,ne,jiný nepříznivý stav,0,0,1,1,žádná z uvedených,žádná z uvedených,0,žádné z uvedených,vlak,,žádná z uvedených,0,žádná z uvedených,nehoda s následky na životě nebo zdraví,"nepřichází v úvahu, nejde o srážku jedou",nezaviněná řidičem,"povrch suchý, neznečistěný",neztížené,dobré,žádné z uvedených,žádná místní úprava,přímý úsek,neurčeno,žádná z uvedených,srážka s chodcem,"nepřichází v úvahu, nejde o srážku s pev","žádný z uvedených (písek,dřevo atd.)","dobrý, bez závad","ve dne, viditelnost nezhoršená vlivem po",žádná z uvedených,světelným signalizačním zařízením,železniční přejezd zabezpečený,mimo křižovatku,ne,P265,7.38954251558,Praha-Radotín - Dobřichovice,"14,212",Ano,III.,,"ul. Kazínská, Vrážská",49° 57' 33.53709'' N,14° 19' 24.31073'' E,49.95932,14.32342
14.323380755461644,49.959302859268554,11606100372,Černošice (Středočeský kraj),2010-09-26 13:30:00,komunikace místní,0,chodcem,nezjištěno,jiné ovlivnění,ne,jiný nepříznivý stav,0,0,1,1,žádná z uvedených,žádná z uvedených,0,žádné z uvedených,vlak,,žádná z uvedených,0,žádná z uvedených,nehoda s následky na životě nebo zdraví,"nepřichází v úvahu, nejde o srážku jedou",nezaviněná řidičem,povrch mokrý,neztížené,dobré,na jízdním pruhu,žádná místní úprava,křižovatka styková - tříramenná,místní komunikace,žádná z uvedených,srážka s chodcem,"nepřichází v úvahu, nejde o srážku s pev",živice,"dobrý, bez závad","ve dne, viditelnost nezhoršená vlivem po",dvoupruhová,světelným signalizačním zařízením,železniční přejezd zabezpečený,"na křižovatce,jedná-li se o křížení siln",ne,P265,3.40070883073,Praha-Radotín - Dobřichovice,"14,212",Ano,III.,,"ul. Kazínská, Vrážská",49° 57' 33.53709'' N,14° 19' 24.31073'' E,49.95932,14.32342
14.268597736965166,49.853221548908671,11606100471,Mníšek pod Brdy (Středočeský kraj),2010-11-26 15:45:00,silnice 2.třídy,116,řidičem motorového vozidla,nezjištěno,jiné ovlivnění,nezjišťováno,jiný nepříznivý stav,0,0,0,1,žádná z uvedených,žádná z uvedených,150,žádné z uvedených,"nezjištěno, řidič ujel",,žádná z uvedených,0,žádná z uvedených,nehoda pouze s hmotnou škodou,"nepřichází v úvahu, nejde o srážku jedou",jiný druh nesprávného způsobu jízdy,povrch mokrý,neztížené,dobré,na jízdním pruhu,přednost nevyznačena - vyplývá z pravide,přímý úsek,neurčeno,žádná z uvedených,srážka s pevnou překážkou,závory železničního přejezdu,živice,"dobrý, bez závad","ve dne, viditelnost nezhoršená vlivem po",dvoupruhová,místní úprava (vyplní se pol. 24),železniční přejezd zabezpečený,mimo křižovatku,ne,P5754,7.35295927304,Malá Hraštice - Mníšek pod Brdy,"14,711",Ne,II.,116,,49° 51' 11.81809'' N,14° 16' 06.76585'' E,49.85328,14.26855
14.293325344577319,49.113832069894102,20106090705,Dívčice (Jihočeský kraj),2009-08-22 22:05:00,komunikace místní,0,řidičem motorového vozidla,s řidičským oprávněním skupiny b,řidič nebyl ovlivněn,"ano, obsah alkoholu v&nbsp;krvi do 0,99‰ (2)","pod vlivem alkoholu, obsah alkoholu v krvi do 0,99‰",0,0,0,2,PEUGEOT,žádná z uvedených,1400,"došlo k úniku pohonných hmot, oleje, chl",osobní automobil bez přívěsu,1989,"soukromé, nevyužívané k výdělečné činnos",250,nebylo třeba užít násilí,nehoda pouze s hmotnou škodou,boční,nepř. rychlosti vlastnostem vozidla a nákladu,povrch mokrý,neztížené,dobré,na jízdním pruhu,žádná místní úprava,zatáčka,neurčeno,vozidlo jedoucí - na komunikaci bez stan,srážka s vlakem,"nepřichází v úvahu, nejde o srážku s pev",živice,"dobrý, bez závad","v noci - bez veřejného osvětlení,viditel",dvoupruhová,světelným signalizačním zařízením,železniční přejezd zabezpečený,mimo křižovatku,ne,P1140,22.1589956865,Dívčice - Číčenice,"235,606",Ano,C,,Dubenecký 1,49° 06' 50.23162'' N,14° 17' 36.83401'' E,49.11395,14.29357
14.486486611564157,48.980487719665248,20106090764,České Budějovice (Jihočeský kraj),2009-09-09 18:16:00,komunikace místní,0,řidičem motorového vozidla,s řidičským oprávněním skupiny b,řidič nebyl ovlivněn,ne,dobrý -žádné nepříznivé okolnosti nebyly zjištěny,0,1,0,2,ŠKODA,nedošlo k požáru,900,žádné z uvedených,osobní automobil bez přívěsu,1998,"soukromé, nevyužívané k výdělečné činnos",800,nebylo třeba užít násilí,nehoda s následky na životě nebo zdraví,z boku,jiné nedání přednosti,"povrch suchý, neznečistěný",neztížené,dobré,na jízdním pruhu,žádná místní úprava,přímý úsek po projetí zatáčkou (do vzdál,neurčeno,vozidlo jedoucí - na komunikaci bez stan,srážka s vlakem,"nepřichází v úvahu, nejde o srážku s pev",živice,"dobrý, bez závad","ve dne, viditelnost nezhoršená vlivem po",dvoupruhová,světelným signalizačním zařízením,železniční přejezd zabezpečený,mimo křižovatku,ne,P1125,11.0002038694,"žst. Č.Budějovice-seř.n. - (kolej č. 102b, 906A, 906)","214,097",Ano,MK,,"\""A\"" Sfinx",48° 58' 50.05103'' N,14° 29' 11.65264'' E,48.98057,14.48657
14.480958400300363,49.021371325881439,20106090925,Hrdějovice (Jihočeský kraj),2009-11-11 04:10:00,komunikace místní,0,řidičem motorového vozidla,s řidičským oprávněním skupiny b,řidič nebyl ovlivněn,"ano, obsah alkoholu v&nbsp;krvi do 0,99‰ (2)","pod vlivem alkoholu, obsah alkoholu v krvi do 0,99‰",0,0,0,2,ŠKODA,žádná z uvedených,900,žádné z uvedených,osobní automobil bez přívěsu,2000,"soukromé, nevyužívané k výdělečné činnos",800,nebylo třeba užít násilí,nehoda pouze s hmotnou škodou,z boku,jiné nedání přednosti,"povrch suchý, neznečistěný",neztížené,dobré,na jízdním pruhu,žádná místní úprava,přímý úsek,neurčeno,vozidlo jedoucí - na komunikaci bez stan,srážka s vlakem,"nepřichází v úvahu, nejde o srážku s pev",živice,"dobrý, bez závad","v noci - s veřejným osvětlením,viditelno",dvoupruhová,světelným signalizačním zařízením,železniční přejezd zabezpečený,mimo křižovatku,ne,P6095,13.500980698,Nemanice I. - Hluboká n/Vlt Zámostí,"5,682",Ano,C,,k Těšínu,49° 01' 17.13986'' N,14° 28' 52.01448'' E,49.02143,14.48112
14.486518615871336,48.980614735812495,20106091007,České Budějovice (Jihočeský kraj),2009-12-12 07:34:00,komunikace místní,0,řidičem motorového vozidla,s řidičským oprávněním skupiny c,řidič nebyl ovlivněn,ne,dobrý -žádné nepříznivé okolnosti nebyly zjištěny,0,0,0,2,ŠKODA,nedošlo k požáru,2300,žádné z uvedených,osobní automobil bez přívěsu,2006,"soukromé, nevyužívané k výdělečné činnos",1200,nebylo třeba užít násilí,nehoda pouze s hmotnou škodou,z boku,jiné nedání přednosti,"povrch suchý, neznečistěný",neztížené,dobré,žádné z uvedených,žádná místní úprava,přímý úsek po projetí zatáčkou (do vzdál,neurčeno,vozidlo jedoucí - na komunikaci bez stan,srážka s vlakem,"nepřichází v úvahu, nejde o srážku s pev",živice,"dobrý, bez závad","ve dne, viditelnost nezhoršená vlivem po",dvoupruhová,světelným signalizačním zařízením,železniční přejezd nezabezpečený,mimo křižovatku,ne,P1125,6.23543034478,"žst. Č.Budějovice-seř.n. - (kolej č. 102b, 906A, 906)","214,097",Ano,MK,,"\""A\"" Sfinx",48° 58' 50.05103'' N,14° 29' 11.65264'' E,48.98057,14.48657
14.477898506578768,48.998360325098709,20106100109,České Budějovice (Jihočeský kraj),2010-02-22 10:15:00,komunikace místní,0,řidičem motorového vozidla,s řidičským oprávněním skupiny b,řidič nebyl ovlivněn,ne,dobrý -žádné nepříznivé okolnosti nebyly zjištěny,0,1,0,2,FIAT,nedošlo k požáru,2900,"došlo k úniku pohonných hmot, oleje, chl",osobní automobil bez přívěsu,2000,"soukromé, nevyužívané k výdělečné činnos",600,nebylo třeba užít násilí,nehoda s následky na životě nebo zdraví,z boku,jiné nedání přednosti,"povrch suchý, neznečistěný",neztížené,dobré,na jízdním pruhu,žádná místní úprava,přímý úsek,neurčeno,vozidlo jedoucí - na komunikaci bez stan,srážka s vlakem,"nepřichází v úvahu, nejde o srážku s pev",živice,"dobrý, bez závad","ve dne, viditelnost nezhoršená vlivem po",dvoupruhová,světelným signalizačním zařízením,železniční přejezd nezabezpečený,mimo křižovatku,ne,P1128,7.29941838095,,"216,168",ano,,,,48° 59' 54.058'' N,14° 28' 40.084'' E,48.99835,14.4778
14.47266373857917,48.944009230872147,20106100705,České Budějovice (Jihočeský kraj),2010-09-24 14:20:00,komunikace místní,0,řidičem motorového vozidla,s řidičským oprávněním skupiny b,řidič nebyl ovlivněn,ne,dobrý -žádné nepříznivé okolnosti nebyly zjištěny,0,1,0,2,RENAULT,nedošlo k požáru,710,"došlo k úniku pohonných hmot, oleje, chl",osobní automobil bez přívěsu,1994,"soukromé, nevyužívané k výdělečné činnos",200,nebylo třeba užít násilí,nehoda s následky na životě nebo zdraví,boční,jiné nedání přednosti,"povrch suchý, neznečistěný",neztížené,dobré,na jízdním pruhu,žádná místní úprava,přímý úsek po projetí zatáčkou (do vzdál,neurčeno,vozidlo jedoucí - na komunikaci bez stan,srážka s vlakem,"nepřichází v úvahu, nejde o srážku s pev",živice,"dobrý, bez závad","ve dne, viditelnost nezhoršená vlivem po",dvoupruhová,světelným signalizačním zařízením,železniční přejezd zabezpečený,mimo křižovatku,ne,P5580,11.5674235021,Včelná - odb. Roznov,"115,134",Ano,B,,Roudné,48° 56' 38.29709'' N,14° 28' 22.10895'' E,48.94397,14.47281
14.451695832956711,48.909812735150453,20106100754,Kamenný Újezd (Jihočeský kraj),2010-10-11 14:10:00,silnice 3.třídy,354,řidičem motorového vozidla,s řidičským oprávněním skupiny b,řidič nebyl ovlivněn,ne,dobrý -žádné nepříznivé okolnosti nebyly zjištěny,0,1,0,2,MERCEDES,nedošlo k požáru,1000,"došlo k úniku pohonných hmot, oleje, chl",osobní automobil bez přívěsu,2004,"soukromá organizace (podnikatel, s.r.o.,",500,nebylo třeba užít násilí,nehoda s následky na životě nebo zdraví,zezadu,řidič se plně nevěnoval řízení vozidla,"povrch suchý, neznečistěný",neztížené,dobré,na jízdním pruhu,žádná místní úprava,přímý úsek,neurčeno,jedoucí - proti směru staničení na komun,srážka s jedoucím nekolejovým vozidlem,"nepřichází v úvahu, nejde o srážku s pev",živice,"dobrý, bez závad","ve dne, viditelnost nezhoršená vlivem po",dvoupruhová,žádný způsob řízení provozu,železniční přejezd zabezpečený,mimo křižovatku,ne,P5577,50.7582563889,Kamenný Újezd u Č.Budějovic - Včelná,"108,734",Ano,III.,354,"\""Na Dolech\"",zast.K.Újezd",48° 54' 33.86927'' N,14° 27' 04.94105'' E,48.90941,14.45137
14.480953399576954,49.021277314011748,20106100989,Hrdějovice (Jihočeský kraj),2010-12-23 15:10:00,komunikace místní,0,řidičem motorového vozidla,s řidičským oprávněním skupiny c,řidič nebyl ovlivněn,ne,dobrý -žádné nepříznivé okolnosti nebyly zjištěny,0,0,0,2,AVIA,nedošlo k požáru,510,žádné z uvedených,"nákladní automobil (včetně multikáry, au",1996,"soukromé, nevyužívané k výdělečné činnos",10,nebylo třeba užít násilí,nehoda pouze s hmotnou škodou,"nepřichází v úvahu, nejde o srážku jedou",jiné nedání přednosti,povrch mokrý,neztížené,dobré,na jízdním pruhu,přednost vyznačena přenosnými dopravními,přímý úsek,neurčeno,vozidlo jedoucí - na komunikaci bez stan,srážka s pevnou překážkou,závory železničního přejezdu,živice,"dobrý, bez závad","ve dne, viditelnost nezhoršená vlivem po",dvoupruhová,místní úprava (vyplní se pol. 24),železniční přejezd zabezpečený,mimo křižovatku,ne,P6095,20.9004751515,Nemanice I. - Hluboká n/Vlt Zámostí,"5,682",Ano,C,,k Těšínu,49° 01' 17.13986'' N,14° 28' 52.01448'' E,49.02143,14.48112
14.053466588062996,48.750746951518977,20206090186,Horní Planá (Jihočeský kraj),2009-07-10 15:45:00,komunikace účelová - ostatní (parkoviště apod.),0,řidičem motorového vozidla,s řidičským oprávněním skupiny b,řidič nebyl ovlivněn,nezjišťováno,dobrý -žádné nepříznivé okolnosti nebyly zjištěny,2,1,1,2,ŠKODA,nedošlo k požáru,3700,žádné z uvedených,osobní automobil bez přívěsu,,registrované mimo území ČR,3000,nebylo třeba užít násilí,nehoda s následky na životě nebo zdraví,z boku,jiné nedání přednosti,"povrch suchý, neznečistěný",neztížené,dobré,na jízdním pruhu,přednost nevyznačena - vyplývá z pravide,přímý úsek,neurčeno,vozidlo jedoucí - na komunikaci bez stan,srážka s vlakem,"nepřichází v úvahu, nejde o srážku s pev",živice,"dobrý, bez závad","ve dne, viditelnost nezhoršená vlivem po",dvoupruhová,místní úprava (vyplní se pol. 24),železniční přejezd nezabezpečený,mimo křižovatku,ne,P1638,3.15411655313,Černá v Pošumaví - Horní Planá,"61,043",Ne,O,,Na Karláku,48° 45' 02.59881'' N,14° 03' 12.54567'' E,48.75072,14.05348
14.24669491788158,48.6298245096472,20206090224,Loučovice (Jihočeský kraj),2009-08-08 20:18:00,komunikace místní,0,řidičem motorového vozidla,s řidičským oprávněním skupiny c,řidič nebyl ovlivněn,ne,dobrý -žádné nepříznivé okolnosti nebyly zjištěny,0,0,0,2,ŠKODA,nedošlo k požáru,250,žádné z uvedených,osobní automobil bez přívěsu,2001,"soukromé, nevyužívané k výdělečné činnos",200,nebylo třeba užít násilí,nehoda pouze s hmotnou škodou,z boku,jiné nedání přednosti,"povrch suchý, neznečistěný",neztížené,dobré,žádné z uvedených,žádná místní úprava,přímý úsek,neurčeno,vozidlo jedoucí - na komunikaci bez stan,srážka s vlakem,"nepřichází v úvahu, nejde o srážku s pev",živice,"dobrý, bez závad","ve dne, zhoršená viditelnost (svítání,so",dvoupruhová,žádný způsob řízení provozu,železniční přejezd nezabezpečený,mimo křižovatku,ne,P6135,98.9212860805,Loučovice zastávka - Lipno n/Vlt.,"21,166",Ano,MK,,Lipno nad Vlt.,48° 37' 44.23439'' N,14° 14' 48.96765'' E,48.62895,14.24694
14.34834761263123,48.883519730351871,20206090254,Holubov (Jihočeský kraj),2009-08-30 16:30:00,komunikace místní,0,řidičem motorového vozidla,s řidičským oprávněním skupiny b,řidič nebyl ovlivněn,ne,dobrý -žádné nepříznivé okolnosti nebyly zjištěny,0,0,0,2,ŠKODA,nedošlo k požáru,960,"došlo k úniku pohonných hmot, oleje, chl",osobní automobil bez přívěsu,2006,"soukromé, využívané k výdělečné činnosti",950,nebylo třeba užít násilí,nehoda pouze s hmotnou škodou,z boku,jiné nedání přednosti,"povrch suchý, neznečistěný",neztížené,dobré,na jízdním pruhu,žádná místní úprava,přímý úsek,neurčeno,vozidlo jedoucí - na komunikaci bez stan,srážka s vlakem,"nepřichází v úvahu, nejde o srážku s pev",živice,"dobrý, bez závad","ve dne, viditelnost nezhoršená vlivem po",dvoupruhová,žádný způsob řízení provozu,železniční přejezd nezabezpečený,mimo křižovatku,ne,P1589,7.00336695157,Křemže - PLEŠOVICE,"17,846",Ne,MK,,zast. Třísov,48° 53' 00.87543'' N,14° 20' 53.94587'' E,48.88358,14.34832
14.446827683741837,48.721902175504432,20206090269,Omlenice (Jihočeský kraj),2009-09-15 14:43:00,silnice 3.třídy,357,řidičem motorového vozidla,s řidičským oprávněním skupiny b,řidič nebyl ovlivněn,ne,dobrý -žádné nepříznivé okolnosti nebyly zjištěny,1,0,0,2,FIAT,nedošlo k požáru,70400,žádné z uvedených,osobní automobil bez přívěsu,1995,"soukromé, nevyužívané k výdělečné činnos",400,nebylo třeba užít násilí,nehoda s následky na životě nebo zdraví,z boku,jiné nedání přednosti,"povrch suchý, neznečistěný",neztížené,dobré,na jízdním pruhu,přednost vyznačena dopravními značkami,přímý úsek po projetí zatáčkou (do vzdál,neurčeno,jedoucí - ve směru staničení na komunika,srážka s vlakem,"nepřichází v úvahu, nejde o srážku s pev",živice,"dobrý, bez závad","ve dne, viditelnost nezhoršená vlivem po",dvoupruhová,místní úprava (vyplní se pol. 24),železniční přejezd nezabezpečený,mimo křižovatku,ne,P5561,4.2456860746,Rybník - Omlenice,"79,532",Ano,III.,357,před žst.Omlenice,48° 43' 18.97545'' N,14° 26' 48.56964'' E,48.72194,14.44682
14.463840494567885,48.775475250755292,20206090317,Střítež (Jihočeský kraj),2009-10-28 11:45:00,silnice 1.třídy,3,řidičem motorového vozidla,s řidičským oprávněním skupiny b,řidič nebyl ovlivněn,ne,dobrý -žádné nepříznivé okolnosti nebyly zjištěny,0,0,0,2,ŠKODA,nedošlo k požáru,500,žádné z uvedených,osobní automobil bez přívěsu,2001,"soukromé, nevyužívané k výdělečné činnos",400,nebylo třeba užít násilí,nehoda pouze s hmotnou škodou,boční,jiné nedání přednosti,"povrch suchý, neznečistěný",neztížené,dobré,na jízdním pruhu,žádná místní úprava,přímý úsek,neurčeno,jedoucí - proti směru staničení na komun,srážka s vlakem,"nepřichází v úvahu, nejde o srážku s pev",živice,"dobrý, bez závad","ve dne, viditelnost nezhoršená vlivem po",dvoupruhová,světelným signalizačním zařízením,železniční přejezd zabezpečený,mimo křižovatku,ne,P5563,29.154515258,Omlenice - Kaplice,"86,142",Ano,I.,,před žst.Kaplice,48° 46' 30.80291'' N,14° 27' 49.50269'' E,48.77522,14.46375
14.32505869055036,48.893095050166444,20206100058,Holubov (Jihočeský kraj),2010-04-04 06:50:00,silnice 3.třídy,14310,řidičem motorového vozidla,s řidičským oprávněním skupiny c,řidič nebyl ovlivněn,ne,dobrý -žádné nepříznivé okolnosti nebyly zjištěny,0,0,0,2,ŠKODA,nedošlo k požáru,1250,žádné z uvedených,osobní automobil bez přívěsu,1997,"soukromé, nevyužívané k výdělečné činnos",800,nebylo třeba užít násilí,nehoda pouze s hmotnou škodou,z boku,jiné nedání přednosti,povrch mokrý,"tvoří se námraza, náledí",dobré,mimo komunikaci,přednost nevyznačena - vyplývá z pravide,přímý úsek,neurčeno,jedoucí - proti směru staničení na komun,srážka s vlakem,"nepřichází v úvahu, nejde o srážku s pev",živice,"dobrý, bez závad","ve dne, viditelnost nezhoršená vlivem po",dvoupruhová,žádný způsob řízení provozu,železniční přejezd nezabezpečený,mimo křižovatku,ne,P1584,15.1752709996,Křemže - PLEŠOVICE,"15,805",Ne,III.,14310,Holubov,48° 53' 34.72497'' N,14° 19' 30.60683'' E,48.89298,14.32517
14.254716925869062,48.620214816821033,20206100095,Loučovice (Jihočeský kraj),2010-05-15 15:56:00,komunikace místní,0,řidičem motorového vozidla,s řidičským oprávněním skupiny b,řidič nebyl ovlivněn,ne,dobrý -žádné nepříznivé okolnosti nebyly zjištěny,0,0,0,2,Kia,nedošlo k požáru,750,"došlo k úniku pohonných hmot, oleje, chl",osobní automobil bez přívěsu,2003,"soukromá organizace (podnikatel, s.r.o.,",700,nebylo třeba užít násilí,nehoda pouze s hmotnou škodou,boční,proti příkazu dopravní značky DEJ PŘEDNOST,povrch mokrý,"na počátku deště, slabý déšť",dobré,na jízdním pruhu,přednost vyznačena dopravními značkami,křižovatka průsečná - čtyřramenná,místní komunikace,vozidlo jedoucí - na komunikaci bez stan,srážka s vlakem,"nepřichází v úvahu, nejde o srážku s pev",živice,"dobrý, bez závad","ve dne, viditelnost nezhoršená vlivem po",dvoupruhová,místní úprava (vyplní se pol. 24),železniční přejezd nezabezpečený,"na křižovatce,jedná-li se o křížení siln",ne,P6132,3.71417726712,dD3 Loučovice,"19,28",Ano,C,,žst.Loučovice,48° 37' 12.84860'' N,14° 15' 17.08330'' E,48.62024,14.25475
14.321644850870543,48.897479003504749,20206100129,Holubov (Jihočeský kraj),2010-06-20 11:45:00,silnice 3.třídy,1439,řidičem motorového vozidla,s řidičským oprávněním skupiny c,řidič nebyl ovlivněn,ne,dobrý -žádné nepříznivé okolnosti nebyly zjištěny,0,1,0,2,VOLKSWAGEN,nedošlo k požáru,1300,"došlo k úniku pohonných hmot, oleje, chl",osobní automobil bez přívěsu,2008,"soukromé, nevyužívané k výdělečné činnos",800,nebylo třeba užít násilí,nehoda s následky na životě nebo zdraví,boční,jiné nedání přednosti,"povrch suchý, neznečistěný",neztížené,dobré,na jízdním pruhu,žádná místní úprava,přímý úsek,neurčeno,jedoucí - ve směru staničení na komunika,srážka s vlakem,"nepřichází v úvahu, nejde o srážku s pev",živice,"dobrý, bez závad","ve dne, viditelnost nezhoršená vlivem po",dvoupruhová,žádný způsob řízení provozu,železniční přejezd nezabezpečený,mimo křižovatku,ne,P1583,1.09534974185,Křemže - PLEŠOVICE,"15,154",Ne,III.,1439,Švanďák,48° 53' 50.94541'' N,14° 19' 17.87204'' E,48.89748,14.32163