X,Y,id,obec,datum,komunikace,komunika_1,zavineni,ridic_kate,ridic_ovli,vinik_alko,ridic_stav,obeti_usmr,obeti_lehc,obeti_tezc,vozidel_ce,vinik_vozi,vinik_vo_1,skoda,unik_hmot,vinik_vo_2,vinik_vo_3,vinik_vo_4,vinik_skod,vyprosteni,nehoda_cha,srazka_voz,hlavni_pri,povrch_sta,meteo,rozhled,nehoda_pol,prednost_v,smerove_po,druh_krizu,smer_jizdy,nehoda_dru,pevna_prek,povrch_dru,komunika_2,viditelnos,komunika_3,rizeni_pro,objekty,misto_neho,smyk,neighbors_TargetID,neighbors_Distance,neighbors_prejezdy-dec_Název definičního úseku,neighbors_prejezdy-dec_Žkm přejezdu,neighbors_prejezdy-dec_Přejezd s trolejovým vedením,neighbors_prejezdy-dec_Třída pozemní komunikace,neighbors_prejezdy-dec_Číslo pozemní komunikace,neighbors_prejezdy-dec_Místní název přejezdu,neighbors_prejezdy-dec_Zeměpisná šířka,neighbors_prejezdy-dec_Zeměpisná délka,neighbors_prejezdy-dec_field_10,neighbors_prejezdy-dec_field_11
12.338777963532133,50.1333390689569,30206090480,Františkovy Lázně (Karlovarský kraj),2009-11-24 13:35:00,silnice 1.třídy,64,řidičem motorového vozidla,s řidičským oprávněním skupiny c,řidič nebyl ovlivněn,ne,dobrý -žádné nepříznivé okolnosti nebyly zjištěny,0,0,0,1,ŠKODA,nedošlo k požáru,30,žádné z uvedených,"nákladní automobil (včetně multikáry, au",,"soukromé, nevyužívané k výdělečné činnos",0,nebylo třeba užít násilí,nehoda pouze s hmotnou škodou,"nepřichází v úvahu, nejde o srážku jedou",nezvládnutí řízení vozidla,povrch mokrý,"na počátku deště, slabý déšť",dobré,na jízdním pruhu,žádná místní úprava,přímý úsek,neurčeno,jedoucí - ve směru staničení na komunika,srážka s pevnou překážkou,závory železničního přejezdu,živice,"dobrý, bez závad","ve dne, zhoršená viditelnost vlivem pově",dvoupruhová,žádný způsob řízení provozu,železniční přejezd zabezpečený,mimo křižovatku,ne,P318,26.6245998329,Františkovy Lázně - Hazlov,"8,344",Ano,I.,64,,50° 08' 00.06902'' N,12° 20' 20.93464'' E,50.13335,12.33915
12.704662023418798,49.959080413129634,30206090523,Mariánské Lázně (Karlovarský kraj),2009-12-22 17:05:00,komunikace místní,0,řidičem motorového vozidla,s řidičským oprávněním skupiny b,řidič nebyl ovlivněn,ne,dobrý -žádné nepříznivé okolnosti nebyly zjištěny,0,1,0,1,ŠKODA,nedošlo k požáru,2700,žádné z uvedených,osobní automobil bez přívěsu,1997,"soukromé, nevyužívané k výdělečné činnos",700,nebylo třeba užít násilí,nehoda s následky na životě nebo zdraví,"nepřichází v úvahu, nejde o srážku jedou","nepř. rychlosti stavu vozovky (náledí, výtluky, bláto, mokrý povrch apod.)","na vozovce je náledí, ujetý sníh - posyp",neztížené,dobré,mimo komunikaci,žádná místní úprava,přímý úsek po projetí zatáčkou (do vzdál,neurčeno,vozidlo jedoucí - na komunikaci bez stan,srážka s pevnou překážkou,závory železničního přejezdu,živice,"dobrý, bez závad","v noci - s veřejným osvětlením,viditelno",dvoupruhová,žádný způsob řízení provozu,železniční přejezd zabezpečený,mimo křižovatku,ano,P349,54.5822735967,Mariánské Lázně - Vlkovice,"2,386",Ne,C,,,49° 57' 31.47352'' N,12° 42' 18.77185'' E,49.95874,12.70521
12.829607331851083,50.247223327578723,30306090467,Karlovy Vary (Karlovarský kraj),2009-07-20 12:10:00,silnice 2.třídy,220,řidičem motorového vozidla,s řidičským oprávněním skupiny c,řidič nebyl ovlivněn,ne,dobrý -žádné nepříznivé okolnosti nebyly zjištěny,0,0,0,1,MAN,nedošlo k požáru,50,žádné z uvedených,"nákladní automobil (včetně multikáry, au",2007,"soukromá organizace (podnikatel, s.r.o.,",0,nebylo třeba užít násilí,nehoda pouze s hmotnou škodou,"nepřichází v úvahu, nejde o srážku jedou",řidič se plně nevěnoval řízení vozidla,povrch mokrý,neztížené,dobré,na jízdním pruhu,žádná místní úprava,přímý úsek,neurčeno,jedoucí - ve směru staničení na komunika,srážka s pevnou překážkou,závory železničního přejezdu,živice,"dobrý, bez závad","ve dne, viditelnost nezhoršená vlivem po",dvoupruhová,žádný způsob řízení provozu,železniční přejezd zabezpečený,mimo křižovatku,ne,P149,8.84164082714,Stará Role - Nová Role,"6,923",Ne,II.,220,,50° 14' 50.27611'' N,12° 49' 46.72191'' E,50.2473,12.82964
12.879615098362398,50.24302250593059,30306090636,Karlovy Vary (Karlovarský kraj),2009-10-13 16:30:00,komunikace místní,0,řidičem motorového vozidla,nezjištěno,jiné ovlivnění,nezjišťováno,jiný nepříznivý stav,0,0,0,1,žádná z uvedených,žádná z uvedených,100,žádné z uvedených,"nezjištěno, řidič ujel",,žádná z uvedených,0,žádná z uvedených,nehoda pouze s hmotnou škodou,"nepřichází v úvahu, nejde o srážku jedou",řidič se plně nevěnoval řízení vozidla,povrch mokrý,neztížené,dobré,na jízdním pruhu,žádná místní úprava,přímý úsek,neurčeno,žádná z uvedených,srážka s pevnou překážkou,závory železničního přejezdu,živice,"dobrý, bez závad","ve dne, viditelnost nezhoršená vlivem po",dvoupruhová,žádný způsob řízení provozu,železniční přejezd zabezpečený,mimo křižovatku,ne,P83,1.7967075399,Dalovice - Karlovy Vary,"184,15",Ano,B,,Teplárenská ulice,50° 14' 34.87901'' N,12° 52' 46.71158'' E,50.24302,12.87964
12.952522912075947,50.300347741142403,30306090667,Ostrov (Karlovarský kraj),2009-10-27 11:30:00,komunikace místní,0,chodcem,nezjištěno,jiné ovlivnění,nezjišťováno,jiný nepříznivý stav,0,0,0,1,žádná z uvedených,žádná z uvedených,1,žádné z uvedených,vlak,,žádná z uvedených,0,žádná z uvedených,nehoda pouze s hmotnou škodou,"nepřichází v úvahu, nejde o srážku jedou",nezaviněná řidičem,"povrch suchý, neznečistěný",neztížené,dobré,na jízdním pruhu,žádná místní úprava,přímý úsek,neurčeno,žádná z uvedených,srážka s chodcem,"nepřichází v úvahu, nejde o srážku s pev",beton,"dobrý, bez závad","ve dne, viditelnost nezhoršená vlivem po",dvoupruhová,žádný způsob řízení provozu,železniční přejezd zabezpečený,mimo křižovatku,ne,P78,1.38093191335,žst. Ostrov nad Ohří,"170,153",Ano,III.,22127,,50° 18' 01.29177'' N,12° 57' 09.07664'' E,50.30036,12.95252
13.609289279136261,49.419367456257433,30406090389,Kovčín (Plzeňský kraj),2009-10-15 11:10:00,silnice 3.třídy,18614,řidičem motorového vozidla,s řidičským oprávněním skupiny c,řidič nebyl ovlivněn,ne,dobrý -žádné nepříznivé okolnosti nebyly zjištěny,1,0,1,2,FIAT,nedošlo k požáru,1700,žádné z uvedených,osobní automobil bez přívěsu,1999,"soukromé, nevyužívané k výdělečné činnos",600,nebylo třeba užít násilí,nehoda s následky na životě nebo zdraví,z boku,jiné nedání přednosti,povrch mokrý,neztížené,špatné vlivem profilu komunikace (nepřeh,na jízdním pruhu,žádná místní úprava,zatáčka,neurčeno,jedoucí - ve směru staničení na komunika,srážka s vlakem,"nepřichází v úvahu, nejde o srážku s pev",živice,"dobrý, bez závad","ve dne, viditelnost nezhoršená vlivem po",dvoupruhová,světelným signalizačním zařízením,železniční přejezd zabezpečený,mimo křižovatku,ne,P1180,3.92015072283,Pačejov - Nepomuk,"304,77",Ano,III.,18614,Kovčín - Nekvasovy,49° 25' 09.83636'' N,13° 36' 33.50537'' E,49.4194,13.60931
13.700211235324698,49.345924581252106,30406100081,Velký Bor (Plzeňský kraj),2010-03-24 04:20:00,silnice 2.třídy,188,řidičem motorového vozidla,nezjištěno,jiné ovlivnění,nezjišťováno,jiný nepříznivý stav,0,0,0,1,žádná z uvedených,žádná z uvedených,50,žádné z uvedených,"nezjištěno, řidič ujel",,žádná z uvedených,0,žádná z uvedených,nehoda pouze s hmotnou škodou,"nepřichází v úvahu, nejde o srážku jedou",řidič se plně nevěnoval řízení vozidla,"povrch suchý, neznečistěný",neztížené,dobré,na jízdním pruhu,žádná místní úprava,přímý úsek,neurčeno,žádná z uvedených,srážka s pevnou překážkou,závory železničního přejezdu,živice,"dobrý, bez závad","v noci - bez veřejného osvětlení,viditel",dvoupruhová,žádný způsob řízení provozu,železniční přejezd zabezpečený,mimo křižovatku,ne,P1178,3.45361963485,Horažďovice předměstí - Pačejov,"293,204",Ano,II.,188,U zastávky Velký Bor,49° 20' 45.37522'' N,13° 42' 00.61962'' E,49.34594,13.70017
13.700263267416691,49.345687310902413,30406100190,Velký Bor (Plzeňský kraj),2010-07-07 07:47:00,silnice 2.třídy,188,řidičem motorového vozidla,nezjištěno,jiné ovlivnění,nezjišťováno,jiný nepříznivý stav,0,0,0,1,žádná z uvedených,žádná z uvedených,200,žádné z uvedených,"nezjištěno, řidič ujel",,žádná z uvedených,0,žádná z uvedených,nehoda pouze s hmotnou škodou,"nepřichází v úvahu, nejde o srážku jedou",nepř. rychlosti vlastnostem vozidla a nákladu,"povrch suchý, neznečistěný",neztížené,dobré,na jízdním pruhu,žádná místní úprava,přímý úsek,neurčeno,žádná z uvedených,srážka s pevnou překážkou,"odrazník, patník, sloupek, dopr.značky a",živice,"dobrý, bez závad","ve dne, viditelnost nezhoršená vlivem po",dvoupruhová,světelným signalizačním zařízením,železniční přejezd zabezpečený,mimo křižovatku,ne,P1178,28.9096809361,Horažďovice předměstí - Pačejov,"293,204",Ano,II.,188,U zastávky Velký Bor,49° 20' 45.37522'' N,13° 42' 00.61962'' E,49.34594,13.70017
13.498844946845914,49.257692882952107,30406100345,Hrádek (Plzeňský kraj),2010-11-11 20:09:00,silnice 2.třídy,187,řidičem motorového vozidla,nezjištěno,jiné ovlivnění,nezjišťováno,jiný nepříznivý stav,0,0,0,1,žádná z uvedených,žádná z uvedených,200,žádné z uvedených,"nezjištěno, řidič ujel",,žádná z uvedených,0,žádná z uvedených,nehoda pouze s hmotnou škodou,"nepřichází v úvahu, nejde o srážku jedou","bezohledná, agresivní, neohleduplná jízda","povrch suchý, neznečistěný",neztížené,dobré,na jízdním pruhu,přednost vyznačena přenosnými dopravními,přímý úsek,neurčeno,žádná z uvedených,srážka s pevnou překážkou,závory železničního přejezdu,živice,"dobrý, bez závad","v noci - s veřejným osvětlením,viditelno",dvoupruhová,místní úprava (vyplní se pol. 24),železniční přejezd zabezpečený,mimo křižovatku,ne,P902,3.1788462379,Sušice - Hrádek u Sušice,"22,777",Ne,II.,187,Hrádek u S. - Sušice,49° 15' 27.77048'' N,13° 29' 55.72816'' E,49.25771,13.49881
13.374190522165298,49.737806374806915,30506090601,Plzeň (Plzeňský kraj),2009-10-19 05:10:00,komunikace místní,0,řidičem motorového vozidla,"nezjištěno, řidič místo nehody opustil",jiné ovlivnění,ne,jiný nepříznivý stav,0,0,0,1,FIAT,řidič ujel - nezjištěn,150,"došlo k úniku pohonných hmot, oleje, chl",osobní automobil bez přívěsu,1992,odcizené,100,nebylo třeba užít násilí,nehoda pouze s hmotnou škodou,"nepřichází v úvahu, nejde o srážku jedou","bezohledná, agresivní, neohleduplná jízda","povrch suchý, neznečistěný",neztížené,dobré,mimo komunikaci,žádná místní úprava,přímý úsek po projetí zatáčkou (do vzdál,neurčeno,vozidlo jedoucí - na komunikaci bez stan,srážka s pevnou překážkou,"zeď,pevná část mostů,podjezdů,tunelů apo",dlažba,"dobrý, bez závad","v noci - s veřejným osvětlením,viditelno",žádná z uvedených,žádný způsob řízení provozu,železniční přejezd zabezpečený,mimo křižovatku,ne,P886,3.28423472752,vl.ŠKODA ELEKTRIC - Plzeň hl.n.-os.n.,"96,014",Ano,MK,,Přechod zastávka Plzeň,49° 44' 16.01775'' N,13° 22' 27.02808'' E,49.73778,13.37417
13.321156731121768,49.57901604340644,30606100011,Přeštice (Plzeňský kraj),2010-01-18 04:42:00,komunikace místní,0,řidičem motorového vozidla,s řidičským oprávněním skupiny d,řidič nebyl ovlivněn,ne,dobrý -žádné nepříznivé okolnosti nebyly zjištěny,0,0,0,1,SCANIA,nedošlo k požáru,1200,žádné z uvedených,nákladní automobil s návěsem,2000,"soukromé, využívané k výdělečné činnosti",0,nebylo třeba užít násilí,nehoda pouze s hmotnou škodou,"nepřichází v úvahu, nejde o srážku jedou",nesprávné otáčení nebo couvání,"na vozovce je náledí, ujetý sníh - nepos",déšť,dobré,na jízdním pruhu,žádná místní úprava,zatáčka,neurčeno,vozidlo jedoucí - na komunikaci bez stan,srážka s pevnou překážkou,"odrazník, patník, sloupek, dopr.značky a",živice,"dobrý, bez závad","v noci - s veřejným osvětlením, zhoršená",dvoupruhová,světelným signalizačním zařízením,železniční přejezd zabezpečený,mimo křižovatku,ano,P870,6.68072022296,žst. Přeštice,"72,883",Ano,C,,Přeštice-Cihelna,49° 34' 44.36104'' N,13° 19' 16.44652'' E,49.57899,13.32124
13.53149592360433,49.578461306184124,30606100073,Blovice (Plzeňský kraj),2010-04-11 03:00:00,silnice 2.třídy,117,řidičem motorového vozidla,nezjištěno,jiné ovlivnění,nezjišťováno,jiný nepříznivý stav,0,0,0,1,žádná z uvedených,žádná z uvedených,50,žádné z uvedených,"nezjištěno, řidič ujel",,žádná z uvedených,0,žádná z uvedených,nehoda pouze s hmotnou škodou,"nepřichází v úvahu, nejde o srážku jedou",řidič se plně nevěnoval řízení vozidla,povrch mokrý,neztížené,"špatné vlivem přechodné vegetace (tráva,",na jízdním pruhu,žádná místní úprava,přímý úsek,neurčeno,žádná z uvedených,srážka s pevnou překážkou,závory železničního přejezdu,živice,"dobrý, bez závad","v noci - s veřejným osvětlením,viditelno",dvoupruhová,žádný způsob řízení provozu,železniční přejezd zabezpečený,mimo křižovatku,ne,P1191,3.41710897511,Ždírec u Plzně - Blovice,"325,043",Ano,II.,117,státní u stavědla č. 1,49° 34' 42.37022'' N,13° 31' 53.51299'' E,49.57844,13.53153
13.299146023581002,49.600550978812826,30606100124,Přeštice (Plzeňský kraj),2010-06-06 07:25:00,silnice 3.třídy,18030,řidičem motorového vozidla,s řidičským oprávněním skupiny b,řidič nebyl ovlivněn,ne,dobrý -žádné nepříznivé okolnosti nebyly zjištěny,1,0,0,2,RENAULT,nedošlo k požáru,2700,"došlo k úniku pohonných hmot, oleje, chl",osobní automobil bez přívěsu,1998,"soukromé, nevyužívané k výdělečné činnos",400,nebylo třeba užít násilí,nehoda s následky na životě nebo zdraví,z boku,jiné nedání přednosti,"povrch suchý, neznečistěný",neztížené,dobré,na jízdním pruhu,přednost vyznačena dopravními značkami,přímý úsek,neurčeno,jedoucí - proti směru staničení na komun,srážka s vlakem,"nepřichází v úvahu, nejde o srážku s pev",živice,"dobrý, bez závad","ve dne, viditelnost nezhoršená vlivem po",dvoupruhová,místní úprava (vyplní se pol. 24),železniční přejezd zabezpečený,mimo křižovatku,ne,P872,6.66713537274,Přeštice - Chlumčany u Dobřan,"75,961",Ano,III.,18030,Přeštice Zastávka,49° 36' 02.18266'' N,13° 17' 56.85923'' E,49.60061,13.29913
13.15799922356112,49.64193136566557,30606100135,Stod (Plzeňský kraj),2010-06-11 15:00:00,komunikace místní,0,řidičem motorového vozidla,nezjištěno,jiné ovlivnění,nezjišťováno,jiný nepříznivý stav,0,0,0,1,žádná z uvedených,žádná z uvedených,100,žádné z uvedených,"nezjištěno, řidič ujel",,žádná z uvedených,0,žádná z uvedených,nehoda pouze s hmotnou škodou,"nepřichází v úvahu, nejde o srážku jedou",řidič se plně nevěnoval řízení vozidla,"povrch suchý, neznečistěný",neztížené,dobré,na krajnici,žádná místní úprava,zatáčka,neurčeno,žádná z uvedených,srážka s pevnou překážkou,"odrazník, patník, sloupek, dopr.značky a",živice,"dobrý, bez závad","ve dne, viditelnost nezhoršená vlivem po",dvoupruhová,žádný způsob řízení provozu,železniční přejezd zabezpečený,mimo křižovatku,ne,P609,6.5939450218,žst. Stod,"134,661",Ne,C,,Stod - plz. zhlaví,49° 38' 31.10617'' N,13° 09' 28.53285'' E,49.64197,13.15793
13.299162109212819,49.60058408616537,30606100219,Přeštice (Plzeňský kraj),2010-09-09 08:32:00,silnice 3.třídy,18030,řidičem motorového vozidla,nezjištěno,řidič nebyl ovlivněn,nezjišťováno,dobrý -žádné nepříznivé okolnosti nebyly zjištěny,2,0,0,2,ŠKODA,nedošlo k požáru,2150,žádné z uvedených,"nákladní automobil (včetně multikáry, au",2000,"soukromé, nevyužívané k výdělečné činnos",100,použitím speciální vyprošťovací techniky,nehoda s následky na životě nebo zdraví,z boku,jiné nedání přednosti,"povrch suchý, neznečistěný",neztížené,dobré,na jízdním pruhu,žádná místní úprava,přímý úsek,neurčeno,jedoucí - ve směru staničení na komunika,srážka s vlakem,"nepřichází v úvahu, nejde o srážku s pev",živice,"dobrý, bez závad","ve dne, viditelnost nezhoršená vlivem po",dvoupruhová,světelným signalizačním zařízením,železniční přejezd zabezpečený,mimo křižovatku,ne,P872,3.70212975413,Přeštice - Chlumčany u Dobřan,"75,961",Ano,III.,18030,Přeštice Zastávka,49° 36' 02.18266'' N,13° 17' 56.85923'' E,49.60061,13.29913
13.319836141235003,49.676456776270143,30606100237,Dobřany (Plzeňský kraj),2010-09-11 16:45:00,silnice 3.třídy,18034,řidičem motorového vozidla,s řidičským oprávněním skupiny b,řidič nebyl ovlivněn,ne,dobrý -žádné nepříznivé okolnosti nebyly zjištěny,0,0,0,2,NISSAN,nedošlo k požáru,200,žádné z uvedených,"nákladní automobil (včetně multikáry, au",1997,"soukromé, nevyužívané k výdělečné činnos",100,nebylo třeba užít násilí,nehoda pouze s hmotnou škodou,z boku,jiné nedání přednosti,"povrch suchý, neznečistěný",neztížené,dobré,na jízdním pruhu,žádná místní úprava,přímý úsek,neurčeno,jedoucí - ve směru staničení na komunika,srážka s vlakem,"nepřichází v úvahu, nejde o srážku s pev",živice,"dobrý, bez závad","ve dne, viditelnost nezhoršená vlivem po",dvoupruhová,světelným signalizačním zařízením,železniční přejezd zabezpečený,mimo křižovatku,ne,P880,4.08569903635,Dobřany - Plzeň-Valcha,"85,557",Ano,III.,18034,Šlovice st.sil. III.tř.,49° 40' 35.31814'' N,13° 19' 11.56019'' E,49.67648,13.31988
13.609374589629647,49.644939910722179,30606100281,Spálené Poříčí (Plzeňský kraj),2010-10-27 15:49:00,silnice 2.třídy,117,řidičem motorového vozidla,s řidičským oprávněním skupiny b,řidič nebyl ovlivněn,ne,dobrý -žádné nepříznivé okolnosti nebyly zjištěny,0,0,0,2,PEUGEOT,nedošlo k požáru,60,žádné z uvedených,osobní automobil bez přívěsu,1988,"soukromé, nevyužívané k výdělečné činnos",50,nebylo třeba užít násilí,nehoda pouze s hmotnou škodou,z boku,proti příkazu dopravní značky STŮJ DEJ PŘEDNOST,"povrch suchý, neznečistěný",neztížené,"špatné vlivem trvalé vegetace (stromy,ke",na jízdním pruhu,přednost vyznačena dopravními značkami,přímý úsek,neurčeno,jedoucí - ve směru staničení na komunika,srážka s vlakem,"nepřichází v úvahu, nejde o srážku s pev",živice,"dobrý, bez závad","ve dne, viditelnost nezhoršená vlivem po",dvoupruhová,místní úprava (vyplní se pol. 24),železniční přejezd nezabezpečený,mimo křižovatku,ne,P1243,2.78335153591,Lipnice - Nezvěstice,"17,454",Ne,II.,117,státní u zastávky Lipnice,49° 38' 41.76094'' N,13° 36' 33.88433'' E,49.64493,13.60941
13.123111446007767,49.636302033622776,30606100315,Hradec (Plzeňský kraj),2010-11-29 07:35:00,silnice 3.třídy,19340,řidičem motorového vozidla,s řidičským oprávněním skupiny b,řidič nebyl ovlivněn,nezjišťováno,dobrý -žádné nepříznivé okolnosti nebyly zjištěny,1,1,0,2,PEUGEOT,nedošlo k požáru,2700,žádné z uvedených,osobní automobil bez přívěsu,2008,"soukromé, nevyužívané k výdělečné činnos",1000,nebylo třeba užít násilí,nehoda s následky na životě nebo zdraví,z boku,jiné nedání přednosti,"na vozovce je náledí, ujetý sníh - nepos",sněžení,dobré,na jízdním pruhu,žádná místní úprava,přímý úsek,neurčeno,jedoucí - ve směru staničení na komunika,srážka s vlakem,"nepřichází v úvahu, nejde o srážku s pev",živice,"dobrý, bez závad","ve dne, zhoršená viditelnost vlivem pově",dvoupruhová,světelným signalizačním zařízením,železniční přejezd nezabezpečený,mimo křižovatku,ne,P612,3.56278792308,Stod - Holýšov,"137,473",Ne,III.,19340,Hradec u Stoda,49° 38' 10.58855'' N,13° 07' 23.20328'' E,49.63627,13.12311
13.489332534257025,49.794905969059407,30706100160,Chrást (Plzeňský kraj),2010-07-10 10:10:00,silnice 2.třídy,180,řidičem motorového vozidla,s řidičským oprávněním skupiny b,řidič nebyl ovlivněn,ne,dobrý -žádné nepříznivé okolnosti nebyly zjištěny,0,2,0,2,SEAT,nedošlo k požáru,700,žádné z uvedených,osobní automobil bez přívěsu,2005,"soukromé, nevyužívané k výdělečné činnos",200,nebylo třeba užít násilí,nehoda s následky na životě nebo zdraví,čelní,nezvládnutí řízení vozidla,"povrch suchý, neznečistěný",neztížené,dobré,na jízdním pruhu,přednost vyznačena dopravními značkami,křižovatka průsečná - čtyřramenná,místní komunikace,zachycuje směr jízdy křižovatkou,srážka s jedoucím nekolejovým vozidlem,"nepřichází v úvahu, nejde o srážku s pev",živice,nesouvislé výtluky,"ve dne, viditelnost nezhoršená vlivem po",dvoupruhová,místní úprava (vyplní se pol. 24),železniční přejezd nezabezpečený,"na křižovatce, uvnitř hranic křižovatky",ne,P448,0.687230219783,Chrást u Plzně - Stupno,"10,504",Ne,II.,180,okr.silnice II.tř,49° 47' 41.65438'' N,13° 29' 21.60599'' E,49.7949,13.48933
13.607744713704498,49.740794448421816,30806090164,Rokycany (Plzeňský kraj),2009-09-09 17:00:00,komunikace účelová - polní a lesní cesty atd.,0,řidičem motorového vozidla,s řidičským oprávněním skupiny c,řidič nebyl ovlivněn,ne,dobrý -žádné nepříznivé okolnosti nebyly zjištěny,0,0,0,1,MAN,nedošlo k požáru,300,žádné z uvedených,nákladní automobil s návěsem,1999,"soukromé, využívané k výdělečné činnosti",0,nebylo třeba užít násilí,nehoda pouze s hmotnou škodou,"nepřichází v úvahu, nejde o srážku jedou",vyhýbání bez dostatečné boční vůle,"povrch suchý, neznečistěný",neztížené,dobré,na jízdním pruhu,žádná místní úprava,zatáčka,neurčeno,vozidlo jedoucí - na komunikaci bez stan,srážka s pevnou překážkou,"jiná překážka (zábradlí,oplocení,násep,n",štěrk,"dobrý, bez závad","ve dne, viditelnost nezhoršená vlivem po",dvoupruhová,žádný způsob řízení provozu,železniční přejezd zabezpečený,mimo křižovatku,ne,P1207,667.212977805,Rokycany - KOVOHUTĚ,"0,348",Ne,III.,11732,U stavebnin Šabata,49° 44' 09.88619'' N,13° 36' 07.28610'' E,49.73608,13.60202
13.66179692958363,49.68404188465022,30806090201,Mirošov (Plzeňský kraj),2009-11-26 06:40:00,silnice 3.třídy,1783,řidičem motorového vozidla,s řidičským oprávněním skupiny b,řidič nebyl ovlivněn,ne,dobrý -žádné nepříznivé okolnosti nebyly zjištěny,0,0,0,2,HYUNDAI,nedošlo k požáru,300,"došlo k úniku pohonných hmot, oleje, chl",osobní automobil bez přívěsu,1995,"soukromé, nevyužívané k výdělečné činnos",200,nebylo třeba užít násilí,nehoda pouze s hmotnou škodou,z boku,jiné nedání přednosti,"povrch suchý, neznečistěný",neztížené,dobré,na jízdním pruhu,žádná místní úprava,přímý úsek,neurčeno,jedoucí - ve směru staničení na komunika,srážka s vlakem,"nepřichází v úvahu, nejde o srážku s pev",živice,"dobrý, bez závad","ve dne, zhoršená viditelnost (svítání,so",dvoupruhová,světelným signalizačním zařízením,železniční přejezd zabezpečený,mimo křižovatku,ne,P1227,3.66768505022,ROSSO STELL MIROŠOV - Příkosice,"9,692",Ne,III.,1783,u vlečky STELL Rosso,49° 41' 02.43702'' N,13° 39' 42.50529'' E,49.68401,13.66181
13.603475504443807,49.731510904803237,30806090213,Rokycany (Plzeňský kraj),2009-12-11 17:22:00,silnice 3.třídy,11732,řidičem motorového vozidla,s řidičským oprávněním skupiny c,řidič nebyl ovlivněn,ne,dobrý -žádné nepříznivé okolnosti nebyly zjištěny,0,0,0,1,VOLKSWAGEN,nedošlo k požáru,230,žádné z uvedených,osobní automobil bez přívěsu,1995,"soukromé, nevyužívané k výdělečné činnos",30,nebylo třeba užít násilí,nehoda pouze s hmotnou škodou,"nepřichází v úvahu, nejde o srážku jedou","nepř. rychlosti stavu vozovky (náledí, výtluky, bláto, mokrý povrch apod.)",povrch mokrý,déšť,dobré,na jízdním pruhu,žádná místní úprava,zatáčka,neurčeno,jedoucí - ve směru staničení na komunika,srážka s pevnou překážkou,"jiná překážka (zábradlí,oplocení,násep,n",živice,"dobrý, bez závad","v noci - bez veřejného osvětlení, vidite",dvoupruhová,žádný způsob řízení provozu,železniční přejezd nezabezpečený,mimo křižovatku,ano,P1208,13.1261951366,Rokycany - KOVOHUTĚ,"0,895",Ne,III.,11732,U zastávky Rokycany předměstí,49° 43' 53.07904'' N,13° 36' 12.86055'' E,49.73141,13.60357
13.655366504307832,49.663448224369468,30806100016,Příkosice (Plzeňský kraj),2010-02-02 12:58:00,silnice 3.třídy,11740,řidičem motorového vozidla,s řidičským oprávněním skupiny c,řidič nebyl ovlivněn,ne,dobrý -žádné nepříznivé okolnosti nebyly zjištěny,0,0,0,2,PEUGEOT,nedošlo k požáru,600,"došlo k úniku pohonných hmot, oleje, chl",osobní automobil bez přívěsu,1996,"soukromé, nevyužívané k výdělečné činnos",200,nebylo třeba užít násilí,nehoda pouze s hmotnou škodou,boční,jiné nedání přednosti,"na vozovce je náledí, ujetý sníh - nepos",neztížené,dobré,na jízdním pruhu,přednost vyznačena dopravními značkami,přímý úsek,neurčeno,odstavené - ve směru staničení na komuni,srážka s vlakem,"nepřichází v úvahu, nejde o srážku s pev",živice,"dobrý, bez závad","ve dne, viditelnost nezhoršená vlivem po",dvoupruhová,místní úprava (vyplní se pol. 24),železniční přejezd nezabezpečený,mimo křižovatku,ano,P1232,1.50178279518,ROSSO STELL MIROŠOV - Příkosice,"12,706",Ne,III.,11740,před nádražím,49° 39' 48.37898'' N,13° 39' 19.25953'' E,49.66344,13.65535
12.748847092578041,50.192343871106445,30906090364,Loket (Karlovarský kraj),2009-10-17 07:40:00,silnice 2.třídy,209,řidičem motorového vozidla,s řidičským oprávněním skupiny b,řidič nebyl ovlivněn,ne,dobrý -žádné nepříznivé okolnosti nebyly zjištěny,0,0,0,1,FORD,nedošlo k požáru,1350,žádné z uvedených,osobní automobil bez přívěsu,1999,"soukromé, nevyužívané k výdělečné činnos",800,nebylo třeba užít násilí,nehoda pouze s hmotnou škodou,"nepřichází v úvahu, nejde o srážku jedou",řidič se plně nevěnoval řízení vozidla,povrch mokrý,déšť,dobré,na jízdním pruhu,žádná místní úprava,křižovatka styková - tříramenná,účelová komunikace,zachycuje směr jízdy křižovatkou,srážka s pevnou překážkou,závory železničního přejezdu,živice,nesouvislé výtluky,"ve dne, zhoršená viditelnost vlivem pově",dvoupruhová,světelným signalizačním zařízením,železniční přejezd zabezpečený,"na křižovatce, uvnitř hranic křižovatky",ne,P405,7.73456229058,Loket - Nové Sedlo u Lokte,"15,61",Ne,II.,209,,50° 11' 32.21638'' N,12° 44' 56.00634'' E,50.19228,12.74889
12.726604421084307,49.899399462295023,31006090337,Chodová Planá (Plzeňský kraj),2009-12-24 17:35:00,silnice 1.třídy,21,řidičem motorového vozidla,s řidičským oprávněním skupiny b,řidič nebyl ovlivněn,ne,dobrý -žádné nepříznivé okolnosti nebyly zjištěny,0,0,0,1,ŠKODA,došlo k požáru,1005,"došlo k úniku pohonných hmot, oleje, chl",osobní automobil bez přívěsu,1999,"soukromé, využívané k výdělečné činnosti",200,nebylo třeba užít násilí,nehoda pouze s hmotnou škodou,"nepřichází v úvahu, nejde o srážku jedou","nepř. rychlosti stavu vozovky (náledí, výtluky, bláto, mokrý povrch apod.)",povrch mokrý,neztížené,dobré,na jízdním pruhu,žádná místní úprava,zatáčka,neurčeno,jedoucí - ve směru staničení na komunika,srážka s pevnou překážkou,"odrazník, patník, sloupek, dopr.značky a",živice,"dobrý, bez závad","v noci - s veřejným osvětlením,viditelno",dvoupruhová,žádný způsob řízení provozu,železniční přejezd zabezpečený,mimo křižovatku,ne,P299,0.40449955596,Planá u Mar.Lázní - Chodová Planá,"417,128",Ano,I.,21,silnice I tř. č.21,49° 53' 57.85461'' N,12° 43' 35.80611'' E,49.8994,12.72661