X,Y,id,obec,datum,komunikace,komunika_1,zavineni,ridic_kate,ridic_ovli,vinik_alko,ridic_stav,obeti_usmr,obeti_lehc,obeti_tezc,vozidel_ce,vinik_vozi,vinik_vo_1,skoda,unik_hmot,vinik_vo_2,vinik_vo_3,vinik_vo_4,vinik_skod,vyprosteni,nehoda_cha,srazka_voz,hlavni_pri,povrch_sta,meteo,rozhled,nehoda_pol,prednost_v,smerove_po,druh_krizu,smer_jizdy,nehoda_dru,pevna_prek,povrch_dru,komunika_2,viditelnos,komunika_3,rizeni_pro,objekty,misto_neho,smyk,neighbors_TargetID,neighbors_Distance,neighbors_prejezdy-dec_Název definičního úseku,neighbors_prejezdy-dec_Žkm přejezdu,neighbors_prejezdy-dec_Přejezd s trolejovým vedením,neighbors_prejezdy-dec_Třída pozemní komunikace,neighbors_prejezdy-dec_Číslo pozemní komunikace,neighbors_prejezdy-dec_Místní název přejezdu,neighbors_prejezdy-dec_Zeměpisná šířka,neighbors_prejezdy-dec_Zeměpisná délka,neighbors_prejezdy-dec_field_10,neighbors_prejezdy-dec_field_11
14.19424145349539,50.477724828007076,40606100783,Oleško (Ústecký kraj),2010-10-25 15:45:00,silnice 3.třídy,24048,řidičem motorového vozidla,s řidičským oprávněním skupiny c,řidič nebyl ovlivněn,ne,dobrý -žádné nepříznivé okolnosti nebyly zjištěny,0,0,0,1,MAN,nedošlo k požáru,160,žádné z uvedených,"nákladní automobil (včetně multikáry, au",1999,"soukromé, využívané k výdělečné činnosti",60,nebylo třeba užít násilí,nehoda pouze s hmotnou škodou,"nepřichází v úvahu, nejde o srážku jedou",jízda na “červené světlo“,"povrch suchý, neznečistěný",neztížené,dobré,na jízdním pruhu,žádná místní úprava,přímý úsek,neurčeno,jedoucí - ve směru staničení na komunika,srážka s pevnou překážkou,závory železničního přejezdu,živice,"dobrý, bez závad","ve dne, viditelnost nezhoršená vlivem po",dvoupruhová,světelným signalizačním zařízením,železniční přejezd zabezpečený,mimo křižovatku,ne,P2416,5.79458158413,Hrobce - Bohušovice nad Ohří,"484,881",Ano,III.,24048,Oleško,50° 28' 39.90341'' N,14° 11' 39.02915'' E,50.47775,14.19417
14.391576146830234,50.459159458667457,40606100851,Štětí (Ústecký kraj),2010-11-16 17:15:00,silnice 3.třídy,26120,řidičem motorového vozidla,s řidičským oprávněním skupiny c,řidič nebyl ovlivněn,ne,dobrý -žádné nepříznivé okolnosti nebyly zjištěny,0,0,0,1,LIAZ,nedošlo k požáru,300,žádné z uvedených,nákladní automobil s návěsem,1994,"soukromá organizace (podnikatel, s.r.o.,",100,nebylo třeba užít násilí,nehoda pouze s hmotnou škodou,"nepřichází v úvahu, nejde o srážku jedou",jiné nedání přednosti,povrch mokrý,neztížené,dobré,na jízdním pruhu,žádná místní úprava,přímý úsek,neurčeno,jedoucí - ve směru staničení na komunika,srážka s pevnou překážkou,závory železničního přejezdu,živice,"dobrý, bez závad","v noci - s veřejným osvětlením,viditelno",dvoupruhová,žádný způsob řízení provozu,železniční přejezd zabezpečený,mimo křižovatku,ne,P2948,2.19730022175,žst. Štětí,"386,042",Ano,III.,26120,u žst. Štětí (Radouň),50° 27' 33.00682'' N,14° 23' 29.59468'' E,50.45917,14.39155
14.377683383745895,50.608702156547594,40606100868,Úštěk (Ústecký kraj),2010-11-23 11:13:00,silnice 1.třídy,15,řidičem motorového vozidla,nezjištěno,jiné ovlivnění,nezjišťováno,jiný nepříznivý stav,0,0,0,1,žádná z uvedených,žádná z uvedených,100,žádné z uvedených,"nezjištěno, řidič ujel",,žádná z uvedených,0,žádná z uvedených,nehoda pouze s hmotnou škodou,"nepřichází v úvahu, nejde o srážku jedou",řidič se plně nevěnoval řízení vozidla,povrch mokrý,neztížené,dobré,na jízdním pruhu,žádná místní úprava,zatáčka,neurčeno,žádná z uvedených,srážka s pevnou překážkou,závory železničního přejezdu,živice,"dobrý, bez závad","ve dne, viditelnost nezhoršená vlivem po",dvoupruhová,žádný způsob řízení provozu,železniční přejezd zabezpečený,mimo křižovatku,ne,P3367,1.79043960233,Úštěk - Blíževedly,"67,487",Ne,I.,15,,50° 36' 31.28742'' N,14° 22' 39.71029'' E,50.60869,14.3777
14.037701988412614,50.465118548925098,40606100928,Úpohlavy (Ústecký kraj),2010-12-12 09:45:00,silnice 3.třídy,23750,řidičem motorového vozidla,s řidičským oprávněním skupiny b,řidič nebyl ovlivněn,ne,dobrý -žádné nepříznivé okolnosti nebyly zjištěny,0,1,0,2,ŠKODA,nedošlo k požáru,2200,"došlo k úniku pohonných hmot, oleje, chl",osobní automobil bez přívěsu,2010,"soukromá organizace (podnikatel, s.r.o.,",2000,nebylo třeba užít násilí,nehoda s následky na životě nebo zdraví,z boku,proti příkazu dopravní značky STŮJ DEJ PŘEDNOST,"na vozovce je náledí, ujetý sníh - posyp",neztížené,dobré,na jízdním pruhu,přednost vyznačena dopravními značkami,přímý úsek,neurčeno,jedoucí - proti směru staničení na komun,srážka s vlakem,"nepřichází v úvahu, nejde o srážku s pev",živice,"dobrý, bez závad","ve dne, viditelnost nezhoršená vlivem po",dvoupruhová,místní úprava (vyplní se pol. 24),železniční přejezd nezabezpečený,mimo křižovatku,ne,P2273,12.7396127511,Čížkovice - Chotěšov pod Hazmburkem,"6,174",Ne,III.,23750,u zast. Úpohlavy,50° 27' 54.76235'' N,14° 02' 16.10352'' E,50.46521,14.03781
13.406496640097222,50.225918387748848,40706090446,Podbořany (Ústecký kraj),2009-07-15 00:30:00,silnice 2.třídy,221,řidičem motorového vozidla,s řidičským oprávněním skupiny b,řidič nebyl ovlivněn,"ano, obsah alkoholu v&nbsp;krvi do 0,99‰ (2)","pod vlivem alkoholu, obsah alkoholu v krvi do 0,99‰",0,1,0,1,PEUGEOT,nedošlo k požáru,700,žádné z uvedených,osobní automobil bez přívěsu,1988,"soukromé, nevyužívané k výdělečné činnos",200,nebylo třeba užít násilí,nehoda s následky na životě nebo zdraví,"nepřichází v úvahu, nejde o srážku jedou",řidič se plně nevěnoval řízení vozidla,"povrch suchý, neznečistěný",neztížené,dobré,mimo komunikaci,přednost vyznačena přenosnými dopravními,křižovatka styková - tříramenná,místní komunikace,zachycuje směr jízdy křižovatkou,srážka s pevnou překážkou,závory železničního přejezdu,živice,"dobrý, bez závad","v noci - s veřejným osvětlením,viditelno",dvoupruhová,místní úprava (vyplní se pol. 24),železniční přejezd zabezpečený,"na křižovatce, uvnitř hranic křižovatky",ne,P1710,10.9191506393,Podbořany - Kaštice,"180,909",Ne,II.,221,,50° 13' 32.99876'' N,13° 24' 23.14657'' E,50.22583,13.40643
13.718958151837642,50.398163680717971,40706090448,Břvany (Ústecký kraj),2009-07-16 07:15:00,silnice 2.třídy,250,řidičem motorového vozidla,s řidičským oprávněním skupiny b,řidič nebyl ovlivněn,ne,dobrý -žádné nepříznivé okolnosti nebyly zjištěny,0,1,2,2,ŠKODA,nedošlo k požáru,2150,"došlo k úniku pohonných hmot, oleje, chl",osobní automobil bez přívěsu,1994,"soukromé, nevyužívané k výdělečné činnos",100,použitím speciální vyprošťovací techniky,nehoda s následky na životě nebo zdraví,z boku,jiné nedání přednosti,"povrch suchý, neznečistěný",neztížené,dobré,na jízdním pruhu,žádná místní úprava,přímý úsek,neurčeno,jedoucí - proti směru staničení na komun,srážka s vlakem,"nepřichází v úvahu, nejde o srážku s pev",živice,"dobrý, bez závad","ve dne, viditelnost nezhoršená vlivem po",dvoupruhová,žádný způsob řízení provozu,železniční přejezd zabezpečený,mimo křižovatku,ne,P2158,4.51662682456,Lenešice - Břvany,"104,952",Ne,II.,250,,50° 23' 53.45374'' N,13° 43' 08.05775'' E,50.39818,13.7189
13.789765605343733,50.37459889225881,40706090663,Dobroměřice (Ústecký kraj),2009-10-15 14:50:00,silnice 3.třídy,25016,řidičem motorového vozidla,s řidičským oprávněním skupiny c,řidič nebyl ovlivněn,ne,dobrý -žádné nepříznivé okolnosti nebyly zjištěny,0,0,0,2,MITSUBISHI,nedošlo k požáru,1200,žádné z uvedených,"nákladní automobil (včetně multikáry, au",1999,"soukromé, nevyužívané k výdělečné činnos",900,nebylo třeba užít násilí,nehoda pouze s hmotnou škodou,z boku,jiné nedání přednosti,"povrch suchý, neznečistěný",neztížené,dobré,na jízdním pruhu,žádná místní úprava,přímý úsek,neurčeno,jedoucí - ve směru staničení na komunika,srážka s vlakem,"nepřichází v úvahu, nejde o srážku s pev",živice,"dobrý, bez závad","ve dne, viditelnost nezhoršená vlivem po",dvoupruhová,světelným signalizačním zařízením,železniční přejezd zabezpečený,mimo křižovatku,ne,P2154,27.5018440878,Louny - Lenešice,"99,187",Ne,III.,25016,,50° 22' 29.43341'' N,13° 47' 22.85182'' E,50.37484,13.78968
13.718942012870533,50.398176038942246,40706090716,Břvany (Ústecký kraj),2009-11-16 16:45:00,silnice 2.třídy,250,řidičem motorového vozidla,nezjištěno,jiné ovlivnění,nezjišťováno,jiný nepříznivý stav,0,0,0,1,žádná z uvedených,žádná z uvedených,500,žádné z uvedených,"nezjištěno, řidič ujel",,žádná z uvedených,0,žádná z uvedených,nehoda pouze s hmotnou škodou,"nepřichází v úvahu, nejde o srážku jedou",řidič se plně nevěnoval řízení vozidla,povrch mokrý,déšť,dobré,mimo komunikaci,žádná místní úprava,zatáčka,neurčeno,žádná z uvedených,srážka s pevnou překážkou,"odrazník, patník, sloupek, dopr.značky a",živice,"dobrý, bez závad","v noci - s veřejným osvětlením, zhoršená",dvoupruhová,světelným signalizačním zařízením,železniční přejezd zabezpečený,mimo křižovatku,ne,P2158,3.02025943298,Lenešice - Břvany,"104,952",Ne,II.,250,,50° 23' 53.45374'' N,13° 43' 08.05775'' E,50.39818,13.7189
13.525569251649975,50.33520943550166,40706100007,Žatec (Ústecký kraj),2010-01-01 07:54:00,komunikace místní,0,řidičem motorového vozidla,s řidičským oprávněním skupiny b,řidič nebyl ovlivněn,ne,dobrý -žádné nepříznivé okolnosti nebyly zjištěny,1,0,1,2,Kia,nedošlo k požáru,2500,"došlo k úniku pohonných hmot, oleje, chl",osobní automobil bez přívěsu,2008,"soukromé, nevyužívané k výdělečné činnos",2000,použitím speciální vyprošťovací techniky,nehoda s následky na životě nebo zdraví,z boku,jiné nedání přednosti,"souvislá sněhová vrstva, rozbředlý sníh",neztížené,dobré,na jízdním pruhu,přednost vyznačena dopravními značkami,přímý úsek,neurčeno,vozidlo jedoucí - na komunikaci bez stan,srážka s vlakem,"nepřichází v úvahu, nejde o srážku s pev",štěrk,"dobrý, bez závad","ve dne, viditelnost nezhoršená vlivem po",dvoupruhová,místní úprava (vyplní se pol. 24),železniční přejezd nezabezpečený,mimo křižovatku,ne,P1724,4.32426920754,Žabokliky - Žatec západ,"201,578",Ne,C,,,50° 20' 06.75714'' N,13° 31' 32.26025'' E,50.33521,13.52563
13.955431011815541,50.400979053644988,40706100068,Koštice (Ústecký kraj),2010-02-02 09:15:00,silnice 2.třídy,246,řidičem motorového vozidla,s řidičským oprávněním skupiny b,řidič nebyl ovlivněn,ne,dobrý -žádné nepříznivé okolnosti nebyly zjištěny,0,0,0,2,ŠKODA,nedošlo k požáru,1000,"došlo k úniku pohonných hmot, oleje, chl",osobní automobil bez přívěsu,2007,"soukromá organizace (podnikatel, s.r.o.,",800,nebylo třeba užít násilí,nehoda pouze s hmotnou škodou,z boku,proti příkazu dopravní značky STŮJ DEJ PŘEDNOST,povrch mokrý,neztížené,dobré,na jízdním pruhu,přednost vyznačena dopravními značkami,přímý úsek,neurčeno,jedoucí - ve směru staničení na komunika,srážka s vlakem,"nepřichází v úvahu, nejde o srážku s pev",živice,"dobrý, bez závad","ve dne, viditelnost nezhoršená vlivem po",dvoupruhová,místní úprava (vyplní se pol. 24),železniční přejezd nezabezpečený,mimo křižovatku,ne,P2299,17.1678842933,Koštice nad Ohří - Libochovice,"12,446",Ne,II.,246,,50° 24' 03.35395'' N,13° 57' 20.36268'' E,50.40093,13.95566
13.557397281715076,50.281772180626014,40706100137,Holedeč (Ústecký kraj),2010-03-03 11:25:00,silnice 3.třídy,22720,řidičem motorového vozidla,s řidičským oprávněním skupiny b,řidič nebyl ovlivněn,ne,dobrý -žádné nepříznivé okolnosti nebyly zjištěny,0,0,0,1,TOYOTA,nedošlo k požáru,1000,"došlo k úniku pohonných hmot, oleje, chl",osobní automobil bez přívěsu,2009,"soukromé, nevyužívané k výdělečné činnos",900,nebylo třeba užít násilí,nehoda pouze s hmotnou škodou,"nepřichází v úvahu, nejde o srážku jedou","nepř. rychlosti stavu vozovky (náledí, výtluky, bláto, mokrý povrch apod.)","na vozovce je náledí, ujetý sníh - nepos",sněžení,dobré,na jízdním pruhu,žádná místní úprava,zatáčka,neurčeno,jedoucí - ve směru staničení na komunika,srážka s pevnou překážkou,"odrazník, patník, sloupek, dopr.značky a",živice,"dobrý, bez závad","ve dne, zhoršená viditelnost vlivem pově",dvoupruhová,žádný způsob řízení provozu,železniční přejezd zabezpečený,mimo křižovatku,ano,P55,18.3670217201,Měcholupy - Trnovany,"92,515",Ne,III.,22720,,50° 16' 54.66501'' N,13° 33' 25.82605'' E,50.28185,13.55717
13.718956807121698,50.398164581091123,40706100180,Břvany (Ústecký kraj),2010-03-26 09:20:00,silnice 2.třídy,250,řidičem motorového vozidla,s řidičským oprávněním skupiny b,řidič nebyl ovlivněn,ne,dobrý -žádné nepříznivé okolnosti nebyly zjištěny,0,0,0,2,ŠKODA,nedošlo k požáru,600,"došlo k úniku pohonných hmot, oleje, chl",osobní automobil bez přívěsu,1998,"soukromé, nevyužívané k výdělečné činnos",300,nebylo třeba užít násilí,nehoda pouze s hmotnou škodou,z boku,jiné nedání přednosti,"povrch suchý, neznečistěný",neztížené,dobré,na jízdním pruhu,přednost nevyznačena - vyplývá z pravide,přímý úsek,neurčeno,jedoucí - proti směru staničení na komun,srážka s vlakem,"nepřichází v úvahu, nejde o srážku s pev",živice,"dobrý, bez závad","ve dne, viditelnost nezhoršená vlivem po",dvoupruhová,místní úprava (vyplní se pol. 24),železniční přejezd nezabezpečený,mimo křižovatku,ne,P2158,4.38913891259,Lenešice - Břvany,"104,952",Ne,II.,250,,50° 23' 53.45374'' N,13° 43' 08.05775'' E,50.39818,13.7189
13.713195310409942,50.230720781429383,40706100183,Domoušice (Ústecký kraj),2010-03-26 20:25:00,silnice 3.třídy,22923,řidičem motorového vozidla,s řidičským oprávněním skupiny c,řidič nebyl ovlivněn,ne,dobrý -žádné nepříznivé okolnosti nebyly zjištěny,0,0,0,2,SEAT,nedošlo k požáru,600,žádné z uvedených,osobní automobil bez přívěsu,1994,"soukromé, nevyužívané k výdělečné činnos",300,nebylo třeba užít násilí,nehoda pouze s hmotnou škodou,z boku,"nepř. rychlosti stavu vozovky (náledí, výtluky, bláto, mokrý povrch apod.)",povrch mokrý,déšť,dobré,na jízdním pruhu,žádná místní úprava,přímý úsek po projetí zatáčkou (do vzdál,neurčeno,jedoucí - ve směru staničení na komunika,srážka s vlakem,"nepřichází v úvahu, nejde o srážku s pev",živice,"dobrý, bez závad","v noci - bez veřejného osvětlení, vidite",dvoupruhová,žádný způsob řízení provozu,železniční přejezd nezabezpečený,mimo křižovatku,ano,P2348,10.6221221999,Domoušice - Hřivice,"27,379",Ne,III.,22923,,50° 13' 50.51095'' N,13° 42' 46.98587'' E,50.2307,13.71305
13.548562747435778,50.338481459769589,40706100244,Žatec (Ústecký kraj),2010-05-05 01:15:00,silnice 2.třídy,250,řidičem motorového vozidla,bez příslušného řidičského oprávnění,řidič nebyl ovlivněn,ano - obsah alkoholu v krvi 1‰ a více (2),pod vlivem alkoholu obsah alkoholu v krvi 1‰ a více,0,0,0,1,RENAULT,nedošlo k požáru,100,"došlo k úniku pohonných hmot, oleje, chl",osobní automobil bez přívěsu,1991,"soukromé, nevyužívané k výdělečné činnos",50,nebylo třeba užít násilí,nehoda pouze s hmotnou škodou,"nepřichází v úvahu, nejde o srážku jedou",nepř. rychlosti vlastnostem vozidla a nákladu,povrch mokrý,neztížené,dobré,na jízdním pruhu,žádná místní úprava,přímý úsek,neurčeno,jedoucí - ve směru staničení na komunika,srážka s pevnou překážkou,závory železničního přejezdu,živice,"dobrý, bez závad","v noci - bez veřejného osvětlení,viditel",dvoupruhová,světelným signalizačním zařízením,železniční přejezd zabezpečený,mimo křižovatku,ne,P1725,24.4767504869,Žatec západ - Žatec,"203,312",Ne,II.,250,,50° 20' 18.19241'' N,13° 32' 53.70191'' E,50.33839,13.54825
13.549636003750408,50.338707646792685,40706100362,Žatec (Ústecký kraj),2010-06-22 03:50:00,silnice 2.třídy,250,řidičem motorového vozidla,nezjištěno,jiné ovlivnění,nezjišťováno,jiný nepříznivý stav,0,0,0,1,žádná z uvedených,žádná z uvedených,100,žádné z uvedených,"nezjištěno, řidič ujel",,žádná z uvedených,0,žádná z uvedených,nehoda pouze s hmotnou škodou,"nepřichází v úvahu, nejde o srážku jedou",řidič se plně nevěnoval řízení vozidla,"povrch suchý, neznečistěný",neztížené,dobré,na jízdním pruhu,přednost vyznačena přenosnými dopravními,přímý úsek,neurčeno,žádná z uvedených,srážka s pevnou překážkou,závory železničního přejezdu,živice,"dobrý, bez závad","ve dne, viditelnost nezhoršená vlivem po",dvoupruhová,místní úprava (vyplní se pol. 24),železniční přejezd zabezpečený,mimo křižovatku,ne,P62,2.19256058153,,"0,102",ne,II,250,ulice Lounská,50° 20' 19.255'' N,13° 32' 58.046'' E,50.33868,13.54946
13.526250910575897,50.335079969167587,40706100469,Žatec (Ústecký kraj),2010-08-11 08:10:00,komunikace místní,0,řidičem motorového vozidla,s řidičským oprávněním skupiny b,řidič nebyl ovlivněn,ne,dobrý -žádné nepříznivé okolnosti nebyly zjištěny,0,0,0,2,SUZUKI,nedošlo k požáru,250,žádné z uvedených,osobní automobil bez přívěsu,2005,"soukromá organizace (podnikatel, s.r.o.,",200,nebylo třeba užít násilí,nehoda pouze s hmotnou škodou,z boku,proti příkazu dopravní značky DEJ PŘEDNOST,"povrch suchý, znečist. (písek,listí,štěr",neztížené,dobré,na jízdním pruhu,přednost vyznačena dopravními značkami,přímý úsek,neurčeno,vozidlo jedoucí - na komunikaci bez stan,srážka s vlakem,"nepřichází v úvahu, nejde o srážku s pev",živice,souvislé výtluky,"ve dne, viditelnost nezhoršená vlivem po",dvoupruhová,místní úprava (vyplní se pol. 24),železniční přejezd nezabezpečený,mimo křižovatku,ne,P1724,46.5092601496,Žabokliky - Žatec západ,"201,578",Ne,C,,,50° 20' 06.75714'' N,13° 31' 32.26025'' E,50.33521,13.52563
13.677688851182991,50.599166611941534,40806090506,Mariánské Radčice (Ústecký kraj),2009-08-13 06:00:00,silnice 2.třídy,254,řidičem motorového vozidla,s řidičským oprávněním skupiny c,řidič nebyl ovlivněn,ne,dobrý -žádné nepříznivé okolnosti nebyly zjištěny,0,0,0,2,ŠKODA,nedošlo k požáru,1200,"došlo k úniku pohonných hmot, oleje, chl",osobní automobil bez přívěsu,1998,"státní podnik, státní organizace",800,nebylo třeba užít násilí,nehoda pouze s hmotnou škodou,z boku,proti příkazu dopravní značky STŮJ DEJ PŘEDNOST,povrch mokrý,neztížené,dobré,na jízdním pruhu,přednost vyznačena přenosnými dopravními,přímý úsek,neurčeno,jedoucí - proti směru staničení na komun,srážka s vlakem,"nepřichází v úvahu, nejde o srážku s pev",živice,"dobrý, bez závad","ve dne, zhoršená viditelnost (svítání,so",dvoupruhová,místní úprava (vyplní se pol. 24),železniční přejezd nezabezpečený,mimo křižovatku,ne,P1987,3.71640640012,Osek - Louka u Litvínova,"49,972",Ano,II.,254,,50° 35' 57.10302'' N,13° 40' 39.67604'' E,50.5992,13.67769
13.677816129383991,50.59909379155544,40806090559,Mariánské Radčice (Ústecký kraj),2009-09-09 13:20:00,silnice 2.třídy,254,řidičem motorového vozidla,s řidičským oprávněním skupiny c,řidič nebyl ovlivněn,ne,dobrý -žádné nepříznivé okolnosti nebyly zjištěny,0,0,0,2,MERCEDES,nedošlo k požáru,800,žádné z uvedených,"nákladní automobil (včetně multikáry, au",2008,"soukromá organizace (podnikatel, s.r.o.,",600,nebylo třeba užít násilí,nehoda pouze s hmotnou škodou,boční,jiné nedání přednosti,"povrch suchý, neznečistěný",neztížené,dobré,na jízdním pruhu,žádná místní úprava,přímý úsek,neurčeno,jedoucí - ve směru staničení na komunika,srážka s vlakem,"nepřichází v úvahu, nejde o srážku s pev",živice,"dobrý, bez závad","ve dne, viditelnost nezhoršená vlivem po",dvoupruhová,žádný způsob řízení provozu,železniční přejezd nezabezpečený,mimo křižovatku,ne,P1987,14.8105834577,Osek - Louka u Litvínova,"49,972",Ano,II.,254,,50° 35' 57.10302'' N,13° 40' 39.67604'' E,50.5992,13.67769
13.592533866042549,50.577101873839069,40806090747,Litvínov (Ústecký kraj),2009-11-24 23:59:00,komunikace místní,0,řidičem motorového vozidla,nezjištěno,jiné ovlivnění,nezjišťováno,jiný nepříznivý stav,0,0,0,1,žádná z uvedených,žádná z uvedených,100,žádné z uvedených,"nezjištěno, řidič ujel",,žádná z uvedených,0,žádná z uvedených,nehoda pouze s hmotnou škodou,"nepřichází v úvahu, nejde o srážku jedou",řidič se plně nevěnoval řízení vozidla,"povrch suchý, neznečistěný",neztížené,dobré,žádné z uvedených,přednost nevyznačena - vyplývá z pravide,přímý úsek,neurčeno,žádná z uvedených,srážka s pevnou překážkou,závory železničního přejezdu,živice,"dobrý, bez závad","ve dne, viditelnost nezhoršená vlivem po",žádná z uvedených,místní úprava (vyplní se pol. 24),železniční přejezd zabezpečený,mimo křižovatku,ne,P1992,1857.05341231,Litvínov - KOVOŠROT Litvínov,"55,699",Ne,MK,,,50° 35' 29.80282'' N,13° 36' 19.82071'' E,50.59161,13.60551
13.651618101474861,50.59825343425608,40806100012,Lom (Ústecký kraj),2010-01-01 21:10:00,silnice 1.třídy,27,řidičem motorového vozidla,"nezjištěno, řidič místo nehody opustil",jiné ovlivnění,nezjišťováno,jiný nepříznivý stav,0,0,0,1,MERCEDES,řidič ujel - nezjištěn,2420,žádné z uvedených,osobní automobil bez přívěsu,1996,žádná z uvedených,450,nebylo třeba užít násilí,nehoda pouze s hmotnou škodou,"nepřichází v úvahu, nejde o srážku jedou","nepř. rychlosti stavu vozovky (náledí, výtluky, bláto, mokrý povrch apod.)","souvislá sněhová vrstva, rozbředlý sníh",neztížené,dobré,mimo komunikaci,žádná místní úprava,přímý úsek,neurčeno,jedoucí - proti směru staničení na komun,havárie,"nepřichází v úvahu, nejde o srážku s pev",živice,"dobrý, bez závad","v noci - bez veřejného osvětlení,viditel",dvoupruhová,světelným signalizačním zařízením,železniční přejezd nezabezpečený,mimo křižovatku,ne,P2169,3.81130778304,Louka u Litvínova - Osek město,"133,825",Ne,I.,27,Lom zast.,50° 35' 53.60253'' N,13° 39' 05.85630'' E,50.59822,13.65163
13.623544119985082,50.564167978626216,40806100465,Litvínov (Ústecký kraj),2010-08-19 14:30:00,komunikace místní,0,řidičem motorového vozidla,s řidičským oprávněním skupiny b,řidič nebyl ovlivněn,ne,dobrý -žádné nepříznivé okolnosti nebyly zjištěny,0,0,0,2,VOLKSWAGEN,nedošlo k požáru,500,"došlo k úniku pohonných hmot, oleje, chl",osobní automobil bez přívěsu,1999,"soukromá organizace (podnikatel, s.r.o.,",200,nebylo třeba užít násilí,nehoda pouze s hmotnou škodou,z boku,jízda na “červené světlo“,"povrch suchý, neznečistěný",neztížené,dobré,žádné z uvedených,žádná místní úprava,přímý úsek,neurčeno,vozidlo jedoucí - na komunikaci bez stan,srážka s vlakem,"nepřichází v úvahu, nejde o srážku s pev","žádný z uvedených (písek,dřevo atd.)","dobrý, bez závad","ve dne, viditelnost nezhoršená vlivem po",dvoupruhová,světelným signalizačním zařízením,železniční přejezd zabezpečený,mimo křižovatku,ne,P2166,7.38091125272,Most nové nádraží - Most-Herkules seř.n.,"6,141",Ano,O,,,50° 33' 51.01172'' N,13° 37' 24.39953'' E,50.56417,13.62344
13.766977216226474,50.562549188636169,40906091105,Bílina (Ústecký kraj),2009-10-27 10:50:00,komunikace místní,0,řidičem motorového vozidla,s řidičským oprávněním skupiny d,řidič nebyl ovlivněn,ne,dobrý -žádné nepříznivé okolnosti nebyly zjištěny,0,0,0,1,RENAULT,nedošlo k požáru,900,žádné z uvedených,nákladní automobil s návěsem,2000,"soukromá organizace (podnikatel, s.r.o.,",0,nebylo třeba užít násilí,nehoda pouze s hmotnou škodou,"nepřichází v úvahu, nejde o srážku jedou",řidič se plně nevěnoval řízení vozidla,"povrch suchý, neznečistěný",neztížené,dobré,mimo komunikaci,žádná místní úprava,přímý úsek,neurčeno,vozidlo jedoucí - na komunikaci bez stan,srážka s pevnou překážkou,"jiná překážka (zábradlí,oplocení,násep,n",živice,"dobrý, bez závad","ve dne, viditelnost nezhoršená vlivem po",dvoupruhová,žádný způsob řízení provozu,železniční přejezd zabezpečený,mimo křižovatku,ne,P1950,540.679018246,žst. Bílina - (kol. 111-113),"33,93",Ne,O,,Remiza Bílina,50° 33' 32.80673'' N,13° 46' 20.54421'' E,50.55911,13.77237
13.792640827744513,50.642201868685532,40906100255,Teplice (Ústecký kraj),2010-03-30 05:15:00,silnice 3.třídy,25338,řidičem motorového vozidla,s řidičským oprávněním skupiny d,řidič nebyl ovlivněn,ne,dobrý -žádné nepříznivé okolnosti nebyly zjištěny,0,0,0,1,DAF,nedošlo k požáru,50,žádné z uvedených,nákladní automobil s návěsem,2002,"soukromá organizace (podnikatel, s.r.o.,",0,nebylo třeba užít násilí,nehoda pouze s hmotnou škodou,"nepřichází v úvahu, nejde o srážku jedou",samovolné rozjetí nezajištěného vozidla,povrch mokrý,mlha,dobré,na jízdním pruhu,žádná místní úprava,přímý úsek,neurčeno,jedoucí - proti směru staničení na komun,srážka s pevnou překážkou,závory železničního přejezdu,živice,"dobrý, bez závad","v noci - s veřejným osvětlením, zhoršená",dvoupruhová,žádný způsob řízení provozu,železniční přejezd zabezpečený,mimo křižovatku,ne,P2091,5.14115106381,Řetenice - Teplice zámecká zahrada,"0,595",Ne,III.,25338,,50° 38' 31.78049'' N,13° 47' 33.40284'' E,50.64216,13.79261
13.802379359251011,50.634362478521396,40906100619,Teplice (Ústecký kraj),2010-07-31 17:12:00,komunikace místní,0,řidičem motorového vozidla,s řidičským oprávněním skupiny c,řidič nebyl ovlivněn,ne,dobrý -žádné nepříznivé okolnosti nebyly zjištěny,0,0,0,2,ŠKODA,nedošlo k požáru,150,žádné z uvedených,osobní automobil bez přívěsu,1992,"soukromé, nevyužívané k výdělečné činnos",50,nebylo třeba užít násilí,nehoda pouze s hmotnou škodou,boční,při vjíždění na silnici,"povrch suchý, neznečistěný",neztížené,dobré,na jízdním pruhu,žádná místní úprava,přímý úsek,neurčeno,vozidlo jedoucí - na komunikaci bez stan,srážka s vlakem,"nepřichází v úvahu, nejde o srážku s pev",živice,"dobrý, bez závad","ve dne, viditelnost nezhoršená vlivem po",dvoupruhová,žádný způsob řízení provozu,železniční přejezd nezabezpečený,mimo křižovatku,ne,P2094,3.11110999987,Řetenice - Teplice zámecká zahrada,"1,957",Ne,MK,,,50° 38' 03.66632'' N,13° 48' 08.40699'' E,50.63435,13.80234
13.834231215794945,50.65586235220637,40906100673,Teplice (Ústecký kraj),2010-08-16 05:35:00,komunikace místní,0,řidičem motorového vozidla,s řidičským oprávněním skupiny c,řidič nebyl ovlivněn,ne,dobrý -žádné nepříznivé okolnosti nebyly zjištěny,0,0,0,1,ŠKODA,nedošlo k požáru,200,žádné z uvedených,osobní automobil bez přívěsu,2008,"městská, obecní policie",200,nebylo třeba užít násilí,nehoda pouze s hmotnou škodou,"nepřichází v úvahu, nejde o srážku jedou",nesprávné otáčení nebo couvání,povrch mokrý,"na počátku deště, slabý déšť",dobré,na jízdním pruhu,žádná místní úprava,přímý úsek,neurčeno,vozidlo jedoucí - na komunikaci bez stan,srážka s pevnou překážkou,závory železničního přejezdu,živice,"dobrý, bez závad","ve dne, zhoršená viditelnost (svítání,so",dvoupruhová,žádný způsob řízení provozu,železniční přejezd zabezpečený,mimo křižovatku,ne,P1946,9.77608034185,žst. Teplice v Čechách,"16,867",Ano,C,,Teplice E.Dvořákové u Knotka,50° 39' 21.21899'' N,13° 50' 02.76533'' E,50.65589,13.8341