X,Y,id,obec,datum,komunikace,komunika_1,zavineni,ridic_kate,ridic_ovli,vinik_alko,ridic_stav,obeti_usmr,obeti_lehc,obeti_tezc,vozidel_ce,vinik_vozi,vinik_vo_1,skoda,unik_hmot,vinik_vo_2,vinik_vo_3,vinik_vo_4,vinik_skod,vyprosteni,nehoda_cha,srazka_voz,hlavni_pri,povrch_sta,meteo,rozhled,nehoda_pol,prednost_v,smerove_po,druh_krizu,smer_jizdy,nehoda_dru,pevna_prek,povrch_dru,komunika_2,viditelnos,komunika_3,rizeni_pro,objekty,misto_neho,smyk,neighbors_TargetID,neighbors_Distance,neighbors_prejezdy-dec_Název definičního úseku,neighbors_prejezdy-dec_Žkm přejezdu,neighbors_prejezdy-dec_Přejezd s trolejovým vedením,neighbors_prejezdy-dec_Třída pozemní komunikace,neighbors_prejezdy-dec_Číslo pozemní komunikace,neighbors_prejezdy-dec_Místní název přejezdu,neighbors_prejezdy-dec_Zeměpisná šířka,neighbors_prejezdy-dec_Zeměpisná délka,neighbors_prejezdy-dec_field_10,neighbors_prejezdy-dec_field_11
15.834067468819779,50.29098090509094,50206100297,Smiřice (Královéhradecký kraj),2010-04-11 13:38:00,silnice 1.třídy,33,řidičem motorového vozidla,s řidičským oprávněním skupiny b,řidič nebyl ovlivněn,ne,dobrý -žádné nepříznivé okolnosti nebyly zjištěny,0,0,0,2,VOLKSWAGEN,nedošlo k požáru,350,žádné z uvedených,osobní automobil bez přívěsu,1997,registrované mimo území ČR,250,nebylo třeba užít násilí,nehoda pouze s hmotnou škodou,boční,"předj. v místech, kde je zakázáno dopr.značkou","povrch suchý, neznečistěný",neztížené,dobré,na jízdním pruhu,žádná místní úprava,přímý úsek,neurčeno,jedoucí - ve směru staničení na komunika,srážka s jedoucím nekolejovým vozidlem,"nepřichází v úvahu, nejde o srážku s pev",živice,"dobrý, bez závad","ve dne, viditelnost nezhoršená vlivem po",dvoupruhová,žádný způsob řízení provozu,železniční přejezd nezabezpečený,mimo křižovatku,ne,P5429,1.2246532938,Račice n/Trot. - Smiřice zastávka,"9,675",Ne,I.,33,Trotina,50° 17' 27.48170'' N,15° 50' 02.65499'' E,50.29097,15.83407
16.006016556234066,50.190366609926002,50206100303,Třebechovice pod Orebem (Královéhradecký kraj),2010-04-12 14:44:00,komunikace místní,0,řidičem motorového vozidla,s řidičským oprávněním skupiny b,řidič nebyl ovlivněn,ne,dobrý -žádné nepříznivé okolnosti nebyly zjištěny,1,0,0,2,TOYOTA,nedošlo k požáru,4100,žádné z uvedených,osobní automobil bez přívěsu,1999,"soukromé, nevyužívané k výdělečné činnos",800,použitím speciální vyprošťovací techniky,nehoda s následky na životě nebo zdraví,z boku,jiné nedání přednosti,"povrch suchý, neznečistěný",neztížené,dobré,na jízdním pruhu,žádná místní úprava,přímý úsek,neurčeno,vozidlo jedoucí - na komunikaci bez stan,srážka s vlakem,"nepřichází v úvahu, nejde o srážku s pev",živice,"dobrý, bez závad","ve dne, viditelnost nezhoršená vlivem po",dvoupruhová,světelným signalizačním zařízením,železniční přejezd zabezpečený,mimo křižovatku,ne,P4019,6.29466115298,Třebechovice p/O - Týniště n/Orlicí,"43,446",Ano,C,,Amerika,50° 11' 25.46265'' N,16° 00' 21.44826'' E,50.19041,16.00596
15.74902130062587,50.179627118323133,50206100581,Praskačka (Královéhradecký kraj),2010-07-07 05:10:00,silnice 3.třídy,32326,řidičem motorového vozidla,nezjištěno,jiné ovlivnění,nezjišťováno,jiný nepříznivý stav,0,0,0,1,žádná z uvedených,žádná z uvedených,10,žádné z uvedených,"nezjištěno, řidič ujel",,žádná z uvedených,0,žádná z uvedených,nehoda pouze s hmotnou škodou,"nepřichází v úvahu, nejde o srážku jedou",jiný druh nesprávného způsobu jízdy,"povrch suchý, neznečistěný",neztížené,dobré,na jízdním pruhu,žádná místní úprava,přímý úsek,neurčeno,žádná z uvedených,srážka s pevnou překážkou,závory železničního přejezdu,živice,"dobrý, bez závad","ve dne, viditelnost nezhoršená vlivem po",dvoupruhová,světelným signalizačním zařízením,železniční přejezd zabezpečený,mimo křižovatku,ne,P3997,3.51049748232,Praskačka - Plačice,"21,907",Ano,III.,32326,Vlčkovice,50° 10' 46.59529'' N,15° 44' 56.34148'' E,50.17961,15.74898
15.814072408441065,50.230657968319939,50206100703,Hradec Králové (Královéhradecký kraj),2010-08-21 07:15:00,komunikace místní,0,řidičem motorového vozidla,s řidičským oprávněním skupiny d,řidič nebyl ovlivněn,ne,dobrý -žádné nepříznivé okolnosti nebyly zjištěny,0,2,0,2,VAZ,nedošlo k požáru,2700,žádné z uvedených,osobní automobil bez přívěsu,2003,"soukromé, nevyužívané k výdělečné činnos",200,nebylo třeba užít násilí,nehoda s následky na životě nebo zdraví,z boku,jiné nedání přednosti,"povrch suchý, neznečistěný",neztížené,"špatné vlivem trvalé vegetace (stromy,ke",mimo komunikaci,žádná místní úprava,přímý úsek,neurčeno,vozidlo jedoucí - na komunikaci bez stan,srážka s vlakem,"nepřichází v úvahu, nejde o srážku s pev",štěrk,"dobrý, bez závad","ve dne, viditelnost nezhoršená vlivem po",dvoupruhová,žádný způsob řízení provozu,železniční přejezd zabezpečený,mimo křižovatku,ne,P5212,0.587172343608,Hradec Králové hl.n - Předměřice n/Labem,"24,239",Ano,C,,U rybníčku,50° 13' 50.36036'' N,15° 48' 50.67166'' E,50.23066,15.81408
15.806260766630068,50.201811553958869,50206100852,Hradec Králové (Královéhradecký kraj),2010-09-28 00:23:00,komunikace místní,0,řidičem motorového vozidla,s řidičským oprávněním skupiny b,řidič nebyl ovlivněn,ne,dobrý -žádné nepříznivé okolnosti nebyly zjištěny,0,0,0,2,SUZUKI,nedošlo k požáru,310,žádné z uvedených,osobní automobil bez přívěsu,2008,"soukromé, nevyužívané k výdělečné činnos",300,nebylo třeba užít násilí,nehoda pouze s hmotnou škodou,z boku,řidič se plně nevěnoval řízení vozidla,povrch mokrý,déšť,dobré,žádné z uvedených,žádná místní úprava,přímý úsek,neurčeno,vozidlo jedoucí - na komunikaci bez stan,srážka s vlakem,"nepřichází v úvahu, nejde o srážku s pev",živice,"dobrý, bez závad","v noci - s veřejným osvětlením, zhoršená",dvoupruhová,světelným signalizačním zařízením,železniční přejezd zabezpečený,mimo křižovatku,ne,P5372,1.38335820753,Opatovice n/Labem - Hradec Králové hl.n.,"20,985",Ano,C,,Farářství,50° 12' 06.49926'' N,15° 48' 22.60893'' E,50.20181,15.80628
15.806287655193994,50.201798204714464,50206100900,Hradec Králové (Královéhradecký kraj),2010-10-11 09:19:00,komunikace místní,0,řidičem motorového vozidla,s řidičským oprávněním skupiny b,řidič nebyl ovlivněn,ne,dobrý -žádné nepříznivé okolnosti nebyly zjištěny,0,0,0,2,MERCEDES,nedošlo k požáru,2500,žádné z uvedených,osobní automobil bez přívěsu,2009,"soukromá organizace (podnikatel, s.r.o.,",2000,nebylo třeba užít násilí,nehoda pouze s hmotnou škodou,boční,jiné nedání přednosti,"povrch suchý, neznečistěný",neztížené,dobré,na jízdním pruhu,žádná místní úprava,přímý úsek,neurčeno,vozidlo jedoucí - na komunikaci bez stan,srážka s vlakem,"nepřichází v úvahu, nejde o srážku s pev",živice,"dobrý, bez závad","ve dne, viditelnost nezhoršená vlivem po",dvoupruhová,světelným signalizačním zařízením,železniční přejezd zabezpečený,mimo křižovatku,ne,P5372,1.42291900362,Opatovice n/Labem - Hradec Králové hl.n.,"20,985",Ano,C,,Farářství,50° 12' 06.49926'' N,15° 48' 22.60893'' E,50.20181,15.80628
15.697891716438091,50.298061692639237,50206101034,Sadová (Královéhradecký kraj),2010-11-12 05:30:00,silnice 1.třídy,35,řidičem motorového vozidla,nezjištěno,jiné ovlivnění,nezjišťováno,jiný nepříznivý stav,0,0,0,1,žádná z uvedených,žádná z uvedených,50,žádné z uvedených,"nezjištěno, řidič ujel",,žádná z uvedených,0,žádná z uvedených,nehoda pouze s hmotnou škodou,"nepřichází v úvahu, nejde o srážku jedou",jiný druh nesprávného způsobu jízdy,"povrch suchý, neznečistěný",neztížené,dobré,na jízdním pruhu,žádná místní úprava,přímý úsek,neurčeno,žádná z uvedených,srážka s pevnou překážkou,závory železničního přejezdu,živice,"dobrý, bez závad","v noci - s veřejným osvětlením,viditelno",dvoupruhová,světelným signalizačním zařízením,železniční přejezd zabezpečený,mimo křižovatku,ne,P5389,2.02056959006,Sadová - Hněvčeves,"14,713",Ne,I.,35,Sádová,50° 17' 52.99065'' N,15° 41' 52.34381'' E,50.29805,15.69787
15.989403401740073,50.197137515928624,50206101146,Třebechovice pod Orebem (Královéhradecký kraj),2010-12-14 12:43:00,silnice 2.třídy,298,řidičem motorového vozidla,s řidičským oprávněním skupiny b,řidič nebyl ovlivněn,ne,dobrý -žádné nepříznivé okolnosti nebyly zjištěny,1,0,0,2,FORD,žádná z uvedených,5500,žádné z uvedených,osobní automobil bez přívěsu,1996,"soukromé, nevyužívané k výdělečné činnos",250,použitím speciální vyprošťovací techniky,nehoda s následky na životě nebo zdraví,boční,proti příkazu dopravní značky STŮJ DEJ PŘEDNOST,povrch mokrý,neztížené,dobré,na jízdním pruhu,přednost vyznačena přenosnými dopravními,přímý úsek,neurčeno,jedoucí - ve směru staničení na komunika,srážka s vlakem,"nepřichází v úvahu, nejde o srážku s pev",živice,"dobrý, bez závad","ve dne, viditelnost nezhoršená vlivem po",dvoupruhová,místní úprava (vyplní se pol. 24),železniční přejezd zabezpečený,mimo křižovatku,ne,P4017,2.76084132042,Třebechovice p/O - Týniště n/Orlicí,"42,042",Ano,II.,298,Krňovický,50° 11' 49.74372'' N,15° 59' 21.72758'' E,50.19715,15.98937
15.858765023185727,50.301498768541151,50206101189,Smiřice (Královéhradecký kraj),2010-12-25 17:30:00,silnice 3.třídy,3089,řidičem motorového vozidla,s řidičským oprávněním skupiny c,řidič nebyl ovlivněn,ne,dobrý -žádné nepříznivé okolnosti nebyly zjištěny,0,0,0,1,MAN,nedošlo k požáru,11,žádné z uvedených,nákladní automobil s návěsem,2006,"soukromé, využívané k výdělečné činnosti",1,nebylo třeba užít násilí,nehoda pouze s hmotnou škodou,"nepřichází v úvahu, nejde o srážku jedou","nepř. rychlosti stavu vozovky (náledí, výtluky, bláto, mokrý povrch apod.)","na vozovce je náledí, ujetý sníh - nepos",sněžení,dobré,na jízdním pruhu,žádná místní úprava,přímý úsek po projetí zatáčkou (do vzdál,neurčeno,jedoucí - proti směru staničení na komun,srážka s pevnou překážkou,závory železničního přejezdu,živice,"dobrý, bez závad","v noci - s veřejným osvětlením, zhoršená",dvoupruhová,žádný způsob řízení provozu,železniční přejezd zabezpečený,mimo křižovatku,ano,P5222,5.37102804572,žst. Smiřice,"33,331",Ano,III.,3089,,50° 18' 05.25757'' N,15° 51' 31.73310'' E,50.30146,15.85881
15.820286380855734,49.921629419033763,50306090534,Slatiňany (Pardubický kraj),2009-10-10 06:59:00,silnice 3.třídy,3582,řidičem motorového vozidla,s řidičským oprávněním skupiny c,řidič nebyl ovlivněn,ne,dobrý -žádné nepříznivé okolnosti nebyly zjištěny,2,0,0,2,RENAULT,nedošlo k požáru,3330,žádné z uvedených,"nákladní automobil (včetně multikáry, au",2004,"soukromá organizace (podnikatel, s.r.o.,",2000,nebylo třeba užít násilí,nehoda s následky na životě nebo zdraví,z boku,jiné nedání přednosti,povrch mokrý,neztížené,dobré,na jízdním pruhu,žádná místní úprava,přímý úsek,neurčeno,jedoucí - ve směru staničení na komunika,srážka s vlakem,"nepřichází v úvahu, nejde o srážku s pev",živice,"dobrý, bez závad","ve dne, viditelnost nezhoršená vlivem po",dvoupruhová,světelným signalizačním zařízením,železniční přejezd zabezpečený,mimo křižovatku,ne,P5337,3.30239726847,,"0,206",ne,III,3562,Slatińany Vlčnov(ulice K. Vlčnova),49° 55' 17.520'' N,15° 49' 12.780'' E,49.92153,15.82022
15.65934899451511,49.94252358565651,50306090537,Heřmanův Městec (Pardubický kraj),2009-10-10 09:12:00,silnice 3.třídy,33749,řidičem motorového vozidla,s řidičským oprávněním skupiny c,řidič nebyl ovlivněn,ne,dobrý -žádné nepříznivé okolnosti nebyly zjištěny,0,2,0,2,ŠKODA,žádná z uvedených,630,žádné z uvedených,osobní automobil bez přívěsu,2000,"soukromá organizace (podnikatel, s.r.o.,",300,nebylo třeba užít násilí,nehoda s následky na životě nebo zdraví,z boku,jiné nedání přednosti,"povrch suchý, neznečistěný",neztížené,dobré,na jízdním pruhu,přednost nevyznačena - vyplývá z pravide,přímý úsek,neurčeno,jedoucí - proti směru staničení na komun,srážka s vlakem,"nepřichází v úvahu, nejde o srážku s pev",živice,"dobrý, bez závad","ve dne, viditelnost nezhoršená vlivem po",dvoupruhová,žádný způsob řízení provozu,železniční přejezd nezabezpečený,mimo křižovatku,ano,P5045,6.57056078907,Heřmanův Městec - Kostelec u Heřman. M. Z,"14,52",Ne,III.,33749,ul.Barákova,49° 56' 33.11009'' N,15° 39' 33.99355'' E,49.94253,15.65944
15.916651795092799,49.899729428270511,50306090569,Chrast (Pardubický kraj),2009-10-22 14:55:00,silnice 3.třídy,35821,řidičem motorového vozidla,s řidičským oprávněním skupiny c,řidič nebyl ovlivněn,ne,dobrý -žádné nepříznivé okolnosti nebyly zjištěny,0,1,0,1,PEUGEOT,nedošlo k požáru,150,žádné z uvedených,osobní automobil bez přívěsu,1986,žádná z uvedených,150,nebylo třeba užít násilí,nehoda s následky na životě nebo zdraví,"nepřichází v úvahu, nejde o srážku jedou",nepř. rychlosti vlastnostem vozidla a nákladu,"povrch suchý, neznečistěný",neztížené,dobré,mimo komunikaci,žádná místní úprava,zatáčka,neurčeno,jedoucí - proti směru staničení na komun,havárie,"nepřichází v úvahu, nejde o srážku s pev",živice,"dobrý, bez závad","ve dne, viditelnost nezhoršená vlivem po",dvoupruhová,žádný způsob řízení provozu,železniční přejezd zabezpečený,mimo křižovatku,ano,P5329,1.88389441176,KAMENOLOM Zárubka - Chrast u Chrudimi,"68,05",Ne,III.,35821,žst. Chrast u Chr. - u 1. zhl.,49° 53' 58.99838'' N,15° 54' 59.85212'' E,49.89972,15.91663
15.956404463347399,49.842602528603742,50306090601,Leštinka (Pardubický kraj),2009-11-10 11:10:00,komunikace účelová - ostatní (parkoviště apod.),0,řidičem motorového vozidla,s řidičským oprávněním skupiny c,řidič nebyl ovlivněn,ne,dobrý -žádné nepříznivé okolnosti nebyly zjištěny,1,0,0,2,TATRA,nedošlo k požáru,3300,"došlo k úniku pohonných hmot, oleje, chl","nákladní automobil (včetně multikáry, au",1981,"soukromé, využívané k výdělečné činnosti",600,použitím speciální vyprošťovací techniky,nehoda s následky na životě nebo zdraví,z boku,jiné nedání přednosti,na vozovce je bláto,neztížené,dobré,na jízdním pruhu,přednost vyznačena dopravními značkami,přímý úsek,neurčeno,vozidlo jedoucí - na komunikaci bez stan,srážka s vlakem,"nepřichází v úvahu, nejde o srážku s pev",živice,"dobrý, bez závad","ve dne, viditelnost nezhoršená vlivem po",dvoupruhová,místní úprava (vyplní se pol. 24),železniční přejezd nezabezpečený,mimo křižovatku,ne,P5319,455.607945759,KAMENOLOM Zárubka - Chrast u Chrudimi,"58,455",Ne,MK,,Cejřov,49° 50' 40.67653'' N,15° 57' 03.23840'' E,49.84463,15.9509
15.562669423046216,49.877154073155502,50306090660,Třemošnice (Pardubický kraj),2009-12-17 10:46:00,silnice 3.třídy,33740,řidičem motorového vozidla,s řidičským oprávněním skupiny b,řidič nebyl ovlivněn,ne,dobrý -žádné nepříznivé okolnosti nebyly zjištěny,0,0,0,2,ŠKODA,žádná z uvedených,1050,žádné z uvedených,osobní automobil bez přívěsu,2006,"soukromá organizace (podnikatel, s.r.o.,",1000,nebylo třeba užít násilí,nehoda pouze s hmotnou škodou,z boku,proti příkazu dopravní značky STŮJ DEJ PŘEDNOST,"na vozovce je náledí, ujetý sníh - posyp",neztížené,dobré,žádné z uvedených,přednost vyznačena dopravními značkami,přímý úsek,neurčeno,jedoucí - ve směru staničení na komunika,srážka s vlakem,"nepřichází v úvahu, nejde o srážku s pev",živice,"dobrý, bez závad","ve dne, viditelnost nezhoršená vlivem po",dvoupruhová,místní úprava (vyplní se pol. 24),železniční přejezd nezabezpečený,mimo křižovatku,ano,P3761,8.16063671219,Ronov nad Doubravou - Třemošnice,"15,841",Ne,III.,33740,,49° 52' 37.64188'' N,15° 33' 45.97682'' E,49.87712,15.56277
15.280079641695805,50.518006513301508,50406090238,Újezd pod Troskami (Královéhradecký kraj),2009-07-07 12:52:00,silnice 3.třídy,2821,řidičem motorového vozidla,s řidičským oprávněním skupiny d,řidič nebyl ovlivněn,ne,dobrý -žádné nepříznivé okolnosti nebyly zjištěny,0,0,0,2,ŠKODA,nedošlo k požáru,800,žádné z uvedených,osobní automobil bez přívěsu,2000,"soukromé, nevyužívané k výdělečné činnos",800,nebylo třeba užít násilí,nehoda pouze s hmotnou škodou,boční,jiné nedání přednosti,"povrch suchý, neznečistěný",neztížené,dobré,na jízdním pruhu,žádná místní úprava,přímý úsek,neurčeno,jedoucí - proti směru staničení na komun,srážka s vlakem,"nepřichází v úvahu, nejde o srážku s pev",živice,"dobrý, bez závad","ve dne, viditelnost nezhoršená vlivem po",dvoupruhová,žádný způsob řízení provozu,železniční přejezd nezabezpečený,mimo křižovatku,ne,P3163,2.79098648813,Libuň - Rovensko pod Troskami,"15,166",Ne,III.,2821,za z. Semínova Lhota,50° 31' 04.77776'' N,15° 16' 48.16417'' E,50.51799,15.28005
15.164285169844502,50.486511155775865,50406090378,Libošovice (Královéhradecký kraj),2009-10-10 12:50:00,silnice 3.třídy,27930,řidičem motorového vozidla,s řidičským oprávněním skupiny c,řidič nebyl ovlivněn,ne,dobrý -žádné nepříznivé okolnosti nebyly zjištěny,0,0,0,2,IVECO,nedošlo k požáru,4050,žádné z uvedených,nákladní automobil s přívěsem,2007,"soukromá organizace (podnikatel, s.r.o.,",0,nebylo třeba užít násilí,nehoda pouze s hmotnou škodou,z boku,při otáčení nebo couvání,"povrch suchý, neznečistěný",neztížené,dobré,na jízdním pruhu,přednost vyznačena dopravními značkami,přímý úsek,neurčeno,jedoucí - proti směru staničení na komun,srážka s vlakem,"nepřichází v úvahu, nejde o srážku s pev",živice,"dobrý, bez závad","ve dne, viditelnost nezhoršená vlivem po",dvoupruhová,místní úprava (vyplní se pol. 24),železniční přejezd nezabezpečený,mimo křižovatku,ne,P4676,2.7556553224,Sobotka - Mladějov v Čechách,"41,72",Ne,III.,27930,na z. Libošovice,50° 29' 11.49906'' N,15° 09' 51.35170'' E,50.48653,15.16426
15.162138044611705,50.480166211150333,50406090405,Libošovice (Královéhradecký kraj),2009-10-15 12:55:00,silnice 3.třídy,27930,řidičem motorového vozidla,s řidičským oprávněním skupiny b,řidič nebyl ovlivněn,ne,dobrý -žádné nepříznivé okolnosti nebyly zjištěny,0,0,0,2,ŠKODA,nedošlo k požáru,250,žádné z uvedených,osobní automobil bez přívěsu,2008,"soukromé, nevyužívané k výdělečné činnos",50,nebylo třeba užít násilí,nehoda pouze s hmotnou škodou,z boku,jiné nedání přednosti,povrch mokrý,neztížené,dobré,na jízdním pruhu,žádná místní úprava,přímý úsek,neurčeno,jedoucí - ve směru staničení na komunika,srážka s vlakem,"nepřichází v úvahu, nejde o srážku s pev",živice,"dobrý, bez závad","ve dne, viditelnost nezhoršená vlivem po",dvoupruhová,žádný způsob řízení provozu,železniční přejezd nezabezpečený,mimo křižovatku,ne,P4675,2.89614909115,Sobotka - Mladějov v Čechách,"40,77",Ne,III.,27930,,50° 28' 48.53825'' N,15° 09' 43.82150'' E,50.48015,15.16217
15.164292074355762,50.48650411385902,50406090498,Libošovice (Královéhradecký kraj),2009-12-24 09:50:00,silnice 3.třídy,27930,řidičem motorového vozidla,s řidičským oprávněním skupiny d,řidič nebyl ovlivněn,"ano, obsah alkoholu v&nbsp;krvi do 0,99‰ (2)","pod vlivem alkoholu, obsah alkoholu v krvi do 0,99‰",0,0,0,2,ŠKODA,nedošlo k požáru,1400,"došlo k úniku pohonných hmot, oleje, chl",osobní automobil bez přívěsu,2004,"soukromé, nevyužívané k výdělečné činnos",700,nebylo třeba užít násilí,nehoda pouze s hmotnou škodou,z boku,proti příkazu dopravní značky STŮJ DEJ PŘEDNOST,povrch mokrý,neztížené,dobré,na jízdním pruhu,přednost vyznačena dopravními značkami,přímý úsek,neurčeno,jedoucí - proti směru staničení na komun,srážka s vlakem,"nepřichází v úvahu, nejde o srážku s pev",živice,"dobrý, bez závad","ve dne, viditelnost nezhoršená vlivem po",dvoupruhová,místní úprava (vyplní se pol. 24),železniční přejezd nezabezpečený,mimo křižovatku,ano,P4676,3.67218945106,Sobotka - Mladějov v Čechách,"41,72",Ne,III.,27930,na z. Libošovice,50° 29' 11.49906'' N,15° 09' 51.35170'' E,50.48653,15.16426
15.16215652014596,50.48016736108989,50406100024,Libošovice (Královéhradecký kraj),2010-01-20 06:11:00,silnice 3.třídy,27930,řidičem motorového vozidla,s řidičským oprávněním skupiny b,řidič nebyl ovlivněn,ne,dobrý -žádné nepříznivé okolnosti nebyly zjištěny,0,0,0,2,ŠKODA,nedošlo k požáru,2200,žádné z uvedených,osobní automobil bez přívěsu,2008,"soukromé, nevyužívané k výdělečné činnos",2000,nebylo třeba užít násilí,nehoda pouze s hmotnou škodou,boční,jiné nedání přednosti,"na vozovce je náledí, ujetý sníh - nepos","tvoří se námraza, náledí",špatné vlivem profilu komunikace (nepřeh,na jízdním pruhu,přednost nevyznačena - vyplývá z pravide,přímý úsek,neurčeno,jedoucí - proti směru staničení na komun,srážka s vlakem,"nepřichází v úvahu, nejde o srážku s pev",živice,"dobrý, bez závad","v noci - bez veřejného osvětlení, vidite",dvoupruhová,žádný způsob řízení provozu,železniční přejezd nezabezpečený,mimo křižovatku,ne,P4675,2.15344605929,Sobotka - Mladějov v Čechách,"40,77",Ne,III.,27930,,50° 28' 48.53825'' N,15° 09' 43.82150'' E,50.48015,15.16217
15.320804376627773,50.493111066719742,50406100070,Kněžnice (Královéhradecký kraj),2010-02-23 06:46:00,silnice 1.třídy,35,řidičem motorového vozidla,nezjištěno,jiné ovlivnění,nezjišťováno,jiný nepříznivý stav,0,0,0,1,žádná z uvedených,žádná z uvedených,200,žádné z uvedených,"nezjištěno, řidič ujel",,žádná z uvedených,0,žádná z uvedených,nehoda pouze s hmotnou škodou,"nepřichází v úvahu, nejde o srážku jedou",jiné nedání přednosti,povrch mokrý,neztížené,dobré,na jízdním pruhu,žádná místní úprava,přímý úsek,neurčeno,žádná z uvedených,srážka s pevnou překážkou,závory železničního přejezdu,živice,"dobrý, bez závad","ve dne, viditelnost nezhoršená vlivem po",dvoupruhová,žádný způsob řízení provozu,železniční přejezd zabezpečený,mimo křižovatku,ne,P4698,3.46249789881,Libuň - Lomnice n/Popelkou,"55,261",Ne,I.,35,Kněžnice - hlavní přejezd,50° 29' 35.14249'' N,15° 19' 15.06798'' E,50.4931,15.32085
15.575722720224306,50.353701478978621,50406100106,Dobrá Voda u Hořic (Královéhradecký kraj),2010-03-25 11:20:00,komunikace místní,0,řidičem motorového vozidla,s řidičským oprávněním skupiny b,řidič nebyl ovlivněn,ne,dobrý -žádné nepříznivé okolnosti nebyly zjištěny,0,0,0,2,VOLKSWAGEN,nedošlo k požáru,1700,žádné z uvedených,osobní automobil bez přívěsu,2001,"soukromé, nevyužívané k výdělečné činnos",1000,nebylo třeba užít násilí,nehoda pouze s hmotnou škodou,čelní,proti příkazu dopravní značky STŮJ DEJ PŘEDNOST,"povrch suchý, neznečistěný",neztížené,dobré,na jízdním pruhu,přednost vyznačena dopravními značkami,přímý úsek,neurčeno,vozidlo jedoucí - na komunikaci bez stan,srážka s vlakem,"nepřichází v úvahu, nejde o srážku s pev",živice,"dobrý, bez závad","ve dne, viditelnost nezhoršená vlivem po",dvoupruhová,místní úprava (vyplní se pol. 24),železniční přejezd nezabezpečený,mimo křižovatku,ne,P5410,38.7724806009,Hořice v Podkrkonoší - Ostroměř,"31,683",Ne,O,,Letiště,50° 21' 14.56786'' N,15° 34' 32.61021'' E,50.35405,15.57573
15.363320042825659,50.422640594438796,50406100258,Jičín (Královéhradecký kraj),2010-07-07 15:45:00,silnice 3.třídy,32840,řidičem motorového vozidla,s řidičským oprávněním skupiny c,řidič nebyl ovlivněn,"ano, obsah alkoholu v&nbsp;krvi do 0,99‰ (2)","pod vlivem alkoholu, obsah alkoholu v krvi do 0,99‰",0,0,0,2,ŠKODA,nedošlo k požáru,10,žádné z uvedených,osobní automobil bez přívěsu,1993,"soukromé, nevyužívané k výdělečné činnos",0,nebylo třeba užít násilí,nehoda pouze s hmotnou škodou,boční,"při předjíždění došlo k ohrožení předjížděného  řidiče (vynucované zařazení, předjížděný musel  prudce brzdit, měnit směr jízdy apod.)","povrch suchý, neznečistěný",neztížené,dobré,na jízdním pruhu,žádná místní úprava,přímý úsek,neurčeno,jedoucí - proti směru staničení na komun,srážka s jedoucím nekolejovým vozidlem,"nepřichází v úvahu, nejde o srážku s pev",živice,"dobrý, bez závad","ve dne, viditelnost nezhoršená vlivem po",dvoupruhová,žádný způsob řízení provozu,železniční přejezd zabezpečený,mimo křižovatku,ne,P3134,3.03758005352,Staré Místo u Jičína - Jičín,"41,048",Ne,III.,32840,,50° 25' 21.59286'' N,15° 21' 47.85172'' E,50.42266,15.36329
15.320622181607156,50.493055570504893,50406100277,Kněžnice (Královéhradecký kraj),2010-07-11 23:59:00,silnice 1.třídy,35,řidičem motorového vozidla,nezjištěno,jiné ovlivnění,nezjišťováno,jiný nepříznivý stav,0,0,0,1,žádná z uvedených,žádná z uvedených,1200,žádné z uvedených,"nezjištěno, řidič ujel",,žádná z uvedených,0,žádná z uvedených,nehoda pouze s hmotnou škodou,"nepřichází v úvahu, nejde o srážku jedou",jiný druh nesprávného způsobu jízdy,"povrch suchý, neznečistěný",neztížené,dobré,na jízdním pruhu,žádná místní úprava,přímý úsek,neurčeno,žádná z uvedených,srážka s pevnou překážkou,"jiná překážka (zábradlí,oplocení,násep,n",živice,"dobrý, bez závad","ve dne, viditelnost nezhoršená vlivem po",dvoupruhová,žádný způsob řízení provozu,železniční přejezd zabezpečený,mimo křižovatku,ne,P4698,16.9044957209,Libuň - Lomnice n/Popelkou,"55,261",Ne,I.,35,Kněžnice - hlavní přejezd,50° 29' 35.14249'' N,15° 19' 15.06798'' E,50.4931,15.32085
15.575658419324869,50.429069289830906,50406100412,Lázně Bělohrad (Královéhradecký kraj),2010-09-22 23:59:00,silnice 2.třídy,501,řidičem motorového vozidla,nezjištěno,jiné ovlivnění,nezjišťováno,jiný nepříznivý stav,0,0,0,1,žádná z uvedených,žádná z uvedených,50,žádné z uvedených,"nezjištěno, řidič ujel",,žádná z uvedených,0,žádná z uvedených,nehoda pouze s hmotnou škodou,"nepřichází v úvahu, nejde o srážku jedou",vyhýbání bez dostatečné boční vůle,"povrch suchý, neznečistěný",neztížené,dobré,na jízdním pruhu,žádná místní úprava,přímý úsek,neurčeno,žádná z uvedených,srážka s pevnou překážkou,závory železničního přejezdu,živice,"dobrý, bez závad","ve dne, viditelnost nezhoršená vlivem po",dvoupruhová,žádný způsob řízení provozu,železniční přejezd zabezpečený,mimo křižovatku,ne,P4472,3.25835494681,,"0˙014,000",ne,II,501,ne,50° 25' 44.63'' N,15° 34' 31.722'' E,50.42906,15.57548