X,Y,id,obec,datum,komunikace,komunika_1,zavineni,ridic_kate,ridic_ovli,vinik_alko,ridic_stav,obeti_usmr,obeti_lehc,obeti_tezc,vozidel_ce,vinik_vozi,vinik_vo_1,skoda,unik_hmot,vinik_vo_2,vinik_vo_3,vinik_vo_4,vinik_skod,vyprosteni,nehoda_cha,srazka_voz,hlavni_pri,povrch_sta,meteo,rozhled,nehoda_pol,prednost_v,smerove_po,druh_krizu,smer_jizdy,nehoda_dru,pevna_prek,povrch_dru,komunika_2,viditelnos,komunika_3,rizeni_pro,objekty,misto_neho,smyk,neighbors_TargetID,neighbors_Distance,neighbors_prejezdy-dec_Název definičního úseku,neighbors_prejezdy-dec_Žkm přejezdu,neighbors_prejezdy-dec_Přejezd s trolejovým vedením,neighbors_prejezdy-dec_Třída pozemní komunikace,neighbors_prejezdy-dec_Číslo pozemní komunikace,neighbors_prejezdy-dec_Místní název přejezdu,neighbors_prejezdy-dec_Zeměpisná šířka,neighbors_prejezdy-dec_Zeměpisná délka,neighbors_prejezdy-dec_field_10,neighbors_prejezdy-dec_field_11
15.162143439821383,50.480172332468349,50406100441,Libošovice (Královéhradecký kraj),2010-10-13 12:13:00,silnice 3.třídy,27930,řidičem motorového vozidla,s řidičským oprávněním skupiny b,oslněn sluncem,ne,dobrý -žádné nepříznivé okolnosti nebyly zjištěny,0,1,0,2,ŠKODA,nedošlo k požáru,1150,žádné z uvedených,osobní automobil bez přívěsu,2009,"soukromé, nevyužívané k výdělečné činnos",800,nebylo třeba užít násilí,nehoda s následky na životě nebo zdraví,z boku,jiné nedání přednosti,"povrch suchý, neznečistěný",neztížené,dobré,na jízdním pruhu,přednost nevyznačena - vyplývá z pravide,přímý úsek,neurčeno,jedoucí - proti směru staničení na komun,srážka s vlakem,"nepřichází v úvahu, nejde o srážku s pev",živice,"dobrý, bez závad","ve dne, viditelnost nezhoršená vlivem po",dvoupruhová,místní úprava (vyplní se pol. 24),železniční přejezd nezabezpečený,mimo křižovatku,ne,P4675,3.11683762513,Sobotka - Mladějov v Čechách,"40,77",Ne,III.,27930,,50° 28' 48.53825'' N,15° 09' 43.82150'' E,50.48015,15.16217
15.235837004027827,50.344575622618393,50406100485,Kopidlno (Královéhradecký kraj),2010-11-10 10:50:00,silnice 2.třídy,280,řidičem motorového vozidla,s řidičským oprávněním skupiny b,řidič nebyl ovlivněn,ne,dobrý -žádné nepříznivé okolnosti nebyly zjištěny,0,0,0,2,HYUNDAI,nedošlo k požáru,300,žádné z uvedených,osobní automobil bez přívěsu,2009,"soukromé, nevyužívané k výdělečné činnos",300,nebylo třeba užít násilí,nehoda pouze s hmotnou škodou,z boku,proti příkazu dopravní značky STŮJ DEJ PŘEDNOST,povrch mokrý,"na počátku deště, slabý déšť",špatné vlivem profilu komunikace (nepřeh,na jízdním pruhu,přednost vyznačena dopravními značkami,přímý úsek,neurčeno,jedoucí - proti směru staničení na komun,srážka s vlakem,"nepřichází v úvahu, nejde o srážku s pev",živice,"dobrý, bez závad","ve dne, zhoršená viditelnost vlivem pově",dvoupruhová,místní úprava (vyplní se pol. 24),železniční přejezd nezabezpečený,mimo křižovatku,ne,P3288,5.59662584082,Kamensko - Dětenice,"1,661",Ne,II.,280,u zast. Ledkov,50° 20' 40.62791'' N,15° 14' 08.89086'' E,50.34462,15.2358
15.380789602716989,50.399120405094806,50406100525,Vitiněves (Královéhradecký kraj),2010-12-12 16:45:00,silnice 3.třídy,32840,řidičem motorového vozidla,s řidičským oprávněním skupiny b,řidič nebyl ovlivněn,ne,dobrý -žádné nepříznivé okolnosti nebyly zjištěny,0,0,0,1,RENAULT,nedošlo k požáru,1000,žádné z uvedených,osobní automobil bez přívěsu,1998,registrované mimo území ČR,500,nebylo třeba užít násilí,nehoda pouze s hmotnou škodou,"nepřichází v úvahu, nejde o srážku jedou",nezvládnutí řízení vozidla,"na vozovce je náledí, ujetý sníh - nepos",sněžení,špatné vlivem profilu komunikace (nepřeh,na jízdním pruhu,žádná místní úprava,přímý úsek po projetí zatáčkou (do vzdál,neurčeno,jedoucí - ve směru staničení na komunika,srážka s pevnou překážkou,závory železničního přejezdu,živice,"dobrý, bez závad","ve dne, zhoršená viditelnost vlivem pově",dvoupruhová,žádný způsob řízení provozu,železniční přejezd zabezpečený,mimo křižovatku,ano,P3131,5.13640620045,Butoves - Jičín,"13,05",Ne,III.,32840,u zast. Vitiněves,50° 23' 56.81150'' N,15° 22' 51.09469'' E,50.39911,15.38086
16.198963645611503,50.594530728922145,50506090436,Teplice nad Metují (Královéhradecký kraj),2009-08-24 13:00:00,silnice 3.třídy,3023,řidičem motorového vozidla,nezjištěno,jiné ovlivnění,nezjišťováno,jiný nepříznivý stav,0,0,0,1,žádná z uvedených,žádná z uvedených,70,žádné z uvedených,"nezjištěno, řidič ujel",,žádná z uvedených,0,žádná z uvedených,nehoda pouze s hmotnou škodou,"nepřichází v úvahu, nejde o srážku jedou",jiný druh nesprávného způsobu jízdy,"povrch suchý, neznečistěný",neztížené,dobré,na jízdním pruhu,žádná místní úprava,přímý úsek,neurčeno,žádná z uvedených,srážka s pevnou překážkou,závory železničního přejezdu,živice,"dobrý, bez závad","ve dne, viditelnost nezhoršená vlivem po",dvoupruhová,žádný způsob řízení provozu,železniční přejezd zabezpečený,mimo křižovatku,ne,P5122,9.02642617576,Teplice n/Metují - Meziměstí,"84,547",Ne,III.,3023,845,50° 35' 40.28990'' N,16° 11' 56.70653'' E,50.59452,16.19909
16.20391473744985,50.537525231174719,50506090510,Žďár nad Metují (Královéhradecký kraj),2009-09-28 23:59:00,silnice 3.třídy,30122,řidičem motorového vozidla,nezjištěno,jiné ovlivnění,nezjišťováno,jiný nepříznivý stav,0,0,0,1,žádná z uvedených,žádná z uvedených,70,žádné z uvedených,"nezjištěno, řidič ujel",,žádná z uvedených,0,žádná z uvedených,nehoda pouze s hmotnou škodou,"nepřichází v úvahu, nejde o srážku jedou",vyhýbání bez dostatečné boční vůle,"povrch suchý, neznečistěný",neztížené,dobré,mimo komunikaci,žádná místní úprava,přímý úsek,neurčeno,žádná z uvedených,srážka s pevnou překážkou,závory železničního přejezdu,živice,"dobrý, bez závad","v noci - bez veřejného osvětlení,viditel",dvoupruhová,žádný způsob řízení provozu,železniční přejezd zabezpečený,mimo křižovatku,ne,P5117,1.2275583552,Police n/Metují - Česká Metuje,"75,741",Ne,III.,30122,,50° 32' 15.07506'' N,16° 12' 14.14964'' E,50.53752,16.20393
16.173108585592765,50.418995790383335,50506100040,Náchod (Královéhradecký kraj),2010-01-28 05:50:00,silnice 2.třídy,303,řidičem motorového vozidla,s řidičským oprávněním skupiny b,řidič nebyl ovlivněn,ne,dobrý -žádné nepříznivé okolnosti nebyly zjištěny,0,1,0,2,RENAULT,žádná z uvedených,700,žádné z uvedených,osobní automobil bez přívěsu,1996,"soukromé, nevyužívané k výdělečné činnos",450,nebylo třeba užít násilí,nehoda s následky na životě nebo zdraví,čelní,"nepř. rychlosti stavu vozovky (náledí, výtluky, bláto, mokrý povrch apod.)","na vozovce je náledí, ujetý sníh - nepos",sněžení,dobré,na jízdním pruhu,žádná místní úprava,zatáčka,neurčeno,jedoucí - ve směru staničení na komunika,srážka s jedoucím nekolejovým vozidlem,"nepřichází v úvahu, nejde o srážku s pev",živice,"dobrý, bez závad","ve dne, viditelnost nezhoršená vlivem po",dvoupruhová,žádný způsob řízení provozu,železniční přejezd nezabezpečený,mimo křižovatku,ano,P5098,336.230833565,žst. Náchod,"60,029",Ne,C,,,50° 25' 00.90080'' N,16° 10' 10.82067'' E,50.41692,16.16967
16.167054556598998,50.594531609626365,50506100136,Teplice nad Metují (Královéhradecký kraj),2010-03-15 07:58:00,silnice 3.třídy,30110,řidičem motorového vozidla,s řidičským oprávněním skupiny b,řidič nebyl ovlivněn,ne,dobrý -žádné nepříznivé okolnosti nebyly zjištěny,0,0,0,2,ŠKODA,nedošlo k požáru,300,žádné z uvedených,osobní automobil bez přívěsu,1979,"soukromé, nevyužívané k výdělečné činnos",100,nebylo třeba užít násilí,nehoda pouze s hmotnou škodou,čelní,jiné nedání přednosti,"na vozovce je náledí, ujetý sníh - nepos",neztížené,dobré,na jízdním pruhu,žádná místní úprava,přímý úsek,neurčeno,jedoucí - ve směru staničení na komunika,srážka s vlakem,"nepřichází v úvahu, nejde o srážku s pev",živice,"dobrý, bez závad","ve dne, viditelnost nezhoršená vlivem po",dvoupruhová,světelným signalizačním zařízením,železniční přejezd zabezpečený,mimo křižovatku,ne,P4853,9.16895780356,Adršpach - Teplice n/Metují město,"29,782",Ne,III.,30110,U školy,50° 35' 40.44621'' N,16° 10' 00.99633'' E,50.59457,16.16694
16.199566670028329,50.594940595677187,50506100491,Teplice nad Metují (Královéhradecký kraj),2010-10-10 14:00:00,silnice 3.třídy,3023,řidičem motorového vozidla,nezjištěno,jiné ovlivnění,nezjišťováno,jiný nepříznivý stav,0,0,0,1,žádná z uvedených,žádná z uvedených,100,žádné z uvedených,"nezjištěno, řidič ujel",,žádná z uvedených,0,žádná z uvedených,nehoda pouze s hmotnou škodou,"nepřichází v úvahu, nejde o srážku jedou",jiné nedání přednosti,"povrch suchý, neznečistěný",neztížené,dobré,na jízdním pruhu,žádná místní úprava,zatáčka,neurčeno,žádná z uvedených,srážka s pevnou překážkou,závory železničního přejezdu,živice,"dobrý, bez závad","ve dne, viditelnost nezhoršená vlivem po",dvoupruhová,žádný způsob řízení provozu,železniční přejezd zabezpečený,mimo křižovatku,ne,P5122,57.6951523185,Teplice n/Metují - Meziměstí,"84,547",Ne,III.,3023,845,50° 35' 40.28990'' N,16° 11' 56.70653'' E,50.59452,16.19909
16.187700467778118,50.423468396967081,50506100573,Náchod (Královéhradecký kraj),2010-11-20 10:50:00,silnice 3.třídy,30414,řidičem motorového vozidla,s řidičským oprávněním skupiny c,řidič nebyl ovlivněn,ne,dobrý -žádné nepříznivé okolnosti nebyly zjištěny,0,0,0,1,VOLKSWAGEN,nedošlo k požáru,30,žádné z uvedených,osobní automobil bez přívěsu,2005,"soukromá organizace (podnikatel, s.r.o.,",0,nebylo třeba užít násilí,nehoda pouze s hmotnou škodou,"nepřichází v úvahu, nejde o srážku jedou",jiný druh nesprávného způsobu jízdy,povrch mokrý,neztížené,dobré,na jízdním pruhu,žádná místní úprava,přímý úsek,neurčeno,jedoucí - ve směru staničení na komunika,srážka s pevnou překážkou,závory železničního přejezdu,živice,"dobrý, bez závad","ve dne, viditelnost nezhoršená vlivem po",dvoupruhová,světelným signalizačním zařízením,železniční přejezd zabezpečený,mimo křižovatku,ne,P5099,11.1382133204,Náchod - Hronov,"61,535",Ne,III.,30414,,50° 25' 24.73475'' N,16° 11' 16.11135'' E,50.42354,16.18781
15.777008474748135,50.145022688220656,50606090770,Opatovice nad Labem (Pardubický kraj),2009-07-12 01:50:00,komunikace účelová - ostatní (parkoviště apod.),0,řidičem motorového vozidla,"nezjištěno, řidič místo nehody opustil",jiné ovlivnění,nezjišťováno,jiný nepříznivý stav,0,0,0,2,HYUNDAI,řidič ujel - nezjištěn,4300,žádné z uvedených,osobní automobil bez přívěsu,1988,"soukromé, nevyužívané k výdělečné činnos",300,nebylo třeba užít násilí,nehoda pouze s hmotnou škodou,z boku,řidič se plně nevěnoval řízení vozidla,povrch mokrý,neztížené,dobré,žádné z uvedených,přednost vyznačena přenosnými dopravními,přímý úsek po projetí zatáčkou (do vzdál,neurčeno,vozidlo jedoucí - na komunikaci bez stan,srážka s vlakem,"nepřichází v úvahu, nejde o srážku s pev",štěrk,"dobrý, bez závad","v noci - bez veřejného osvětlení,viditel",dvoupruhová,místní úprava (vyplní se pol. 24),železniční přejezd nezabezpečený,mimo křižovatku,ne,P5362,20.901545947,Stéblová - Opatovice n/Labem,"14,318",Ano,O,,"\""za Vackem\""",50° 08' 41.63242'' N,15° 46' 38.02016'' E,50.1449,15.77723
15.710208145806099,50.052912352568342,50606091016,Rybitví (Pardubický kraj),2009-09-10 08:00:00,komunikace místní,0,řidičem motorového vozidla,s řidičským oprávněním skupiny b,řidič nebyl ovlivněn,ne,dobrý -žádné nepříznivé okolnosti nebyly zjištěny,0,1,0,2,ŠKODA,žádná z uvedených,200,žádné z uvedených,"nákladní automobil (včetně multikáry, au",1998,"soukromá organizace (podnikatel, s.r.o.,",200,nebylo třeba užít násilí,nehoda s následky na životě nebo zdraví,z boku,jiný druh nesprávného způsobu jízdy,"povrch suchý, neznečistěný",neztížené,dobré,na jízdním pruhu,žádná místní úprava,přímý úsek,neurčeno,vozidlo jedoucí - na komunikaci bez stan,srážka s vlakem,"nepřichází v úvahu, nejde o srážku s pev",živice,"dobrý, bez závad","ve dne, viditelnost nezhoršená vlivem po",žádná z uvedených,žádný způsob řízení provozu,železniční přejezd nezabezpečený,mimo křižovatku,ne,P5351,2235.55716559,žst. Pardubice-Rosice n.L.,"3,301",Ano,C,,žst.Rosice nad Labem u St. 2,50° 03' 01.25357'' N,15° 44' 28.22606'' E,50.05035,15.74117
15.932226646940645,49.998175863795687,50606091293,Moravany (Pardubický kraj),2009-11-23 17:10:00,silnice 3.třídy,32248,řidičem motorového vozidla,s řidičským oprávněním skupiny c,řidič nebyl ovlivněn,ne,dobrý -žádné nepříznivé okolnosti nebyly zjištěny,0,0,1,2,ŠKODA,nedošlo k požáru,4500,"došlo k úniku pohonných hmot, oleje, chl",osobní automobil bez přívěsu,2008,"soukromé, nevyužívané k výdělečné činnos",2000,použitím speciální vyprošťovací techniky,nehoda s následky na životě nebo zdraví,boční,jiné nedání přednosti,"povrch suchý, neznečistěný",neztížené,dobré,na jízdním pruhu,přednost vyznačena dopravními značkami,přímý úsek,neurčeno,jedoucí - ve směru staničení na komunika,srážka s vlakem,"nepřichází v úvahu, nejde o srážku s pev",živice,"dobrý, bez závad","v noci - bez veřejného osvětlení,viditel",dvoupruhová,místní úprava (vyplní se pol. 24),železniční přejezd nezabezpečený,mimo křižovatku,ne,P5026,16.6635860108,Hrochův Týnec - Moravany,"28,091",Ne,III.,32247,Moravany,49° 59' 53.96498'' N,15° 55' 56.25235'' E,49.99832,15.93229
15.41200745245553,50.037991547610567,50615090847,Chvaletice (Pardubický kraj),2009-06-29 23:59:00,komunikace místní,0,řidičem motorového vozidla,nezjištěno,jiné ovlivnění,nezjišťováno,jiný nepříznivý stav,0,0,0,1,žádná z uvedených,žádná z uvedených,50,žádné z uvedených,"nezjištěno, řidič ujel",,žádná z uvedených,0,žádná z uvedených,nehoda pouze s hmotnou škodou,"nepřichází v úvahu, nejde o srážku jedou",řidič se plně nevěnoval řízení vozidla,"povrch suchý, neznečistěný",neztížené,dobré,žádné z uvedených,přednost vyznačena přenosnými dopravními,přímý úsek,neurčeno,žádná z uvedených,srážka s pevnou překážkou,závory železničního přejezdu,jiný nezpevněný povrch,"dobrý, bez závad","ve dne, viditelnost nezhoršená vlivem po",dvoupruhová,místní úprava (vyplní se pol. 24),železniční přejezd zabezpečený,mimo křižovatku,ne,P4915,0.560876596019,Rečany nad Labem - Záboří nad Labem,"331,086",Ano,C,,"Chvaletice-Telčice, u benzínky",50° 02' 16.77310'' N,15° 24' 43.21152'' E,50.03799,15.412
16.25519480904121,50.20009286255258,50706090221,Kvasiny (Královéhradecký kraj),2009-08-26 15:55:00,komunikace místní,0,řidičem motorového vozidla,s řidičským oprávněním skupiny b,řidič nebyl ovlivněn,ne,dobrý -žádné nepříznivé okolnosti nebyly zjištěny,0,0,0,2,ŠKODA,nedošlo k požáru,250,žádné z uvedených,osobní automobil bez přívěsu,2006,"soukromá organizace (podnikatel, s.r.o.,",200,nebylo třeba užít násilí,nehoda pouze s hmotnou škodou,z boku,jiné nedání přednosti,"povrch suchý, neznečistěný",neztížené,dobré,na jízdním pruhu,žádná místní úprava,přímý úsek,neurčeno,vozidlo jedoucí - na komunikaci bez stan,srážka s vlakem,"nepřichází v úvahu, nejde o srážku s pev",živice,"dobrý, bez závad","ve dne, viditelnost nezhoršená vlivem po",dvoupruhová,světelným signalizačním zařízením,železniční přejezd zabezpečený,mimo křižovatku,ne,P4118,72.0484781781,Lipovka - Solnice,"14,968",Ne,II.,321,ŠKODA Kvasiny průmyslová zóna,50° 12' 00.55206'' N,16° 15' 22.32975'' E,50.20015,16.2562
16.272947022376645,50.159197234615021,50706090254,Rychnov nad Kněžnou (Královéhradecký kraj),2009-09-25 06:00:00,komunikace místní,0,řidičem motorového vozidla,s řidičským oprávněním skupiny d,řidič nebyl ovlivněn,ne,dobrý -žádné nepříznivé okolnosti nebyly zjištěny,0,0,0,2,SOR,nedošlo k požáru,350,žádné z uvedených,autobus,2007,veřejná hromadná doprava,300,nebylo třeba užít násilí,nehoda pouze s hmotnou škodou,boční,jiné nedání přednosti,"povrch suchý, neznečistěný",neztížené,dobré,na jízdním pruhu,přednost vyznačena dopravními značkami,přímý úsek,neurčeno,vozidlo jedoucí - na komunikaci bez stan,srážka s vlakem,"nepřichází v úvahu, nejde o srážku s pev",živice,"dobrý, bez závad","v noci - bez veřejného osvětlení,viditel",dvoupruhová,místní úprava (vyplní se pol. 24),železniční přejezd nezabezpečený,mimo křižovatku,ne,P4109,14.1608216725,žst. Rychnov n/Kněžnou,"8,859",Ne,C,,U ZNZ,50° 09' 32.89720'' N,16° 16' 21.96706'' E,50.15914,16.27277
16.085339243149988,50.277496336127008,50706100022,Opočno (Královéhradecký kraj),2010-01-29 06:00:00,silnice 3.třídy,30815,řidičem motorového vozidla,s řidičským oprávněním skupiny c,řidič nebyl ovlivněn,ne,dobrý -žádné nepříznivé okolnosti nebyly zjištěny,0,0,0,1,MERCEDES,nedošlo k požáru,300,žádné z uvedených,"nákladní automobil (včetně multikáry, au",2008,"soukromá organizace (podnikatel, s.r.o.,",250,nebylo třeba užít násilí,nehoda pouze s hmotnou škodou,"nepřichází v úvahu, nejde o srážku jedou","nepř. rychlosti stavu vozovky (náledí, výtluky, bláto, mokrý povrch apod.)","souvislá sněhová vrstva, rozbředlý sníh",neztížené,dobré,na jízdním pruhu,žádná místní úprava,přímý úsek,neurčeno,jedoucí - ve směru staničení na komunika,srážka s pevnou překážkou,závory železničního přejezdu,živice,"dobrý, bez závad","ve dne, zhoršená viditelnost (svítání,so",dvoupruhová,žádný způsob řízení provozu,železniční přejezd zabezpečený,mimo křižovatku,ne,P5087,39.6908021327,žst. Opočno pod Orl. hor.,"38,998",Ne,III.,30815,,50° 16' 38.54988'' N,16° 05' 09.09232'' E,50.27737,16.08586
16.209364146589973,50.118993618829236,50706100037,Kostelec nad Orlicí (Královéhradecký kraj),2010-02-02 12:13:00,komunikace místní,0,řidičem motorového vozidla,s řidičským oprávněním skupiny c,řidič nebyl ovlivněn,ne,dobrý -žádné nepříznivé okolnosti nebyly zjištěny,1,0,0,2,ŠKODA,nedošlo k požáru,1820,"došlo k úniku pohonných hmot, oleje, chl",osobní automobil bez přívěsu,1995,"soukromé, nevyužívané k výdělečné činnos",300,použitím speciální vyprošťovací techniky,nehoda s následky na životě nebo zdraví,z boku,jiné nedání přednosti,"souvislá sněhová vrstva, rozbředlý sníh",neztížené,dobré,na jízdním pruhu,žádná místní úprava,přímý úsek,neurčeno,vozidlo jedoucí - na komunikaci bez stan,srážka s vlakem,"nepřichází v úvahu, nejde o srážku s pev",živice,"dobrý, bez závad","ve dne, viditelnost nezhoršená vlivem po",dvoupruhová,světelným signalizačním zařízením,železniční přejezd zabezpečený,mimo křižovatku,ne,P4034,17.5185775451,Častolovice - Kostelec n/Orlicí,"60,587",Ne,C,,Ke koupališti,50° 07' 07.81222'' N,16° 12' 33.52529'' E,50.11884,16.20931
16.078696345796399,50.151101947801997,50706100090,Týniště nad Orlicí (Královéhradecký kraj),2010-04-04 08:00:00,komunikace místní,0,řidičem motorového vozidla,nezjištěno,jiné ovlivnění,nezjišťováno,jiný nepříznivý stav,0,0,0,1,žádná z uvedených,žádná z uvedených,100,žádné z uvedených,"nezjištěno, řidič ujel",,žádná z uvedených,0,žádná z uvedených,nehoda pouze s hmotnou škodou,"nepřichází v úvahu, nejde o srážku jedou",jiné nedání přednosti,povrch mokrý,neztížené,dobré,na jízdním pruhu,přednost vyznačena dopravními značkami,přímý úsek,neurčeno,žádná z uvedených,srážka s pevnou překážkou,závory železničního přejezdu,živice,"dobrý, bez závad","ve dne, viditelnost nezhoršená vlivem po",dvoupruhová,místní úprava (vyplní se pol. 24),železniční přejezd zabezpečený,mimo křižovatku,ne,P4024,4.32893897608,Týniště n/Orlicí - Častolovice,"50,303",Ano,B,,,50° 09' 04.04462'' N,16° 04' 43.50985'' E,50.15112,16.07875
16.308182589228942,50.092975939840635,50706100121,Záměl (Královéhradecký kraj),2010-05-05 10:40:00,komunikace účelová - ostatní (parkoviště apod.),0,řidičem motorového vozidla,s řidičským oprávněním skupiny c,řidič nebyl ovlivněn,ne,dobrý -žádné nepříznivé okolnosti nebyly zjištěny,0,0,0,1,PRAGA,nedošlo k požáru,10,žádné z uvedených,"nákladní automobil (včetně multikáry, au",1988,"soukromá organizace (podnikatel, s.r.o.,",0,nebylo třeba užít násilí,nehoda pouze s hmotnou škodou,"nepřichází v úvahu, nejde o srážku jedou",jiný druh nesprávného způsobu jízdy,jiný stav povrchu vozovky v době nehody,neztížené,dobré,na jízdním pruhu,žádná místní úprava,přímý úsek,neurčeno,vozidlo jedoucí - na komunikaci bez stan,srážka s pevnou překážkou,závory železničního přejezdu,jiný nezpevněný povrch,jiný (neuvedený) stav nebo závada komuni,"ve dne, viditelnost nezhoršená vlivem po",žádná z uvedených,žádný způsob řízení provozu,železniční přejezd zabezpečený,mimo křižovatku,ne,P4043,129.001814979,Doudleby n/Orlicí - Potštejn,"68,614",Ne,O,,,50° 05' 35.39915'' N,16° 18' 35.86735'' E,50.09317,16.30996
16.318140944910283,50.080176104329794,50706100127,Potštejn (Královéhradecký kraj),2010-05-20 13:52:00,silnice 3.třídy,1426,řidičem motorového vozidla,s řidičským oprávněním skupiny c,řidič nebyl ovlivněn,ne,dobrý -žádné nepříznivé okolnosti nebyly zjištěny,0,0,0,1,VOLVO,nedošlo k požáru,30,žádné z uvedených,nákladní automobil s návěsem,2008,"soukromá organizace (podnikatel, s.r.o.,",0,nebylo třeba užít násilí,nehoda pouze s hmotnou škodou,"nepřichází v úvahu, nejde o srážku jedou",řidič se plně nevěnoval řízení vozidla,"povrch suchý, neznečistěný",neztížené,dobré,na jízdním pruhu,žádná místní úprava,přímý úsek,neurčeno,jedoucí - proti směru staničení na komun,srážka s pevnou překážkou,závory železničního přejezdu,živice,"dobrý, bez závad","ve dne, viditelnost nezhoršená vlivem po",dvoupruhová,žádný způsob řízení provozu,železniční přejezd zabezpečený,mimo křižovatku,ne,P4044,12.19920376,Potštejn - Litice n/Orlicí,"70,197",Ne,III.,1425,u dřevařských závodů,50° 04' 48.49698'' N,16° 19' 04.73624'' E,50.08014,16.31798
16.443928047987502,50.16360087946358,50706100408,Pěčín (Královéhradecký kraj),2010-12-14 15:26:00,silnice 2.třídy,319,řidičem motorového vozidla,s řidičským oprávněním skupiny b,řidič nebyl ovlivněn,ne,dobrý -žádné nepříznivé okolnosti nebyly zjištěny,0,1,0,2,SEAT,nedošlo k požáru,550,žádné z uvedených,osobní automobil bez přívěsu,1997,"soukromé, nevyužívané k výdělečné činnos",400,nebylo třeba užít násilí,nehoda s následky na životě nebo zdraví,z boku,"nepř. rychlosti stavu vozovky (náledí, výtluky, bláto, mokrý povrch apod.)","na vozovce je náledí, ujetý sníh - nepos",sněžení,dobré,na jízdním pruhu,žádná místní úprava,přímý úsek,neurčeno,jedoucí - proti směru staničení na komun,srážka s vlakem,"nepřichází v úvahu, nejde o srážku s pev",živice,"dobrý, bez závad","ve dne, viditelnost nezhoršená vlivem po",dvoupruhová,žádný způsob řízení provozu,železniční přejezd nezabezpečený,mimo křižovatku,ne,P4141,2.28477254137,Slatina n/Zdobnicí - Rokytnice v Orlických horách,"17,298",Ne,II.,319,,50° 09' 48.97001'' N,16° 26' 38.24324'' E,50.1636,16.44396
16.149624929482588,49.749059171468531,50906090381,Borová (Pardubický kraj),2009-09-09 09:20:00,silnice 2.třídy,357,řidičem motorového vozidla,s řidičským oprávněním skupiny c,"ovlivněn při vyhýbání zvěři, domácímu zvířectvu",ne,dobrý -žádné nepříznivé okolnosti nebyly zjištěny,0,1,0,2,RENAULT,nedošlo k požáru,1700,žádné z uvedených,osobní automobil bez přívěsu,1998,"soukromé, nevyužívané k výdělečné činnos",700,nebylo třeba užít násilí,nehoda s následky na životě nebo zdraví,z boku,řidič se plně nevěnoval řízení vozidla,"povrch suchý, neznečistěný",neztížené,dobré,na jízdním pruhu,přednost nevyznačena - vyplývá z pravide,křižovatka styková - tříramenná,účelová komunikace,zachycuje směr jízdy křižovatkou,srážka s vlakem,"nepřichází v úvahu, nejde o srážku s pev",živice,"dobrý, bez závad","ve dne, viditelnost nezhoršená vlivem po",dvoupruhová,místní úprava (vyplní se pol. 24),železniční přejezd nezabezpečený,"na křižovatce, uvnitř hranic křižovatky",ne,P6895,5.89167646117,Borová u Poličky - Čachnov,"29,527",Ne,II.,,"silnice II.tř., směr Proseč",49° 44' 56.48937'' N,16° 08' 58.84742'' E,49.74902,16.14968
16.484872880930993,49.711349340982942,50906090397,Hradec nad Svitavou (Pardubický kraj),2009-09-14 13:29:00,silnice 3.třídy,36625,řidičem motorového vozidla,nezjištěno,jiné ovlivnění,nezjišťováno,jiný nepříznivý stav,0,0,0,1,žádná z uvedených,žádná z uvedených,90,žádné z uvedených,"nezjištěno, řidič ujel",,žádná z uvedených,0,žádná z uvedených,nehoda pouze s hmotnou škodou,"nepřichází v úvahu, nejde o srážku jedou",řidič se plně nevěnoval řízení vozidla,"povrch suchý, neznečistěný",neztížené,dobré,na jízdním pruhu,žádná místní úprava,přímý úsek,neurčeno,žádná z uvedených,srážka s pevnou překážkou,závory železničního přejezdu,živice,"dobrý, bez závad","ve dne, viditelnost nezhoršená vlivem po",dvoupruhová,žádný způsob řízení provozu,železniční přejezd zabezpečený,mimo křižovatku,ne,P6827,13.621722528,"Březová nad Svitavou - km 228,109","224,032",Ano,III.,36625,na Zavadilce,49° 42' 40.67567'' N,16° 29' 04.93178'' E,49.7113,16.4847
16.484451877636904,49.711333341858733,50906090513,Hradec nad Svitavou (Pardubický kraj),2009-11-27 15:14:00,silnice 3.třídy,36625,řidičem motorového vozidla,s řidičským oprávněním skupiny d,řidič nebyl ovlivněn,ne,dobrý -žádné nepříznivé okolnosti nebyly zjištěny,0,0,0,1,LIAZ,žádná z uvedených,150,žádné z uvedených,nákladní automobil s návěsem,1990,"soukromá organizace (podnikatel, s.r.o.,",0,nebylo třeba užít násilí,nehoda pouze s hmotnou škodou,"nepřichází v úvahu, nejde o srážku jedou",řidič se plně nevěnoval řízení vozidla,"povrch suchý, neznečistěný",neztížené,dobré,na jízdním pruhu,žádná místní úprava,přímý úsek,neurčeno,jedoucí - ve směru staničení na komunika,srážka s pevnou překážkou,závory železničního přejezdu,živice,"dobrý, bez závad","ve dne, viditelnost nezhoršená vlivem po",dvoupruhová,žádný způsob řízení provozu,železniční přejezd zabezpečený,mimo křižovatku,ne,P6827,18.2738117051,"Březová nad Svitavou - km 228,109","224,032",Ano,III.,36625,na Zavadilce,49° 42' 40.67567'' N,16° 29' 04.93178'' E,49.7113,16.4847