X,Y,id,obec,datum,komunikace,komunika_1,zavineni,ridic_kate,ridic_ovli,vinik_alko,ridic_stav,obeti_usmr,obeti_lehc,obeti_tezc,vozidel_ce,vinik_vozi,vinik_vo_1,skoda,unik_hmot,vinik_vo_2,vinik_vo_3,vinik_vo_4,vinik_skod,vyprosteni,nehoda_cha,srazka_voz,hlavni_pri,povrch_sta,meteo,rozhled,nehoda_pol,prednost_v,smerove_po,druh_krizu,smer_jizdy,nehoda_dru,pevna_prek,povrch_dru,komunika_2,viditelnos,komunika_3,rizeni_pro,objekty,misto_neho,smyk,neighbors_TargetID,neighbors_Distance,neighbors_prejezdy-dec_Název definičního úseku,neighbors_prejezdy-dec_Žkm přejezdu,neighbors_prejezdy-dec_Přejezd s trolejovým vedením,neighbors_prejezdy-dec_Třída pozemní komunikace,neighbors_prejezdy-dec_Číslo pozemní komunikace,neighbors_prejezdy-dec_Místní název přejezdu,neighbors_prejezdy-dec_Zeměpisná šířka,neighbors_prejezdy-dec_Zeměpisná délka,neighbors_prejezdy-dec_field_10,neighbors_prejezdy-dec_field_11
17.45291837563412,49.366349846868623,60806090142,Žalkovice (Zlínský kraj),2009-07-17 12:06:00,komunikace účelová - ostatní (parkoviště apod.),0,řidičem motorového vozidla,nezjištěno,jiné ovlivnění,nezjišťováno,jiný nepříznivý stav,0,0,0,1,žádná z uvedených,žádná z uvedených,150,žádné z uvedených,"nezjištěno, řidič ujel",,žádná z uvedených,0,žádná z uvedených,nehoda pouze s hmotnou škodou,"nepřichází v úvahu, nejde o srážku jedou",řidič se plně nevěnoval řízení vozidla,"povrch suchý, neznečistěný",neztížené,dobré,na jízdním pruhu,žádná místní úprava,přímý úsek,neurčeno,žádná z uvedených,srážka s pevnou překážkou,závory železničního přejezdu,živice,"dobrý, bez závad","ve dne, viditelnost nezhoršená vlivem po",dvoupruhová,světelným signalizačním zařízením,železniční přejezd zabezpečený,mimo křižovatku,ne,P8176,165.05422964,Hulín - Říkovice,"174,234",Ano,O,,polní Žalkovice-Stará Ves,49° 21' 55.09903'' N,17° 27' 16.34288'' E,49.36531,17.45454
17.455440074716716,49.34893029600304,60806090153,Břest (Zlínský kraj),2009-07-23 11:17:00,silnice 3.třídy,4903,řidičem motorového vozidla,nezjištěno,jiné ovlivnění,nezjišťováno,jiný nepříznivý stav,0,0,0,1,žádná z uvedených,žádná z uvedených,150,žádné z uvedených,"nezjištěno, řidič ujel",,žádná z uvedených,0,žádná z uvedených,nehoda pouze s hmotnou škodou,"nepřichází v úvahu, nejde o srážku jedou",řidič se plně nevěnoval řízení vozidla,"povrch suchý, neznečistěný",neztížené,dobré,na jízdním pruhu,žádná místní úprava,přímý úsek,neurčeno,žádná z uvedených,srážka s pevnou překážkou,závory železničního přejezdu,živice,"dobrý, bez závad","ve dne, viditelnost nezhoršená vlivem po",dvoupruhová,světelným signalizačním zařízením,železniční přejezd zabezpečený,mimo křižovatku,ne,P8175,10.9808242353,Hulín - Říkovice,"172,409",Ano,III.,4903,zastávka Břest,49° 20' 55.98549'' N,17° 27' 19.13048'' E,49.34888,17.45531
17.300174889331107,49.236125288267139,60806090207,Zdounky (Zlínský kraj),2009-08-26 13:23:00,silnice 3.třídy,42815,řidičem motorového vozidla,s řidičským oprávněním skupiny c,řidič nebyl ovlivněn,ne,dobrý -žádné nepříznivé okolnosti nebyly zjištěny,0,0,0,2,AUDI,nedošlo k požáru,1050,žádné z uvedených,osobní automobil bez přívěsu,1999,"soukromé, nevyužívané k výdělečné činnos",1000,nebylo třeba užít násilí,nehoda pouze s hmotnou škodou,z boku,jízda na “červené světlo“,"povrch suchý, neznečistěný",neztížené,"špatné vlivem trvalé vegetace (stromy,ke",na jízdním pruhu,žádná místní úprava,přímý úsek,neurčeno,jedoucí - ve směru staničení na komunika,srážka s vlakem,"nepřichází v úvahu, nejde o srážku s pev",živice,nesouvislé výtluky,"ve dne, viditelnost nezhoršená vlivem po",dvoupruhová,světelným signalizačním zařízením,železniční přejezd zabezpečený,mimo křižovatku,ne,P7322,4.31114005191,Zdounky - Zborovice,"13,922",Ne,III.,43215,nětčický na trojce,49° 14' 09.94743'' N,17° 18' 00.48056'' E,49.2361,17.30013
17.455402259501231,49.348927832062344,60806090225,Břest (Zlínský kraj),2009-09-10 14:15:00,silnice 3.třídy,4903,řidičem motorového vozidla,nezjištěno,jiné ovlivnění,nezjišťováno,jiný nepříznivý stav,0,0,0,1,žádná z uvedených,žádná z uvedených,90,žádné z uvedených,"nezjištěno, řidič ujel",,žádná z uvedených,0,žádná z uvedených,nehoda pouze s hmotnou škodou,"nepřichází v úvahu, nejde o srážku jedou",řidič se plně nevěnoval řízení vozidla,"povrch suchý, neznečistěný",neztížené,dobré,na jízdním pruhu,žádná místní úprava,přímý úsek,neurčeno,žádná z uvedených,srážka s pevnou překážkou,závory železničního přejezdu,živice,"dobrý, bez závad","ve dne, viditelnost nezhoršená vlivem po",dvoupruhová,světelným signalizačním zařízením,železniční přejezd zabezpečený,mimo křižovatku,ne,P8175,8.55626110525,Hulín - Říkovice,"172,409",Ano,III.,4903,zastávka Břest,49° 20' 55.98549'' N,17° 27' 19.13048'' E,49.34888,17.45531
15.83804737254091,49.142654109697311,61006090226,Horní Újezd (Kraj Vysočina),2009-10-13 11:45:00,silnice 3.třídy,36072,řidičem motorového vozidla,s řidičským oprávněním skupiny c,řidič nebyl ovlivněn,ne,dobrý -žádné nepříznivé okolnosti nebyly zjištěny,0,0,0,2,PEUGEOT,nedošlo k požáru,1200,žádné z uvedených,osobní automobil bez přívěsu,2000,"soukromé, nevyužívané k výdělečné činnos",400,nebylo třeba užít násilí,nehoda pouze s hmotnou škodou,boční,jízda na “červené světlo“,povrch mokrý,"na počátku deště, slabý déšť",dobré,na jízdním pruhu,žádná místní úprava,přímý úsek,neurčeno,jedoucí - ve směru staničení na komunika,srážka s vlakem,"nepřichází v úvahu, nejde o srážku s pev",živice,"dobrý, bez závad","ve dne, viditelnost nezhoršená vlivem po",dvoupruhová,světelným signalizačním zařízením,železniční přejezd zabezpečený,mimo křižovatku,ne,P3646,5.58557901595,Jaroměřice nad Rokytnou - Kojetice na Moravě,"153,299",Ne,III.,36072,není,49° 08' 33.60597'' N,15° 50' 17.22036'' E,49.14267,15.83812
17.443900655373355,49.016015249669408,61106090462,Ostrožská Nová Ves (Zlínský kraj),2009-11-28 19:15:00,komunikace místní,0,řidičem motorového vozidla,s řidičským oprávněním skupiny b,řidič nebyl ovlivněn,ne,dobrý -žádné nepříznivé okolnosti nebyly zjištěny,0,0,0,2,FORD,nedošlo k požáru,1000,žádné z uvedených,osobní automobil bez přívěsu,1982,"soukromé, nevyužívané k výdělečné činnos",100,nebylo třeba užít násilí,nehoda pouze s hmotnou škodou,z boku,řidič se plně nevěnoval řízení vozidla,"povrch suchý, neznečistěný",neztížené,dobré,žádné z uvedených,žádná místní úprava,přímý úsek,neurčeno,vozidlo jedoucí - na komunikaci bez stan,srážka s vlakem,"nepřichází v úvahu, nejde o srážku s pev",živice,"dobrý, bez závad","v noci - s veřejným osvětlením,viditelno",žádná z uvedených,žádný způsob řízení provozu,železniční přejezd zabezpečený,mimo křižovatku,ne,P7955,36.1256122988,Ostrožská Nová Ves - Aircraft Indusries,"96,563",Ne,O,,do lázní,49° 00' 56.80453'' N,17° 26' 36.82726'' E,49.01578,17.44356
17.412895408226419,48.988845370066358,61106090520,Uherský Ostroh (Zlínský kraj),2009-12-24 16:52:00,komunikace místní,0,chodcem,nezjištěno,jiné ovlivnění,ne,jiný nepříznivý stav,1,0,0,1,žádná z uvedených,žádná z uvedených,0,žádné z uvedených,vlak,,žádná z uvedených,0,žádná z uvedených,nehoda s následky na životě nebo zdraví,"nepřichází v úvahu, nejde o srážku jedou",nezaviněná řidičem,povrch mokrý,neztížené,dobré,na jízdním pruhu,žádná místní úprava,přímý úsek,neurčeno,žádná z uvedených,srážka s chodcem,"nepřichází v úvahu, nejde o srážku s pev",beton,"dobrý, bez závad","v noci - s veřejným osvětlením,viditelno",žádná z uvedených,světelným signalizačním zařízením,železniční přejezd zabezpečený,mimo křižovatku,ne,P7951,24.1688082797,Uherský Ostroh - Ostrožská Nová Ves,"92,79",Ne,C,,na zahrádky,48° 59' 19.07026'' N,17° 24' 46.57785'' E,48.98863,17.41294
17.117370357916322,49.133786502750638,61206090157,Nemotice (Jihomoravský kraj),2009-10-10 14:40:00,silnice 2.třídy,429,řidičem motorového vozidla,s řidičským oprávněním skupiny c,řidič nebyl ovlivněn,ne,dobrý -žádné nepříznivé okolnosti nebyly zjištěny,0,0,0,1,MERCEDES,žádná z uvedených,50,žádné z uvedených,nákladní automobil s přívěsem,2004,registrované mimo území ČR,0,nebylo třeba užít násilí,nehoda pouze s hmotnou škodou,"nepřichází v úvahu, nejde o srážku jedou","bezohledná, agresivní, neohleduplná jízda","povrch suchý, neznečistěný",neztížené,dobré,na jízdním pruhu,žádná místní úprava,přímý úsek,neurčeno,jedoucí - proti směru staničení na komun,srážka s pevnou překážkou,závory železničního přejezdu,živice,"dobrý, bez závad","ve dne, viditelnost nezhoršená vlivem po",dvoupruhová,světelným signalizačním zařízením,železniční přejezd zabezpečený,mimo křižovatku,ne,P7927,4.66878256999,žst. Nemotice,"47,475",Ne,II.,429,hlavní u st.1 žst.Nemotice,49° 08' 01.53420'' N,17° 07' 02.70357'' E,49.13376,17.11742
17.093127305129709,49.149259816844094,61206100077,Nesovice (Jihomoravský kraj),2010-04-04 16:20:00,komunikace místní,0,řidičem motorového vozidla,s řidičským oprávněním skupiny d,řidič nebyl ovlivněn,ne,dobrý -žádné nepříznivé okolnosti nebyly zjištěny,0,0,0,2,KAROSA,nedošlo k požáru,1000,"došlo k úniku pohonných hmot, oleje, chl",autobus,1998,veřejná hromadná doprava,600,nebylo třeba užít násilí,nehoda pouze s hmotnou škodou,z boku,jízda na “červené světlo“,"povrch suchý, neznečistěný",neztížené,dobré,na jízdním pruhu,žádná místní úprava,zatáčka,neurčeno,vozidlo jedoucí - na komunikaci bez stan,srážka s vlakem,"nepřichází v úvahu, nejde o srážku s pev",živice,"dobrý, bez závad","ve dne, viditelnost nezhoršená vlivem po",žádná z uvedených,světelným signalizačním zařízením,železniční přejezd zabezpečený,mimo křižovatku,ne,P7926,5.60720305396,Nesovice - Nemotice,"40,955",Ne,C,,jednosměrka k JZD,49° 08' 57.50449'' N,17° 05' 35.23605'' E,49.14931,17.09312
17.082616623448764,49.149580760471075,61206100126,Nesovice (Jihomoravský kraj),2010-05-27 15:45:00,silnice 2.třídy,429,řidičem motorového vozidla,nezjištěno,jiné ovlivnění,nezjišťováno,jiný nepříznivý stav,0,0,0,1,žádná z uvedených,žádná z uvedených,100,žádné z uvedených,"nezjištěno, řidič ujel",,žádná z uvedených,0,žádná z uvedených,nehoda pouze s hmotnou škodou,"nepřichází v úvahu, nejde o srážku jedou",vyhýbání bez dostatečné boční vůle,"povrch suchý, neznečistěný",neztížené,dobré,mimo komunikaci,přednost vyznačena dopravními značkami,křižovatka průsečná - čtyřramenná,silnice 2.třídy,žádná z uvedených,srážka s pevnou překážkou,"odrazník, patník, sloupek, dopr.značky a",živice,"dobrý, bez závad","ve dne, viditelnost nezhoršená vlivem po",žádná z uvedených,místní úprava (vyplní se pol. 24),železniční přejezd zabezpečený,"na křižovatce, uvnitř hranic křižovatky",ne,P7924,13.5352028118,žst. Nesovice,"40,188",Ne,II.,429,hlavní na zhlaví-ocelogumový,49° 08' 58.04570'' N,17° 04' 57.50068'' E,49.14946,17.08264
16.915033981332655,49.147369975168452,61206100166,Hodějice (Jihomoravský kraj),2010-06-26 11:05:00,silnice 3.třídy,504,řidičem motorového vozidla,s řidičským oprávněním skupiny b,řidič nebyl ovlivněn,ne,dobrý -žádné nepříznivé okolnosti nebyly zjištěny,0,3,1,2,VOLKSWAGEN,nedošlo k požáru,3700,žádné z uvedených,osobní automobil bez přívěsu,2007,"soukromé, nevyužívané k výdělečné činnos",2000,nebylo třeba užít násilí,nehoda s následky na životě nebo zdraví,z boku,jízda na “červené světlo“,"povrch suchý, neznečistěný",neztížené,dobré,na jízdním pruhu,žádná místní úprava,přímý úsek,neurčeno,jedoucí - ve směru staničení na komunika,srážka s vlakem,"nepřichází v úvahu, nejde o srážku s pev",živice,"dobrý, bez závad","ve dne, viditelnost nezhoršená vlivem po",dvoupruhová,světelným signalizačním zařízením,železniční přejezd zabezpečený,mimo křižovatku,ne,P7912,19.1705422068,Slavkov u Brna - Bučovice,"26,91",Ne,III.,504,,49° 08' 49.91671'' N,16° 54' 53.96111'' E,49.1472,16.91499
16.874159603911782,49.200358599592548,61206100321,Rousínov (Jihomoravský kraj),2010-10-20 10:45:00,silnice 2.třídy,430,řidičem motorového vozidla,s řidičským oprávněním skupiny c,řidič nebyl ovlivněn,nezjišťováno,dobrý -žádné nepříznivé okolnosti nebyly zjištěny,0,0,0,1,AVIA,nedošlo k požáru,160,žádné z uvedených,"nákladní automobil (včetně multikáry, au",2001,"soukromé, využívané k výdělečné činnosti",0,nebylo třeba užít násilí,nehoda pouze s hmotnou škodou,"nepřichází v úvahu, nejde o srážku jedou",jízda na “červené světlo“,"povrch suchý, neznečistěný",neztížené,dobré,na jízdním pruhu,žádná místní úprava,přímý úsek,neurčeno,jedoucí - proti směru staničení na komun,srážka s pevnou překážkou,závory železničního přejezdu,živice,"dobrý, bez závad","ve dne, viditelnost nezhoršená vlivem po",dvoupruhová,světelným signalizačním zařízením,železniční přejezd zabezpečený,mimo křižovatku,ne,P7189,17.1533087484,Rousínov - Komořany u Vyškova,"32,966",Ano,II.,430,"Rousínov, ul. R.Armády,státní",49° 12' 01.62380'' N,16° 52' 26.30766'' E,49.20045,16.87397
16.285214371475313,48.823254795879961,61306100009,Božice (Jihomoravský kraj),2010-01-29 13:15:00,silnice 2.třídy,397,řidičem motorového vozidla,s řidičským oprávněním skupiny c,jiné ovlivnění,ne,dobrý -žádné nepříznivé okolnosti nebyly zjištěny,0,1,0,2,FORD,nedošlo k požáru,10,"došlo k úniku pohonných hmot, oleje, chl","nákladní automobil (včetně multikáry, au",2007,"soukromá organizace (podnikatel, s.r.o.,",0,nebylo třeba užít násilí,nehoda s následky na životě nebo zdraví,z boku,jízda na “červené světlo“,povrch mokrý,neztížené,dobré,na jízdním pruhu,žádná místní úprava,přímý úsek,neurčeno,jedoucí - proti směru staničení na komun,srážka s vlakem,"nepřichází v úvahu, nejde o srážku s pev",živice,"dobrý, bez závad","ve dne, viditelnost nezhoršená vlivem po",dvoupruhová,světelným signalizačním zařízením,železniční přejezd zabezpečený,mimo křižovatku,ne,P7118,5.36845371931,Božice u Znojma - Hodonice,"7,491",Ne,II.,397,není,48° 49' 23.89150'' N,16° 17' 06.85736'' E,48.8233,16.28524
16.339424524219069,49.044782015538807,61306100089,Moravský Krumlov (Jihomoravský kraj),2010-06-18 13:20:00,silnice 3.třídy,4133,řidičem motorového vozidla,s řidičským oprávněním skupiny c,řidič nebyl ovlivněn,ne,dobrý -žádné nepříznivé okolnosti nebyly zjištěny,0,0,0,1,SCANIA,žádná z uvedených,1300,žádné z uvedených,nákladní automobil s návěsem,2006,"soukromá organizace (podnikatel, s.r.o.,",300,nebylo třeba užít násilí,nehoda pouze s hmotnou škodou,"nepřichází v úvahu, nejde o srážku jedou",řidič se plně nevěnoval řízení vozidla,povrch mokrý,"na počátku deště, slabý déšť",dobré,na krajnici,žádná místní úprava,křižovatka styková - tříramenná,místní komunikace,zachycuje směr jízdy křižovatkou,srážka s pevnou překážkou,"sloup - telefonní, veř.osvětlení, el.ved",živice,"dobrý, bez závad","ve dne, viditelnost nezhoršená vlivem po",dvoupruhová,světelným signalizačním zařízením,železniční přejezd zabezpečený,"na křižovatce, uvnitř hranic křižovatky",ne,P3937,8.4291038016,žst. Moravský Krumlov,"121,766",Ne,III.,4133,Mor.Krumlov ČD,49° 02' 41.08611'' N,16° 20' 21.55065'' E,49.04475,16.33932
15.87667245463828,48.940642732739555,61306100219,Štítary (Jihomoravský kraj),2010-12-12 14:30:00,silnice 3.třídy,3988,řidičem motorového vozidla,s řidičským oprávněním skupiny c,řidič nebyl ovlivněn,ne,dobrý -žádné nepříznivé okolnosti nebyly zjištěny,0,0,0,2,žádná z uvedených,žádná z uvedených,3600,žádné z uvedených,traktor (i s přívěsem),1973,"soukromá organizace (podnikatel, s.r.o.,",100,nebylo třeba užít násilí,nehoda pouze s hmotnou škodou,z boku,jiné nedání přednosti,"na vozovce je náledí, ujetý sníh - nepos",sněžení,dobré,na jízdním pruhu,žádná místní úprava,přímý úsek po projetí zatáčkou (do vzdál,neurčeno,jedoucí - proti směru staničení na komun,srážka s vlakem,"nepřichází v úvahu, nejde o srážku s pev",živice,"dobrý, bez závad","ve dne, zhoršená viditelnost vlivem pově",dvoupruhová,světelným signalizačním zařízením,železniční přejezd zabezpečený,mimo křižovatku,ne,P3630,22.3635098099,Šumná - Grešlové Mýto,"121,757",Ne,III.,3988,není,48° 56' 25.95411'' N,15° 52' 35.06557'' E,48.94054,15.87641
15.973583897444263,49.558074439494703,61406090133,Žďár nad Sázavou (Kraj Vysočina),2009-08-08 08:45:00,silnice 3.třídy,35420,řidičem motorového vozidla,s řidičským oprávněním skupiny b,řidič nebyl ovlivněn,ne,dobrý -žádné nepříznivé okolnosti nebyly zjištěny,0,0,0,2,ŠKODA,nedošlo k požáru,230,žádné z uvedených,osobní automobil bez přívěsu,1989,"soukromé, nevyužívané k výdělečné činnos",50,nebylo třeba užít násilí,nehoda pouze s hmotnou škodou,"nepřichází v úvahu, nejde o srážku jedou",proti příkazu dopravní značky STŮJ DEJ PŘEDNOST,"povrch suchý, neznečistěný",neztížené,dobré,na jízdním pruhu,přednost vyznačena dopravními značkami,přímý úsek,neurčeno,jedoucí - proti směru staničení na komun,jiný druh nehody,"nepřichází v úvahu, nejde o srážku s pev",živice,"dobrý, bez závad","ve dne, viditelnost nezhoršená vlivem po",dvoupruhová,místní úprava (vyplní se pol. 24),železniční přejezd nezabezpečený,mimo křižovatku,ne,P7011,8.57194325367,Žďár n.Sáz. - Veselíčko,"36,647",Ne,III.,35420,stát.silnice z I/38 na Mělkovice,49° 33' 28.87955'' N,15° 58' 24.59272'' E,49.55802,15.9735
17.937170988468253,49.46502712172655,61506090220,Poličná (Zlínský kraj),2009-09-10 16:10:00,komunikace místní,0,řidičem nemotorového vozidla,ostatní řidiči vozidel,řidič nebyl ovlivněn,"ano, obsah alkoholu v&nbsp;krvi do 0,99‰ (2)","pod vlivem alkoholu, obsah alkoholu v krvi do 0,99‰",1,0,0,2,žádná z uvedených,nedošlo k požáru,20,žádné z uvedených,jízdní kolo,,"soukromé, nevyužívané k výdělečné činnos",10,nebylo třeba užít násilí,nehoda s následky na životě nebo zdraví,z boku,jiné nedání přednosti,"povrch suchý, neznečistěný",neztížené,dobré,na jízdním pruhu,přednost nevyznačena - vyplývá z pravide,křižovatka styková - tříramenná,místní komunikace,vozidlo jedoucí - na komunikaci bez stan,srážka s vlakem,"nepřichází v úvahu, nejde o srážku s pev",živice,"dobrý, bez závad","ve dne, viditelnost nezhoršená vlivem po",dvoupruhová,místní úprava (vyplní se pol. 24),železniční přejezd zabezpečený,"na křižovatce,jedná-li se o křížení siln",ne,P7301,26.2569359669,Branky na M. - Valašské Meziříčí,"58,136",Ne,C,,ke střelnici,49° 27' 53.26778'' N,17° 56' 14.18736'' E,49.4648,17.93727
18.091771728971608,49.302941888228467,61506090243,Huslenky (Zlínský kraj),2009-09-21 18:45:00,komunikace místní,0,řidičem motorového vozidla,s řidičským oprávněním skupiny c,řidič nebyl ovlivněn,ne,dobrý -žádné nepříznivé okolnosti nebyly zjištěny,0,0,0,2,VOLKSWAGEN,nedošlo k požáru,150,žádné z uvedených,osobní automobil bez přívěsu,1998,"soukromá organizace (podnikatel, s.r.o.,",100,nebylo třeba užít násilí,nehoda pouze s hmotnou škodou,boční,proti příkazu dopravní značky STŮJ DEJ PŘEDNOST,"povrch suchý, neznečistěný",neztížené,dobré,na jízdním pruhu,přednost vyznačena dopravními značkami,přímý úsek,neurčeno,vozidlo jedoucí - na komunikaci bez stan,srážka s vlakem,"nepřichází v úvahu, nejde o srážku s pev",živice,"dobrý, bez závad","ve dne, viditelnost nezhoršená vlivem po",dvoupruhová,místní úprava (vyplní se pol. 24),železniční přejezd nezabezpečený,mimo křižovatku,ne,P8071,10.0941073264,Hovězí - Halenkov,"9,937",Ne,MK,,u žel.zastávky,49° 18' 10.85347'' N,18° 05' 30.04617'' E,49.30301,18.09168
18.122414690477179,49.460174622752689,61506090326,Rožnov pod Radhoštěm (Zlínský kraj),2009-11-20 06:33:00,komunikace místní,0,řidičem motorového vozidla,s řidičským oprávněním skupiny b,řidič nebyl ovlivněn,ne,dobrý -žádné nepříznivé okolnosti nebyly zjištěny,0,1,0,2,FIAT,nedošlo k požáru,700,žádné z uvedených,osobní automobil bez přívěsu,1993,"soukromé, nevyužívané k výdělečné činnos",200,nebylo třeba užít násilí,nehoda s následky na životě nebo zdraví,boční,jízda na “červené světlo“,"povrch suchý, neznečistěný",neztížené,dobré,na jízdním pruhu,žádná místní úprava,přímý úsek,neurčeno,vozidlo jedoucí - na komunikaci bez stan,srážka s vlakem,"nepřichází v úvahu, nejde o srážku s pev",živice,"dobrý, bez závad","ve dne, viditelnost nezhoršená vlivem po",dvoupruhová,světelným signalizačním zařízením,železniční přejezd nezabezpečený,mimo křižovatku,ne,P7426,1.65997845425,Střítež nad Bečvou - Rožnov pod Radhoštěm,"12,162",Ne,O,,Tesla Rožnov,49° 27' 36.55800'' N,18° 07' 20.67028'' E,49.46016,18.12241
15.616176422483541,49.632755286754936,61606090141,Břevnice (Kraj Vysočina),2009-07-21 17:05:00,silnice 3.třídy,3441,řidičem motorového vozidla,bez příslušného řidičského oprávnění,řidič nebyl ovlivněn,"ano, obsah alkoholu v&nbsp;krvi do 0,99‰ (2)","pod vlivem alkoholu, obsah alkoholu v krvi do 0,99‰",0,1,0,2,FIAT,nedošlo k požáru,700,"došlo k úniku pohonných hmot, oleje, chl",osobní automobil bez přívěsu,1989,"soukromé, nevyužívané k výdělečné činnos",200,nebylo třeba užít násilí,nehoda s následky na životě nebo zdraví,z boku,jízda na “červené světlo“,"povrch suchý, neznečistěný",neztížené,dobré,na jízdním pruhu,žádná místní úprava,přímý úsek,neurčeno,jedoucí - ve směru staničení na komunika,srážka s vlakem,"nepřichází v úvahu, nejde o srážku s pev",živice,"dobrý, bez závad","ve dne, viditelnost nezhoršená vlivem po",dvoupruhová,světelným signalizačním zařízením,železniční přejezd zabezpečený,mimo křižovatku,ne,P5261,3.13195132346,odb. KUBEŠUV MLÝN - Rozsochatec,"5,358",Ne,III.,3441,stát.silnice,49° 37' 57.87923'' N,15° 36' 58.08646'' E,49.63274,15.61614
15.39975143618987,49.757070898037675,61606090222,Leština u Světlé (Kraj Vysočina),2009-09-17 13:00:00,silnice 2.třídy,346,řidičem motorového vozidla,nezjištěno,jiné ovlivnění,nezjišťováno,jiný nepříznivý stav,0,0,0,1,žádná z uvedených,žádná z uvedených,90,žádné z uvedených,"nezjištěno, řidič ujel",,žádná z uvedených,0,žádná z uvedených,nehoda pouze s hmotnou škodou,"nepřichází v úvahu, nejde o srážku jedou",jiný druh nesprávného způsobu jízdy,"povrch suchý, neznečistěný",neztížené,dobré,na jízdním pruhu,žádná místní úprava,přímý úsek,neurčeno,žádná z uvedených,srážka s pevnou překážkou,závory železničního přejezdu,živice,"dobrý, bez závad","ve dne, viditelnost nezhoršená vlivem po",dvoupruhová,světelným signalizačním zařízením,železniční přejezd zabezpečený,mimo křižovatku,ne,P3698,1.46458029584,žst. Leština u Světlé,"251,334",Ano,II.,346,Na Prvním zhlaví,49° 45' 25.43355'' N,15° 23' 59.07367'' E,49.75706,15.39974
15.420896611081165,49.679636029662205,61606090347,Služátky (Kraj Vysočina),2009-12-19 23:59:00,silnice 2.třídy,347,řidičem motorového vozidla,nezjištěno,jiné ovlivnění,nezjišťováno,jiný nepříznivý stav,0,0,0,1,žádná z uvedených,žádná z uvedených,200,žádné z uvedených,"nezjištěno, řidič ujel",,žádná z uvedených,0,žádná z uvedených,nehoda pouze s hmotnou škodou,"nepřichází v úvahu, nejde o srážku jedou",nezvládnutí řízení vozidla,"souvislá sněhová vrstva, rozbředlý sníh",sněžení,dobré,mimo komunikaci,žádná místní úprava,zatáčka,neurčeno,žádná z uvedených,srážka s pevnou překážkou,závory železničního přejezdu,živice,"dobrý, bez závad","ve dne, viditelnost nezhoršená vlivem po",dvoupruhová,žádný způsob řízení provozu,železniční přejezd zabezpečený,mimo křižovatku,ne,P3692,8.09160853067,Světlá nad Sázavou - Leština u Světlé,"241,537",Ano,II.,347,Patnáctka,49° 40' 46.91684'' N,15° 25' 15.42174'' E,49.6797,15.42095
15.228603292762124,49.404302378375178,61706090115,Pelhřimov (Kraj Vysočina),2009-08-08 17:00:00,komunikace místní,0,řidičem motorového vozidla,s řidičským oprávněním skupiny c,řidič nebyl ovlivněn,ne,dobrý -žádné nepříznivé okolnosti nebyly zjištěny,0,0,0,2,RENAULT,nedošlo k požáru,150,"došlo k úniku pohonných hmot, oleje, chl",osobní automobil bez přívěsu,1990,"soukromé, nevyužívané k výdělečné činnos",50,nebylo třeba užít násilí,nehoda pouze s hmotnou škodou,z boku,jiné nedání přednosti,"povrch suchý, neznečistěný",neztížené,dobré,na jízdním pruhu,žádná místní úprava,přímý úsek,neurčeno,vozidlo jedoucí - na komunikaci bez stan,srážka s vlakem,"nepřichází v úvahu, nejde o srážku s pev",živice,"dobrý, bez závad","ve dne, viditelnost nezhoršená vlivem po",dvoupruhová,žádný způsob řízení provozu,železniční přejezd zabezpečený,mimo křižovatku,ne,P6351,11.5417688629,Dobrá Voda u Pelhřimova - Pelhřimov,"16,251",Ne,O,,AGROALFA,49° 24' 15.58870'' N,15° 13' 42.41660'' E,49.40433,15.22845
17.400763169725504,50.037328457269794,70106090324,Světlá Hora (Moravskoslezský kraj),2009-06-28 08:52:00,silnice 3.třídy,45210,řidičem motorového vozidla,s řidičským oprávněním skupiny b,řidič nebyl ovlivněn,ne,dobrý -žádné nepříznivé okolnosti nebyly zjištěny,0,1,0,2,ŠKODA,nedošlo k požáru,810,žádné z uvedených,osobní automobil bez přívěsu,1999,"soukromá organizace (podnikatel, s.r.o.,",300,nebylo třeba užít násilí,nehoda s následky na životě nebo zdraví,z boku,proti příkazu dopravní značky STŮJ DEJ PŘEDNOST,"povrch suchý, neznečistěný",neztížené,dobré,na jízdním pruhu,přednost vyznačena přenosnými dopravními,křižovatka průsečná - čtyřramenná,místní komunikace,zachycuje směr jízdy křižovatkou,srážka s vlakem,"nepřichází v úvahu, nejde o srážku s pev",živice,"dobrý, bez závad","ve dne, viditelnost nezhoršená vlivem po",dvoupruhová,místní úprava (vyplní se pol. 24),železniční přejezd nezabezpečený,"na křižovatce, uvnitř hranic křižovatky",ne,P7687,17.1886816163,vl. SHR Staré Město - Světlá Hora,"8,563",Ne,III.,45210,,50° 02' 14.91996'' N,17° 24' 02.92525'' E,50.03748,17.40081