X,Y,id,obec,datum,komunikace,komunika_1,zavineni,ridic_kate,ridic_ovli,vinik_alko,ridic_stav,obeti_usmr,obeti_lehc,obeti_tezc,vozidel_ce,vinik_vozi,vinik_vo_1,skoda,unik_hmot,vinik_vo_2,vinik_vo_3,vinik_vo_4,vinik_skod,vyprosteni,nehoda_cha,srazka_voz,hlavni_pri,povrch_sta,meteo,rozhled,nehoda_pol,prednost_v,smerove_po,druh_krizu,smer_jizdy,nehoda_dru,pevna_prek,povrch_dru,komunika_2,viditelnos,komunika_3,rizeni_pro,objekty,misto_neho,smyk,neighbors_TargetID,neighbors_Distance,neighbors_prejezdy-dec_Název definičního úseku,neighbors_prejezdy-dec_Žkm přejezdu,neighbors_prejezdy-dec_Přejezd s trolejovým vedením,neighbors_prejezdy-dec_Třída pozemní komunikace,neighbors_prejezdy-dec_Číslo pozemní komunikace,neighbors_prejezdy-dec_Místní název přejezdu,neighbors_prejezdy-dec_Zeměpisná šířka,neighbors_prejezdy-dec_Zeměpisná délka,neighbors_prejezdy-dec_field_10,neighbors_prejezdy-dec_field_11
18.656588414296941,49.68611242202342,70208103280,Třinec (Moravskoslezský kraj),2010-10-25 18:15:00,komunikace místní,0,řidičem motorového vozidla,s řidičským oprávněním skupiny c,řidič nebyl ovlivněn,ne,dobrý -žádné nepříznivé okolnosti nebyly zjištěny,0,0,0,1,FORD,nedošlo k požáru,600,žádné z uvedených,osobní automobil bez přívěsu,2001,"soukromé, nevyužívané k výdělečné činnos",600,nebylo třeba užít násilí,nehoda pouze s hmotnou škodou,"nepřichází v úvahu, nejde o srážku jedou",chyby při udání směru jízdy,povrch mokrý,"na počátku deště, slabý déšť",dobré,mimo komunikaci,žádná místní úprava,křižovatka průsečná - čtyřramenná,místní komunikace,vozidlo jedoucí - na komunikaci bez stan,srážka s pevnou překážkou,"jiná překážka (zábradlí,oplocení,násep,n",živice,"dobrý, bez závad","v noci - s veřejným osvětlením, zhoršená",dvoupruhová,světelným signalizačním zařízením,železniční přejezd nezabezpečený,"na křižovatce,jedná-li se o křížení siln",ne,P8284,1612.19340171,Bystřice nad Olší - Třinec,"310,427",Ano,C,,,49° 40' 37.99985'' N,18° 40' 27.21949'' E,49.67722,18.67423
18.338785819800059,49.88978504922239,70306090842,Bohumín (Moravskoslezský kraj),2009-07-15 02:43:00,komunikace místní,0,řidičem motorového vozidla,nezjištěno,jiné ovlivnění,nezjišťováno,jiný nepříznivý stav,0,0,0,1,žádná z uvedených,žádná z uvedených,300,žádné z uvedených,"nezjištěno, řidič ujel",,žádná z uvedených,0,žádná z uvedených,nehoda pouze s hmotnou škodou,"nepřichází v úvahu, nejde o srážku jedou",nezvládnutí řízení vozidla,"povrch suchý, neznečistěný",neztížené,dobré,na jízdním pruhu,žádná místní úprava,křižovatka průsečná - čtyřramenná,místní komunikace,žádná z uvedených,srážka s pevnou překážkou,závory železničního přejezdu,živice,"dobrý, bez závad","v noci - s veřejným osvětlením,viditelno",dvoupruhová,světelným signalizačním zařízením,železniční přejezd zabezpečený,"na křižovatce,jedná-li se o křížení siln",ne,P6510,5.59263892182,Bohumín-Vrbice - Bohumín,"273,988",Ano,C,,,49° 53' 23.10700'' N,18° 20' 19.43747'' E,49.88975,18.33873
18.338753491146687,49.889812515558837,70306090927,Bohumín (Moravskoslezský kraj),2009-08-08 17:07:00,komunikace místní,0,řidičem motorového vozidla,nezjištěno,jiné ovlivnění,nezjišťováno,jiný nepříznivý stav,0,0,0,1,žádná z uvedených,žádná z uvedených,50,žádné z uvedených,"nezjištěno, řidič ujel",,žádná z uvedených,0,žádná z uvedených,nehoda pouze s hmotnou škodou,"nepřichází v úvahu, nejde o srážku jedou",nezvládnutí řízení vozidla,povrch mokrý,neztížené,dobré,žádné z uvedených,žádná místní úprava,křižovatka průsečná - čtyřramenná,místní komunikace,žádná z uvedených,srážka s pevnou překážkou,závory železničního přejezdu,živice,"dobrý, bez závad","ve dne, viditelnost nezhoršená vlivem po",žádná z uvedených,světelným signalizačním zařízením,železniční přejezd zabezpečený,"na křižovatce,jedná-li se o křížení siln",ne,P6510,7.15419383963,Bohumín-Vrbice - Bohumín,"273,988",Ano,C,,,49° 53' 23.10700'' N,18° 20' 19.43747'' E,49.88975,18.33873
18.559711487162048,49.816213451418704,70306090966,Karviná (Moravskoslezský kraj),2009-08-15 13:45:00,silnice 2.třídy,475,řidičem motorového vozidla,s řidičským oprávněním skupiny b,řidič nebyl ovlivněn,ne,dobrý -žádné nepříznivé okolnosti nebyly zjištěny,0,0,0,1,FORD,nedošlo k požáru,300,žádné z uvedených,osobní automobil bez přívěsu,2008,registrované mimo území ČR,300,nebylo třeba užít násilí,nehoda pouze s hmotnou škodou,"nepřichází v úvahu, nejde o srážku jedou",nepř. rychlosti vlastnostem vozidla a nákladu,"povrch suchý, neznečistěný",neztížené,dobré,mimo komunikaci,přednost vyznačena dopravními značkami,křižovatka průsečná - čtyřramenná,místní komunikace,zachycuje směr jízdy křižovatkou,srážka s pevnou překážkou,"jiná překážka (zábradlí,oplocení,násep,n",živice,"dobrý, bez závad","ve dne, viditelnost nezhoršená vlivem po",dvoupruhová,místní úprava (vyplní se pol. 24),železniční přejezd zabezpečený,"na křižovatce, uvnitř hranic křižovatky",ne,P8290,23.7084142545,,"328,67",ne,silnice II. třídy č. 475,,pod ČSM,49° 48' 57.539'' N,18° 33' 33.707'' E,49.81598,18.55936
18.545799400606587,49.821329804601291,70306091230,Stonava (Moravskoslezský kraj),2009-10-27 13:50:00,komunikace místní,0,řidičem motorového vozidla,s řidičským oprávněním skupiny b,řidič nebyl ovlivněn,ne,dobrý -žádné nepříznivé okolnosti nebyly zjištěny,0,0,0,1,RENAULT,nedošlo k požáru,400,žádné z uvedených,osobní automobil bez přívěsu,1999,"soukromá organizace (podnikatel, s.r.o.,",200,nebylo třeba užít násilí,nehoda pouze s hmotnou škodou,"nepřichází v úvahu, nejde o srážku jedou","nepř. rychlosti stavu vozovky (náledí, výtluky, bláto, mokrý povrch apod.)",povrch mokrý,"na počátku deště, slabý déšť",dobré,mimo komunikaci,žádná místní úprava,křižovatka průsečná - čtyřramenná,místní komunikace,vozidlo jedoucí - na komunikaci bez stan,srážka s pevnou překážkou,"odrazník, patník, sloupek, dopr.značky a",živice,"dobrý, bez závad","ve dne, zhoršená viditelnost vlivem pově",dvoupruhová,světelným signalizačním zařízením,železniční přejezd nezabezpečený,"na křižovatce,jedná-li se o křížení siln",ano,P8290,1143.03223682,,"328,67",ne,silnice II. třídy č. 475,,pod ČSM,49° 48' 57.539'' N,18° 33' 33.707'' E,49.81598,18.55936
18.559697518055849,49.816198402382355,70306091356,Karviná (Moravskoslezský kraj),2009-12-12 20:25:00,silnice 2.třídy,475,řidičem motorového vozidla,s řidičským oprávněním skupiny c,řidič nebyl ovlivněn,ne,dobrý -žádné nepříznivé okolnosti nebyly zjištěny,0,0,0,1,SCANIA,nedošlo k požáru,1800,žádné z uvedených,nákladní automobil s návěsem,1998,"soukromé, využívané k výdělečné činnosti",800,nebylo třeba užít násilí,nehoda pouze s hmotnou škodou,"nepřichází v úvahu, nejde o srážku jedou","nepř. rychlosti stavu vozovky (náledí, výtluky, bláto, mokrý povrch apod.)",povrch mokrý,"tvoří se námraza, náledí",dobré,mimo komunikaci,žádná místní úprava,křižovatka průsečná - čtyřramenná,místní komunikace,zachycuje směr jízdy křižovatkou,srážka s pevnou překážkou,závory železničního přejezdu,živice,"dobrý, bez závad","v noci - bez veřejného osvětlení, vidite",dvoupruhová,světelným signalizačním zařízením,železniční přejezd zabezpečený,uvnitř zóny 2 předmětné křižovatky,ano,P8290,21.7625063158,,"328,67",ne,silnice II. třídy č. 475,,pod ČSM,49° 48' 57.539'' N,18° 33' 33.707'' E,49.81598,18.55936
18.350913428919021,49.897055990296188,70306100079,Bohumín (Moravskoslezský kraj),2010-01-29 06:36:00,silnice 3.třídy,46816,řidičem motorového vozidla,nezjištěno,jiné ovlivnění,nezjišťováno,jiný nepříznivý stav,0,0,0,1,žádná z uvedených,žádná z uvedených,170,žádné z uvedených,"nezjištěno, řidič ujel",,žádná z uvedených,0,žádná z uvedených,nehoda pouze s hmotnou škodou,"nepřichází v úvahu, nejde o srážku jedou",nezvládnutí řízení vozidla,povrch mokrý,neztížené,dobré,na jízdním pruhu,žádná místní úprava,křižovatka průsečná - čtyřramenná,místní komunikace,žádná z uvedených,srážka s pevnou překážkou,závory železničního přejezdu,živice,"dobrý, bez závad","ve dne, viditelnost nezhoršená vlivem po",dvoupruhová,světelným signalizačním zařízením,železniční přejezd zabezpečený,uvnitř zóny 3 předmětné křižovatky,ne,P6533,19.5346080902,Bohumín - Bohumín st.hr.,"276,608",Ano,III.,46816,9.května,49° 53' 50.04438'' N,18° 21' 03.40875'' E,49.89723,18.35095
18.338722939302336,49.889851628528113,70306100117,Bohumín (Moravskoslezský kraj),2010-02-10 12:37:00,komunikace místní,0,řidičem motorového vozidla,nezjištěno,jiné ovlivnění,nezjišťováno,jiný nepříznivý stav,0,0,0,1,žádná z uvedených,žádná z uvedených,100,žádné z uvedených,"nezjištěno, řidič ujel",,žádná z uvedených,0,žádná z uvedených,nehoda pouze s hmotnou škodou,"nepřichází v úvahu, nejde o srážku jedou",řidič se plně nevěnoval řízení vozidla,"na vozovce je náledí, ujetý sníh - nepos",sněžení,dobré,na jízdním pruhu,žádná místní úprava,křižovatka průsečná - čtyřramenná,místní komunikace,žádná z uvedených,srážka s pevnou překážkou,závory železničního přejezdu,živice,"dobrý, bez závad","ve dne, zhoršená viditelnost vlivem pově",dvoupruhová,světelným signalizačním zařízením,železniční přejezd zabezpečený,"na křižovatce,jedná-li se o křížení siln",ne,P6510,11.3141812682,Bohumín-Vrbice - Bohumín,"273,988",Ano,C,,,49° 53' 23.10700'' N,18° 20' 19.43747'' E,49.88975,18.33873
18.338453368692452,49.889893471222848,70306100297,Bohumín (Moravskoslezský kraj),2010-03-30 16:51:00,komunikace místní,0,řidičem motorového vozidla,s řidičským oprávněním skupiny d,řidič nebyl ovlivněn,ne,dobrý -žádné nepříznivé okolnosti nebyly zjištěny,0,0,0,1,SCANIA,žádná z uvedených,310,žádné z uvedených,nákladní automobil s návěsem,1998,"soukromá organizace (podnikatel, s.r.o.,",10,nebylo třeba užít násilí,nehoda pouze s hmotnou škodou,"nepřichází v úvahu, nejde o srážku jedou",nezvládnutí řízení vozidla,"povrch suchý, neznečistěný",neztížené,dobré,na jízdním pruhu,žádná místní úprava,křižovatka průsečná - čtyřramenná,místní komunikace,vozidlo jedoucí - na komunikaci bez stan,srážka s pevnou překážkou,závory železničního přejezdu,živice,"dobrý, bez závad","ve dne, viditelnost nezhoršená vlivem po",dvoupruhová,světelným signalizačním zařízením,železniční přejezd zabezpečený,"na křižovatce,jedná-li se o křížení siln",ne,P6510,25.491619763,Bohumín-Vrbice - Bohumín,"273,988",Ano,C,,,49° 53' 23.10700'' N,18° 20' 19.43747'' E,49.88975,18.33873
18.62297216079088,49.741246095734525,70306100339,Český Těšín (Moravskoslezský kraj),2010-04-10 10:38:00,komunikace místní,0,řidičem motorového vozidla,s řidičským oprávněním skupiny b,řidič nebyl ovlivněn,ne,dobrý -žádné nepříznivé okolnosti nebyly zjištěny,0,0,0,2,ŠKODA,nedošlo k požáru,1000,žádné z uvedených,osobní automobil bez přívěsu,2004,policie ČR,500,nebylo třeba užít násilí,nehoda pouze s hmotnou škodou,z boku,jiné nedání přednosti,povrch mokrý,neztížené,dobré,na jízdním pruhu,přednost nevyznačena - vyplývá z pravide,křižovatka průsečná - čtyřramenná,místní komunikace,vozidlo jedoucí - na komunikaci bez stan,srážka s vlakem,"nepřichází v úvahu, nejde o srážku s pev",dlažba,nesouvislé výtluky,"ve dne, viditelnost nezhoršená vlivem po",dvoupruhová,místní úprava (vyplní se pol. 24),železniční přejezd zabezpečený,"na křižovatce,jedná-li se o křížení siln",ne,P8343,31.0081017033,žst. Český Těšín,"137,781",Ne,MK,,,49° 44' 27.59958'' N,18° 37' 21.97453'' E,49.741,18.62277
18.620459374010945,49.723680536071257,70306100344,Český Těšín (Moravskoslezský kraj),2010-04-12 07:00:00,komunikace místní,0,řidičem motorového vozidla,s řidičským oprávněním skupiny c,řidič nebyl ovlivněn,ne,dobrý -žádné nepříznivé okolnosti nebyly zjištěny,0,0,0,1,TATRA,nedošlo k požáru,250,žádné z uvedených,"nákladní automobil (včetně multikáry, au",1985,"soukromá organizace (podnikatel, s.r.o.,",50,nebylo třeba užít násilí,nehoda pouze s hmotnou škodou,"nepřichází v úvahu, nejde o srážku jedou",nezvládnutí řízení vozidla,povrch mokrý,neztížené,dobré,žádné z uvedených,žádná místní úprava,křižovatka průsečná - čtyřramenná,místní komunikace,vozidlo jedoucí - na komunikaci bez stan,srážka s pevnou překážkou,závory železničního přejezdu,živice,"dobrý, bez závad","ve dne, viditelnost nezhoršená vlivem po",žádná z uvedených,světelným signalizačním zařízením,železniční přejezd zabezpečený,"na křižovatce,jedná-li se o křížení siln",ne,P8287,26.3851017919,Třinec-stan.Třinec-Konská - Český Těšín,"317,026",Ano,MK,,,49° 43' 25.00546'' N,18° 37' 12.39229'' E,49.72361,18.62011
18.622653920169817,49.741100375856107,70306100809,Český Těšín (Moravskoslezský kraj),2010-08-10 18:10:00,komunikace místní,0,řidičem motorového vozidla,s řidičským oprávněním skupiny b,řidič nebyl ovlivněn,ne,dobrý -žádné nepříznivé okolnosti nebyly zjištěny,0,0,0,2,PEUGEOT,nedošlo k požáru,950,žádné z uvedených,osobní automobil bez přívěsu,2002,"soukromé, nevyužívané k výdělečné činnos",900,nebylo třeba užít násilí,nehoda pouze s hmotnou škodou,boční,jiné nedání přednosti,"povrch suchý, neznečistěný",neztížené,dobré,na jízdním pruhu,žádná místní úprava,křižovatka průsečná - čtyřramenná,místní komunikace,vozidlo jedoucí - na komunikaci bez stan,srážka s vlakem,"nepřichází v úvahu, nejde o srážku s pev",živice,"dobrý, bez závad","ve dne, viditelnost nezhoršená vlivem po",dvoupruhová,světelným signalizačním zařízením,železniční přejezd nezabezpečený,"na křižovatce,jedná-li se o křížení siln",ne,P8343,13.9507354195,žst. Český Těšín,"137,781",Ne,MK,,,49° 44' 27.59958'' N,18° 37' 21.97453'' E,49.741,18.62277
18.33651675055096,49.905545041985988,70306100856,Bohumín (Moravskoslezský kraj),2010-08-24 04:50:00,silnice 1.třídy,58,řidičem motorového vozidla,nezjištěno,jiné ovlivnění,nezjišťováno,jiný nepříznivý stav,0,0,0,1,žádná z uvedených,žádná z uvedených,100,žádné z uvedených,"nezjištěno, řidič ujel",,žádná z uvedených,0,žádná z uvedených,nehoda pouze s hmotnou škodou,"nepřichází v úvahu, nejde o srážku jedou",jiné nedání přednosti,"povrch suchý, neznečistěný",neztížené,dobré,na jízdním pruhu,žádná místní úprava,křižovatka průsečná - čtyřramenná,místní komunikace,žádná z uvedených,srážka s pevnou překážkou,závory železničního přejezdu,živice,"dobrý, bez závad","v noci - s veřejným osvětlením,viditelno",dvoupruhová,světelným signalizačním zařízením,železniční přejezd zabezpečený,uvnitř zóny 1 předmětné křižovatky,ne,P6535,35.6698984852,Bohumín-Vrbice - Bohumín st.hr.,"2,715",Ano,II.,647,U Rybeny,49° 54' 21.08940'' N,18° 20' 11.80162'' E,49.90586,18.33661
18.559718927931112,49.816184700990227,70306100914,Karviná (Moravskoslezský kraj),2010-09-09 21:00:00,silnice 2.třídy,475,řidičem motorového vozidla,nezjištěno,jiné ovlivnění,nezjišťováno,jiný nepříznivý stav,0,0,0,1,žádná z uvedených,žádná z uvedených,50,žádné z uvedených,"nezjištěno, řidič ujel",,žádná z uvedených,0,žádná z uvedených,nehoda pouze s hmotnou škodou,"nepřichází v úvahu, nejde o srážku jedou",nezvládnutí řízení vozidla,"povrch suchý, neznečistěný",neztížené,dobré,žádné z uvedených,žádná místní úprava,křižovatka průsečná - čtyřramenná,místní komunikace,žádná z uvedených,srážka s pevnou překážkou,závory železničního přejezdu,živice,"dobrý, bez závad","ve dne, zhoršená viditelnost (svítání,so",žádná z uvedených,světelným signalizačním zařízením,železniční přejezd zabezpečený,uvnitř zóny 2 předmětné křižovatky,ne,P8290,21.5401721438,,"328,67",ne,silnice II. třídy č. 475,,pod ČSM,49° 48' 57.539'' N,18° 33' 33.707'' E,49.81598,18.55936
18.429213191652082,49.796178550231943,70306101285,Havířov (Moravskoslezský kraj),2010-12-12 14:30:00,komunikace místní,0,řidičem motorového vozidla,bez příslušného řidičského oprávnění,řidič nebyl ovlivněn,ne,dobrý -žádné nepříznivé okolnosti nebyly zjištěny,0,1,0,2,SEAT,nedošlo k požáru,3700,žádné z uvedených,osobní automobil bez přívěsu,1995,"soukromé, nevyužívané k výdělečné činnos",200,nebylo třeba užít násilí,nehoda s následky na životě nebo zdraví,z boku,proti příkazu dopravní značky STŮJ DEJ PŘEDNOST,povrch mokrý,neztížené,dobré,na jízdním pruhu,přednost vyznačena dopravními značkami,křižovatka průsečná - čtyřramenná,místní komunikace,vozidlo jedoucí - na komunikaci bez stan,srážka s vlakem,"nepřichází v úvahu, nejde o srážku s pev",živice,"dobrý, bez závad","ve dne, viditelnost nezhoršená vlivem po",dvoupruhová,místní úprava (vyplní se pol. 24),železniční přejezd nezabezpečený,"na křižovatce,jedná-li se o křížení siln",ne,P8296,3055.69609708,Havířov - Ostrava-Bartovice,"20,94",Ano,C,,,49° 46' 55.35633'' N,18° 23' 34.19311'' E,49.78204,18.39283
17.974045154765157,49.670090507881518,70406090467,Hladké Životice (Moravskoslezský kraj),2009-07-17 10:27:00,silnice 1.třídy,57,řidičem motorového vozidla,s řidičským oprávněním skupiny c,řidič nebyl ovlivněn,ne,dobrý -žádné nepříznivé okolnosti nebyly zjištěny,0,0,0,1,TATRA,nedošlo k požáru,350,žádné z uvedených,"nákladní automobil (včetně multikáry, au",1988,"soukromé, nevyužívané k výdělečné činnos",50,nebylo třeba užít násilí,nehoda pouze s hmotnou škodou,"nepřichází v úvahu, nejde o srážku jedou",řidič se plně nevěnoval řízení vozidla,"povrch suchý, neznečistěný",neztížené,dobré,na jízdním pruhu,žádná místní úprava,křižovatka průsečná - čtyřramenná,místní komunikace,zachycuje směr jízdy křižovatkou,srážka s pevnou překážkou,závory železničního přejezdu,živice,"dobrý, bez závad","ve dne, viditelnost nezhoršená vlivem po",dvoupruhová,světelným signalizačním zařízením,železniční přejezd zabezpečený,"na křižovatce, uvnitř hranic křižovatky",ne,P6497,33.0163028118,Suchdol nad Odrou - Studénka,"236,704",Ano,I.,57,,49° 40' 12.86098'' N,17° 58' 25.13349'' E,49.67024,17.97365
18.071001295611062,49.708498586549439,70406090631,Studénka (Moravskoslezský kraj),2009-09-11 07:44:00,silnice 3.třídy,46427,řidičem motorového vozidla,s řidičským oprávněním skupiny c,řidič nebyl ovlivněn,ne,dobrý -žádné nepříznivé okolnosti nebyly zjištěny,0,0,0,1,MAN,nedošlo k požáru,200,žádné z uvedených,"nákladní automobil (včetně multikáry, au",2005,"soukromá organizace (podnikatel, s.r.o.,",0,nebylo třeba užít násilí,nehoda pouze s hmotnou škodou,"nepřichází v úvahu, nejde o srážku jedou",řidič se plně nevěnoval řízení vozidla,"povrch suchý, neznečistěný",neztížené,dobré,na jízdním pruhu,žádná místní úprava,křižovatka průsečná - čtyřramenná,místní komunikace,zachycuje směr jízdy křižovatkou,srážka s pevnou překážkou,závory železničního přejezdu,živice,"dobrý, bez závad","ve dne, viditelnost nezhoršená vlivem po",dvoupruhová,světelným signalizačním zařízením,železniční přejezd zabezpečený,uvnitř zóny 3 předmětné křižovatky,ne,P6501,21.1838519393,žst. Studénka,"245,044",Ano,III.,46427,Studénka ul. 2.května,49° 42' 29.90715'' N,18° 04' 15.44528'' E,49.70831,18.07096
18.209730540993764,49.544173858586646,70406090650,Frenštát pod Radhoštěm (Moravskoslezský kraj),2009-09-17 09:20:00,silnice 1.třídy,58,řidičem motorového vozidla,nezjištěno,jiné ovlivnění,nezjišťováno,jiný nepříznivý stav,0,0,0,1,žádná z uvedených,žádná z uvedených,1000,žádné z uvedených,"nezjištěno, řidič ujel",,žádná z uvedených,0,žádná z uvedených,nehoda pouze s hmotnou škodou,"nepřichází v úvahu, nejde o srážku jedou",nepř. rychlosti vlastnostem vozidla a nákladu,"povrch suchý, neznečistěný",neztížené,dobré,na jízdním pruhu,žádná místní úprava,křižovatka průsečná - čtyřramenná,místní komunikace,žádná z uvedených,srážka s pevnou překážkou,"jiná překážka (zábradlí,oplocení,násep,n",živice,"dobrý, bez závad","ve dne, viditelnost nezhoršená vlivem po",čtyřpruhová s dělící čarou,světelným signalizačním zařízením,železniční přejezd zabezpečený,uvnitř zóny 1 předmětné křižovatky,ne,P7352,20.4144004085,Veřovice - Frenštát pod Radhoštěm,"85,275",Ne,I.,58,Rožnovská,49° 32' 38.38401'' N,18° 12' 34.71834'' E,49.544,18.20964
18.070937884522021,49.708188274995109,70406100026,Studénka (Moravskoslezský kraj),2010-01-14 11:16:00,silnice 3.třídy,46427,řidičem motorového vozidla,nezjištěno,jiné ovlivnění,nezjišťováno,jiný nepříznivý stav,0,0,0,1,žádná z uvedených,žádná z uvedených,200,žádné z uvedených,"nezjištěno, řidič ujel",,žádná z uvedených,0,žádná z uvedených,nehoda pouze s hmotnou škodou,"nepřichází v úvahu, nejde o srážku jedou","bezohledná, agresivní, neohleduplná jízda","souvislá sněhová vrstva, rozbředlý sníh",neztížené,dobré,na jízdním pruhu,žádná místní úprava,křižovatka průsečná - čtyřramenná,místní komunikace,žádná z uvedených,srážka s pevnou překážkou,závory železničního přejezdu,živice,"dobrý, bez závad","ve dne, viditelnost nezhoršená vlivem po",dvoupruhová,světelným signalizačním zařízením,železniční přejezd zabezpečený,uvnitř zóny 3 předmětné křižovatky,ne,P6501,13.6335952892,žst. Studénka,"245,044",Ano,III.,46427,Studénka ul. 2.května,49° 42' 29.90715'' N,18° 04' 15.44528'' E,49.70831,18.07096
17.973771417797892,49.670391139645915,70406100066,Hladké Životice (Moravskoslezský kraj),2010-02-02 09:05:00,silnice 1.třídy,57,řidičem motorového vozidla,s řidičským oprávněním skupiny c,řidič nebyl ovlivněn,ne,dobrý -žádné nepříznivé okolnosti nebyly zjištěny,0,0,0,2,VOLKSWAGEN,nedošlo k požáru,5000,žádné z uvedených,osobní automobil bez přívěsu,2009,"státní podnik, státní organizace",3000,použitím speciální vyprošťovací techniky,nehoda pouze s hmotnou škodou,zezadu,nezvládnutí řízení vozidla,"na vozovce je náledí, ujetý sníh - nepos",sněžení,dobré,na jízdním pruhu,žádná místní úprava,křižovatka průsečná - čtyřramenná,místní komunikace,zachycuje směr jízdy křižovatkou,srážka s vlakem,"nepřichází v úvahu, nejde o srážku s pev",panely,"dobrý, bez závad","ve dne, zhoršená viditelnost vlivem pově",dvoupruhová,světelným signalizačním zařízením,železniční přejezd zabezpečený,"na křižovatce, uvnitř hranic křižovatky",ne,P6497,18.9559462706,Suchdol nad Odrou - Studénka,"236,704",Ano,I.,57,,49° 40' 12.86098'' N,17° 58' 25.13349'' E,49.67024,17.97365
18.070911741442103,49.708477915446323,70406100075,Studénka (Moravskoslezský kraj),2010-02-02 12:48:00,silnice 3.třídy,46427,řidičem motorového vozidla,nezjištěno,jiné ovlivnění,nezjišťováno,jiný nepříznivý stav,0,0,0,1,žádná z uvedených,žádná z uvedených,150,žádné z uvedených,"nezjištěno, řidič ujel",,žádná z uvedených,0,žádná z uvedených,nehoda pouze s hmotnou škodou,"nepřichází v úvahu, nejde o srážku jedou",řidič se plně nevěnoval řízení vozidla,povrch mokrý,neztížené,dobré,na jízdním pruhu,žádná místní úprava,křižovatka průsečná - čtyřramenná,místní komunikace,žádná z uvedených,srážka s pevnou překážkou,závory železničního přejezdu,živice,"dobrý, bez závad","ve dne, viditelnost nezhoršená vlivem po",dvoupruhová,světelným signalizačním zařízením,železniční přejezd zabezpečený,"na křižovatce, uvnitř hranic křižovatky",ne,P6501,18.9959622341,žst. Studénka,"245,044",Ano,III.,46427,Studénka ul. 2.května,49° 42' 29.90715'' N,18° 04' 15.44528'' E,49.70831,18.07096
17.963664210896816,49.619644780663471,70406100110,Šenov u Nového Jičína (Moravskoslezský kraj),2010-02-25 08:05:00,silnice 3.třídy,5715,řidičem motorového vozidla,s řidičským oprávněním skupiny c,řidič nebyl ovlivněn,ne,dobrý -žádné nepříznivé okolnosti nebyly zjištěny,0,0,0,2,VOLKSWAGEN,nedošlo k požáru,3050,žádné z uvedených,osobní automobil bez přívěsu,2008,"soukromé, nevyužívané k výdělečné činnos",1050,nebylo třeba užít násilí,nehoda pouze s hmotnou škodou,z boku,proti příkazu dopravní značky STŮJ DEJ PŘEDNOST,povrch mokrý,neztížené,dobré,na jízdním pruhu,přednost vyznačena dopravními značkami,křižovatka průsečná - čtyřramenná,místní komunikace,zachycuje směr jízdy křižovatkou,srážka s vlakem,"nepřichází v úvahu, nejde o srážku s pev",živice,"dobrý, bez závad","ve dne, viditelnost nezhoršená vlivem po",dvoupruhová,místní úprava (vyplní se pol. 24),železniční přejezd nezabezpečený,"na křižovatce, uvnitř hranic křižovatky",ne,P6782,1157.68263514,Suchdol nad Odrou - Šenov u Nového Jičína,"4,614",Ne,O,,na kopci,49° 37' 19.89664'' N,17° 58' 45.11837'' E,49.62219,17.9792
18.071030302326974,49.708971569428719,70406100224,Studénka (Moravskoslezský kraj),2010-04-22 07:15:00,silnice 3.třídy,46427,řidičem motorového vozidla,s řidičským oprávněním skupiny c,řidič nebyl ovlivněn,ne,dobrý -žádné nepříznivé okolnosti nebyly zjištěny,0,0,0,1,MAN,žádná z uvedených,10,žádné z uvedených,nákladní automobil s návěsem,2007,registrované mimo území ČR,0,nebylo třeba užít násilí,nehoda pouze s hmotnou škodou,"nepřichází v úvahu, nejde o srážku jedou","bezohledná, agresivní, neohleduplná jízda","povrch suchý, neznečistěný",neztížené,dobré,na jízdním pruhu,žádná místní úprava,křižovatka průsečná - čtyřramenná,místní komunikace,zachycuje směr jízdy křižovatkou,srážka s pevnou překážkou,závory železničního přejezdu,živice,"dobrý, bez závad","ve dne, viditelnost nezhoršená vlivem po",dvoupruhová,světelným signalizačním zařízením,železniční přejezd zabezpečený,"na křižovatce, uvnitř hranic křižovatky",ne,P6501,73.7538756276,žst. Studénka,"245,044",Ano,III.,46427,Studénka ul. 2.května,49° 42' 29.90715'' N,18° 04' 15.44528'' E,49.70831,18.07096