X,Y,id,obec,datum,komunikace,komunika_1,zavineni,ridic_kate,ridic_ovli,vinik_alko,ridic_stav,obeti_usmr,obeti_lehc,obeti_tezc,vozidel_ce,vinik_vozi,vinik_vo_1,skoda,unik_hmot,vinik_vo_2,vinik_vo_3,vinik_vo_4,vinik_skod,vyprosteni,nehoda_cha,srazka_voz,hlavni_pri,povrch_sta,meteo,rozhled,nehoda_pol,prednost_v,smerove_po,druh_krizu,smer_jizdy,nehoda_dru,pevna_prek,povrch_dru,komunika_2,viditelnos,komunika_3,rizeni_pro,objekty,misto_neho,smyk,neighbors_TargetID,neighbors_Distance,neighbors_prejezdy-dec_Název definičního úseku,neighbors_prejezdy-dec_Žkm přejezdu,neighbors_prejezdy-dec_Přejezd s trolejovým vedením,neighbors_prejezdy-dec_Třída pozemní komunikace,neighbors_prejezdy-dec_Číslo pozemní komunikace,neighbors_prejezdy-dec_Místní název přejezdu,neighbors_prejezdy-dec_Zeměpisná šířka,neighbors_prejezdy-dec_Zeměpisná délka,neighbors_prejezdy-dec_field_10,neighbors_prejezdy-dec_field_11
17.856643050297055,49.920058198726359,70606100868,Slavkov (Moravskoslezský kraj),2010-12-15 09:08:00,silnice 2.třídy,461,řidičem motorového vozidla,s řidičským oprávněním skupiny c,řidič nebyl ovlivněn,ne,dobrý -žádné nepříznivé okolnosti nebyly zjištěny,0,0,0,2,MERCEDES,nedošlo k požáru,1500,"došlo k úniku pohonných hmot, oleje, chl","nákladní automobil (včetně multikáry, au",2004,"soukromá organizace (podnikatel, s.r.o.,",900,nebylo třeba užít násilí,nehoda pouze s hmotnou škodou,z boku,"nepř. rychlosti stavu vozovky (náledí, výtluky, bláto, mokrý povrch apod.)","souvislá sněhová vrstva, rozbředlý sníh",neztížené,dobré,na jízdním pruhu,přednost vyznačena dopravními značkami,křižovatka průsečná - čtyřramenná,místní komunikace,zachycuje směr jízdy křižovatkou,srážka s vlakem,"nepřichází v úvahu, nejde o srážku s pev",živice,"dobrý, bez závad","ve dne, viditelnost nezhoršená vlivem po",dvoupruhová,místní úprava (vyplní se pol. 24),železniční přejezd nezabezpečený,"na křižovatce, uvnitř hranic křižovatky",ano,P7822,5.49608696171,odb. Moravice - Dolní Životice,"5,645",Ne,II.,461,Ulice Otická Otice/Slavkov,49° 55' 12.04368'' N,17° 51' 23.97458'' E,49.92001,17.85666
18.313843765628164,49.786631024152499,70706100363,Ostrava (Moravskoslezský kraj),2010-02-16 09:30:00,komunikace místní,0,řidičem motorového vozidla,s řidičským oprávněním skupiny c,řidič nebyl ovlivněn,ne,dobrý -žádné nepříznivé okolnosti nebyly zjištěny,0,0,0,2,SCANIA,nedošlo k požáru,1000,žádné z uvedených,"nákladní automobil (včetně multikáry, au",2000,"soukromá organizace (podnikatel, s.r.o.,",900,použitím speciální vyprošťovací techniky,nehoda pouze s hmotnou škodou,boční,"nepř. rychlosti stavu vozovky (náledí, výtluky, bláto, mokrý povrch apod.)","na vozovce je náledí, ujetý sníh - nepos",neztížené,dobré,na jízdním pruhu,přednost vyznačena dopravními značkami,křižovatka průsečná - čtyřramenná,místní komunikace,vozidlo jedoucí - na komunikaci bez stan,srážka s vlakem,"nepřichází v úvahu, nejde o srážku s pev",živice,jiný (neuvedený) stav nebo závada komuni,"ve dne, viditelnost nezhoršená vlivem po",dvoupruhová,místní úprava (vyplní se pol. 24),železniční přejezd nezabezpečený,"na křižovatce,jedná-li se o křížení siln",ano,P7398,1421.14016166,Ostrava-Kunčice - Vratimov,"9,013",Ano,MK,,U trati,49° 46' 48.98716'' N,18° 17' 48.23872'' E,49.78027,18.29673
18.264734448884855,49.817802423693159,70706100743,Ostrava (Moravskoslezský kraj),2010-04-14 07:50:00,komunikace místní,0,řidičem motorového vozidla,s řidičským oprávněním skupiny b,řidič nebyl ovlivněn,ne,dobrý -žádné nepříznivé okolnosti nebyly zjištěny,0,0,0,2,ALFA-ROMEO,nedošlo k požáru,300,žádné z uvedených,osobní automobil bez přívěsu,1997,"soukromé, nevyužívané k výdělečné činnos",300,nebylo třeba užít násilí,nehoda pouze s hmotnou škodou,boční,nesprávné otáčení nebo couvání,povrch mokrý,neztížené,dobré,na jízdním pruhu,žádná místní úprava,křižovatka průsečná - čtyřramenná,místní komunikace,vozidlo jedoucí - na komunikaci bez stan,srážka s vlakem,"nepřichází v úvahu, nejde o srážku s pev",živice,"dobrý, bez závad","ve dne, viditelnost nezhoršená vlivem po",dvoupruhová,světelným signalizačním zařízením,železniční přejezd nezabezpečený,"na křižovatce,jedná-li se o křížení siln",ne,P7397,2563.22536477,,"0,027",ano,,,Škrobálkova,49° 48' 27.579''N,18° 17' 48.705''E,49.80766,18.29686
18.189525008334218,49.77817382655963,70706101268,Ostrava (Moravskoslezský kraj),2010-06-19 15:15:00,komunikace místní,0,jiné zavinění,ostatní řidiči vozidel,řidič nebyl ovlivněn,nezjišťováno,dobrý -žádné nepříznivé okolnosti nebyly zjištěny,0,0,0,1,žádná z uvedených,nedošlo k požáru,500,žádné z uvedených,"jiné motorové vozidlo (zemědělské, stave",,"soukromá organizace (podnikatel, s.r.o.,",0,nebylo třeba užít násilí,nehoda pouze s hmotnou škodou,"nepřichází v úvahu, nejde o srážku jedou",nezaviněná řidičem,"povrch suchý, neznečistěný",neztížené,dobré,na jízdním pruhu,žádná místní úprava,křižovatka průsečná - čtyřramenná,místní komunikace,vozidlo jedoucí - na komunikaci bez stan,srážka s pevnou překážkou,"jiná překážka (zábradlí,oplocení,násep,n",živice,"dobrý, bez závad","ve dne, viditelnost nezhoršená vlivem po",dvoupruhová,světelným signalizačním zařízením,železniční přejezd zabezpečený,"na křižovatce,jedná-li se o křížení siln",ne,P6508,6.38196192617,Jistebník - Polanka nad Odrou,"256,861",Ano,II.,478,Polanka ul. 1. května,49° 46' 41.49560'' N,18° 11' 21.97846'' E,49.77819,18.18944
18.189537411512934,49.77817113225472,70706101715,Ostrava (Moravskoslezský kraj),2010-08-28 15:20:00,komunikace sledovaná (ve vybraných městech),0,řidičem motorového vozidla,s řidičským oprávněním skupiny b,řidič nebyl ovlivněn,ne,dobrý -žádné nepříznivé okolnosti nebyly zjištěny,0,0,0,2,PEUGEOT,nedošlo k požáru,55,žádné z uvedených,osobní automobil bez přívěsu,1996,"soukromé, nevyužívané k výdělečné činnos",50,nebylo třeba užít násilí,nehoda pouze s hmotnou škodou,"nepřichází v úvahu, nejde o srážku jedou",jiné nedání přednosti,"povrch suchý, neznečistěný",neztížené,dobré,na jízdním pruhu,žádná místní úprava,křižovatka průsečná - čtyřramenná,neurčeno,jedoucí - ve směru staničení na komunika,srážka s pevnou překážkou,závory železničního přejezdu,živice,"dobrý, bez závad","ve dne, viditelnost nezhoršená vlivem po",dvoupruhová,světelným signalizačním zařízením,železniční přejezd zabezpečený,"na křižovatce,jedná-li se o křížení siln",ne,P6508,7.32364922646,Jistebník - Polanka nad Odrou,"256,861",Ano,II.,478,Polanka ul. 1. května,49° 46' 41.49560'' N,18° 11' 21.97846'' E,49.77819,18.18944
18.334361453017124,49.867241848478059,70706101740,Ostrava (Moravskoslezský kraj),2010-08-31 17:20:00,komunikace místní,0,řidičem motorového vozidla,s řidičským oprávněním skupiny b,řidič nebyl ovlivněn,ne,dobrý -žádné nepříznivé okolnosti nebyly zjištěny,0,0,0,2,TOYOTA,nedošlo k požáru,670,žádné z uvedených,osobní automobil bez přívěsu,2001,"soukromé, nevyužívané k výdělečné činnos",600,nebylo třeba užít násilí,nehoda pouze s hmotnou škodou,z boku,jiné nedání přednosti,povrch mokrý,déšť,dobré,žádné z uvedených,žádná místní úprava,křižovatka průsečná - čtyřramenná,neurčeno,vozidlo jedoucí - na komunikaci bez stan,srážka s vlakem,"nepřichází v úvahu, nejde o srážku s pev",štěrk,"dobrý, bez závad","ve dne, zhoršená viditelnost vlivem pově",dvoupruhová,světelným signalizačním zařízením,železniční přejezd nezabezpečený,"na křižovatce,jedná-li se o křížení siln",ne,P6510,2523.22821523,Bohumín-Vrbice - Bohumín,"273,988",Ano,C,,,49° 53' 23.10700'' N,18° 20' 19.43747'' E,49.88975,18.33873
18.257371452686446,49.811067755685144,70706101984,Ostrava (Moravskoslezský kraj),2010-09-30 07:14:00,komunikace místní,0,řidičem motorového vozidla,ostatní řidiči vozidel,řidič nebyl ovlivněn,ne,dobrý -žádné nepříznivé okolnosti nebyly zjištěny,0,0,0,1,žádná z uvedených,nedošlo k požáru,10,žádné z uvedených,tramvaj,,městská hromadná doprava,0,nebylo třeba užít násilí,nehoda pouze s hmotnou škodou,"nepřichází v úvahu, nejde o srážku jedou",jiný druh nesprávného způsobu jízdy,"povrch suchý, neznečistěný",neztížené,dobré,na kolejích tramvaje,žádná místní úprava,křižovatka průsečná - čtyřramenná,neurčeno,vozidlo jedoucí - na komunikaci bez stan,srážka s pevnou překážkou,závory železničního přejezdu,živice,"dobrý, bez závad","ve dne, viditelnost nezhoršená vlivem po",dvoupruhová,světelným signalizačním zařízením,železniční přejezd zabezpečený,"na křižovatce,jedná-li se o křížení siln",ne,P7397,2857.41915695,,"0,027",ano,,,Škrobálkova,49° 48' 27.579''N,18° 17' 48.705''E,49.80766,18.29686
18.194637320416099,49.856288393964959,70706102115,Ostrava (Moravskoslezský kraj),2010-10-19 00:28:00,komunikace místní,0,řidičem motorového vozidla,s řidičským oprávněním skupiny d,řidič nebyl ovlivněn,ano - obsah alkoholu v krvi 1‰ a více (2),pod vlivem alkoholu obsah alkoholu v krvi 1‰ a více,1,0,0,2,FIAT,nedošlo k požáru,3100,"došlo k úniku pohonných hmot, oleje, chl",osobní automobil bez přívěsu,1994,"soukromé, nevyužívané k výdělečné činnos",100,použitím speciální vyprošťovací techniky,nehoda s následky na životě nebo zdraví,z boku,jiné nedání přednosti,povrch mokrý,neztížené,dobré,na jízdním pruhu,žádná místní úprava,křižovatka průsečná - čtyřramenná,neurčeno,vozidlo jedoucí - na komunikaci bez stan,srážka s vlakem,"nepřichází v úvahu, nejde o srážku s pev",živice,"dobrý, bez závad","v noci - s veřejným osvětlením,viditelno",dvoupruhová,světelným signalizačním zařízením,železniční přejezd nezabezpečený,"na křižovatce,jedná-li se o křížení siln",ne,P7726,0.951834613783,Ostrava-Třebovice - Děhylov,"266,178",Ano,O,,Martinov k zahrádkám jednokolejn,49° 51' 22.60324'' N,18° 11' 40.71810'' E,49.85628,18.19464
17.444946473304068,49.423702313698556,70806090426,Přerov (Olomoucký kraj),2009-07-31 14:25:00,komunikace místní,0,řidičem motorového vozidla,s řidičským oprávněním skupiny b,řidič nebyl ovlivněn,ne,dobrý -žádné nepříznivé okolnosti nebyly zjištěny,0,0,0,2,VOLKSWAGEN,nedošlo k požáru,600,žádné z uvedených,osobní automobil bez přívěsu,1995,TAXI,100,nebylo třeba užít násilí,nehoda pouze s hmotnou škodou,boční,vozidlu přijíždějícímu zprava,"povrch suchý, neznečistěný",neztížené,dobré,na jízdním pruhu,přednost vyznačena dopravními značkami,křižovatka průsečná - čtyřramenná,místní komunikace,vozidlo jedoucí - na komunikaci bez stan,srážka s vlakem,"nepřichází v úvahu, nejde o srážku s pev",panely,"dobrý, bez závad","ve dne, viditelnost nezhoršená vlivem po",dvoupruhová,místní úprava (vyplní se pol. 24),železniční přejezd nezabezpečený,"na křižovatce,jedná-li se o křížení siln",ne,P7215,6.61808107988,Věžky - Přerov,"87,087",Ano,O,,,49° 25' 25.14047'' N,17° 26' 41.97653'' E,49.42365,17.44499
17.824615068772975,49.577807855432773,70806090495,Polom (Olomoucký kraj),2009-09-09 23:59:00,komunikace místní,0,řidičem motorového vozidla,nezjištěno,jiné ovlivnění,nezjišťováno,jiný nepříznivý stav,0,0,0,1,žádná z uvedených,žádná z uvedených,200,žádné z uvedených,"nezjištěno, řidič ujel",,žádná z uvedených,0,žádná z uvedených,nehoda pouze s hmotnou škodou,"nepřichází v úvahu, nejde o srážku jedou",řidič se plně nevěnoval řízení vozidla,"povrch suchý, neznečistěný",neztížené,dobré,na jízdním pruhu,žádná místní úprava,křižovatka průsečná - čtyřramenná,místní komunikace,žádná z uvedených,srážka s pevnou překážkou,závory železničního přejezdu,živice,"dobrý, bez závad","v noci - bez veřejného osvětlení,viditel",dvoupruhová,světelným signalizačním zařízením,železniční přejezd zabezpečený,"na křižovatce,jedná-li se o křížení siln",ne,P6494,22.0295383491,Hranice na Moravě - Polom,"219,498",Ano,C,,Polom Lučice,49° 34' 39.40141'' N,17° 49' 28.66783'' E,49.57761,17.82463
17.325799434650669,49.351542772179521,70806090572,Kojetín (Olomoucký kraj),2009-10-14 09:05:00,silnice 2.třídy,436,řidičem motorového vozidla,s řidičským oprávněním skupiny c,řidič nebyl ovlivněn,nezjišťováno,dobrý -žádné nepříznivé okolnosti nebyly zjištěny,0,0,0,2,AVIA,nedošlo k požáru,2910,žádné z uvedených,"nákladní automobil (včetně multikáry, au",2004,"soukromé, nevyužívané k výdělečné činnos",290,nebylo třeba užít násilí,nehoda pouze s hmotnou škodou,zezadu,nedodržení bezpečné vzdálenosti za vozidlem,"povrch suchý, neznečistěný",neztížené,dobré,na jízdním pruhu,žádná místní úprava,křižovatka průsečná - čtyřramenná,místní komunikace,zachycuje směr jízdy křižovatkou,srážka s jedoucím nekolejovým vozidlem,"nepřichází v úvahu, nejde o srážku s pev",živice,"dobrý, bez závad","ve dne, viditelnost nezhoršená vlivem po",dvoupruhová,světelným signalizačním zařízením,železniční přejezd nezabezpečený,uvnitř zóny 2 předmětné křižovatky,ne,P7204,30.482182388,Kojetín - Chropyně,"75,075",Ano,II.,436,,49° 21' 05.59391'' N,17° 19' 31.38215'' E,49.35155,17.32538
16.953615881635503,50.077457811296725,70906090596,Hanušovice (Olomoucký kraj),2009-10-31 13:50:00,silnice 2.třídy,369,řidičem motorového vozidla,s řidičským oprávněním skupiny b,řidič nebyl ovlivněn,ne,dobrý -žádné nepříznivé okolnosti nebyly zjištěny,0,0,0,1,SEAT,nedošlo k požáru,900,žádné z uvedených,osobní automobil bez přívěsu,2004,"soukromé, nevyužívané k výdělečné činnos",800,nebylo třeba užít násilí,nehoda pouze s hmotnou škodou,"nepřichází v úvahu, nejde o srážku jedou",vjetí na nezpevněnou krajnici,"povrch suchý, neznečistěný",neztížené,dobré,mimo komunikaci,žádná místní úprava,křižovatka průsečná - čtyřramenná,místní komunikace,zachycuje směr jízdy křižovatkou,srážka s pevnou překážkou,"sloup - telefonní, veř.osvětlení, el.ved",živice,"dobrý, bez závad","ve dne, viditelnost nezhoršená vlivem po",dvoupruhová,světelným signalizačním zařízením,železniční přejezd nezabezpečený,uvnitř zóny 2 předmětné křižovatky,ne,P4266,3.08743862198,Hanušovice - Jindřichov na Moravě,"2,411",Ne,II.,369,,50° 04' 38.93172'' N,16° 57' 12.92702'' E,50.07748,16.95359
16.84766439144283,50.088499110787296,70906090609,Malá Morava (Olomoucký kraj),2009-10-19 23:59:00,silnice 2.třídy,312,řidičem motorového vozidla,nezjištěno,jiné ovlivnění,nezjišťováno,jiný nepříznivý stav,0,0,0,1,žádná z uvedených,žádná z uvedených,50,žádné z uvedených,"nezjištěno, řidič ujel",,žádná z uvedených,0,žádná z uvedených,nehoda pouze s hmotnou škodou,"nepřichází v úvahu, nejde o srážku jedou",nezvládnutí řízení vozidla,povrch mokrý,neztížené,dobré,na krajnici,žádná místní úprava,křižovatka průsečná - čtyřramenná,místní komunikace,žádná z uvedených,srážka s pevnou překážkou,"sloup - telefonní, veř.osvětlení, el.ved",živice,"dobrý, bez závad","ve dne, viditelnost nezhoršená vlivem po",dvoupruhová,světelným signalizačním zařízením,železniční přejezd zabezpečený,"na křižovatce, uvnitř hranic křižovatky",ne,P4148,11.0790465639,Podlesí - Červený Potok,"77,904",Ne,II.,312,,50° 05' 18.22789'' N,16° 50' 51.63531'' E,50.0884,16.84768
16.921738341676015,49.928359112687602,70906090713,Bludov (Olomoucký kraj),2009-12-25 13:15:00,silnice 1.třídy,44,řidičem motorového vozidla,nezjištěno,jiné ovlivnění,nezjišťováno,jiný nepříznivý stav,0,0,0,1,žádná z uvedených,žádná z uvedených,50,žádné z uvedených,"nezjištěno, řidič ujel",,žádná z uvedených,0,žádná z uvedených,nehoda pouze s hmotnou škodou,"nepřichází v úvahu, nejde o srážku jedou",jiné nedání přednosti,povrch mokrý,neztížené,dobré,na jízdním pruhu,žádná místní úprava,křižovatka průsečná - čtyřramenná,místní komunikace,žádná z uvedených,srážka s pevnou překážkou,závory železničního přejezdu,živice,"dobrý, bez závad","ve dne, viditelnost nezhoršená vlivem po",dvoupruhová,světelným signalizačním zařízením,železniční přejezd zabezpečený,uvnitř zóny 1 předmětné křižovatky,ne,P4246,59.518178072,"Bludov-Chromeč - OP papírna, s.r.o. vlečka Olšany","50,66",Ne,I.,44,,49° 55' 43.91187'' N,16° 55' 19.32238'' E,49.92886,16.92203
16.899153919750532,49.578309014686447,71206090574,Konice (Olomoucký kraj),2009-11-21 19:45:00,silnice 3.třídy,37349,řidičem motorového vozidla,s řidičským oprávněním skupiny b,řidič nebyl ovlivněn,ne,dobrý -žádné nepříznivé okolnosti nebyly zjištěny,0,0,0,2,VOLKSWAGEN,nedošlo k požáru,350,žádné z uvedených,osobní automobil bez přívěsu,1997,"soukromé, nevyužívané k výdělečné činnos",150,nebylo třeba užít násilí,nehoda pouze s hmotnou škodou,z boku,jiné nedání přednosti,povrch mokrý,mlha,jiné špatné,na jízdním pruhu,žádná místní úprava,křižovatka průsečná - čtyřramenná,místní komunikace,zachycuje směr jízdy křižovatkou,srážka s vlakem,"nepřichází v úvahu, nejde o srážku s pev",živice,"dobrý, bez závad","v noci - bez veřejného osvětlení, vidite",dvoupruhová,světelným signalizačním zařízením,železniční přejezd nezabezpečený,uvnitř zóny 3 předmětné křižovatky,ne,P6577,13.494100235,Ptení - Konice,"23,642",Ne,III.,37349,,49° 34' 42.34380'' N,16° 53' 56.89087'' E,49.57843,16.89914
17.278101485602114,49.618353380723626,140506100159,Olomouc (Olomoucký kraj),2010-02-02 14:20:00,komunikace místní,0,řidičem motorového vozidla,s řidičským oprávněním skupiny b,řidič nebyl ovlivněn,ne,dobrý -žádné nepříznivé okolnosti nebyly zjištěny,1,1,1,2,RENAULT,žádná z uvedených,2200,žádné z uvedených,"nákladní automobil (včetně multikáry, au",2008,"soukromá organizace (podnikatel, s.r.o.,",2000,použitím páčidel apod.,nehoda s následky na životě nebo zdraví,z boku,proti příkazu dopravní značky STŮJ DEJ PŘEDNOST,"na vozovce je náledí, ujetý sníh - nepos",neztížené,dobré,na jízdním pruhu,přednost vyznačena dopravními značkami,přímý úsek,neurčeno,vozidlo jedoucí - na komunikaci bez stan,srážka s vlakem,"nepřichází v úvahu, nejde o srážku s pev",živice,"dobrý, bez závad","ve dne, viditelnost nezhoršená vlivem po",dvoupruhová,místní úprava (vyplní se pol. 24),železniční přejezd nezabezpečený,mimo křižovatku,ano,P4202,8.61238349673,Olomouc hl.n. - Bohuňovice,"104,324",Ne,O,,U vodárny,49° 37' 05.85923'' N,17° 16' 41.41761'' E,49.61829,17.27817
17.283040028562887,49.655335943033471,140506100186,Bohuňovice (Olomoucký kraj),2010-02-16 09:55:00,silnice 3.třídy,4469,řidičem motorového vozidla,s řidičským oprávněním skupiny b,řidič nebyl ovlivněn,ne,dobrý -žádné nepříznivé okolnosti nebyly zjištěny,1,0,1,2,ŠKODA,nedošlo k požáru,3300,"došlo k úniku pohonných hmot, oleje, chl",osobní automobil bez přívěsu,1999,"soukromé, nevyužívané k výdělečné činnos",1100,nebylo třeba užít násilí,nehoda s následky na životě nebo zdraví,boční,jízda na “červené světlo“,povrch mokrý,neztížené,dobré,na jízdním pruhu,žádná místní úprava,křižovatka průsečná - čtyřramenná,místní komunikace,zachycuje směr jízdy křižovatkou,srážka s vlakem,"nepřichází v úvahu, nejde o srážku s pev",živice,"dobrý, bez závad","ve dne, viditelnost nezhoršená vlivem po",dvoupruhová,světelným signalizačním zařízením,železniční přejezd zabezpečený,"na křižovatce, uvnitř hranic křižovatky",ne,P4203,4.38423781674,Olomouc hl.n. - Bohuňovice,"108,462",Ne,III.,4469,Trusovice,49° 39' 19.19972'' N,17° 16' 58.72935'' E,49.65533,17.28298
17.240879002780119,49.595166679602286,140506100201,Olomouc (Olomoucký kraj),2010-02-19 23:19:00,silnice 2.třídy,448,řidičem motorového vozidla,s řidičským oprávněním skupiny b,řidič nebyl ovlivněn,ne,dobrý -žádné nepříznivé okolnosti nebyly zjištěny,0,2,0,2,ŠKODA,nedošlo k požáru,1200,žádné z uvedených,osobní automobil bez přívěsu,2002,"soukromé, nevyužívané k výdělečné činnos",900,nebylo třeba užít násilí,nehoda s následky na životě nebo zdraví,z boku,jízda na “červené světlo“,povrch mokrý,"na počátku deště, slabý déšť",dobré,na jízdním pruhu,žádná místní úprava,křižovatka průsečná - čtyřramenná,místní komunikace,zachycuje směr jízdy křižovatkou,srážka s vlakem,"nepřichází v úvahu, nejde o srážku s pev",živice,"dobrý, bez závad","v noci - s veřejným osvětlením,viditelno",dvoupruhová,světelným signalizačním zařízením,železniční přejezd zabezpečený,"na křižovatce, uvnitř hranic křižovatky",ne,P7611,13.8594213178,žst. Olomouc město,"3,887",Ne,II.,448,Palackého,49° 35' 42.26663'' N,17° 14' 27.59187'' E,49.59507,17.241
17.237002719534843,49.60202386801339,140506100238,Olomouc (Olomoucký kraj),2010-03-03 08:48:00,silnice 2.třídy,635,řidičem motorového vozidla,s řidičským oprávněním skupiny c,řidič nebyl ovlivněn,ne,dobrý -žádné nepříznivé okolnosti nebyly zjištěny,0,0,0,2,CITROEN,nedošlo k požáru,1100,žádné z uvedených,"nákladní automobil (včetně multikáry, au",2000,"soukromá organizace (podnikatel, s.r.o.,",800,nebylo třeba užít násilí,nehoda pouze s hmotnou škodou,z boku,jízda na “červené světlo“,"povrch suchý, neznečistěný",neztížené,dobré,na jízdním pruhu,žádná místní úprava,křižovatka průsečná - čtyřramenná,místní komunikace,zachycuje směr jízdy křižovatkou,srážka s vlakem,"nepřichází v úvahu, nejde o srážku s pev",živice,"dobrý, bez závad","ve dne, viditelnost nezhoršená vlivem po",dvoupruhová,světelným signalizačním zařízením,železniční přejezd zabezpečený,"na křižovatce, uvnitř hranic křižovatky",ne,P7612,2.01778689096,Olomouc město - Olomouc-Řepčín,"4,74",Ne,II.,635,Tomkova,49° 36' 07.26710'' N,17° 14' 13.29757'' E,49.60202,17.23703
17.041455625166957,49.743519310412601,140506100317,Červenka (Olomoucký kraj),2010-03-19 23:36:00,silnice 3.třídy,4496,řidičem motorového vozidla,"nezjištěno, řidič místo nehody opustil",jiné ovlivnění,ne,jiný nepříznivý stav,0,0,0,2,BMW,řidič ujel - nezjištěn,3600,žádné z uvedených,osobní automobil bez přívěsu,1990,"soukromé, nevyužívané k výdělečné činnos",100,použitím speciální vyprošťovací techniky,nehoda pouze s hmotnou škodou,z boku,"nepř. rychlosti dopravně technickému stavu vozovky (zatáčka,klesání,stoupání,šířka apod.)","povrch suchý, neznečistěný",neztížené,"špatné vlivem trvalé vegetace (stromy,ke",na jízdním pruhu,žádná místní úprava,křižovatka průsečná - čtyřramenná,místní komunikace,zachycuje směr jízdy křižovatkou,srážka s vlakem,"nepřichází v úvahu, nejde o srážku s pev",živice,"dobrý, bez závad","v noci - bez veřejného osvětlení,viditel",dvoupruhová,světelným signalizačním zařízením,železniční přejezd zabezpečený,"na křižovatce, uvnitř hranic křižovatky",ne,P6520,8.16105032072,Moravičany - Červenka,"61,599",Ano,III.,4496,Benkov,49° 44' 36.51023'' N,17° 02' 28.90242'' E,49.74348,17.04136
17.322749266071312,49.598745613532515,140506100371,Bystrovany (Olomoucký kraj),2010-04-04 16:50:00,komunikace místní,0,řidičem motorového vozidla,s řidičským oprávněním skupiny b,řidič nebyl ovlivněn,nezjišťováno,dobrý -žádné nepříznivé okolnosti nebyly zjištěny,0,0,1,2,PEUGEOT,žádná z uvedených,4000,žádné z uvedených,osobní automobil bez přívěsu,2003,"soukromé, nevyužívané k výdělečné činnos",1000,použitím páčidel apod.,nehoda s následky na životě nebo zdraví,z boku,jiné nedání přednosti,"povrch suchý, neznečistěný",neztížené,dobré,na jízdním pruhu,žádná místní úprava,křižovatka průsečná - čtyřramenná,místní komunikace,vozidlo jedoucí - na komunikaci bez stan,srážka s vlakem,"nepřichází v úvahu, nejde o srážku s pev",živice,"dobrý, bez závad","ve dne, viditelnost nezhoršená vlivem po",dvoupruhová,světelným signalizačním zařízením,železniční přejezd nezabezpečený,"na křižovatce,jedná-li se o křížení siln",ne,P7522,2.81872555958,Olomouc hl.n.-Bělidla - Velká Bystřice,"4,563",Ne,C,,Bystrovany,49° 35' 55.44210'' N,17° 19' 21.99444'' E,49.59873,17.32278
17.403262413967884,49.625304812461316,140506100475,Hlubočky (Olomoucký kraj),2010-04-24 21:15:00,silnice 3.třídy,44317,řidičem motorového vozidla,s řidičským oprávněním skupiny c,řidič nebyl ovlivněn,ne,dobrý -žádné nepříznivé okolnosti nebyly zjištěny,0,0,0,1,RENAULT,řidič ujel - zjištěn,400,žádné z uvedených,osobní automobil bez přívěsu,1997,"soukromé, nevyužívané k výdělečné činnos",300,nebylo třeba užít násilí,nehoda pouze s hmotnou škodou,"nepřichází v úvahu, nejde o srážku jedou","nepř. rychlosti dopravně technickému stavu vozovky (zatáčka,klesání,stoupání,šířka apod.)","povrch suchý, neznečistěný",neztížené,špatné vlivem profilu komunikace (nepřeh,na jízdním pruhu,žádná místní úprava,zatáčka,neurčeno,jedoucí - proti směru staničení na komun,srážka s pevnou překážkou,"sloup - telefonní, veř.osvětlení, el.ved",živice,"dobrý, bez závad","v noci - s veřejným osvětlením,viditelno",dvoupruhová,žádný způsob řízení provozu,železniční přejezd zabezpečený,mimo křižovatku,ne,P7531,22.8254152177,Hlubočky-Mariánské Údolí - Hlubočky,"12,418",Ne,III.,44317,U zastávky Hlubočky,49° 37' 31.78442'' N,17° 24' 12.09064'' E,49.6255,17.40336
17.101090403223139,49.622009812292355,140506100485,Senice na Hané (Olomoucký kraj),2010-04-29 05:50:00,silnice 3.třídy,44815,řidičem motorového vozidla,s řidičským oprávněním skupiny b,řidič nebyl ovlivněn,ne,dobrý -žádné nepříznivé okolnosti nebyly zjištěny,0,0,0,2,PEUGEOT,nedošlo k požáru,1000,žádné z uvedených,osobní automobil bez přívěsu,2003,"soukromé, nevyužívané k výdělečné činnos",800,nebylo třeba užít násilí,nehoda pouze s hmotnou škodou,z boku,jiné nedání přednosti,"povrch suchý, neznečistěný",neztížené,dobré,na jízdním pruhu,žádná místní úprava,přímý úsek,neurčeno,jedoucí - ve směru staničení na komunika,srážka s vlakem,"nepřichází v úvahu, nejde o srážku s pev",živice,"dobrý, bez závad","ve dne, viditelnost nezhoršená vlivem po",dvoupruhová,světelným signalizačním zařízením,železniční přejezd nezabezpečený,mimo křižovatku,ne,P7633,32.3511935401,žst. Senice na Hané,"17,911",Ne,III.,44815,Na Vojnici,49° 37' 19.53644'' N,17° 06' 02.36266'' E,49.62209,17.10066