X,Y,id,obec,datum,komunikace,komunika_1,zavineni,ridic_kate,ridic_ovli,vinik_alko,ridic_stav,obeti_usmr,obeti_lehc,obeti_tezc,vozidel_ce,vinik_vozi,vinik_vo_1,skoda,unik_hmot,vinik_vo_2,vinik_vo_3,vinik_vo_4,vinik_skod,vyprosteni,nehoda_cha,srazka_voz,hlavni_pri,povrch_sta,meteo,rozhled,nehoda_pol,prednost_v,smerove_po,druh_krizu,smer_jizdy,nehoda_dru,pevna_prek,povrch_dru,komunika_2,viditelnos,komunika_3,rizeni_pro,objekty,misto_neho,smyk,neighbors_TargetID,neighbors_Distance,neighbors_prejezdy-dec_Název definičního úseku,neighbors_prejezdy-dec_Žkm přejezdu,neighbors_prejezdy-dec_Přejezd s trolejovým vedením,neighbors_prejezdy-dec_Třída pozemní komunikace,neighbors_prejezdy-dec_Číslo pozemní komunikace,neighbors_prejezdy-dec_Místní název přejezdu,neighbors_prejezdy-dec_Zeměpisná šířka,neighbors_prejezdy-dec_Zeměpisná délka,neighbors_prejezdy-dec_field_10,neighbors_prejezdy-dec_field_11
15.785793348592289,49.6997775219169,161606100317,Sobíňov (Kraj Vysočina),2010-11-19 10:00:00,silnice 2.třídy,345,řidičem motorového vozidla,nezjištěno,jiné ovlivnění,nezjišťováno,jiný nepříznivý stav,0,0,0,1,žádná z uvedených,žádná z uvedených,60,žádné z uvedených,"nezjištěno, řidič ujel",,žádná z uvedených,0,žádná z uvedených,nehoda pouze s hmotnou škodou,"nepřichází v úvahu, nejde o srážku jedou",jiný druh nesprávného způsobu jízdy,povrch mokrý,"na počátku deště, slabý déšť",dobré,na jízdním pruhu,žádná místní úprava,přímý úsek,neurčeno,žádná z uvedených,srážka s pevnou překážkou,závory železničního přejezdu,živice,"dobrý, bez závad","ve dne, viditelnost nezhoršená vlivem po",dvoupruhová,žádný způsob řízení provozu,železniční přejezd zabezpečený,mimo křižovatku,ne,P5279,4.31319989525,Chotěboř - Ždírec n/Doubravou,"25,452",Ne,II.,345,stát.silnice,49° 41' 59.11999'' N,15° 47' 08.65438'' E,49.69976,15.78574
15.009562176669361,49.328765867267556,161706100068,Černovice (Kraj Vysočina),2010-05-05 09:35:00,silnice 2.třídy,409,řidičem motorového vozidla,s řidičským oprávněním skupiny b,řidič nebyl ovlivněn,ne,dobrý -žádné nepříznivé okolnosti nebyly zjištěny,0,0,0,2,FIAT,žádná z uvedených,660,"došlo k úniku pohonných hmot, oleje, chl",osobní automobil bez přívěsu,1990,"soukromé, nevyužívané k výdělečné činnos",150,nebylo třeba užít násilí,nehoda pouze s hmotnou škodou,z boku,nezvládnutí řízení vozidla,"povrch suchý, neznečistěný",neztížené,dobré,na jízdním pruhu,žádná místní úprava,přímý úsek,neurčeno,jedoucí - proti směru staničení na komun,srážka s vlakem,"nepřichází v úvahu, nejde o srážku s pev",živice,"dobrý, bez závad","ve dne, viditelnost nezhoršená vlivem po",dvoupruhová,žádný způsob řízení provozu,železniční přejezd nezabezpečený,mimo křižovatku,ne,P6381,11819.0414241,žst. Obrataň,"45,193",Ne,III.,1292,žst.Obrataň,49° 25' 44.89063'' N,14° 57' 21.80976'' E,49.42914,14.95606
15.027839583895911,50.966832204453752,180506101094,Višňová (Liberecký kraj),2010-09-20 07:10:00,silnice 3.třídy,356,řidičem motorového vozidla,s řidičským oprávněním skupiny b,řidič nebyl ovlivněn,ne,dobrý -žádné nepříznivé okolnosti nebyly zjištěny,0,1,0,2,TOYOTA,nedošlo k požáru,1250,žádné z uvedených,osobní automobil bez přívěsu,2001,"soukromé, nevyužívané k výdělečné činnos",900,nebylo třeba užít násilí,nehoda s následky na životě nebo zdraví,z boku,jiné nedání přednosti,"povrch suchý, neznečistěný",neztížené,dobré,na jízdním pruhu,žádná místní úprava,přímý úsek,neurčeno,jedoucí - ve směru staničení na komunika,srážka s vlakem,"nepřichází v úvahu, nejde o srážku s pev",živice,"dobrý, bez závad","ve dne, viditelnost nezhoršená vlivem po",dvoupruhová,světelným signalizačním zařízením,železniční přejezd zabezpečený,mimo křižovatku,ne,P2851,2.82640520461,Frýdlant v Čechách - Višňová,"194,565",Ne,III.,356,u Jelínka,50° 58' 00.51256'' N,15° 01' 40.16144'' E,50.96681,15.02782
14.94899216709751,49.399638030924777,161706100154,Obrataň (Kraj Vysočina),2010-08-08 11:20:00,silnice 3.třídy,4095,řidičem motorového vozidla,s řidičským oprávněním skupiny c,řidič nebyl ovlivněn,ne,dobrý -žádné nepříznivé okolnosti nebyly zjištěny,0,0,0,2,VOLKSWAGEN,nedošlo k požáru,1400,"došlo k úniku pohonných hmot, oleje, chl",nákladní automobil s přívěsem,1995,"soukromé, nevyužívané k výdělečné činnos",600,nebylo třeba užít násilí,nehoda pouze s hmotnou škodou,z boku,jiné nedání přednosti,"povrch suchý, neznečistěný",neztížené,"špatné vlivem trvalé vegetace (stromy,ke",mimo komunikaci,přednost nevyznačena - vyplývá z pravide,přímý úsek po projetí zatáčkou (do vzdál,neurčeno,jedoucí - proti směru staničení na komun,srážka s vlakem,"nepřichází v úvahu, nejde o srážku s pev",živice,"dobrý, bez závad","ve dne, viditelnost nezhoršená vlivem po",dvoupruhová,místní úprava (vyplní se pol. 24),železniční přejezd nezabezpečený,mimo křižovatku,ne,P6382,3309.84281786,Obrataň - Chýnov,"47,208",Ne,I.,19,býv.str.stan.č.47,49° 25' 36.26036'' N,14° 55' 48.48952'' E,49.42674,14.93014
15.22340933982273,49.422685604125206,161706100261,Pelhřimov (Kraj Vysočina),2010-11-23 12:35:00,komunikace místní,0,řidičem motorového vozidla,s řidičským oprávněním skupiny c,řidič nebyl ovlivněn,ne,dobrý -žádné nepříznivé okolnosti nebyly zjištěny,0,0,0,1,DAF,nedošlo k požáru,5,žádné z uvedených,nákladní automobil s návěsem,2008,"soukromá organizace (podnikatel, s.r.o.,",0,nebylo třeba užít násilí,nehoda pouze s hmotnou škodou,"nepřichází v úvahu, nejde o srážku jedou",vyhýbání bez dostatečné boční vůle,"povrch suchý, neznečistěný",neztížené,dobré,na jízdním pruhu,žádná místní úprava,přímý úsek,neurčeno,vozidlo jedoucí - na komunikaci bez stan,srážka s pevnou překážkou,závory železničního přejezdu,živice,"dobrý, bez závad","ve dne, viditelnost nezhoršená vlivem po",dvoupruhová,žádný způsob řízení provozu,železniční přejezd zabezpečený,mimo křižovatku,ne,P6353,5.77696315988,Pelhřimov - Nová Cerekev,"18,441",Ne,C,,k Agrostroji,49° 25' 21.67517'' N,15° 13' 23.98232'' E,49.42269,15.22333
15.972505782630362,49.789202256814768,170306100033,Vojtěchov (Pardubický kraj),2010-01-23 09:45:00,silnice 3.třídy,3061,řidičem motorového vozidla,s řidičským oprávněním skupiny c,řidič nebyl ovlivněn,ne,dobrý -žádné nepříznivé okolnosti nebyly zjištěny,0,0,0,2,ŠKODA,nedošlo k požáru,110,"došlo k úniku pohonných hmot, oleje, chl",osobní automobil bez přívěsu,1994,"soukromé, nevyužívané k výdělečné činnos",100,nebylo třeba užít násilí,nehoda pouze s hmotnou škodou,z boku,jiné nedání přednosti,"na vozovce je náledí, ujetý sníh - posyp",neztížené,dobré,na jízdním pruhu,žádná místní úprava,přímý úsek,neurčeno,jedoucí - ve směru staničení na komunika,srážka s vlakem,"nepřichází v úvahu, nejde o srážku s pev",živice,"dobrý, bez závad","ve dne, viditelnost nezhoršená vlivem po",dvoupruhová,žádný způsob řízení provozu,železniční přejezd nezabezpečený,mimo křižovatku,ano,P5303,7.04450844709,Hlinsko v Čechách - Žďárec u Skutče,"46,677",Ne,III.,3061,silnice III.třídy,49° 47' 21.00497'' N,15° 58' 21.33073'' E,49.78917,15.97259
15.916968949418989,49.890137809957963,170306100042,Horka (Pardubický kraj),2010-01-26 11:45:00,silnice 3.třídy,35821,řidičem motorového vozidla,s řidičským oprávněním skupiny b,řidič nebyl ovlivněn,ne,dobrý -žádné nepříznivé okolnosti nebyly zjištěny,0,1,0,2,ŠKODA,žádná z uvedených,2300,"došlo k úniku pohonných hmot, oleje, chl",osobní automobil bez přívěsu,1997,"soukromé, nevyužívané k výdělečné činnos",300,nebylo třeba užít násilí,nehoda s následky na životě nebo zdraví,čelní,jiné nedání přednosti,"na vozovce je náledí, ujetý sníh - nepos",neztížené,dobré,na jízdním pruhu,žádná místní úprava,přímý úsek,neurčeno,jedoucí - ve směru staničení na komunika,srážka s vlakem,"nepřichází v úvahu, nejde o srážku s pev",živice,"dobrý, bez závad","ve dne, viditelnost nezhoršená vlivem po",dvoupruhová,světelným signalizačním zařízením,železniční přejezd nezabezpečený,mimo křižovatku,ne,P5328,1.98066997963,KAMENOLOM Zárubka - Chrast u Chrudimi,"66,967",Ne,III.,35821,Horka,49° 53' 24.44788'' N,15° 55' 01.08489'' E,49.89012,15.91697
15.895493705002057,49.76282042418179,170306100250,Hlinsko (Pardubický kraj),2010-06-13 06:00:00,silnice 2.třídy,343,řidičem motorového vozidla,s řidičským oprávněním skupiny c,řidič nebyl ovlivněn,ne,dobrý -žádné nepříznivé okolnosti nebyly zjištěny,0,0,0,1,MAN,nedošlo k požáru,55,žádné z uvedených,nákladní automobil s přívěsem,2003,"soukromá organizace (podnikatel, s.r.o.,",5,nebylo třeba užít násilí,nehoda pouze s hmotnou škodou,"nepřichází v úvahu, nejde o srážku jedou",řidič se plně nevěnoval řízení vozidla,"povrch suchý, neznečistěný",neztížené,dobré,na jízdním pruhu,žádná místní úprava,přímý úsek,neurčeno,jedoucí - proti směru staničení na komun,srážka s pevnou překážkou,závory železničního přejezdu,živice,"dobrý, bez závad","ve dne, viditelnost nezhoršená vlivem po",dvoupruhová,žádný způsob řízení provozu,železniční přejezd zabezpečený,mimo křižovatku,ne,P5295,1.09947902958,Ždírec n/Doubravou - Hlinsko v Čechách,"38,803",Ne,II.,343,sil.II.tř._směr Trh.Kamenice,49° 45' 46.19528'' N,15° 53' 43.77179'' E,49.76283,15.89549
16.01804495998682,49.824967882645772,170306100259,Předhradí (Pardubický kraj),2010-06-18 06:30:00,silnice 3.třídy,35524,řidičem motorového vozidla,s řidičským oprávněním skupiny b,řidič nebyl ovlivněn,ne,dobrý -žádné nepříznivé okolnosti nebyly zjištěny,0,0,0,2,FORD,nedošlo k požáru,950,žádné z uvedených,osobní automobil bez přívěsu,2005,"soukromé, nevyužívané k výdělečné činnos",350,nebylo třeba užít násilí,nehoda pouze s hmotnou škodou,z boku,proti příkazu dopravní značky STŮJ DEJ PŘEDNOST,povrch mokrý,"na počátku deště, slabý déšť",dobré,na jízdním pruhu,přednost vyznačena dopravními značkami,přímý úsek,neurčeno,jedoucí - ve směru staničení na komunika,srážka s vlakem,"nepřichází v úvahu, nejde o srážku s pev",živice,"dobrý, bez závad","ve dne, viditelnost nezhoršená vlivem po",dvoupruhová,místní úprava (vyplní se pol. 24),železniční přejezd zabezpečený,mimo křižovatku,ne,P6927,0.945249074083,Čachnov - Skuteč,"46,836",Ne,III.,35524,zast.Předhradí,49° 49' 29.85394'' N,16° 01' 04.93117'' E,49.82496,16.01804
16.062519188008547,49.752926947930945,170306100459,Krouna (Pardubický kraj),2010-10-10 06:00:00,silnice 3.třídy,3545,řidičem motorového vozidla,s řidičským oprávněním skupiny b,řidič nebyl ovlivněn,ne,dobrý -žádné nepříznivé okolnosti nebyly zjištěny,0,0,0,2,ŠKODA,nedošlo k požáru,350,žádné z uvedených,osobní automobil bez přívěsu,1999,"soukromé, nevyužívané k výdělečné činnos",150,nebylo třeba užít násilí,nehoda pouze s hmotnou škodou,z boku,jiné nedání přednosti,"povrch suchý, neznečistěný",neztížené,dobré,na jízdním pruhu,žádná místní úprava,přímý úsek,neurčeno,jedoucí - ve směru staničení na komunika,srážka s vlakem,"nepřichází v úvahu, nejde o srážku s pev",živice,"dobrý, bez závad","v noci - bez veřejného osvětlení,viditel",dvoupruhová,žádný způsob řízení provozu,železniční přejezd nezabezpečený,mimo křižovatku,ne,P6910,8.83950583669,Borová u Poličky - Čachnov,"36,707",Ne,III.,3545,vedle žst.Čachnov,49° 45' 10.26161'' N,16° 03' 45.18134'' E,49.75285,16.06255
15.568742155966525,49.87427898013501,170306100504,Třemošnice (Pardubický kraj),2010-10-31 18:09:00,komunikace místní,0,řidičem motorového vozidla,s řidičským oprávněním skupiny b,řidič nebyl ovlivněn,ne,dobrý -žádné nepříznivé okolnosti nebyly zjištěny,1,1,0,2,SEAT,nedošlo k požáru,1400,žádné z uvedených,osobní automobil bez přívěsu,2000,"soukromé, nevyužívané k výdělečné činnos",900,použitím páčidel apod.,nehoda s následky na životě nebo zdraví,z boku,proti příkazu dopravní značky STŮJ DEJ PŘEDNOST,"povrch suchý, neznečistěný",neztížené,dobré,na jízdním pruhu,přednost vyznačena dopravními značkami,přímý úsek,neurčeno,vozidlo jedoucí - na komunikaci bez stan,srážka s vlakem,"nepřichází v úvahu, nejde o srážku s pev",živice,"dobrý, bez závad","v noci - bez veřejného osvětlení,viditel",dvoupruhová,místní úprava (vyplní se pol. 24),železniční přejezd nezabezpečený,mimo křižovatku,ne,P3762,5.98911134602,Ronov nad Doubravou - Třemošnice,"16,382",Ne,C,,,49° 52' 27.38104'' N,15° 34' 07.19101'' E,49.87427,15.56866
15.992837625078712,49.837184893906745,170306100508,Skuteč (Pardubický kraj),2010-11-11 14:42:00,komunikace místní,0,řidičem motorového vozidla,bez příslušného řidičského oprávnění,řidič nebyl ovlivněn,ne,dobrý -žádné nepříznivé okolnosti nebyly zjištěny,0,1,0,2,CITROEN,nedošlo k požáru,2850,žádné z uvedených,"nákladní automobil (včetně multikáry, au",2009,"soukromé, nevyužívané k výdělečné činnos",1500,nebylo třeba užít násilí,nehoda s následky na životě nebo zdraví,boční,proti příkazu dopravní značky STŮJ DEJ PŘEDNOST,"povrch suchý, neznečistěný",neztížené,dobré,na jízdním pruhu,přednost vyznačena dopravními značkami,přímý úsek,neurčeno,vozidlo jedoucí - na komunikaci bez stan,srážka s vlakem,"nepřichází v úvahu, nejde o srážku s pev",živice,"dobrý, bez závad","ve dne, viditelnost nezhoršená vlivem po",dvoupruhová,místní úprava (vyplní se pol. 24),železniční přejezd nezabezpečený,mimo křižovatku,ne,P6931,4.54729861759,Skuteč - Ždárec u Skutče,"49,694",Ne,C,,"u žst.Skuteč, do průmysl.zóny",49° 50' 13.97829'' N,15° 59' 34.33621'' E,49.83722,15.99287
15.568622111303057,49.874275180077817,170306100572,Třemošnice (Pardubický kraj),2010-11-29 16:15:00,komunikace místní,0,řidičem motorového vozidla,s řidičským oprávněním skupiny d,řidič nebyl ovlivněn,ne,dobrý -žádné nepříznivé okolnosti nebyly zjištěny,0,0,0,2,IVECO,nedošlo k požáru,7000,žádné z uvedených,"nákladní automobil (včetně multikáry, au",2010,"soukromé, využívané k výdělečné činnosti",3000,nebylo třeba užít násilí,nehoda pouze s hmotnou škodou,boční,"nepř. rychlosti stavu vozovky (náledí, výtluky, bláto, mokrý povrch apod.)","souvislá sněhová vrstva, rozbředlý sníh",sněžení,dobré,na jízdním pruhu,žádná místní úprava,přímý úsek,neurčeno,vozidlo jedoucí - na komunikaci bez stan,srážka s vlakem,"nepřichází v úvahu, nejde o srážku s pev",živice,"dobrý, bez závad","v noci - s veřejným osvětlením, zhoršená",dvoupruhová,žádný způsob řízení provozu,železniční přejezd nezabezpečený,mimo křižovatku,ano,P3762,2.78281742102,Ronov nad Doubravou - Třemošnice,"16,382",Ne,C,,,49° 52' 27.38104'' N,15° 34' 07.19101'' E,49.87427,15.56866
16.042196997641632,49.770527882738044,170306100615,Krouna (Pardubický kraj),2010-12-17 23:59:00,silnice 1.třídy,34,řidičem motorového vozidla,nezjištěno,jiné ovlivnění,nezjišťováno,jiný nepříznivý stav,0,0,0,1,žádná z uvedených,žádná z uvedených,400,žádné z uvedených,"nezjištěno, řidič ujel",,žádná z uvedených,0,žádná z uvedených,nehoda pouze s hmotnou škodou,"nepřichází v úvahu, nejde o srážku jedou",nezvládnutí řízení vozidla,povrch mokrý,sněžení,dobré,žádné z uvedených,žádná místní úprava,přímý úsek,neurčeno,žádná z uvedených,srážka s pevnou překážkou,"sloup - telefonní, veř.osvětlení, el.ved",živice,"dobrý, bez závad","ve dne, viditelnost nezhoršená vlivem po",dvoupruhová,světelným signalizačním zařízením,železniční přejezd nezabezpečený,mimo křižovatku,ne,P6913,11.5410066373,Čachnov - Skuteč,"39,521",Ne,I.,,"Krouna, silnice I/34",49° 46' 13.69740'' N,16° 02' 32.39551'' E,49.77047,16.04233
15.960867687562491,50.008190094071097,170606100294,Moravany (Pardubický kraj),2010-03-15 06:26:00,silnice 3.třídy,32259,řidičem motorového vozidla,s řidičským oprávněním skupiny c,řidič nebyl ovlivněn,ne,dobrý -žádné nepříznivé okolnosti nebyly zjištěny,0,0,0,2,VOLKSWAGEN,nedošlo k požáru,1800,žádné z uvedených,osobní automobil bez přívěsu,2006,"soukromé, nevyužívané k výdělečné činnos",800,nebylo třeba užít násilí,nehoda pouze s hmotnou škodou,z boku,"nepř. rychlosti stavu vozovky (náledí, výtluky, bláto, mokrý povrch apod.)","na vozovce je náledí, ujetý sníh - nepos",neztížené,dobré,na jízdním pruhu,žádná místní úprava,přímý úsek,neurčeno,jedoucí - proti směru staničení na komun,srážka s vlakem,"nepřichází v úvahu, nejde o srážku s pev",živice,"dobrý, bez závad","ve dne, viditelnost nezhoršená vlivem po",dvoupruhová,žádný způsob řízení provozu,železniční přejezd nezabezpečený,mimo křižovatku,ano,P5054,6.0322353781,Moravany - Holice,"31,172",Ne,III.,32259,zast.Platěnice,50° 00' 29.29961'' N,15° 57' 39.25320'' E,50.00814,15.9609
15.741235009098633,50.050365489864895,170606101005,Pardubice (Pardubický kraj),2010-09-21 15:00:00,komunikace místní,0,řidičem motorového vozidla,s řidičským oprávněním skupiny d,řidič nebyl ovlivněn,ne,dobrý -žádné nepříznivé okolnosti nebyly zjištěny,0,0,0,1,MAN,nedošlo k požáru,200,žádné z uvedených,nákladní automobil s návěsem,2008,"soukromá organizace (podnikatel, s.r.o.,",0,nebylo třeba užít násilí,nehoda pouze s hmotnou škodou,"nepřichází v úvahu, nejde o srážku jedou",řidič se plně nevěnoval řízení vozidla,"povrch suchý, neznečistěný",neztížené,dobré,na jízdním pruhu,žádná místní úprava,zatáčka,neurčeno,vozidlo jedoucí - na komunikaci bez stan,srážka s pevnou překážkou,závory železničního přejezdu,živice,"dobrý, bez závad","ve dne, viditelnost nezhoršená vlivem po",dvoupruhová,světelným signalizačním zařízením,železniční přejezd zabezpečený,mimo křižovatku,ne,P5351,4.96409454442,žst. Pardubice-Rosice n.L.,"3,301",Ano,C,,žst.Rosice nad Labem u St. 2,50° 03' 01.25357'' N,15° 44' 28.22606'' E,50.05035,15.74117
16.507787223984757,49.655791936488761,170906100046,Březová nad Svitavou (Pardubický kraj),2010-02-02 11:20:00,komunikace místní,0,řidičem motorového vozidla,s řidičským oprávněním skupiny b,řidič nebyl ovlivněn,ne,dobrý -žádné nepříznivé okolnosti nebyly zjištěny,0,0,0,2,RENAULT,žádná z uvedených,4100,žádné z uvedených,osobní automobil bez přívěsu,2001,"soukromé, nevyužívané k výdělečné činnos",1500,nebylo třeba užít násilí,nehoda pouze s hmotnou škodou,čelní,jiný druh nesprávného způsobu jízdy,"na vozovce je náledí, ujetý sníh - nepos",neztížené,dobré,na jízdním pruhu,žádná místní úprava,přímý úsek po projetí zatáčkou (do vzdál,neurčeno,vozidlo jedoucí - na komunikaci bez stan,srážka s vlakem,"nepřichází v úvahu, nejde o srážku s pev",živice,"dobrý, bez závad","ve dne, viditelnost nezhoršená vlivem po",dvoupruhová,žádný způsob řízení provozu,železniční přejezd zabezpečený,mimo křižovatku,ne,P6826,13.6587727468,"Březová nad Svitavou - km 228,109","216,067",Ano,O,,u žel.zast.Dlouhá Březová,49° 39' 20.39798'' N,16° 30' 28.10144'' E,49.65567,16.50781
16.479098216105243,49.756693381205054,170906100113,Svitavy (Pardubický kraj),2010-04-04 07:31:00,komunikace místní,0,jiné zavinění,s řidičským oprávněním skupiny b,řidič nebyl ovlivněn,nezjišťováno,dobrý -žádné nepříznivé okolnosti nebyly zjištěny,0,0,0,1,FORD,nedošlo k požáru,30,žádné z uvedených,"nákladní automobil (včetně multikáry, au",2006,"soukromá organizace (podnikatel, s.r.o.,",30,nebylo třeba užít násilí,nehoda pouze s hmotnou škodou,"nepřichází v úvahu, nejde o srážku jedou",nezaviněná řidičem,"povrch suchý, neznečistěný",neztížené,dobré,na jízdním pruhu,žádná místní úprava,přímý úsek,neurčeno,vozidlo jedoucí - na komunikaci bez stan,srážka s pevnou překážkou,závory železničního přejezdu,živice,"dobrý, bez závad","ve dne, viditelnost nezhoršená vlivem po",dvoupruhová,žádný způsob řízení provozu,železniční přejezd zabezpečený,mimo křižovatku,ne,P6829,0.94598063018,žst. Svitavy,"229,11",Ano,C,,"žst.Svitavy, ul.Olomoucká",49° 45' 24.10853'' N,16° 28' 44.73192'' E,49.7567,16.47909
16.483276765726131,49.735728492796405,170906100236,Svitavy (Pardubický kraj),2010-06-24 17:30:00,silnice 3.třídy,436,řidičem motorového vozidla,nezjištěno,jiné ovlivnění,nezjišťováno,jiný nepříznivý stav,0,0,0,1,žádná z uvedených,žádná z uvedených,100,žádné z uvedených,"nezjištěno, řidič ujel",,žádná z uvedených,0,žádná z uvedených,nehoda pouze s hmotnou škodou,"nepřichází v úvahu, nejde o srážku jedou",řidič se plně nevěnoval řízení vozidla,"povrch suchý, neznečistěný",neztížené,dobré,na jízdním pruhu,žádná místní úprava,přímý úsek,neurčeno,žádná z uvedených,srážka s pevnou překážkou,závory železničního přejezdu,živice,"dobrý, bez závad","ve dne, viditelnost nezhoršená vlivem po",dvoupruhová,světelným signalizačním zařízením,železniční přejezd zabezpečený,mimo křižovatku,ne,P6828,4.19934721577,"Březová nad Svitavou - km 228,109","226,755",Ano,III.,436,"u žel.zast.Svitavy-Lány; na Mo",49° 44' 08.57588'' N,16° 28' 59.59153'' E,49.73572,16.48322
16.49022543219402,49.809019348726331,170906100319,Opatovec (Pardubický kraj),2010-08-11 05:10:00,silnice 3.třídy,439,řidičem motorového vozidla,nezjištěno,jiné ovlivnění,nezjišťováno,jiný nepříznivý stav,0,0,0,1,žádná z uvedených,žádná z uvedených,80,žádné z uvedených,"nezjištěno, řidič ujel",,žádná z uvedených,0,žádná z uvedených,nehoda pouze s hmotnou škodou,"nepřichází v úvahu, nejde o srážku jedou",řidič se plně nevěnoval řízení vozidla,"povrch suchý, neznečistěný",neztížené,dobré,na jízdním pruhu,žádná místní úprava,přímý úsek,neurčeno,žádná z uvedených,srážka s pevnou překážkou,závory železničního přejezdu,živice,"dobrý, bez závad","ve dne, viditelnost nezhoršená vlivem po",dvoupruhová,žádný způsob řízení provozu,železniční přejezd zabezpečený,mimo křižovatku,ne,P6834,18.3605024941,Svitavy - Opatov,"234,997",Ano,III.,439,u žst.Opatov,49° 48' 32.50163'' N,16° 29' 25.71985'' E,49.80903,16.49048
16.292586423264662,49.880374002323492,170906100487,Litomyšl (Pardubický kraj),2010-11-30 16:30:00,komunikace místní,0,řidičem motorového vozidla,s řidičským oprávněním skupiny c,řidič nebyl ovlivněn,ne,dobrý -žádné nepříznivé okolnosti nebyly zjištěny,0,0,0,2,ŠKODA,nedošlo k požáru,400,žádné z uvedených,osobní automobil bez přívěsu,2009,"soukromá organizace (podnikatel, s.r.o.,",300,nebylo třeba užít násilí,nehoda pouze s hmotnou škodou,z boku,jiné nedání přednosti,"na vozovce je náledí, ujetý sníh - nepos",neztížené,dobré,na jízdním pruhu,přednost nevyznačena - vyplývá z pravide,přímý úsek,neurčeno,vozidlo jedoucí - na komunikaci bez stan,srážka s vlakem,"nepřichází v úvahu, nejde o srážku s pev",živice,jiný (neuvedený) stav nebo závada komuni,"v noci - s veřejným osvětlením,viditelno",dvoupruhová,žádný způsob řízení provozu,železniční přejezd nezabezpečený,mimo křižovatku,ne,P5189,5.39571575139,Cerekvice n/Loučnou - Litomyšl,"22,658",Ne,B,,Saint Gobain Vertex Litomyšl,49° 52' 49.23595'' N,16° 17' 33.50198'' E,49.88034,16.29264
16.171257102841139,50.034929010303159,171106100047,Újezd u Chocně (Pardubický kraj),2010-01-28 08:33:00,silnice 3.třídy,30510,řidičem motorového vozidla,s řidičským oprávněním skupiny b,řidič nebyl ovlivněn,ne,dobrý -žádné nepříznivé okolnosti nebyly zjištěny,1,0,0,2,NISSAN,nedošlo k požáru,3000,žádné z uvedených,osobní automobil bez přívěsu,2007,"soukromé, nevyužívané k výdělečné činnos",1500,použitím páčidel apod.,nehoda s následky na životě nebo zdraví,z boku,proti příkazu dopravní značky STŮJ DEJ PŘEDNOST,"na vozovce je náledí, ujetý sníh - posyp",sněžení,dobré,na jízdním pruhu,přednost vyznačena dopravními značkami,přímý úsek,neurčeno,jedoucí - proti směru staničení na komun,srážka s vlakem,"nepřichází v úvahu, nejde o srážku s pev",živice,"dobrý, bez závad","ve dne, viditelnost nezhoršená vlivem po",dvoupruhová,místní úprava (vyplní se pol. 24),železniční přejezd zabezpečený,mimo křižovatku,ne,P4867,7.27060399705,Újezd u Chocně - Čermná n/Orlicí,"6,765",Ano,III.,30510,,50° 02' 05.66583'' N,16° 10' 16.17295'' E,50.03491,16.17116
16.143744012564653,49.962751415628354,171106100077,Vysoké Mýto (Pardubický kraj),2010-02-16 14:40:00,silnice 1.třídy,35,řidičem motorového vozidla,s řidičským oprávněním skupiny c,řidič nebyl ovlivněn,ne,dobrý -žádné nepříznivé okolnosti nebyly zjištěny,0,0,0,1,DAF,řidič ujel - zjištěn,100,žádné z uvedených,nákladní automobil s návěsem,2000,"soukromá organizace (podnikatel, s.r.o.,",0,nebylo třeba užít násilí,nehoda pouze s hmotnou škodou,"nepřichází v úvahu, nejde o srážku jedou",řidič se plně nevěnoval řízení vozidla,"povrch suchý, neznečistěný",neztížené,dobré,na jízdním pruhu,žádná místní úprava,přímý úsek,neurčeno,jedoucí - ve směru staničení na komunika,srážka s pevnou překážkou,závory železničního přejezdu,živice,"dobrý, bez závad","ve dne, viditelnost nezhoršená vlivem po",dvoupruhová,světelným signalizačním zařízením,železniční přejezd zabezpečený,mimo křižovatku,ne,P5161,1.38780976339,"ZZN, TEMA Vysoké Mýto - Vysoké Mýto","6,897",Ne,I.,,"u jatek TORO V.Mýto,ul.Hradecká",49° 57' 45.92767'' N,16° 08' 37.41871'' E,49.96276,16.14373
16.455140729094346,50.072717182191916,171106100141,Žamberk (Pardubický kraj),2010-03-22 08:00:00,silnice 3.třídy,31014,řidičem motorového vozidla,s řidičským oprávněním skupiny c,řidič nebyl ovlivněn,ne,dobrý -žádné nepříznivé okolnosti nebyly zjištěny,0,0,0,1,IVECO,nedošlo k požáru,20,žádné z uvedených,"nákladní automobil (včetně multikáry, au",2005,"soukromá organizace (podnikatel, s.r.o.,",10,nebylo třeba užít násilí,nehoda pouze s hmotnou škodou,"nepřichází v úvahu, nejde o srážku jedou",jiný druh nesprávného způsobu jízdy,"povrch suchý, neznečistěný",neztížené,dobré,na jízdním pruhu,žádná místní úprava,přímý úsek,neurčeno,jedoucí - proti směru staničení na komun,srážka s pevnou překážkou,závory železničního přejezdu,živice,"dobrý, bez závad","ve dne, viditelnost nezhoršená vlivem po",dvoupruhová,žádný způsob řízení provozu,železniční přejezd zabezpečený,mimo křižovatku,ne,P4058,1.62095924679,,"0,192",ne,,,,50° 04' 21.810'' N,16° 27' 18.463'' E,50.07273,16.45513