X,Y,id,obec,datum,komunikace,komunika_1,zavineni,ridic_kate,ridic_ovli,vinik_alko,ridic_stav,obeti_usmr,obeti_lehc,obeti_tezc,vozidel_ce,vinik_vozi,vinik_vo_1,skoda,unik_hmot,vinik_vo_2,vinik_vo_3,vinik_vo_4,vinik_skod,vyprosteni,nehoda_cha,srazka_voz,hlavni_pri,povrch_sta,meteo,rozhled,nehoda_pol,prednost_v,smerove_po,druh_krizu,smer_jizdy,nehoda_dru,pevna_prek,povrch_dru,komunika_2,viditelnos,komunika_3,rizeni_pro,objekty,misto_neho,smyk,neighbors_TargetID,neighbors_Distance,neighbors_prejezdy-dec_Název definičního úseku,neighbors_prejezdy-dec_Žkm přejezdu,neighbors_prejezdy-dec_Přejezd s trolejovým vedením,neighbors_prejezdy-dec_Třída pozemní komunikace,neighbors_prejezdy-dec_Číslo pozemní komunikace,neighbors_prejezdy-dec_Místní název přejezdu,neighbors_prejezdy-dec_Zeměpisná šířka,neighbors_prejezdy-dec_Zeměpisná délka,neighbors_prejezdy-dec_field_10,neighbors_prejezdy-dec_field_11
16.539552171672252,50.013331825378188,171106100149,Letohrad (Pardubický kraj),2010-03-26 14:35:00,komunikace místní,0,řidičem nemotorového vozidla,ostatní řidiči vozidel,řidič nebyl ovlivněn,ne,dobrý -žádné nepříznivé okolnosti nebyly zjištěny,0,1,0,2,žádná z uvedených,žádná z uvedených,20,žádné z uvedených,jízdní kolo,,"soukromé, nevyužívané k výdělečné činnos",10,nebylo třeba užít násilí,nehoda s následky na životě nebo zdraví,z boku,jiné nedání přednosti,"povrch suchý, neznečistěný",neztížené,dobré,na jízdním pruhu,žádná místní úprava,zatáčka,neurčeno,vozidlo jedoucí - na komunikaci bez stan,srážka s vlakem,"nepřichází v úvahu, nejde o srážku s pev",živice,"dobrý, bez závad","ve dne, viditelnost nezhoršená vlivem po",dvoupruhová,světelným signalizačním zařízením,železniční přejezd zabezpečený,mimo křižovatku,ne,P4070,9.35030330953,Letohrad - Jablonné n/Orlicí,"93,078",Ano,O,,u Myslivny,50° 00' 47.73617'' N,16° 32' 22.64518'' E,50.01326,16.53962
16.148080207925339,49.954596082713735,171106100202,Vysoké Mýto (Pardubický kraj),2010-04-22 09:45:00,silnice 3.třídy,30523,řidičem motorového vozidla,nezjištěno,jiné ovlivnění,nezjišťováno,jiný nepříznivý stav,0,0,0,1,žádná z uvedených,žádná z uvedených,50,žádné z uvedených,"nezjištěno, řidič ujel",,žádná z uvedených,0,žádná z uvedených,nehoda pouze s hmotnou škodou,"nepřichází v úvahu, nejde o srážku jedou",řidič se plně nevěnoval řízení vozidla,"povrch suchý, neznečistěný",neztížené,dobré,na jízdním pruhu,žádná místní úprava,přímý úsek,neurčeno,žádná z uvedených,srážka s pevnou překážkou,závory železničního přejezdu,živice,"dobrý, bez závad","ve dne, viditelnost nezhoršená vlivem po",dvoupruhová,žádný způsob řízení provozu,železniční přejezd zabezpečený,mimo křižovatku,ne,P5162,3.62964451405,Vysoké Mýto - Cerekvice n/Loučnou,"7,892",Ne,III.,30523,"u žst.Vysoké Mýto, ul.Vraclavská",49° 57' 16.57742'' N,16° 08' 52.91991'' E,49.9546,16.14803
16.755759303767686,50.0739509396792,171106100288,Králíky (Pardubický kraj),2010-05-29 18:43:00,komunikace místní,0,řidičem nemotorového vozidla,ostatní řidiči vozidel,řidič nebyl ovlivněn,"ano, obsah alkoholu v&nbsp;krvi do 0,99‰ (2)","pod vlivem alkoholu, obsah alkoholu v krvi do 0,99‰",1,0,1,2,žádná z uvedených,žádná z uvedených,100,žádné z uvedených,jízdní kolo,,"soukromé, nevyužívané k výdělečné činnos",50,nebylo třeba užít násilí,nehoda s následky na životě nebo zdraví,z boku,jiné nedání přednosti,"povrch suchý, neznečistěný",neztížené,dobré,na jízdním pruhu,žádná místní úprava,přímý úsek,neurčeno,vozidlo jedoucí - na komunikaci bez stan,srážka s vlakem,"nepřichází v úvahu, nejde o srážku s pev",štěrk,"dobrý, bez závad","ve dne, viditelnost nezhoršená vlivem po",žádná z uvedených,žádný způsob řízení provozu,železniční přejezd nezabezpečený,mimo křižovatku,ne,P4170,15.870768962,Králíky - Červená Voda,"3,835",Ne,V,,u vodárny,50° 04' 26.16207'' N,16° 45' 19.94707'' E,50.07393,16.75554
16.45516182541208,50.07271659720972,171106100330,Žamberk (Pardubický kraj),2010-06-16 16:20:00,silnice 3.třídy,31014,řidičem motorového vozidla,nezjištěno,jiné ovlivnění,nezjišťováno,jiný nepříznivý stav,0,0,0,1,žádná z uvedených,žádná z uvedených,120,žádné z uvedených,"nezjištěno, řidič ujel",,žádná z uvedených,0,žádná z uvedených,nehoda pouze s hmotnou škodou,"nepřichází v úvahu, nejde o srážku jedou",řidič se plně nevěnoval řízení vozidla,"povrch suchý, neznečistěný",neztížené,dobré,na jízdním pruhu,žádná místní úprava,přímý úsek,neurčeno,žádná z uvedených,srážka s pevnou překážkou,závory železničního přejezdu,živice,"dobrý, bez závad","ve dne, viditelnost nezhoršená vlivem po",dvoupruhová,žádný způsob řízení provozu,železniční přejezd zabezpečený,mimo křižovatku,ne,P4058,2.7237582098,,"0,192",ne,,,,50° 04' 21.810'' N,16° 27' 18.463'' E,50.07273,16.45513
16.755048345380334,50.085262033340115,171106100482,Králíky (Pardubický kraj),2010-08-31 15:30:00,komunikace místní,0,řidičem motorového vozidla,s řidičským oprávněním skupiny c,řidič nebyl ovlivněn,ne,dobrý -žádné nepříznivé okolnosti nebyly zjištěny,0,1,0,2,JAWA,nedošlo k požáru,10,žádné z uvedených,malý motocykl (do 50 ccm),1986,"soukromé, nevyužívané k výdělečné činnos",10,nebylo třeba užít násilí,nehoda s následky na životě nebo zdraví,z boku,proti příkazu dopravní značky STŮJ DEJ PŘEDNOST,povrch mokrý,déšť,dobré,na jízdním pruhu,přednost vyznačena dopravními značkami,přímý úsek,neurčeno,vozidlo jedoucí - na komunikaci bez stan,srážka s vlakem,"nepřichází v úvahu, nejde o srážku s pev",živice,"dobrý, bez závad","ve dne, zhoršená viditelnost vlivem pově",dvoupruhová,místní úprava (vyplní se pol. 24),železniční přejezd nezabezpečený,mimo křižovatku,ne,P4168,8.81704678475,Dolní Lipka - Králíky,"2,552",Ne,MK,,u Tesly,50° 05' 06.85747'' N,16° 45' 17.73797'' E,50.08524,16.75493
16.602842223447336,50.032422360871102,171106100684,Jablonné nad Orlicí (Pardubický kraj),2010-11-29 18:00:00,silnice 3.třídy,31112,řidičem motorového vozidla,nezjištěno,jiné ovlivnění,nezjišťováno,jiný nepříznivý stav,0,0,0,1,žádná z uvedených,žádná z uvedených,900,žádné z uvedených,"nezjištěno, řidič ujel",,žádná z uvedených,0,žádná z uvedených,nehoda pouze s hmotnou škodou,"nepřichází v úvahu, nejde o srážku jedou",řidič se plně nevěnoval řízení vozidla,"na vozovce je náledí, ujetý sníh - nepos",sněžení,dobré,na jízdním pruhu,žádná místní úprava,přímý úsek,neurčeno,žádná z uvedených,srážka s pevnou překážkou,"sloup - telefonní, veř.osvětlení, el.ved",živice,"dobrý, bez závad","v noci - s veřejným osvětlením, zhoršená",dvoupruhová,světelným signalizačním zařízením,železniční přejezd zabezpečený,mimo křižovatku,ne,P4077,21.9732720548,Jablonné n/Orlicí - Těchonín,"100,182",Ano,III.,31112,"u Mikysku, pod tělocvičnou",50° 01' 57.33369'' N,16° 36' 09.63342'' E,50.03259,16.60268
14.538336332790758,50.668956647270178,180106100014,Česká Lípa (Liberecký kraj),2010-01-01 14:50:00,komunikace místní,0,řidičem motorového vozidla,s řidičským oprávněním skupiny c,řidič nebyl ovlivněn,ne,dobrý -žádné nepříznivé okolnosti nebyly zjištěny,0,0,0,1,MITSUBISHI,nedošlo k požáru,2050,žádné z uvedených,"nákladní automobil (včetně multikáry, au",2007,"soukromá organizace (podnikatel, s.r.o.,",2000,nebylo třeba užít násilí,nehoda pouze s hmotnou škodou,"nepřichází v úvahu, nejde o srážku jedou",jiný druh nepřiměřené rychlosti,povrch mokrý,neztížené,dobré,žádné z uvedených,žádná místní úprava,přímý úsek,neurčeno,vozidlo jedoucí - na komunikaci bez stan,srážka s pevnou překážkou,"jiná překážka (zábradlí,oplocení,násep,n",živice,jiný (neuvedený) stav nebo závada komuni,"ve dne, viditelnost nezhoršená vlivem po",dvoupruhová,žádný způsob řízení provozu,železniční přejezd zabezpečený,mimo křižovatku,ne,P3385,3.35813777371,Blíževedly - Česká Lípa hl.n.,"84,129",Ne,B,,"ul. 5. května, (\""kopeček\"")",50° 40' 08.21037'' N,14° 32' 17.83436'' E,50.66895,14.53829
14.392077979923974,50.709307010185583,180106100423,Žandov (Liberecký kraj),2010-06-17 15:20:00,komunikace místní,0,řidičem motorového vozidla,s řidičským oprávněním skupiny b,řidič nebyl ovlivněn,ne,dobrý -žádné nepříznivé okolnosti nebyly zjištěny,0,0,0,1,OPEL,nedošlo k požáru,310,žádné z uvedených,osobní automobil bez přívěsu,2000,"soukromé, nevyužívané k výdělečné činnos",300,nebylo třeba užít násilí,nehoda pouze s hmotnou škodou,"nepřichází v úvahu, nejde o srážku jedou",nezvládnutí řízení vozidla,"povrch suchý, neznečistěný",neztížené,dobré,na jízdním pruhu,žádná místní úprava,přímý úsek,neurčeno,vozidlo jedoucí - na komunikaci bez stan,srážka s pevnou překážkou,"jiná překážka (zábradlí,oplocení,násep,n",živice,"dobrý, bez závad","ve dne, viditelnost nezhoršená vlivem po",dvoupruhová,žádný způsob řízení provozu,železniční přejezd zabezpečený,mimo křižovatku,ne,P2641,41.231730813,Františkov nad Ploučnicí - Horní Police,"8,712",Ne,C,,před žst. Horní Police,50° 42' 34.78471'' N,14° 23' 30.83613'' E,50.70966,14.3919
14.731901425214742,50.648160713442664,180106100425,Mimoň (Liberecký kraj),2010-06-18 07:00:00,komunikace místní,0,řidičem motorového vozidla,s řidičským oprávněním skupiny b,řidič nebyl ovlivněn,ne,dobrý -žádné nepříznivé okolnosti nebyly zjištěny,0,1,0,2,OPEL,nedošlo k požáru,350,žádné z uvedených,osobní automobil bez přívěsu,1995,"soukromé, nevyužívané k výdělečné činnos",300,použitím páčidel apod.,nehoda s následky na životě nebo zdraví,z boku,jiné nedání přednosti,povrch mokrý,déšť,dobré,na jízdním pruhu,přednost nevyznačena - vyplývá z pravide,přímý úsek,neurčeno,vozidlo jedoucí - na komunikaci bez stan,srážka s vlakem,"nepřichází v úvahu, nejde o srážku s pev",živice,zvlněný povrch v podélném směru,"ve dne, zhoršená viditelnost vlivem pově",dvoupruhová,žádný způsob řízení provozu,železniční přejezd nezabezpečený,mimo křižovatku,ne,P3442,14.2070444815,odb.vl. ZZN Polabí - Mimoň staré nádraží,"2,129",Ne,B,,"u Ekoagroproduktu, ul. Potoční",50° 38' 53.43233'' N,14° 43' 55.57742'' E,50.64818,14.7321
14.40358944120994,50.705851648831803,180106100455,Horní Police (Liberecký kraj),2010-06-27 03:24:00,silnice 2.třídy,262,řidičem motorového vozidla,s řidičským oprávněním skupiny b,řidič nebyl ovlivněn,ne,"unaven, usnul, náhlá fyzická indispozice",0,0,0,1,ALFA-ROMEO,nedošlo k požáru,402,"došlo k úniku pohonných hmot, oleje, chl",osobní automobil bez přívěsu,1999,"soukromé, nevyužívané k výdělečné činnos",400,nebylo třeba užít násilí,nehoda pouze s hmotnou škodou,"nepřichází v úvahu, nejde o srážku jedou",řidič se plně nevěnoval řízení vozidla,"povrch suchý, neznečistěný",neztížené,dobré,na jízdním pruhu,žádná místní úprava,zatáčka,neurčeno,jedoucí - ve směru staničení na komunika,srážka s pevnou překážkou,"jiná překážka (zábradlí,oplocení,násep,n",živice,"dobrý, bez závad","v noci - bez veřejného osvětlení,viditel",dvoupruhová,žádný způsob řízení provozu,železniční přejezd zabezpečený,mimo křižovatku,ne,P2642,2.4621471001,žst. Horní Police,"9,712",Ne,II.,262,žst. Horní Police,50° 42' 21.11654'' N,14° 24' 12.85297'' E,50.70587,14.40357
14.650677312627877,50.678353651109191,180106100497,Zákupy (Liberecký kraj),2010-07-07 13:24:00,silnice 3.třídy,26832,řidičem motorového vozidla,s řidičským oprávněním skupiny b,oslněn sluncem,ne,dobrý -žádné nepříznivé okolnosti nebyly zjištěny,0,0,2,2,HYUNDAI,nedošlo k požáru,2000,"došlo k úniku pohonných hmot, oleje, chl",osobní automobil bez přívěsu,2006,"soukromé, využívané k výdělečné činnosti",1500,použitím speciální vyprošťovací techniky,nehoda s následky na životě nebo zdraví,z boku,jiné nedání přednosti,"povrch suchý, neznečistěný",neztížené,dobré,na jízdním pruhu,žádná místní úprava,přímý úsek,neurčeno,jedoucí - ve směru staničení na komunika,srážka s vlakem,"nepřichází v úvahu, nejde o srážku s pev",živice,"dobrý, bez závad","ve dne, viditelnost nezhoršená vlivem po",dvoupruhová,žádný způsob řízení provozu,železniční přejezd zabezpečený,mimo křižovatku,ne,P3395,3.72443228965,Zákupy - Mimoň,"94,631",Ne,III.,26832,"zast. Božíkov, ul. U zastávky",50° 40' 41.98234'' N,14° 39' 02.29426'' E,50.67833,14.65064
14.523974535728939,50.742265935134988,180106100769,Skalice u České Lípy (Liberecký kraj),2010-10-12 18:55:00,silnice 3.třídy,26212,řidičem motorového vozidla,s řidičským oprávněním skupiny b,řidič nebyl ovlivněn,nezjišťováno,dobrý -žádné nepříznivé okolnosti nebyly zjištěny,0,0,0,1,žádná z uvedených,řidič ujel - zjištěn,100,žádné z uvedených,traktor (i s přívěsem),2006,registrované mimo území ČR,0,nebylo třeba užít násilí,nehoda pouze s hmotnou škodou,"nepřichází v úvahu, nejde o srážku jedou",nezvládnutí řízení vozidla,"povrch suchý, neznečistěný",neztížené,dobré,na jízdním pruhu,žádná místní úprava,přímý úsek,neurčeno,jedoucí - ve směru staničení na komunika,srážka s pevnou překážkou,závory železničního přejezdu,živice,"dobrý, bez závad","v noci - bez veřejného osvětlení,viditel",dvoupruhová,žádný způsob řízení provozu,železniční přejezd zabezpečený,mimo křižovatku,ne,P3247,3.01358284198,Skalice u České Lípy - Nový Bor,"53,569",Ne,III.,26212,za zn. Skalice u České Lípy,50° 44' 32.11648'' N,14° 31' 26.17039'' E,50.74225,14.52394
14.414316159488283,50.70545952076737,180106100955,Horní Police (Liberecký kraj),2010-12-25 13:15:00,komunikace místní,0,řidičem motorového vozidla,s řidičským oprávněním skupiny b,řidič nebyl ovlivněn,ne,dobrý -žádné nepříznivé okolnosti nebyly zjištěny,0,0,0,2,FORD,nedošlo k požáru,700,žádné z uvedených,osobní automobil bez přívěsu,2001,"soukromé, nevyužívané k výdělečné činnos",200,nebylo třeba užít násilí,nehoda pouze s hmotnou škodou,z boku,nezvládnutí řízení vozidla,"souvislá sněhová vrstva, rozbředlý sníh",sněžení,špatné vlivem profilu komunikace (nepřeh,na jízdním pruhu,žádná místní úprava,přímý úsek,neurčeno,vozidlo jedoucí - na komunikaci bez stan,srážka s vlakem,"nepřichází v úvahu, nejde o srážku s pev",živice,"dobrý, bez závad","ve dne, zhoršená viditelnost vlivem pově",dvoupruhová,světelným signalizačním zařízením,železniční přejezd zabezpečený,mimo křižovatku,ne,P2643,4.62696746252,Horní Police - Stružnice,"10,486",Ne,C,,,50° 42' 19.55195'' N,14° 24' 51.36418'' E,50.70543,14.41427
15.131118669869178,50.721490146896002,180406100015,Jablonec nad Nisou (Liberecký kraj),2010-01-01 16:45:00,komunikace místní,0,řidičem motorového vozidla,s řidičským oprávněním skupiny c,řidič nebyl ovlivněn,ne,dobrý -žádné nepříznivé okolnosti nebyly zjištěny,0,0,0,2,žádná z uvedených,nedošlo k požáru,100,žádné z uvedených,traktor (i s přívěsem),2009,"soukromá organizace (podnikatel, s.r.o.,",0,nebylo třeba užít násilí,nehoda pouze s hmotnou škodou,z boku,jiný druh nesprávného způsobu jízdy,"souvislá sněhová vrstva, rozbředlý sníh","tvoří se námraza, náledí","špatné vlivem trvalé vegetace (stromy,ke",na jízdním pruhu,přednost nevyznačena - vyplývá z pravide,přímý úsek,neurčeno,vozidlo jedoucí - na komunikaci bez stan,srážka s vlakem,"nepřichází v úvahu, nejde o srážku s pev",živice,podélný sklon vyšší než 8%,"v noci - s veřejným osvětlením,viditelno",dvoupruhová,místní úprava (vyplní se pol. 24),železniční přejezd nezabezpečený,mimo křižovatku,ne,P5518,28.5387763497,Vesec u Liberce - Jablonec n/N. dol.n.,"8,494",Ne,C,,"posl.prosečský př., Nový svět",50° 43' 17.26902'' N,15° 07' 53.46556'' E,50.72146,15.13152
15.286207482390905,50.733631727404777,180406100045,Smržovka (Liberecký kraj),2010-01-24 14:33:00,komunikace místní,0,řidičem motorového vozidla,s řidičským oprávněním skupiny b,řidič nebyl ovlivněn,ne,dobrý -žádné nepříznivé okolnosti nebyly zjištěny,0,0,0,2,RENAULT,nedošlo k požáru,400,žádné z uvedených,osobní automobil bez přívěsu,1998,"soukromé, nevyužívané k výdělečné činnos",200,nebylo třeba užít násilí,nehoda pouze s hmotnou škodou,z boku,jiné nedání přednosti,"na vozovce je náledí, ujetý sníh - posyp",neztížené,dobré,žádné z uvedených,žádná místní úprava,přímý úsek,neurčeno,vozidlo jedoucí - na komunikaci bez stan,srážka s vlakem,"nepřichází v úvahu, nejde o srážku s pev",živice,"dobrý, bez závad","ve dne, viditelnost nezhoršená vlivem po",žádná z uvedených,světelným signalizačním zařízením,železniční přejezd zabezpečený,mimo křižovatku,ano,P5543,180.420910402,Smržovka - Tanvald,"24,871",Ne,C,,ul. Malostranská,50° 44' 06.88700'' N,15° 17' 09.74559'' E,50.73525,15.28604
15.224697676738272,50.739764015636986,180406100076,Lučany nad Nisou (Liberecký kraj),2010-02-02 15:25:00,silnice 3.třídy,29037,řidičem motorového vozidla,s řidičským oprávněním skupiny b,řidič nebyl ovlivněn,ne,dobrý -žádné nepříznivé okolnosti nebyly zjištěny,0,0,0,2,RENAULT,nedošlo k požáru,600,žádné z uvedených,osobní automobil bez přívěsu,2003,"soukromé, nevyužívané k výdělečné činnos",400,nebylo třeba užít násilí,nehoda pouze s hmotnou škodou,z boku,řidič se plně nevěnoval řízení vozidla,"na vozovce je náledí, ujetý sníh - nepos",neztížené,dobré,na jízdním pruhu,přednost vyznačena dopravními značkami,přímý úsek,neurčeno,jedoucí - ve směru staničení na komunika,srážka s vlakem,"nepřichází v úvahu, nejde o srážku s pev",živice,"dobrý, bez závad","ve dne, viditelnost nezhoršená vlivem po",dvoupruhová,místní úprava (vyplní se pol. 24),železniční přejezd nezabezpečený,mimo křižovatku,ne,P5535,33.8307440505,Nová Ves nad Nisou - Smržovka,"19,219",Ne,III.,29037,před zn. Lučany n. N.,50° 44' 22.04696'' N,15° 13' 28.95461'' E,50.73946,15.22471
15.108674780105499,50.69460600018256,180406100077,Rádlo (Liberecký kraj),2010-02-02 16:15:00,silnice 3.třídy,2876,řidičem motorového vozidla,s řidičským oprávněním skupiny b,řidič nebyl ovlivněn,ne,dobrý -žádné nepříznivé okolnosti nebyly zjištěny,2,0,0,2,CITROEN,nedošlo k požáru,2000,žádné z uvedených,osobní automobil bez přívěsu,1997,"soukromé, nevyužívané k výdělečné činnos",700,nebylo třeba užít násilí,nehoda s následky na životě nebo zdraví,z boku,jiné nedání přednosti,"na vozovce je náledí, ujetý sníh - posyp",neztížené,dobré,na jízdním pruhu,žádná místní úprava,přímý úsek,neurčeno,jedoucí - ve směru staničení na komunika,srážka s vlakem,"nepřichází v úvahu, nejde o srážku s pev",živice,"dobrý, bez závad","ve dne, viditelnost nezhoršená vlivem po",dvoupruhová,světelným signalizačním zařízením,železniční přejezd zabezpečený,mimo křižovatku,ne,P3105,27.5730191379,Rychnov u Jablonce nad Nisou - Jeřmanice,"147,492",Ne,III.,2876,na zast. Rádlo,50° 41' 39.96574'' N,15° 06' 30.22910'' E,50.69443,15.1084
15.224447240349898,50.739879410074018,180406100139,Lučany nad Nisou (Liberecký kraj),2010-03-14 13:20:00,silnice 3.třídy,29037,řidičem motorového vozidla,s řidičským oprávněním skupiny d,řidič nebyl ovlivněn,ne,dobrý -žádné nepříznivé okolnosti nebyly zjištěny,0,0,0,2,OPEL,nedošlo k požáru,200,žádné z uvedených,osobní automobil bez přívěsu,2008,"soukromé, nevyužívané k výdělečné činnos",200,nebylo třeba užít násilí,nehoda pouze s hmotnou škodou,z boku,proti příkazu dopravní značky STŮJ DEJ PŘEDNOST,"na vozovce je náledí, ujetý sníh - nepos","na počátku deště, slabý déšť",dobré,na jízdním pruhu,přednost vyznačena dopravními značkami,přímý úsek,neurčeno,jedoucí - ve směru staničení na komunika,srážka s vlakem,"nepřichází v úvahu, nejde o srážku s pev",živice,podélný sklon vyšší než 8%,"ve dne, zhoršená viditelnost vlivem pově",dvoupruhová,místní úprava (vyplní se pol. 24),železniční přejezd nezabezpečený,mimo křižovatku,ne,P5535,50.2088406601,Nová Ves nad Nisou - Smržovka,"19,219",Ne,III.,29037,před zn. Lučany n. N.,50° 44' 22.04696'' N,15° 13' 28.95461'' E,50.73946,15.22471
15.15851922094234,50.722169869780402,180406100389,Jablonec nad Nisou (Liberecký kraj),2010-08-08 23:35:00,komunikace místní,0,řidičem motorového vozidla,nezjištěno,jiné ovlivnění,nezjišťováno,jiný nepříznivý stav,0,0,0,1,žádná z uvedených,žádná z uvedených,50,žádné z uvedených,"nezjištěno, řidič ujel",,žádná z uvedených,0,žádná z uvedených,nehoda pouze s hmotnou škodou,"nepřichází v úvahu, nejde o srážku jedou",jiný druh nesprávného způsobu jízdy,povrch mokrý,déšť,dobré,na jízdním pruhu,žádná místní úprava,přímý úsek,neurčeno,žádná z uvedených,srážka s pevnou překážkou,závory železničního přejezdu,živice,"dobrý, bez závad","v noci - s veřejným osvětlením, zhoršená",dvoupruhová,žádný způsob řízení provozu,železniční přejezd zabezpečený,mimo křižovatku,ne,P5520,4.46645852648,Jablonec n/N. dol.n. - Jablonec n/Nisou,"11,969",Ne,B,,"ul. Vodní, před žst. Jablonec",50° 43' 19.96332'' N,15° 09' 30.67067'' E,50.72221,15.15852
15.317539739235015,50.701380792640357,180406100616,Plavy (Liberecký kraj),2010-12-12 09:20:00,silnice 1.třídy,10,řidičem motorového vozidla,s řidičským oprávněním skupiny b,řidič nebyl ovlivněn,ne,dobrý -žádné nepříznivé okolnosti nebyly zjištěny,0,0,0,2,SUBARU,nedošlo k požáru,550,žádné z uvedených,osobní automobil bez přívěsu,1997,"soukromé, nevyužívané k výdělečné činnos",100,nebylo třeba užít násilí,nehoda pouze s hmotnou škodou,z boku,proti příkazu dopravní značky STŮJ DEJ PŘEDNOST,povrch mokrý,neztížené,dobré,na jízdním pruhu,přednost vyznačena dopravními značkami,zatáčka,neurčeno,jedoucí - proti směru staničení na komun,srážka s vlakem,"nepřichází v úvahu, nejde o srážku s pev",živice,"dobrý, bez závad","ve dne, viditelnost nezhoršená vlivem po",dvoupruhová,místní úprava (vyplní se pol. 24),železniční přejezd zabezpečený,mimo křižovatku,ne,P5493,26.3348982476,Železný Brod - Velké Hamry,"12,223",Ne,I.,10,zastávka Plavy,50° 42' 04.75857'' N,15° 19' 04.42787'' E,50.70132,15.3179
15.028542075414213,50.969844120010634,180506100095,Višňová (Liberecký kraj),2010-01-27 09:58:00,silnice 3.třídy,353,řidičem motorového vozidla,s řidičským oprávněním skupiny c,řidič nebyl ovlivněn,ne,dobrý -žádné nepříznivé okolnosti nebyly zjištěny,0,0,0,3,CITROEN,nedošlo k požáru,300,žádné z uvedených,"nákladní automobil (včetně multikáry, au",1997,"soukromé, nevyužívané k výdělečné činnos",200,nebylo třeba užít násilí,nehoda pouze s hmotnou škodou,boční,jiné nedání přednosti,"povrch suchý, neznečistěný",neztížené,dobré,na jízdním pruhu,přednost vyznačena dopravními značkami,zatáčka,neurčeno,jedoucí - ve směru staničení na komunika,srážka s vlakem,"nepřichází v úvahu, nejde o srážku s pev",živice,"dobrý, bez závad","ve dne, viditelnost nezhoršená vlivem po",dvoupruhová,místní úprava (vyplní se pol. 24),železniční přejezd zabezpečený,mimo křižovatku,ne,P2852,4.81603564664,Frýdlant v Čechách - Višňová,"194,909",Ne,III.,353,"u školy, před žst. Višňová",50° 58' 11.44462'' N,15° 01' 42.98693'' E,50.96985,15.02861
14.958452892605758,50.800551005915963,180506100131,Chrastava (Liberecký kraj),2010-02-02 12:50:00,komunikace místní,0,řidičem motorového vozidla,s řidičským oprávněním skupiny c,řidič nebyl ovlivněn,ne,dobrý -žádné nepříznivé okolnosti nebyly zjištěny,0,0,0,2,OPEL,nedošlo k požáru,1200,žádné z uvedených,osobní automobil bez přívěsu,2005,"soukromé, nevyužívané k výdělečné činnos",500,nebylo třeba užít násilí,nehoda pouze s hmotnou škodou,z boku,jiné nedání přednosti,"na vozovce je náledí, ujetý sníh - posyp",neztížené,dobré,na jízdním pruhu,žádná místní úprava,přímý úsek po projetí zatáčkou (do vzdál,neurčeno,vozidlo jedoucí - na komunikaci bez stan,srážka s vlakem,"nepřichází v úvahu, nejde o srážku s pev",živice,"dobrý, bez závad","ve dne, viditelnost nezhoršená vlivem po",dvoupruhová,žádný způsob řízení provozu,železniční přejezd nezabezpečený,mimo křižovatku,ne,P2813,2.32213983776,Liberec - Chrastava,"9,006",Ne,B,,,50° 48' 01.96721'' N,14° 57' 30.32032'' E,50.80055,14.95842
15.04015465948634,50.811430804998217,180506100344,Liberec (Liberecký kraj),2010-03-25 22:15:00,komunikace místní,0,řidičem motorového vozidla,s řidičským oprávněním skupiny b,řidič nebyl ovlivněn,"ano, obsah alkoholu v&nbsp;krvi do 0,99‰ (2)","pod vlivem alkoholu, obsah alkoholu v krvi do 0,99‰",0,0,0,1,FORD,nedošlo k požáru,1300,žádné z uvedených,osobní automobil bez přívěsu,2003,"soukromé, nevyužívané k výdělečné činnos",500,nebylo třeba užít násilí,nehoda pouze s hmotnou škodou,"nepřichází v úvahu, nejde o srážku jedou","nepř. rychlosti dopravně technickému stavu vozovky (zatáčka,klesání,stoupání,šířka apod.)","povrch suchý, neznečistěný",neztížené,dobré,na jízdním pruhu,žádná místní úprava,zatáčka,neurčeno,vozidlo jedoucí - na komunikaci bez stan,srážka s pevnou překážkou,závory železničního přejezdu,živice,"dobrý, bez závad","v noci - bez veřejného osvětlení,viditel",dvoupruhová,žádný způsob řízení provozu,železniční přejezd zabezpečený,mimo křižovatku,ne,P2823,32.3330927446,Liberec - Mníšek u Liberce,"167,821",Ne,O,,,50° 48' 42.18328'' N,15° 02' 24.73333'' E,50.81172,15.0402
15.125400297067507,50.934014127677543,180506100610,Krásný Les (Liberecký kraj),2010-06-06 18:25:00,silnice 3.třídy,2912,řidičem motorového vozidla,s řidičským oprávněním skupiny b,řidič nebyl ovlivněn,ne,dobrý -žádné nepříznivé okolnosti nebyly zjištěny,0,0,0,2,FIAT,nedošlo k požáru,370,žádné z uvedených,osobní automobil bez přívěsu,1996,"soukromé, nevyužívané k výdělečné činnos",300,nebylo třeba užít násilí,nehoda pouze s hmotnou škodou,z boku,jiné nedání přednosti,povrch mokrý,"na počátku deště, slabý déšť",dobré,na jízdním pruhu,žádná místní úprava,přímý úsek,neurčeno,jedoucí - proti směru staničení na komun,srážka s vlakem,"nepřichází v úvahu, nejde o srážku s pev",živice,jiný (neuvedený) stav nebo závada komuni,"ve dne, zhoršená viditelnost vlivem pově",dvoupruhová,žádný způsob řízení provozu,železniční přejezd nezabezpečený,mimo křižovatku,ne,P2891,4.89614089745,Frýdlant v Čechách předměstí - Řasnice,"5,597",Ne,III.,2912,,50° 56' 02.56231'' N,15° 07' 31.30662'' E,50.93405,15.12536