X,Y,id,obec,datum,komunikace,komunika_1,zavineni,ridic_kate,ridic_ovli,vinik_alko,ridic_stav,obeti_usmr,obeti_lehc,obeti_tezc,vozidel_ce,vinik_vozi,vinik_vo_1,skoda,unik_hmot,vinik_vo_2,vinik_vo_3,vinik_vo_4,vinik_skod,vyprosteni,nehoda_cha,srazka_voz,hlavni_pri,povrch_sta,meteo,rozhled,nehoda_pol,prednost_v,smerove_po,druh_krizu,smer_jizdy,nehoda_dru,pevna_prek,povrch_dru,komunika_2,viditelnos,komunika_3,rizeni_pro,objekty,misto_neho,smyk,neighbors_TargetID,neighbors_Distance,neighbors_prejezdy-dec_Název definičního úseku,neighbors_prejezdy-dec_Žkm přejezdu,neighbors_prejezdy-dec_Přejezd s trolejovým vedením,neighbors_prejezdy-dec_Třída pozemní komunikace,neighbors_prejezdy-dec_Číslo pozemní komunikace,neighbors_prejezdy-dec_Místní název přejezdu,neighbors_prejezdy-dec_Zeměpisná šířka,neighbors_prejezdy-dec_Zeměpisná délka,neighbors_prejezdy-dec_field_10,neighbors_prejezdy-dec_field_11
15.053249189361329,50.712471692362975,180506100661,Šimonovice (Liberecký kraj),2010-06-10 21:15:00,silnice 3.třídy,27810,řidičem motorového vozidla,s řidičským oprávněním skupiny b,řidič nebyl ovlivněn,ne,dobrý -žádné nepříznivé okolnosti nebyly zjištěny,0,0,0,1,ŠKODA,nedošlo k požáru,800,žádné z uvedených,osobní automobil bez přívěsu,1999,"soukromé, nevyužívané k výdělečné činnos",800,nebylo třeba užít násilí,nehoda pouze s hmotnou škodou,"nepřichází v úvahu, nejde o srážku jedou","nepř. rychlosti dopravně technickému stavu vozovky (zatáčka,klesání,stoupání,šířka apod.)","povrch suchý, neznečistěný",neztížené,dobré,na jízdním pruhu,žádná místní úprava,zatáčka,neurčeno,jedoucí - ve směru staničení na komunika,havárie,"nepřichází v úvahu, nejde o srážku s pev",živice,"dobrý, bez závad","v noci - bez veřejného osvětlení,viditel",dvoupruhová,žádný způsob řízení provozu,železniční přejezd zabezpečený,mimo křižovatku,ano,P3109,64.6018083292,Jeřmanice - Liberec,"153,297",Ne,III.,27810,"dol.šimon.př., ul.Minkovická",50° 42' 46.58785'' N,15° 03' 13.62678'' E,50.71294,15.05379
15.062275463074464,50.747078080300454,180506100668,Liberec (Liberecký kraj),2010-06-11 23:59:00,silnice 3.třídy,2784,řidičem motorového vozidla,nezjištěno,jiné ovlivnění,nezjišťováno,jiný nepříznivý stav,0,0,0,1,žádná z uvedených,žádná z uvedených,20,žádné z uvedených,"nezjištěno, řidič ujel",,žádná z uvedených,0,žádná z uvedených,nehoda pouze s hmotnou škodou,"nepřichází v úvahu, nejde o srážku jedou",nezvládnutí řízení vozidla,"povrch suchý, neznečistěný",neztížené,dobré,na jízdním pruhu,žádná místní úprava,přímý úsek,neurčeno,žádná z uvedených,srážka s pevnou překážkou,závory železničního přejezdu,živice,"dobrý, bez závad","v noci - s veřejným osvětlením,viditelno",dvoupruhová,žádný způsob řízení provozu,železniční přejezd zabezpečený,mimo křižovatku,ne,P5499,3.57366562961,Liberec - FERONA Liberec Rochlice,"2,278",Ne,III.,2784,Hodkovická ulice,50° 44' 49.58284'' N,15° 03' 44.16874'' E,50.74711,15.06227
15.122005364003462,50.724772325691049,180506100673,Liberec (Liberecký kraj),2010-06-13 15:08:00,komunikace místní,0,řidičem motorového vozidla,s řidičským oprávněním skupiny c,řidič nebyl ovlivněn,ne,dobrý -žádné nepříznivé okolnosti nebyly zjištěny,0,1,0,3,FORD,nedošlo k požáru,1630,žádné z uvedených,osobní automobil bez přívěsu,1993,"soukromé, nevyužívané k výdělečné činnos",100,nebylo třeba užít násilí,nehoda s následky na životě nebo zdraví,z boku,jiné nedání přednosti,"povrch suchý, neznečistěný",neztížené,dobré,na jízdním pruhu,přednost vyznačena dopravními značkami,přímý úsek,neurčeno,vozidlo jedoucí - na komunikaci bez stan,srážka s vlakem,"nepřichází v úvahu, nejde o srážku s pev",živice,"dobrý, bez závad","ve dne, viditelnost nezhoršená vlivem po",dvoupruhová,místní úprava (vyplní se pol. 24),železniční přejezd nezabezpečený,mimo křižovatku,ne,P5516,38.6933642625,Vesec u Liberce - Jablonec n/N. dol.n.,"7,74",Ne,C,,ul. Za tratí,50° 43' 28.59194'' N,15° 07' 20.96285'' E,50.72461,15.12249
15.018132347550068,50.784272593826252,180506100738,Stráž nad Nisou (Liberecký kraj),2010-06-29 07:35:00,komunikace místní,0,řidičem nemotorového vozidla,ostatní řidiči vozidel,řidič nebyl ovlivněn,ne,dobrý -žádné nepříznivé okolnosti nebyly zjištěny,1,0,0,2,žádná z uvedených,nedošlo k požáru,80,žádné z uvedených,jízdní kolo,,"soukromé, nevyužívané k výdělečné činnos",60,nebylo třeba užít násilí,nehoda s následky na životě nebo zdraví,z boku,jiné nedání přednosti,"povrch suchý, neznečistěný",neztížené,dobré,na jízdním pruhu,žádná místní úprava,přímý úsek,neurčeno,vozidlo jedoucí - na komunikaci bez stan,srážka s vlakem,"nepřichází v úvahu, nejde o srážku s pev",živice,"dobrý, bez závad","ve dne, viditelnost nezhoršená vlivem po",dvoupruhová,světelným signalizačním zařízením,železniční přejezd zabezpečený,mimo křižovatku,ne,P2808,4.99224228503,Liberec - Chrastava,"3,434",Ne,C,,"Pod strání, do ul.Stříb.kopec",50° 47' 03.22845'' N,15° 01' 05.19423'' E,50.78423,15.01811
15.020890841580483,50.761730451747937,180506101088,Liberec (Liberecký kraj),2010-09-17 13:15:00,komunikace místní,0,řidičem motorového vozidla,s řidičským oprávněním skupiny c,řidič nebyl ovlivněn,ne,dobrý -žádné nepříznivé okolnosti nebyly zjištěny,0,0,0,2,AVIA,nedošlo k požáru,5200,žádné z uvedených,"nákladní automobil (včetně multikáry, au",2008,"soukromá organizace (podnikatel, s.r.o.,",5000,nebylo třeba užít násilí,nehoda pouze s hmotnou škodou,z boku,jiné nedání přednosti,"povrch suchý, neznečistěný",neztížené,dobré,na jízdním pruhu,žádná místní úprava,přímý úsek po projetí zatáčkou (do vzdál,neurčeno,vozidlo jedoucí - na komunikaci bez stan,srážka s vlakem,"nepřichází v úvahu, nejde o srážku s pev",živice,"dobrý, bez závad","ve dne, viditelnost nezhoršená vlivem po",dvoupruhová,světelným signalizačním zařízením,železniční přejezd zabezpečený,mimo křižovatku,ne,P3436,31.223308343,Ostašov - Liberec-Horní Růžodol,"139,629",Ne,C,,"u Slévárny, ul. Domky",50° 45' 43.23752'' N,15° 01' 15.34580'' E,50.76201,15.02093
15.053544784189691,50.755558339806427,180506101127,Liberec (Liberecký kraj),2010-09-27 08:25:00,komunikace místní,0,řidičem motorového vozidla,s řidičským oprávněním skupiny d,řidič nebyl ovlivněn,ne,dobrý -žádné nepříznivé okolnosti nebyly zjištěny,0,1,0,2,KAROSA,nedošlo k požáru,500,žádné z uvedených,autobus,1989,městská hromadná doprava,400,nebylo třeba užít násilí,nehoda s následky na životě nebo zdraví,z boku,jiné nedání přednosti,povrch mokrý,déšť,dobré,na jízdním pruhu,žádná místní úprava,přímý úsek po projetí zatáčkou (do vzdál,neurčeno,vozidlo jedoucí - na komunikaci bez stan,srážka s vlakem,"nepřichází v úvahu, nejde o srážku s pev",živice,jiný (neuvedený) stav nebo závada komuni,"ve dne, zhoršená viditelnost vlivem pově",dvoupruhová,žádný způsob řízení provozu,železniční přejezd nezabezpečený,mimo křižovatku,ne,P3065,21.3019969634,žst. Liberec,"0,985",Ne,C,,Čechova ulice,50° 45' 20.39878'' N,15° 03' 13.63180'' E,50.75567,15.05379
14.896075268480653,50.825223602986149,180506101243,Bílý Kostel nad Nisou (Liberecký kraj),2010-10-18 22:20:00,komunikace účelová - polní a lesní cesty atd.,0,"lesní zvěří, domácím zvířectvem",nezjištěno,jiné ovlivnění,nezjišťováno,jiný nepříznivý stav,0,0,0,1,žádná z uvedených,žádná z uvedených,600,žádné z uvedených,vlak,,žádná z uvedených,0,žádná z uvedených,nehoda pouze s hmotnou škodou,"nepřichází v úvahu, nejde o srážku jedou",nezaviněná řidičem,"povrch suchý, neznečistěný",neztížené,dobré,na jízdním pruhu,žádná místní úprava,přímý úsek,neurčeno,žádná z uvedených,srážka s domácím zvířetem,"nepřichází v úvahu, nejde o srážku s pev",jiný nezpevněný povrch,"dobrý, bez závad","v noci - bez veřejného osvětlení,viditel",dvoupruhová,žádný způsob řízení provozu,železniční přejezd nezabezpečený,mimo křižovatku,ne,P2815,24.1298788387,Chrastava - Hrádek nad Nisou,"15,178",Ne,V,,,50° 49' 31.52582'' N,14° 53' 45.34307'' E,50.82542,14.89593
15.03546392156921,50.727106856211634,180506101500,Liberec (Liberecký kraj),2010-12-12 17:10:00,komunikace místní,0,řidičem motorového vozidla,s řidičským oprávněním skupiny c,řidič nebyl ovlivněn,ano - obsah alkoholu v krvi 1‰ a více (2),pod vlivem alkoholu obsah alkoholu v krvi 1‰ a více,0,0,0,1,ŠKODA,nedošlo k požáru,500,žádné z uvedených,osobní automobil bez přívěsu,1998,"soukromé, nevyužívané k výdělečné činnos",400,nebylo třeba užít násilí,nehoda pouze s hmotnou škodou,"nepřichází v úvahu, nejde o srážku jedou","nepř. rychlosti stavu vozovky (náledí, výtluky, bláto, mokrý povrch apod.)",povrch mokrý,déšť,dobré,na krajnici,žádná místní úprava,zatáčka,neurčeno,vozidlo jedoucí - na komunikaci bez stan,srážka s pevnou překážkou,závory železničního přejezdu,živice,jiný (neuvedený) stav nebo závada komuni,"v noci - s veřejným osvětlením, zhoršená",dvoupruhová,žádný způsob řízení provozu,železniční přejezd zabezpečený,mimo křižovatku,ano,P3110,3.14371855792,Jeřmanice - Liberec,"155,421",Ne,C,,"Puškinova ul., na z. Pilínkov",50° 43' 37.49581'' N,15° 02' 07.61017'' E,50.72708,15.03545
15.101883010890615,50.738319139814095,180506101575,Liberec (Liberecký kraj),2010-12-20 16:45:00,komunikace místní,0,řidičem motorového vozidla,s řidičským oprávněním skupiny b,řidič nebyl ovlivněn,ne,dobrý -žádné nepříznivé okolnosti nebyly zjištěny,0,0,0,2,HONDA,nedošlo k požáru,3200,žádné z uvedených,osobní automobil bez přívěsu,2007,"soukromé, nevyužívané k výdělečné činnos",3000,nebylo třeba užít násilí,nehoda pouze s hmotnou škodou,z boku,nezvládnutí řízení vozidla,"na vozovce je náledí, ujetý sníh - nepos",sněžení,jiné špatné,na jízdním pruhu,žádná místní úprava,přímý úsek,neurčeno,vozidlo jedoucí - na komunikaci bez stan,srážka s vlakem,"nepřichází v úvahu, nejde o srážku s pev",živice,jiný (neuvedený) stav nebo závada komuni,"ve dne, zhoršená viditelnost vlivem pově",dvoupruhová,žádný způsob řízení provozu,železniční přejezd zabezpečený,mimo křižovatku,ne,P5508,2.1381409038,Vesec u Liberce - Jablonec n/N. dol.n.,"5,446",Ne,MK,,Prosečská ulice,50° 44' 17.88730'' N,15° 06' 06.75157'' E,50.7383,15.10188
15.42942480358206,50.703464792360968,181106100019,Jablonec nad Jizerou (Liberecký kraj),2010-01-01 09:15:00,silnice 1.třídy,14,řidičem motorového vozidla,s řidičským oprávněním skupiny d,řidič nebyl ovlivněn,ne,dobrý -žádné nepříznivé okolnosti nebyly zjištěny,0,0,0,2,VOLKSWAGEN,nedošlo k požáru,250,žádné z uvedených,osobní automobil bez přívěsu,2006,registrované mimo území ČR,200,nebylo třeba užít násilí,nehoda pouze s hmotnou škodou,zezadu,nedodržení bezpečné vzdálenosti za vozidlem,"souvislá sněhová vrstva, rozbředlý sníh",sněžení,dobré,na jízdním pruhu,přednost vyznačena přenosnými dopravními,zatáčka,neurčeno,jedoucí - ve směru staničení na komunika,srážka s jedoucím nekolejovým vozidlem,"nepřichází v úvahu, nejde o srážku s pev",živice,jiný (neuvedený) stav nebo závada komuni,"ve dne, zhoršená viditelnost vlivem pově",dvoupruhová,místní úprava (vyplní se pol. 24),železniční přejezd zabezpečený,mimo křižovatku,ano,P4778,29.0186304482,Jablonec n/Jiz. - Rokytnice n/Jiz.,"19,08",Ne,I.,14,,50° 42' 13.39128'' N,15° 25' 45.62645'' E,50.70372,15.42934
15.324795806156381,50.601181827113486,181106100089,Semily (Liberecký kraj),2010-02-22 07:00:00,silnice 3.třídy,2891,řidičem motorového vozidla,s řidičským oprávněním skupiny b,řidič nebyl ovlivněn,ne,dobrý -žádné nepříznivé okolnosti nebyly zjištěny,0,0,0,1,WARTBURG,nedošlo k požáru,1,žádné z uvedených,osobní automobil bez přívěsu,1989,"soukromé, nevyužívané k výdělečné činnos",1,nebylo třeba užít násilí,nehoda pouze s hmotnou škodou,"nepřichází v úvahu, nejde o srážku jedou",jiný druh nesprávného způsobu jízdy,"na vozovce je náledí, ujetý sníh - nepos",neztížené,dobré,na jízdním pruhu,žádná místní úprava,přímý úsek,neurčeno,jedoucí - ve směru staničení na komunika,srážka s pevnou překážkou,závory železničního přejezdu,živice,jiný (neuvedený) stav nebo závada komuni,"ve dne, viditelnost nezhoršená vlivem po",dvoupruhová,žádný způsob řízení provozu,železniční přejezd zabezpečený,mimo křižovatku,ne,P3083,1.3769059289,žst. Semily,"102,017",Ne,III.,2891,"u st. 1 žst. Semily, ul. Nádr.",50° 36' 04.19914'' N,15° 19' 29.24160'' E,50.60117,15.32479
15.320608427029784,50.646812150637096,181106100112,Jesenný (Liberecký kraj),2010-03-03 17:08:00,silnice 3.třídy,2881,řidičem motorového vozidla,s řidičským oprávněním skupiny c,řidič nebyl ovlivněn,ne,dobrý -žádné nepříznivé okolnosti nebyly zjištěny,0,0,0,2,OPEL,nedošlo k požáru,1100,žádné z uvedených,osobní automobil bez přívěsu,1996,"soukromé, nevyužívané k výdělečné činnos",600,nebylo třeba užít násilí,nehoda pouze s hmotnou škodou,z boku,jiné nedání přednosti,"na vozovce je náledí, ujetý sníh - nepos","tvoří se námraza, náledí",dobré,žádné z uvedených,žádná místní úprava,přímý úsek po projetí zatáčkou (do vzdál,neurčeno,jedoucí - ve směru staničení na komunika,srážka s vlakem,"nepřichází v úvahu, nejde o srážku s pev",živice,jiný (neuvedený) stav nebo závada komuni,"ve dne, zhoršená viditelnost (svítání,so",dvoupruhová,žádný způsob řízení provozu,železniční přejezd nezabezpečený,mimo křižovatku,ne,P5492,10.9074067935,Železný Brod - Velké Hamry,"4,477",Ne,III.,2881,u lesní školky,50° 38' 48.85447'' N,15° 19' 13.92622'' E,50.6469,15.32054
15.143149135339003,50.584745343788718,181106100487,Turnov (Liberecký kraj),2010-10-22 15:45:00,komunikace místní,0,řidičem motorového vozidla,s řidičským oprávněním skupiny b,řidič nebyl ovlivněn,ne,dobrý -žádné nepříznivé okolnosti nebyly zjištěny,0,0,0,2,FIAT,nedošlo k požáru,550,žádné z uvedených,osobní automobil bez přívěsu,2005,"soukromé, nevyužívané k výdělečné činnos",500,nebylo třeba užít násilí,nehoda pouze s hmotnou škodou,z boku,proti příkazu dopravní značky STŮJ DEJ PŘEDNOST,"povrch suchý, neznečistěný",neztížené,dobré,na jízdním pruhu,přednost vyznačena dopravními značkami,přímý úsek,neurčeno,vozidlo jedoucí - na komunikaci bez stan,srážka s vlakem,"nepřichází v úvahu, nejde o srážku s pev",živice,"dobrý, bez závad","ve dne, viditelnost nezhoršená vlivem po",dvoupruhová,místní úprava (vyplní se pol. 24),železniční přejezd nezabezpečený,mimo křižovatku,ne,P3182,5.380887408,Karlovice-Sedmihorky - Turnov,"28,815",Ne,C,,ul. Nad Perchtou,50° 35' 05.25966'' N,15° 08' 35.23344'' E,50.58479,15.14312
15.491322714506621,50.569743571638675,181106100541,Kruh (Liberecký kraj),2010-11-27 09:15:00,komunikace místní,0,řidičem motorového vozidla,s řidičským oprávněním skupiny b,řidič nebyl ovlivněn,ne,dobrý -žádné nepříznivé okolnosti nebyly zjištěny,0,0,0,2,ŠKODA,nedošlo k požáru,370,žádné z uvedených,osobní automobil bez přívěsu,1994,"soukromé, nevyužívané k výdělečné činnos",200,nebylo třeba užít násilí,nehoda pouze s hmotnou škodou,z boku,"nepř. rychlosti stavu vozovky (náledí, výtluky, bláto, mokrý povrch apod.)","na vozovce je náledí, ujetý sníh - nepos",neztížené,dobré,na jízdním pruhu,žádná místní úprava,přímý úsek po projetí zatáčkou (do vzdál,neurčeno,vozidlo jedoucí - na komunikaci bez stan,srážka s vlakem,"nepřichází v úvahu, nejde o srážku s pev",živice,jiný (neuvedený) stav nebo závada komuni,"ve dne, viditelnost nezhoršená vlivem po",dvoupruhová,žádný způsob řízení provozu,železniční přejezd zabezpečený,mimo křižovatku,ano,P4501,4.06517374579,Roztoky u Jilemnice - Martinice v Krkonoších,"84,677",Ne,C,,,50° 34' 10.95499'' N,15° 29' 28.69583'' E,50.56971,15.4913
15.230025299007266,50.537089042417591,181106100578,Hrubá Skála (Liberecký kraj),2010-12-20 20:08:00,silnice 3.třídy,27921,řidičem motorového vozidla,s řidičským oprávněním skupiny b,řidič nebyl ovlivněn,ne,dobrý -žádné nepříznivé okolnosti nebyly zjištěny,0,0,0,2,AUDI,nedošlo k požáru,2000,"došlo k úniku pohonných hmot, oleje, chl",osobní automobil bez přívěsu,2010,"soukromé, nevyužívané k výdělečné činnos",1500,nebylo třeba užít násilí,nehoda pouze s hmotnou škodou,z boku,jiné nedání přednosti,"souvislá sněhová vrstva, rozbředlý sníh",neztížené,dobré,na jízdním pruhu,přednost nevyznačena - vyplývá z pravide,přímý úsek,neurčeno,jedoucí - ve směru staničení na komunika,srážka s vlakem,"nepřichází v úvahu, nejde o srážku s pev",živice,jiný (neuvedený) stav nebo závada komuni,"v noci - bez veřejného osvětlení,viditel",dvoupruhová,místní úprava (vyplní se pol. 24),železniční přejezd nezabezpečený,mimo křižovatku,ano,P3170,4.08546828317,Rovensko pod Troskami - Hrubá Skála,"20,484",Ne,III.,27921,2. přejezd v Borku,50° 32' 13.42032'' N,15° 13' 47.94881'' E,50.53706,15.22999
12.187661119177157,50.216117884928998,190206100063,Aš (Karlovarský kraj),2010-02-10 17:30:00,komunikace místní,0,řidičem motorového vozidla,s řidičským oprávněním skupiny b,řidič nebyl ovlivněn,ne,dobrý -žádné nepříznivé okolnosti nebyly zjištěny,0,0,0,2,SEAT,nedošlo k požáru,1500,žádné z uvedených,osobní automobil bez přívěsu,2007,registrované mimo území ČR,700,nebylo třeba užít násilí,nehoda pouze s hmotnou škodou,boční,jiné nedání přednosti,"souvislá sněhová vrstva, rozbředlý sníh",sněžení,dobré,na jízdním pruhu,přednost nevyznačena - vyplývá z pravide,přímý úsek,neurčeno,vozidlo jedoucí - na komunikaci bez stan,srážka s vlakem,"nepřichází v úvahu, nejde o srážku s pev",živice,"dobrý, bez závad","ve dne, zhoršená viditelnost vlivem pově",dvoupruhová,místní úprava (vyplní se pol. 24),železniční přejezd nezabezpečený,mimo křižovatku,ne,P331,7.6981378603,Aš - Aš město,"1,565",Ne,C,,,50° 12' 57.77459'' N,12° 11' 15.50037'' E,50.21605,12.18764
12.439845341126761,50.116826068738206,190206100160,Třebeň (Karlovarský kraj),2010-05-05 23:59:00,silnice 3.třídy,21226,řidičem motorového vozidla,nezjištěno,jiné ovlivnění,nezjišťováno,jiný nepříznivý stav,0,0,0,1,žádná z uvedených,žádná z uvedených,70,žádné z uvedených,"nezjištěno, řidič ujel",,žádná z uvedených,0,žádná z uvedených,nehoda pouze s hmotnou škodou,"nepřichází v úvahu, nejde o srážku jedou",řidič se plně nevěnoval řízení vozidla,"povrch suchý, neznečistěný",neztížené,dobré,na jízdním pruhu,žádná místní úprava,přímý úsek,neurčeno,žádná z uvedených,srážka s pevnou překážkou,závory železničního přejezdu,živice,"dobrý, bez závad","ve dne, viditelnost nezhoršená vlivem po",dvoupruhová,žádný způsob řízení provozu,železniční přejezd zabezpečený,mimo křižovatku,ne,P96,1.87155527495,Nebanice - Tršnice,"228,823",Ano,III.,21226,,50° 07' 00.61511'' N,12° 26' 23.50516'' E,50.11684,12.43986
12.609888047817087,49.993841285091698,190206100460,Stará Voda (Karlovarský kraj),2010-11-24 06:45:00,silnice 2.třídy,212,řidičem motorového vozidla,s řidičským oprávněním skupiny b,řidič nebyl ovlivněn,ne,dobrý -žádné nepříznivé okolnosti nebyly zjištěny,0,0,0,1,FORD,nedošlo k požáru,400,žádné z uvedených,osobní automobil bez přívěsu,1997,"soukromé, nevyužívané k výdělečné činnos",200,nebylo třeba užít násilí,nehoda pouze s hmotnou škodou,"nepřichází v úvahu, nejde o srážku jedou","nepř. rychlosti stavu vozovky (náledí, výtluky, bláto, mokrý povrch apod.)","na vozovce je náledí, ujetý sníh - nepos",sněžení,dobré,mimo komunikaci,žádná místní úprava,zatáčka,neurčeno,jedoucí - proti směru staničení na komun,srážka s pevnou překážkou,závory železničního přejezdu,živice,"dobrý, bez závad","v noci - s veřejným osvětlením, zhoršená",žádná z uvedených,žádný způsob řízení provozu,železniční přejezd zabezpečený,mimo křižovatku,ano,P305,3.61174741239,Lázně Kynžvart - Dolní Žandov,"432,588",Ano,II.,212,okr.silnice,49° 59' 37.76467'' N,12° 36' 35.47486'' E,49.99382,12.60985
12.849808446631714,50.228587259547588,190306100040,Karlovy Vary (Karlovarský kraj),2010-01-20 05:16:00,komunikace místní,0,řidičem motorového vozidla,s řidičským oprávněním skupiny b,řidič nebyl ovlivněn,ano - obsah alkoholu v krvi 1‰ a více (2),pod vlivem alkoholu obsah alkoholu v krvi 1‰ a více,0,0,0,3,FORD,nedošlo k požáru,1620,žádné z uvedených,osobní automobil bez přívěsu,1994,"soukromé, nevyužívané k výdělečné činnos",200,nebylo třeba užít násilí,nehoda pouze s hmotnou škodou,z boku,jiné nedání přednosti,povrch mokrý,neztížené,dobré,na jízdním pruhu,přednost nevyznačena - vyplývá z pravide,přímý úsek,neurčeno,vozidlo jedoucí - na komunikaci bez stan,srážka s vlakem,"nepřichází v úvahu, nejde o srážku s pev",živice,"dobrý, bez závad","v noci - s veřejným osvětlením,viditelno",dvoupruhová,místní úprava (vyplní se pol. 24),železniční přejezd zabezpečený,mimo křižovatku,ne,P394,2.27110306949,Karlovy Vary-Březová - Karlovy Vary dol.n.,"52,314",Ne,A,,,50° 13' 42.90821'' N,12° 50' 59.40832'' E,50.22859,12.84984
12.952510202193412,50.300448982222946,190306100080,Ostrov (Karlovarský kraj),2010-02-02 07:20:00,silnice 3.třídy,22127,řidičem motorového vozidla,s řidičským oprávněním skupiny d,řidič nebyl ovlivněn,ne,dobrý -žádné nepříznivé okolnosti nebyly zjištěny,0,0,0,1,KAROSA,nedošlo k požáru,300,žádné z uvedených,autobus,1987,"soukromá organizace (podnikatel, s.r.o.,",100,nebylo třeba užít násilí,nehoda pouze s hmotnou škodou,"nepřichází v úvahu, nejde o srážku jedou",nesprávné otáčení nebo couvání,"na vozovce je náledí, ujetý sníh - posyp","tvoří se námraza, náledí",dobré,mimo komunikaci,přednost nevyznačena - vyplývá z pravide,přímý úsek,neurčeno,jedoucí - proti směru staničení na komun,srážka s pevnou překážkou,"odrazník, patník, sloupek, dopr.značky a",dlažba,"dobrý, bez závad","ve dne, viditelnost nezhoršená vlivem po",dvoupruhová,místní úprava (vyplní se pol. 24),železniční přejezd zabezpečený,mimo křižovatku,ne,P78,9.91984122214,žst. Ostrov nad Ohří,"170,153",Ano,III.,22127,,50° 18' 01.29177'' N,12° 57' 09.07664'' E,50.30036,12.95252
12.767257495726742,50.229577302912169,190306100183,Mírová (Karlovarský kraj),2010-03-25 13:18:00,komunikace místní,0,řidičem motorového vozidla,s řidičským oprávněním skupiny c,řidič nebyl ovlivněn,ne,dobrý -žádné nepříznivé okolnosti nebyly zjištěny,0,1,1,2,MAN,nedošlo k požáru,28600,žádné z uvedených,"nákladní automobil (včetně multikáry, au",2008,"soukromé, využívané k výdělečné činnosti",8000,nebylo třeba užít násilí,nehoda s následky na životě nebo zdraví,z boku,jízda na “červené světlo“,"povrch suchý, neznečistěný",neztížené,dobré,žádné z uvedených,žádná místní úprava,přímý úsek,neurčeno,vozidlo jedoucí - na komunikaci bez stan,srážka s vlakem,"nepřichází v úvahu, nejde o srážku s pev","žádný z uvedených (písek,dřevo atd.)","dobrý, bez závad","ve dne, viditelnost nezhoršená vlivem po",žádná z uvedených,světelným signalizačním zařízením,železniční přejezd zabezpečený,mimo křižovatku,ne,P86,2.53230842995,Karlovy Vary-Dvory - Chodov-karlovarské zhlaví,"195,154",Ano,O,,,50° 13' 46.54240'' N,12° 46' 02.14547'' E,50.2296,12.76726
12.779362530767976,50.262276892884415,190306100216,Božičany (Karlovarský kraj),2010-04-04 11:18:00,silnice 2.třídy,209,řidičem motorového vozidla,s řidičským oprávněním skupiny d,řidič nebyl ovlivněn,ne,dobrý -žádné nepříznivé okolnosti nebyly zjištěny,0,0,0,2,ŠKODA,nedošlo k požáru,500,žádné z uvedených,osobní automobil bez přívěsu,2002,"soukromá organizace (podnikatel, s.r.o.,",450,nebylo třeba užít násilí,nehoda pouze s hmotnou škodou,z boku,proti příkazu dopravní značky STŮJ DEJ PŘEDNOST,"povrch suchý, neznečistěný",neztížené,dobré,na jízdním pruhu,přednost vyznačena dopravními značkami,zatáčka,neurčeno,jedoucí - proti směru staničení na komun,srážka s vlakem,"nepřichází v úvahu, nejde o srážku s pev",živice,"dobrý, bez závad","ve dne, viditelnost nezhoršená vlivem po",dvoupruhová,místní úprava (vyplní se pol. 24),železniční přejezd nezabezpečený,mimo křižovatku,ne,P260,2.25234275279,SEDLECKÝ KAOLIN Božičany - Nová Role,"5,008",Ne,II.,209,,50° 15' 44.14632'' N,12° 46' 45.76504'' E,50.26226,12.77938
12.790336986214326,50.235149945567834,190306100226,Jenišov (Karlovarský kraj),2010-04-20 07:20:00,silnice 3.třídy,2226,řidičem motorového vozidla,nezjištěno,jiné ovlivnění,nezjišťováno,jiný nepříznivý stav,0,0,0,1,žádná z uvedených,žádná z uvedených,100,žádné z uvedených,"nezjištěno, řidič ujel",,žádná z uvedených,0,žádná z uvedených,nehoda pouze s hmotnou škodou,"nepřichází v úvahu, nejde o srážku jedou",jiné nedání přednosti,"povrch suchý, neznečistěný",neztížené,dobré,na jízdním pruhu,žádná místní úprava,přímý úsek,neurčeno,žádná z uvedených,srážka s pevnou překážkou,závory železničního přejezdu,živice,"dobrý, bez závad","ve dne, viditelnost nezhoršená vlivem po",dvoupruhová,světelným signalizačním zařízením,železniční přejezd zabezpečený,mimo křižovatku,ne,P85,6.72839207427,Karlovy Vary-Dvory - Chodov-karlovarské zhlaví,"193,244",Ano,III.,2226,,50° 14' 06.58149'' N,12° 47' 25.55177'' E,50.23516,12.79043
12.782839090099912,50.269462309541495,190306100343,Nová Role (Karlovarský kraj),2010-06-11 10:25:00,silnice 2.třídy,209,řidičem motorového vozidla,s řidičským oprávněním skupiny c,řidič nebyl ovlivněn,ne,dobrý -žádné nepříznivé okolnosti nebyly zjištěny,0,0,0,2,FORD,nedošlo k požáru,10,žádné z uvedených,osobní automobil bez přívěsu,1997,"soukromé, nevyužívané k výdělečné činnos",10,nebylo třeba užít násilí,nehoda pouze s hmotnou škodou,z boku,jízda na “červené světlo“,"povrch suchý, neznečistěný",neztížené,dobré,na jízdním pruhu,žádná místní úprava,přímý úsek,neurčeno,jedoucí - proti směru staničení na komun,srážka s vlakem,"nepřichází v úvahu, nejde o srážku s pev",živice,"dobrý, bez závad","ve dne, viditelnost nezhoršená vlivem po",dvoupruhová,světelným signalizačním zařízením,železniční přejezd zabezpečený,mimo křižovatku,ne,P155,2.92655385188,Stará Role - Nová Role,"11,485",Ne,II.,209,,50° 16' 10.05687'' N,12° 46' 58.36910'' E,50.26946,12.78288