X,Y,id,obec,datum,komunikace,komunika_1,zavineni,ridic_kate,ridic_ovli,vinik_alko,ridic_stav,obeti_usmr,obeti_lehc,obeti_tezc,vozidel_ce,vinik_vozi,vinik_vo_1,skoda,unik_hmot,vinik_vo_2,vinik_vo_3,vinik_vo_4,vinik_skod,vyprosteni,nehoda_cha,srazka_voz,hlavni_pri,povrch_sta,meteo,rozhled,nehoda_pol,prednost_v,smerove_po,druh_krizu,smer_jizdy,nehoda_dru,pevna_prek,povrch_dru,komunika_2,viditelnos,komunika_3,rizeni_pro,objekty,misto_neho,smyk,neighbors_TargetID,neighbors_Distance,neighbors_prejezdy-dec_Název definičního úseku,neighbors_prejezdy-dec_Žkm přejezdu,neighbors_prejezdy-dec_Přejezd s trolejovým vedením,neighbors_prejezdy-dec_Třída pozemní komunikace,neighbors_prejezdy-dec_Číslo pozemní komunikace,neighbors_prejezdy-dec_Místní název přejezdu,neighbors_prejezdy-dec_Zeměpisná šířka,neighbors_prejezdy-dec_Zeměpisná délka,neighbors_prejezdy-dec_field_10,neighbors_prejezdy-dec_field_11
12.732262938136465,50.319732634978067,190306100731,Nejdek (Karlovarský kraj),2010-12-12 19:45:00,silnice 3.třídy,20910,chodcem,nezjištěno,jiné ovlivnění,ne,jiný nepříznivý stav,0,0,1,1,žádná z uvedených,žádná z uvedených,0,žádné z uvedených,vlak,,žádná z uvedených,0,žádná z uvedených,nehoda s následky na životě nebo zdraví,"nepřichází v úvahu, nejde o srážku jedou",nezaviněná řidičem,"na vozovce je náledí, ujetý sníh - nepos",neztížené,dobré,žádné z uvedených,žádná místní úprava,přímý úsek,neurčeno,žádná z uvedených,srážka s chodcem,"nepřichází v úvahu, nejde o srážku s pev","žádný z uvedených (písek,dřevo atd.)","dobrý, bez závad","v noci - s veřejným osvětlením,viditelno",žádná z uvedených,světelným signalizačním zařízením,železniční přejezd zabezpečený,mimo křižovatku,ne,P171,34.4908390533,žst. Nejdek,"19,08",Ne,III.,20910,,50° 19' 10.67716'' N,12° 43' 57.79041'' E,50.31963,12.73272
12.545951920621837,50.280772260279342,190906100043,Oloví (Karlovarský kraj),2010-02-02 10:00:00,silnice 3.třídy,21042,řidičem motorového vozidla,s řidičským oprávněním skupiny c,řidič nebyl ovlivněn,ne,dobrý -žádné nepříznivé okolnosti nebyly zjištěny,0,0,0,2,MAN,nedošlo k požáru,2000,žádné z uvedených,"nákladní automobil (včetně multikáry, au",2002,"soukromá organizace (podnikatel, s.r.o.,",900,nebylo třeba užít násilí,nehoda pouze s hmotnou škodou,boční,jiný druh nesprávného způsobu jízdy,povrch mokrý,neztížené,dobré,na jízdním pruhu,přednost nevyznačena - vyplývá z pravide,přímý úsek po projetí zatáčkou (do vzdál,neurčeno,jedoucí - ve směru staničení na komunika,srážka s vlakem,"nepřichází v úvahu, nejde o srážku s pev",živice,"dobrý, bez závad","ve dne, viditelnost nezhoršená vlivem po",dvoupruhová,místní úprava (vyplní se pol. 24),železniční přejezd nezabezpečený,mimo křižovatku,ne,P140,62.7445977837,Oloví - Rotava,"16,822",Ne,III.,21042,,50° 16' 52.77158'' N,12° 32' 44.95390'' E,50.28133,12.54582
12.748730574640193,50.192392627485759,190906100156,Loket (Karlovarský kraj),2010-05-23 15:58:00,silnice 2.třídy,209,řidičem motorového vozidla,s řidičským oprávněním skupiny b,řidič nebyl ovlivněn,ne,dobrý -žádné nepříznivé okolnosti nebyly zjištěny,0,1,0,2,PEUGEOT,nedošlo k požáru,20,žádné z uvedených,osobní automobil bez přívěsu,2003,"soukromé, nevyužívané k výdělečné činnos",10,nebylo třeba užít násilí,nehoda s následky na životě nebo zdraví,boční,jiný druh nesprávného způsobu jízdy,"povrch suchý, neznečistěný",neztížené,dobré,na jízdním pruhu,přednost vyznačena dopravními značkami,křižovatka styková - tříramenná,místní komunikace,zachycuje směr jízdy křižovatkou,srážka s jedoucím nekolejovým vozidlem,"nepřichází v úvahu, nejde o srážku s pev",živice,"dobrý, bez závad","ve dne, viditelnost nezhoršená vlivem po",dvoupruhová,místní úprava (vyplní se pol. 24),železniční přejezd zabezpečený,"na křižovatce, uvnitř hranic křižovatky",ne,P405,16.9245498466,Loket - Nové Sedlo u Lokte,"15,61",Ne,II.,209,,50° 11' 32.21638'' N,12° 44' 56.00634'' E,50.19228,12.74889
12.6497437147507,50.189238598498761,190906100298,Sokolov (Karlovarský kraj),2010-09-09 17:40:00,komunikace účelová - ostatní (parkoviště apod.),0,řidičem motorového vozidla,s řidičským oprávněním skupiny b,řidič nebyl ovlivněn,ne,dobrý -žádné nepříznivé okolnosti nebyly zjištěny,0,0,0,2,FORD,nedošlo k požáru,300,"došlo k úniku pohonných hmot, oleje, chl",osobní automobil bez přívěsu,2001,"soukromé, nevyužívané k výdělečné činnos",300,nebylo třeba užít násilí,nehoda pouze s hmotnou škodou,z boku,jiný druh nesprávného způsobu jízdy,"povrch suchý, neznečistěný",neztížené,dobré,na jízdním pruhu,žádná místní úprava,přímý úsek,neurčeno,vozidlo jedoucí - na komunikaci bez stan,srážka s vlakem,"nepřichází v úvahu, nejde o srážku s pev",panely,"dobrý, bez závad","ve dne, viditelnost nezhoršená vlivem po",dvoupruhová,žádný způsob řízení provozu,železniční přejezd nezabezpečený,mimo křižovatku,ne,P129,1246.06093916,"km 0,664 - Svatava","0,791",Ne,O,,,50° 11' 06.16327'' N,12° 38' 00.80106'' E,50.18505,12.63356
12.553032051898098,50.258902065240058,190906100334,Oloví (Karlovarský kraj),2010-10-10 10:00:00,komunikace místní,0,řidičem motorového vozidla,s řidičským oprávněním skupiny b,řidič nebyl ovlivněn,ne,dobrý -žádné nepříznivé okolnosti nebyly zjištěny,0,0,0,2,BMW,nedošlo k požáru,660,žádné z uvedených,osobní automobil bez přívěsu,1994,soukromé bezpečnostní agentury,150,nebylo třeba užít násilí,nehoda pouze s hmotnou škodou,čelní,proti příkazu dopravní značky STŮJ DEJ PŘEDNOST,"povrch suchý, neznečistěný",neztížené,dobré,na jízdním pruhu,přednost vyznačena dopravními značkami,přímý úsek,neurčeno,vozidlo jedoucí - na komunikaci bez stan,srážka s vlakem,"nepřichází v úvahu, nejde o srážku s pev",živice,"dobrý, bez závad","ve dne, viditelnost nezhoršená vlivem po",dvoupruhová,místní úprava (vyplní se pol. 24),železniční přejezd nezabezpečený,mimo křižovatku,ne,P137,6.83890821419,Oloví - Rotava,"13,25",Ne,MK,,,50° 15' 32.24105'' N,12° 33' 10.79214'' E,50.25896,12.553
14.523366574285898,50.13620660328138,2100111569,Praha (Hlavní město Praha),2011-02-02 17:50:00,komunikace sledovaná (ve vybraných městech),0,závadou komunikace,s řidičským oprávněním skupiny b,řidič nebyl ovlivněn,nezjišťováno,dobrý -žádné nepříznivé okolnosti nebyly zjištěny,0,0,0,1,ŠKODA,nedošlo k požáru,200,žádné z uvedených,osobní automobil bez přívěsu,2009,"soukromé, využívané k výdělečné činnosti",200,nebylo třeba užít násilí,nehoda pouze s hmotnou škodou,"nepřichází v úvahu, nejde o srážku jedou",nezaviněná řidičem,"povrch suchý, neznečistěný",neztížené,dobré,na jízdním pruhu,žádná místní úprava,přímý úsek,neurčeno,jedoucí - proti směru staničení na komun,srážka s pevnou překážkou,"jiná překážka (zábradlí,oplocení,násep,n",beton,nesouvislé výtluky,"v noci - bez veřejného osvětlení,viditel",dvoupruhová,žádný způsob řízení provozu,železniční přejezd nezabezpečený,mimo křižovatku,ne,P2657,958.281428998,Praha-Satalice - Praha-Čakovice,"18,522",Ne,MK,,,50° 08' 39.12045'' N,14° 31' 42.13370'' E,50.1442,14.52837
14.408720943478752,50.029693731006589,2100114952,Praha (Hlavní město Praha),2011-05-05 23:59:00,komunikace místní,0,řidičem motorového vozidla,nezjištěno,jiné ovlivnění,nezjišťováno,jiný nepříznivý stav,0,0,0,1,žádná z uvedených,žádná z uvedených,50,žádné z uvedených,"nezjištěno, řidič ujel",,žádná z uvedených,0,žádná z uvedených,nehoda pouze s hmotnou škodou,"nepřichází v úvahu, nejde o srážku jedou",řidič se plně nevěnoval řízení vozidla,"povrch suchý, neznečistěný",neztížené,dobré,na jízdním pruhu,žádná místní úprava,přímý úsek po projetí zatáčkou (do vzdál,neurčeno,žádná z uvedených,srážka s pevnou překážkou,závory železničního přejezdu,živice,"dobrý, bez závad","ve dne, viditelnost nezhoršená vlivem po",dvoupruhová,žádný způsob řízení provozu,železniční přejezd zabezpečený,mimo křižovatku,ne,P5729,4.30554031409,Praha Krč - Praha Braník,"8,54",Ne,II.,,,50° 01' 47.01359'' N,14° 24' 31.32196'' E,50.02973,14.4087
14.393784197345637,50.040770356090746,2100116024,Praha (Hlavní město Praha),2011-05-17 23:59:00,komunikace sledovaná (ve vybraných městech),0,řidičem motorového vozidla,nezjištěno,jiné ovlivnění,nezjišťováno,jiný nepříznivý stav,0,0,0,1,žádná z uvedených,žádná z uvedených,500,žádné z uvedených,"nezjištěno, řidič ujel",,žádná z uvedených,0,žádná z uvedených,nehoda pouze s hmotnou škodou,"nepřichází v úvahu, nejde o srážku jedou",jiný druh nesprávného způsobu jízdy,"povrch suchý, neznečistěný",neztížené,dobré,na jízdním pruhu,žádná místní úprava,přímý úsek,neurčeno,žádná z uvedených,srážka s pevnou překážkou,"odrazník, patník, sloupek, dopr.značky a",živice,"dobrý, bez závad","ve dne, viditelnost nezhoršená vlivem po",dvoupruhová,žádný způsob řízení provozu,železniční přejezd zabezpečený,mimo křižovatku,ne,P2222,5.31541133177,Praha-Smíchov-jižní zhlaví - Praha - Hlubočepy,"3,522",Ne,III.,,ul. Slivenecká,50° 02' 26.75693'' N,14° 23' 37.36064'' E,50.04077,14.39371
14.515323412973288,50.150969018790356,2100116207,Praha (Hlavní město Praha),2011-05-27 23:59:00,komunikace sledovaná (ve vybraných městech),0,řidičem motorového vozidla,nezjištěno,jiné ovlivnění,nezjišťováno,jiný nepříznivý stav,0,0,0,1,žádná z uvedených,žádná z uvedených,100,žádné z uvedených,"nezjištěno, řidič ujel",,žádná z uvedených,0,žádná z uvedených,nehoda pouze s hmotnou škodou,"nepřichází v úvahu, nejde o srážku jedou",jiný druh nesprávného způsobu jízdy,"povrch suchý, neznečistěný",neztížené,dobré,na jízdním pruhu,žádná místní úprava,přímý úsek,neurčeno,žádná z uvedených,srážka s pevnou překážkou,závory železničního přejezdu,živice,"dobrý, bez závad","ve dne, viditelnost nezhoršená vlivem po",dvoupruhová,žádný způsob řízení provozu,železniční přejezd zabezpečený,mimo křižovatku,ne,P2658,2.25905200544,Praha-Čakovice - Měšice u Prahy,"19,791",Ne,B,18,Cukrovarská,50° 09' 03.53574'' N,14° 30' 55.27119'' E,50.15098,14.51535
14.310620813637504,50.031947885134763,2100116844,Praha (Hlavní město Praha),2011-06-10 15:00:00,komunikace sledovaná (ve vybraných městech),0,řidičem motorového vozidla,s řidičským oprávněním skupiny b,řidič nebyl ovlivněn,ne,dobrý -žádné nepříznivé okolnosti nebyly zjištěny,0,0,0,1,VOLKSWAGEN,nedošlo k požáru,110,žádné z uvedených,osobní automobil bez přívěsu,2010,"soukromá organizace (podnikatel, s.r.o.,",100,nebylo třeba užít násilí,nehoda pouze s hmotnou škodou,"nepřichází v úvahu, nejde o srážku jedou",řidič se plně nevěnoval řízení vozidla,"povrch suchý, neznečistěný",neztížené,dobré,na jízdním pruhu,žádná místní úprava,přímý úsek,neurčeno,jedoucí - ve směru staničení na komunika,srážka s pevnou překážkou,závory železničního přejezdu,živice,"dobrý, bez závad","ve dne, viditelnost nezhoršená vlivem po",dvoupruhová,žádný způsob řízení provozu,železniční přejezd zabezpečený,mimo křižovatku,ne,P2224,13.6198173007,žst. Praha-Řeporyje,"10,066",Ne,III.,1154,,50° 01' 55.05830'' N,14° 18' 38.90775'' E,50.03196,14.31081
14.361610238659484,49.984080308036482,2100117993,Praha (Hlavní město Praha),2011-07-07 18:00:00,komunikace místní,0,řidičem motorového vozidla,nezjištěno,jiné ovlivnění,nezjišťováno,jiný nepříznivý stav,0,0,0,1,žádná z uvedených,žádná z uvedených,50,žádné z uvedených,"nezjištěno, řidič ujel",,žádná z uvedených,0,žádná z uvedených,nehoda pouze s hmotnou škodou,"nepřichází v úvahu, nejde o srážku jedou",jiný druh nesprávného způsobu jízdy,"povrch suchý, neznečistěný",neztížené,dobré,na jízdním pruhu,žádná místní úprava,přímý úsek,neurčeno,žádná z uvedených,srážka s pevnou překážkou,závory železničního přejezdu,živice,"dobrý, bez závad","ve dne, viditelnost nezhoršená vlivem po",dvoupruhová,žádný způsob řízení provozu,železniční přejezd zabezpečený,mimo křižovatku,ne,P262,9.29480389687,žst. Praha-Radotín,"10,028",Ano,III.,,"u okrsku, ul. Na Betonce",49° 59' 02.46094'' N,14° 21' 42.10760'' E,49.98402,14.3617
14.513540976851298,50.152238973401147,2100119960,Praha (Hlavní město Praha),2011-08-19 18:00:00,komunikace místní,0,řidičem motorového vozidla,s řidičským oprávněním skupiny c,řidič nebyl ovlivněn,ne,dobrý -žádné nepříznivé okolnosti nebyly zjištěny,0,1,0,2,SCANIA,nedošlo k požáru,31200,"došlo k úniku pohonných hmot, oleje, chl",nákladní automobil s návěsem,2002,"soukromá organizace (podnikatel, s.r.o.,",4000,nebylo třeba užít násilí,nehoda s následky na životě nebo zdraví,z boku,jiné nedání přednosti,"povrch suchý, neznečistěný",neztížené,dobré,žádné z uvedených,žádná místní úprava,přímý úsek,neurčeno,vozidlo jedoucí - na komunikaci bez stan,srážka s vlakem,"nepřichází v úvahu, nejde o srážku s pev",živice,"dobrý, bez závad","ve dne, viditelnost nezhoršená vlivem po",dvoupruhová,žádný způsob řízení provozu,železniční přejezd zabezpečený,mimo křižovatku,ne,P2659,6.61703034203,Praha-Čakovice - Měšice u Prahy,"19,98",Ne,O,,do Calofrigu,50° 09' 08.09571'' N,14° 30' 48.40590'' E,50.15225,14.51345
14.361659037781855,49.984070049512937,3100113146,Praha (Hlavní město Praha),2011-10-24 23:59:00,komunikace místní,0,řidičem motorového vozidla,nezjištěno,jiné ovlivnění,nezjišťováno,jiný nepříznivý stav,0,0,0,1,žádná z uvedených,žádná z uvedených,50,žádné z uvedených,"nezjištěno, řidič ujel",,žádná z uvedených,0,žádná z uvedených,nehoda pouze s hmotnou škodou,"nepřichází v úvahu, nejde o srážku jedou",jiný druh nesprávného způsobu jízdy,"povrch suchý, neznečistěný",neztížené,dobré,žádné z uvedených,žádná místní úprava,přímý úsek,neurčeno,žádná z uvedených,srážka s pevnou překážkou,závory železničního přejezdu,panely,"dobrý, bez závad","ve dne, viditelnost nezhoršená vlivem po",dvoupruhová,žádný způsob řízení provozu,železniční přejezd zabezpečený,mimo křižovatku,ne,P262,6.29223174128,žst. Praha-Radotín,"10,028",Ano,III.,,"u okrsku, ul. Na Betonce",49° 59' 02.46094'' N,14° 21' 42.10760'' E,49.98402,14.3617
14.43645233196113,50.104661805191832,3100115710,Praha (Hlavní město Praha),2011-12-13 09:15:00,komunikace sledovaná (ve vybraných městech),0,řidičem motorového vozidla,nezjištěno,jiné ovlivnění,nezjišťováno,jiný nepříznivý stav,0,0,0,1,žádná z uvedených,žádná z uvedených,75,žádné z uvedených,"nezjištěno, řidič ujel",,žádná z uvedených,0,žádná z uvedených,nehoda pouze s hmotnou škodou,"nepřichází v úvahu, nejde o srážku jedou",řidič se plně nevěnoval řízení vozidla,"povrch suchý, neznečistěný",neztížené,dobré,na jízdním pruhu,žádná místní úprava,přímý úsek,neurčeno,žádná z uvedených,srážka s pevnou překážkou,závory železničního přejezdu,živice,"dobrý, bez závad","ve dne, viditelnost nezhoršená vlivem po",vícepruhová,žádný způsob řízení provozu,železniční přejezd zabezpečený,mimo křižovatku,ne,P1,7.5957534243,Praha-Bubny - Praha-Dejvice,"0,767",Ne,B,,Bubenská třída,50° 06' 16.85545'' N,14° 26' 10.84575'' E,50.10468,14.43635
14.715143343651205,49.863606340778418,10106110153,Lštění (Středočeský kraj),2011-03-11 13:40:00,komunikace místní,0,řidičem motorového vozidla,s řidičským oprávněním skupiny b,řidič nebyl ovlivněn,ne,dobrý -žádné nepříznivé okolnosti nebyly zjištěny,0,0,0,2,FIAT,žádná z uvedených,1200,"došlo k úniku pohonných hmot, oleje, chl","nákladní automobil (včetně multikáry, au",2007,"soukromá organizace (podnikatel, s.r.o.,",900,nebylo třeba užít násilí,nehoda pouze s hmotnou škodou,z boku,proti příkazu dopravní značky STŮJ DEJ PŘEDNOST,"povrch suchý, neznečistěný",neztížené,dobré,na jízdním pruhu,přednost vyznačena dopravními značkami,přímý úsek,neurčeno,vozidlo jedoucí - na komunikaci bez stan,srážka s vlakem,"nepřichází v úvahu, nejde o srážku s pev",živice,"dobrý, bez závad","ve dne, viditelnost nezhoršená vlivem po",dvoupruhová,místní úprava (vyplní se pol. 24),železniční přejezd nezabezpečený,mimo křižovatku,ne,P5803,1.38836490968,Hvězdonice - Čerčany,"63,812",Ne,C,,U inženýra Ondřicha,49° 51' 48.95147'' N,14° 42' 54.58525'' E,49.8636,14.71516
14.556785331615719,49.661368200971033,10106110203,Vrchotovy Janovice (Středočeský kraj),2011-04-12 18:29:00,silnice 1.třídy,18,řidičem motorového vozidla,s řidičským oprávněním skupiny b,oslněn sluncem,ne,dobrý -žádné nepříznivé okolnosti nebyly zjištěny,0,0,0,2,FORD,žádná z uvedených,200,"došlo k úniku pohonných hmot, oleje, chl",osobní automobil bez přívěsu,1995,"soukromé, nevyužívané k výdělečné činnos",100,nebylo třeba užít násilí,nehoda pouze s hmotnou škodou,z boku,jiné nedání přednosti,povrch mokrý,neztížené,dobré,na jízdním pruhu,přednost nevyznačena - vyplývá z pravide,přímý úsek,neurčeno,jedoucí - proti směru staničení na komun,srážka s vlakem,"nepřichází v úvahu, nejde o srážku s pev",živice,"dobrý, bez závad","ve dne, viditelnost nezhoršená vlivem po",dvoupruhová,místní úprava (vyplní se pol. 24),železniční přejezd nezabezpečený,mimo křižovatku,ne,P6073,1.07732372145,Olbramovice - Štětkovice,"6,115",Ne,I.,18,zast.Voračice,49° 39' 40.93954'' N,14° 33' 24.46504'' E,49.66137,14.5568
14.581783966065993,49.608427985823518,10106110720,Heřmaničky (Středočeský kraj),2011-12-12 17:45:00,silnice 3.třídy,12138,řidičem motorového vozidla,s řidičským oprávněním skupiny b,řidič nebyl ovlivněn,ne,dobrý -žádné nepříznivé okolnosti nebyly zjištěny,0,0,0,1,ŠKODA,nedošlo k požáru,70,žádné z uvedených,osobní automobil bez přívěsu,1993,"soukromé, nevyužívané k výdělečné činnos",50,nebylo třeba užít násilí,nehoda pouze s hmotnou škodou,"nepřichází v úvahu, nejde o srážku jedou","nepř. rychlosti stavu vozovky (náledí, výtluky, bláto, mokrý povrch apod.)","povrch suchý, znečist. (písek,listí,štěr",neztížené,dobré,na jízdním pruhu,žádná místní úprava,přímý úsek,neurčeno,jedoucí - proti směru staničení na komun,srážka s pevnou překážkou,závory železničního přejezdu,živice,"dobrý, bez závad","v noci - bez veřejného osvětlení,viditel",dvoupruhová,žádný způsob řízení provozu,železniční přejezd zabezpečený,mimo křižovatku,ano,P5663,5.49895001536,Heřmaničky - Votice,"111,469",Ano,III.,12138,,49° 36' 30.33761'' N,14° 34' 54.70491'' E,49.60843,14.58186
14.131708466420054,49.933281960845306,10206110077,Srbsko (Středočeský kraj),2011-02-25 10:34:00,silnice 3.třídy,11614,řidičem motorového vozidla,s řidičským oprávněním skupiny c,řidič nebyl ovlivněn,ne,dobrý -žádné nepříznivé okolnosti nebyly zjištěny,0,1,0,2,SCANIA,žádná z uvedených,36000,žádné z uvedených,nákladní automobil s návěsem,2006,"soukromá organizace (podnikatel, s.r.o.,",5000,nebylo třeba užít násilí,nehoda s následky na životě nebo zdraví,z boku,nesprávné otáčení nebo couvání,"povrch suchý, neznečistěný",neztížené,dobré,na jízdním pruhu,žádná místní úprava,křižovatka styková - tříramenná,místní komunikace,zachycuje směr jízdy křižovatkou,srážka s vlakem,"nepřichází v úvahu, nejde o srážku s pev",živice,"dobrý, bez závad","ve dne, viditelnost nezhoršená vlivem po",dvoupruhová,světelným signalizačním zařízením,železniční přejezd zabezpečený,"na křižovatce, uvnitř hranic křižovatky",ne,P277,3.11254082952,Karlštejn - Beroun-os.n.,"33,041",Ano,III.,11614,,49° 55' 59.83990'' N,14° 07' 54.28223'' E,49.93329,14.13175
14.081951199075988,49.970058551593972,10206110230,Beroun (Středočeský kraj),2011-06-12 22:00:00,silnice 2.třídy,118,závadou komunikace,s řidičským oprávněním skupiny b,řidič nebyl ovlivněn,nezjišťováno,dobrý -žádné nepříznivé okolnosti nebyly zjištěny,0,1,0,1,FORD,žádná z uvedených,310,žádné z uvedených,"nákladní automobil (včetně multikáry, au",1998,"soukromé, nevyužívané k výdělečné činnos",300,nebylo třeba užít násilí,nehoda s následky na životě nebo zdraví,"nepřichází v úvahu, nejde o srážku jedou",nezaviněná řidičem,"povrch suchý, neznečistěný",neztížené,dobré,na jízdním pruhu,žádná místní úprava,přímý úsek,neurčeno,jedoucí - ve směru staničení na komunika,srážka s pevnou překážkou,"jiná překážka (zábradlí,oplocení,násep,n",živice,jiný (neuvedený) stav nebo závada komuni,"v noci - s veřejným osvětlením,viditelno",dvoupruhová,světelným signalizačním zařízením,železniční přejezd zabezpečený,mimo křižovatku,ne,P2203,5.48159755955,Beroun-Závodí - Vráž u Berouna,"2,022",Ne,II.,605,,49° 58' 12.30247'' N,14° 04' 55.27214'' E,49.97008,14.08202
14.035305297405561,49.990862652060024,10206110239,Hýskov (Středočeský kraj),2011-06-20 23:59:00,silnice 2.třídy,116,řidičem motorového vozidla,nezjištěno,jiné ovlivnění,nezjišťováno,jiný nepříznivý stav,0,0,0,1,žádná z uvedených,žádná z uvedených,50,žádné z uvedených,"nezjištěno, řidič ujel",,žádná z uvedených,0,žádná z uvedených,nehoda pouze s hmotnou škodou,"nepřichází v úvahu, nejde o srážku jedou",jiný druh nesprávného způsobu jízdy,"povrch suchý, neznečistěný",neztížené,dobré,mimo komunikaci,přednost vyznačena přenosnými dopravními,přímý úsek,neurčeno,žádná z uvedených,srážka s pevnou překážkou,"sloup - telefonní, veř.osvětlení, el.ved",živice,"dobrý, bez závad","ve dne, viditelnost nezhoršená vlivem po",dvoupruhová,místní úprava (vyplní se pol. 24),železniční přejezd zabezpečený,mimo křižovatku,ne,P2319,18.4347532856,Hýskov - Nižbor,"6,431",Ne,III.,1164,,49° 59' 27.03707'' N,14° 02' 08.00780'' E,49.99084,14.03556
14.035416558726862,49.990804071971105,10206110370,Hýskov (Středočeský kraj),2011-09-16 23:59:00,silnice 3.třídy,1164,řidičem motorového vozidla,nezjištěno,jiné ovlivnění,nezjišťováno,jiný nepříznivý stav,0,0,0,1,žádná z uvedených,žádná z uvedených,50,žádné z uvedených,"nezjištěno, řidič ujel",,žádná z uvedených,0,žádná z uvedených,nehoda pouze s hmotnou škodou,"nepřichází v úvahu, nejde o srážku jedou",jiný druh nesprávného způsobu jízdy,"povrch suchý, neznečistěný",neztížené,dobré,mimo komunikaci,žádná místní úprava,přímý úsek,neurčeno,žádná z uvedených,srážka s pevnou překážkou,"sloup - telefonní, veř.osvětlení, el.ved",živice,"dobrý, bez závad","ve dne, viditelnost nezhoršená vlivem po",dvoupruhová,žádný způsob řízení provozu,železniční přejezd zabezpečený,mimo křižovatku,ne,P2319,11.0338943972,Hýskov - Nižbor,"6,431",Ne,III.,1164,,49° 59' 27.03707'' N,14° 02' 08.00780'' E,49.99084,14.03556
14.17975858326241,49.932343194968773,10206110456,Karlštejn (Středočeský kraj),2011-11-11 09:38:00,silnice 3.třídy,11615,řidičem motorového vozidla,s řidičským oprávněním skupiny c,řidič nebyl ovlivněn,ne,dobrý -žádné nepříznivé okolnosti nebyly zjištěny,0,0,0,1,TATRA,nedošlo k požáru,55,žádné z uvedených,"nákladní automobil (včetně multikáry, au",1973,"soukromé, využívané k výdělečné činnosti",5,nebylo třeba užít násilí,nehoda pouze s hmotnou škodou,"nepřichází v úvahu, nejde o srážku jedou",jiný druh nesprávného způsobu jízdy,"povrch suchý, neznečistěný",neztížené,dobré,na jízdním pruhu,žádná místní úprava,přímý úsek,neurčeno,jedoucí - ve směru staničení na komunika,srážka s pevnou překážkou,závory železničního přejezdu,živice,"dobrý, bez závad","ve dne, viditelnost nezhoršená vlivem po",dvoupruhová,žádný způsob řízení provozu,železniční přejezd zabezpečený,mimo křižovatku,ne,P275,3.99748232653,Zadní Třebaň - Karlštejn,"29,399",Ano,III.,11615,,49° 55' 56.31520'' N,14° 10' 47.19395'' E,49.93231,14.17978
14.023829473876493,49.836020115687667,10206110469,Hostomice (Středočeský kraj),2011-10-26 08:30:00,silnice 2.třídy,114,řidičem motorového vozidla,s řidičským oprávněním skupiny c,řidič nebyl ovlivněn,ne,dobrý -žádné nepříznivé okolnosti nebyly zjištěny,0,0,0,1,MERCEDES,žádná z uvedených,1100,žádné z uvedených,nákladní automobil s návěsem,2011,"soukromá organizace (podnikatel, s.r.o.,",1100,nebylo třeba užít násilí,nehoda pouze s hmotnou škodou,"nepřichází v úvahu, nejde o srážku jedou","nepř. rychlosti dopravně technickému stavu vozovky (zatáčka,klesání,stoupání,šířka apod.)","povrch suchý, neznečistěný",neztížené,dobré,na jízdním pruhu,žádná místní úprava,přímý úsek po projetí zatáčkou (do vzdál,neurčeno,jedoucí - proti směru staničení na komun,srážka s pevnou překážkou,"jiná překážka (zábradlí,oplocení,násep,n",živice,"dobrý, bez závad","ve dne, viditelnost nezhoršená vlivem po",dvoupruhová,žádný způsob řízení provozu,železniční přejezd nezabezpečený,mimo křižovatku,ne,P592,3.04605569358,Hostomice pod Brdy - Neumětely,"20,57",Ne,II.,114,,49° 50' 09.71195'' N,14° 01' 25.64993'' E,49.83603,14.02379
14.179740525309221,49.932318170851993,10206110477,Karlštejn (Středočeský kraj),2011-11-15 06:00:00,silnice 3.třídy,11615,řidičem motorového vozidla,nezjištěno,jiné ovlivnění,nezjišťováno,jiný nepříznivý stav,0,0,0,1,žádná z uvedených,žádná z uvedených,100,žádné z uvedených,"nezjištěno, řidič ujel",,žádná z uvedených,0,žádná z uvedených,nehoda pouze s hmotnou škodou,"nepřichází v úvahu, nejde o srážku jedou",jiný druh nesprávného způsobu jízdy,"povrch suchý, neznečistěný",mlha,dobré,na jízdním pruhu,žádná místní úprava,přímý úsek,neurčeno,žádná z uvedených,srážka s pevnou překážkou,závory železničního přejezdu,živice,"dobrý, bez závad","v noci - s veřejným osvětlením, zhoršená",dvoupruhová,žádný způsob řízení provozu,železniční přejezd zabezpečený,mimo křižovatku,ne,P275,2.97485176579,Zadní Třebaň - Karlštejn,"29,399",Ano,III.,11615,,49° 55' 56.31520'' N,14° 10' 47.19395'' E,49.93231,14.17978
14.03015442941429,49.937808114241676,10206110514,Králův Dvůr (Středočeský kraj),2011-12-12 09:15:00,silnice 3.třídy,11542,řidičem motorového vozidla,s řidičským oprávněním skupiny c,řidič nebyl ovlivněn,ne,dobrý -žádné nepříznivé okolnosti nebyly zjištěny,0,0,0,1,IVECO,žádná z uvedených,11,žádné z uvedených,"nákladní automobil (včetně multikáry, au",2010,"soukromá organizace (podnikatel, s.r.o.,",10,nebylo třeba užít násilí,nehoda pouze s hmotnou škodou,"nepřichází v úvahu, nejde o srážku jedou",jiné nedání přednosti,povrch mokrý,neztížené,dobré,na jízdním pruhu,žádná místní úprava,přímý úsek,neurčeno,jedoucí - ve směru staničení na komunika,srážka s pevnou překážkou,závory železničního přejezdu,živice,"dobrý, bez závad","ve dne, viditelnost nezhoršená vlivem po",dvoupruhová,světelným signalizačním zařízením,železniční přejezd zabezpečený,mimo křižovatku,ne,P279,1.68102477394,Beroun-stav.6 - Zdice,"42,808",Ano,III.,11542,okr.silnice na Křižatky,49° 56' 16.14882'' N,14° 01' 48.50751'' E,49.93782,14.03014