X,Y,id,obec,datum,komunikace,komunika_1,zavineni,ridic_kate,ridic_ovli,vinik_alko,ridic_stav,obeti_usmr,obeti_lehc,obeti_tezc,vozidel_ce,vinik_vozi,vinik_vo_1,skoda,unik_hmot,vinik_vo_2,vinik_vo_3,vinik_vo_4,vinik_skod,vyprosteni,nehoda_cha,srazka_voz,hlavni_pri,povrch_sta,meteo,rozhled,nehoda_pol,prednost_v,smerove_po,druh_krizu,smer_jizdy,nehoda_dru,pevna_prek,povrch_dru,komunika_2,viditelnos,komunika_3,rizeni_pro,objekty,misto_neho,smyk,neighbors_TargetID,neighbors_Distance,neighbors_prejezdy-dec_Název definičního úseku,neighbors_prejezdy-dec_Žkm přejezdu,neighbors_prejezdy-dec_Přejezd s trolejovým vedením,neighbors_prejezdy-dec_Třída pozemní komunikace,neighbors_prejezdy-dec_Číslo pozemní komunikace,neighbors_prejezdy-dec_Místní název přejezdu,neighbors_prejezdy-dec_Zeměpisná šířka,neighbors_prejezdy-dec_Zeměpisná délka,neighbors_prejezdy-dec_field_10,neighbors_prejezdy-dec_field_11
14.94708231783601,50.409163100570275,10706110477,Mladá Boleslav (Středočeský kraj),2011-07-07 15:30:00,silnice 1.třídy,16,závadou komunikace,s řidičským oprávněním skupiny b,řidič nebyl ovlivněn,nezjišťováno,dobrý -žádné nepříznivé okolnosti nebyly zjištěny,0,0,0,1,ŠKODA,nedošlo k požáru,40,žádné z uvedených,osobní automobil bez přívěsu,2007,"soukromé, nevyužívané k výdělečné činnos",40,nebylo třeba užít násilí,nehoda pouze s hmotnou škodou,"nepřichází v úvahu, nejde o srážku jedou",nezaviněná řidičem,povrch mokrý,déšť,dobré,na jízdním pruhu,žádná místní úprava,přímý úsek,neurčeno,jedoucí - proti směru staničení na komun,jiný druh nehody,"nepřichází v úvahu, nejde o srážku s pev",živice,nesouvislé výtluky,"ve dne, viditelnost nezhoršená vlivem po",dvoupruhová,žádný způsob řízení provozu,železniční přejezd zabezpečený,mimo křižovatku,ne,P4638,7.462997832,Mladá Boleslav město - PREYMESSER Řepov,"19,98",Ne,I.,16,"ul.Jičínská, hl.přejezd v Řepově",50° 24' 33.21539'' N,14° 56' 49.52755'' E,50.40923,14.94709
14.94708231783601,50.409163100570275,10706110478,Mladá Boleslav (Středočeský kraj),2011-07-07 16:15:00,silnice 1.třídy,16,závadou komunikace,s řidičským oprávněním skupiny b,řidič nebyl ovlivněn,nezjišťováno,dobrý -žádné nepříznivé okolnosti nebyly zjištěny,0,0,0,1,ŠKODA,nedošlo k požáru,40,žádné z uvedených,osobní automobil bez přívěsu,2002,"soukromé, nevyužívané k výdělečné činnos",40,nebylo třeba užít násilí,nehoda pouze s hmotnou škodou,"nepřichází v úvahu, nejde o srážku jedou",nezaviněná řidičem,povrch mokrý,déšť,dobré,na jízdním pruhu,žádná místní úprava,přímý úsek,neurčeno,jedoucí - proti směru staničení na komun,jiný druh nehody,"nepřichází v úvahu, nejde o srážku s pev",živice,nesouvislé výtluky,"ve dne, viditelnost nezhoršená vlivem po",dvoupruhová,žádný způsob řízení provozu,železniční přejezd zabezpečený,mimo křižovatku,ne,P4638,7.462997832,Mladá Boleslav město - PREYMESSER Řepov,"19,98",Ne,I.,16,"ul.Jičínská, hl.přejezd v Řepově",50° 24' 33.21539'' N,14° 56' 49.52755'' E,50.40923,14.94709
14.94708231783601,50.409163100570275,10706110479,Mladá Boleslav (Středočeský kraj),2011-07-07 16:20:00,silnice 1.třídy,16,závadou komunikace,s řidičským oprávněním skupiny d,řidič nebyl ovlivněn,nezjišťováno,dobrý -žádné nepříznivé okolnosti nebyly zjištěny,0,0,0,1,ŠKODA,nedošlo k požáru,40,žádné z uvedených,osobní automobil bez přívěsu,1996,"soukromé, nevyužívané k výdělečné činnos",40,nebylo třeba užít násilí,nehoda pouze s hmotnou škodou,"nepřichází v úvahu, nejde o srážku jedou",nezaviněná řidičem,povrch mokrý,déšť,dobré,na jízdním pruhu,žádná místní úprava,přímý úsek,neurčeno,jedoucí - proti směru staničení na komun,jiný druh nehody,"nepřichází v úvahu, nejde o srážku s pev",živice,nesouvislé výtluky,"ve dne, viditelnost nezhoršená vlivem po",dvoupruhová,žádný způsob řízení provozu,železniční přejezd zabezpečený,mimo křižovatku,ne,P4638,7.462997832,Mladá Boleslav město - PREYMESSER Řepov,"19,98",Ne,I.,16,"ul.Jičínská, hl.přejezd v Řepově",50° 24' 33.21539'' N,14° 56' 49.52755'' E,50.40923,14.94709
14.94708231783601,50.409163100570275,10706110480,Mladá Boleslav (Středočeský kraj),2011-07-07 16:00:00,silnice 1.třídy,16,závadou komunikace,s řidičským oprávněním skupiny b,řidič nebyl ovlivněn,nezjišťováno,dobrý -žádné nepříznivé okolnosti nebyly zjištěny,0,0,0,1,OPEL,nedošlo k požáru,100,žádné z uvedených,osobní automobil bez přívěsu,1998,"soukromé, nevyužívané k výdělečné činnos",100,nebylo třeba užít násilí,nehoda pouze s hmotnou škodou,"nepřichází v úvahu, nejde o srážku jedou",nezaviněná řidičem,povrch mokrý,"na počátku deště, slabý déšť",dobré,na jízdním pruhu,žádná místní úprava,přímý úsek,neurčeno,jedoucí - proti směru staničení na komun,jiný druh nehody,"nepřichází v úvahu, nejde o srážku s pev",živice,nesouvislé výtluky,"ve dne, viditelnost nezhoršená vlivem po",dvoupruhová,žádný způsob řízení provozu,železniční přejezd zabezpečený,mimo křižovatku,ne,P4638,7.462997832,Mladá Boleslav město - PREYMESSER Řepov,"19,98",Ne,I.,16,"ul.Jičínská, hl.přejezd v Řepově",50° 24' 33.21539'' N,14° 56' 49.52755'' E,50.40923,14.94709
15.018113738545285,50.472532146025976,10706110552,Kněžmost (Středočeský kraj),2011-07-27 17:30:00,silnice 3.třídy,27614,řidičem motorového vozidla,s řidičským oprávněním skupiny c,řidič nebyl ovlivněn,ne,dobrý -žádné nepříznivé okolnosti nebyly zjištěny,0,0,0,2,VOLKSWAGEN,žádná z uvedených,810,žádné z uvedených,osobní automobil bez přívěsu,2010,registrované mimo území ČR,800,nebylo třeba užít násilí,nehoda pouze s hmotnou škodou,z boku,jiné nedání přednosti,"povrch suchý, neznečistěný",neztížené,dobré,na jízdním pruhu,přednost vyznačena dopravními značkami,přímý úsek,neurčeno,jedoucí - proti směru staničení na komun,srážka s vlakem,"nepřichází v úvahu, nejde o srážku s pev",živice,"dobrý, bez závad","ve dne, viditelnost nezhoršená vlivem po",dvoupruhová,místní úprava (vyplní se pol. 24),železniční přejezd nezabezpečený,mimo křižovatku,ne,P3199,2.50142736098,nz. Kněžmost,"32,148",Ne,III.,27614,"hl.přejezd Kněžm.,ul.U nádraží",50° 28' 21.02680'' N,15° 01' 05.24639'' E,50.47251,15.01812
14.707542532298479,50.322246871991048,10706110564,Kropáčova Vrutice (Středočeský kraj),2011-08-08 15:15:00,silnice 3.třídy,2741,řidičem motorového vozidla,nezjištěno,jiné ovlivnění,nezjišťováno,jiný nepříznivý stav,0,0,0,1,žádná z uvedených,žádná z uvedených,10,žádné z uvedených,"nezjištěno, řidič ujel",,žádná z uvedených,0,žádná z uvedených,nehoda pouze s hmotnou škodou,"nepřichází v úvahu, nejde o srážku jedou",řidič se plně nevěnoval řízení vozidla,povrch mokrý,neztížené,dobré,na jízdním pruhu,žádná místní úprava,přímý úsek,neurčeno,žádná z uvedených,srážka s pevnou překážkou,závory železničního přejezdu,živice,"dobrý, bez závad","ve dne, viditelnost nezhoršená vlivem po",dvoupruhová,žádný způsob řízení provozu,železniční přejezd zabezpečený,mimo křižovatku,ne,P2686,2.99272633023,žst. Kropáčova Vrutice,"51,425",Ne,III.,2741,,50° 19' 19.98247'' N,14° 42' 27.13065'' E,50.32222,14.70754
14.808306602604189,50.337472339281348,10706110593,Chotětov (Středočeský kraj),2011-08-13 14:15:00,silnice 2.třídy,275,řidičem motorového vozidla,nezjištěno,jiné ovlivnění,nezjišťováno,jiný nepříznivý stav,0,0,0,1,žádná z uvedených,žádná z uvedených,30,žádné z uvedených,"nezjištěno, řidič ujel",,žádná z uvedených,0,žádná z uvedených,nehoda pouze s hmotnou škodou,"nepřichází v úvahu, nejde o srážku jedou",jiné nedání přednosti,povrch mokrý,neztížené,dobré,na jízdním pruhu,žádná místní úprava,přímý úsek,neurčeno,žádná z uvedených,srážka s pevnou překážkou,závory železničního přejezdu,živice,"dobrý, bez závad","ve dne, viditelnost nezhoršená vlivem po",dvoupruhová,světelným signalizačním zařízením,železniční přejezd zabezpečený,mimo křižovatku,ne,P2693,2.74387872716,žst. Chotětov,"60,375",Ne,II.,275,,50° 20' 14.84847'' N,14° 48' 30.02121'' E,50.33746,14.80834
14.901022110418713,50.419854380565326,10706110604,Mladá Boleslav (Středočeský kraj),2011-08-16 07:25:00,silnice 1.třídy,38,technickou závadou vozidla,s řidičským oprávněním skupiny d,řidič nebyl ovlivněn,nezjišťováno,dobrý -žádné nepříznivé okolnosti nebyly zjištěny,0,0,0,1,IVECO,žádná z uvedených,200,žádné z uvedených,nákladní automobil s přívěsem,2007,"soukromá organizace (podnikatel, s.r.o.,",0,nebylo třeba užít násilí,nehoda pouze s hmotnou škodou,"nepřichází v úvahu, nejde o srážku jedou",závada závěsu pro přívěs,"povrch suchý, neznečistěný",neztížené,dobré,na chodníku nebo ostrůvku,přednost vyznačena přenosnými dopravními,přímý úsek,neurčeno,jedoucí - ve směru staničení na komunika,srážka s pevnou překážkou,"zeď,pevná část mostů,podjezdů,tunelů apo",živice,"dobrý, bez závad","ve dne, viditelnost nezhoršená vlivem po",dvoupruhová,místní úprava (vyplní se pol. 24),železniční přejezd zabezpečený,mimo křižovatku,ne,P4636,32.3797467715,Mlada Boleslav hl.n. - Mladá Boleslav město,"16,407",Ne,I.,38,ul.Ptácká,50° 25' 12.49101'' N,14° 54' 04.00272'' E,50.42014,14.90111
14.742581485502635,50.438803132206907,10706110704,Sudoměř (Středočeský kraj),2011-09-15 15:15:00,silnice 2.třídy,259,řidičem motorového vozidla,s řidičským oprávněním skupiny b,řidič nebyl ovlivněn,ne,dobrý -žádné nepříznivé okolnosti nebyly zjištěny,0,0,0,2,RENAULT,nedošlo k požáru,340,žádné z uvedených,osobní automobil bez přívěsu,2005,"soukromá organizace (podnikatel, s.r.o.,",320,nebylo třeba užít násilí,nehoda pouze s hmotnou škodou,z boku,jiné nedání přednosti,"povrch suchý, neznečistěný",neztížené,"špatné vlivem trvalé vegetace (stromy,ke",na jízdním pruhu,přednost vyznačena dopravními značkami,přímý úsek,neurčeno,jedoucí - ve směru staničení na komunika,srážka s vlakem,"nepřichází v úvahu, nejde o srážku s pev",živice,"dobrý, bez závad","ve dne, viditelnost nezhoršená vlivem po",dvoupruhová,místní úprava (vyplní se pol. 24),železniční přejezd zabezpečený,mimo křižovatku,ne,P3046,21.851521474,Vrátno - Sudoměř u Mladé Boleslavi,"9,294",Ne,II.,259,,50° 26' 19.28467'' N,14° 44' 32.39790'' E,50.43869,14.74233
15.050103803988099,50.461889818079186,10706110808,Kněžmost (Středočeský kraj),2011-10-19 14:35:00,silnice 3.třídy,27938,řidičem motorového vozidla,s řidičským oprávněním skupiny c,řidič nebyl ovlivněn,ne,dobrý -žádné nepříznivé okolnosti nebyly zjištěny,0,3,0,2,RENAULT,nedošlo k požáru,3500,žádné z uvedených,osobní automobil bez přívěsu,2002,"soukromé, využívané k výdělečné činnosti",1500,nebylo třeba užít násilí,nehoda s následky na životě nebo zdraví,z boku,jiné nedání přednosti,povrch mokrý,déšť,dobré,na jízdním pruhu,žádná místní úprava,přímý úsek,neurčeno,jedoucí - ve směru staničení na komunika,srážka s vlakem,"nepřichází v úvahu, nejde o srážku s pev",živice,"dobrý, bez závad","ve dne, viditelnost nezhoršená vlivem po",dvoupruhová,žádný způsob řízení provozu,železniční přejezd nezabezpečený,mimo křižovatku,ne,P3195,3.95067402447,Dolní Bousov - Kněžmost,"29,483",Ne,III.,27938,před zast. Lítkovice,50° 27' 42.72958'' N,15° 03' 00.52568'' E,50.46187,15.05015
14.86942221596833,50.376259821771157,10706110831,Krnsko (Středočeský kraj),2011-10-30 23:59:00,silnice 3.třídy,27225,řidičem motorového vozidla,s řidičským oprávněním skupiny b,řidič nebyl ovlivněn,"ano, obsah alkoholu v&nbsp;krvi 1,5‰ a více",pod vlivem alkoholu obsah alkoholu v krvi 1‰ a více,0,0,0,1,ŠKODA,řidič ujel - zjištěn,500,žádné z uvedených,osobní automobil bez přívěsu,1999,"soukromé, nevyužívané k výdělečné činnos",300,nebylo třeba užít násilí,nehoda pouze s hmotnou škodou,"nepřichází v úvahu, nejde o srážku jedou","nepř. rychlosti dopravně technickému stavu vozovky (zatáčka,klesání,stoupání,šířka apod.)","povrch suchý, neznečistěný",neztížené,špatné vlivem profilu komunikace (nepřeh,mimo komunikaci,žádná místní úprava,zatáčka,neurčeno,jedoucí - ve směru staničení na komunika,srážka s pevnou překážkou,"odrazník, patník, sloupek, dopr.značky a",živice,"dobrý, bez závad","v noci - bez veřejného osvětlení,viditel",dvoupruhová,žádný způsob řízení provozu,železniční přejezd zabezpečený,mimo křižovatku,ne,P2695,37.7961651706,Chotětov - Mladá Boleslav hl.n.,"68,235",Ne,III.,27225,,50° 22' 35.50393'' N,14° 52' 08.76145'' E,50.37653,14.8691
14.943143123017139,50.353098601106723,10706110905,Dobrovice (Středočeský kraj),2011-11-28 20:30:00,silnice 3.třídy,2746,řidičem motorového vozidla,s řidičským oprávněním skupiny b,řidič nebyl ovlivněn,ne,dobrý -žádné nepříznivé okolnosti nebyly zjištěny,0,0,0,1,ŠKODA,nedošlo k požáru,300,žádné z uvedených,osobní automobil bez přívěsu,2008,"soukromé, nevyužívané k výdělečné činnos",200,nebylo třeba užít násilí,nehoda pouze s hmotnou škodou,"nepřichází v úvahu, nejde o srážku jedou",jiný druh nesprávného způsobu jízdy,"povrch suchý, neznečistěný",neztížené,dobré,na jízdním pruhu,žádná místní úprava,přímý úsek,neurčeno,jedoucí - proti směru staničení na komun,srážka s pevnou překážkou,závory železničního přejezdu,živice,"dobrý, bez závad","v noci - bez veřejného osvětlení,viditel",dvoupruhová,žádný způsob řízení provozu,železniční přejezd zabezpečený,mimo křižovatku,ne,P2800,5.40882292077,Luštěnice - Dobrovice,"20,999",Ne,III.,2746,,50° 21' 10.97122'' N,14° 56' 35.31094'' E,50.35305,14.94314
14.753992639970601,50.433368842954685,10706110929,Skalsko (Středočeský kraj),2011-12-12 09:28:00,silnice 3.třídy,25919,řidičem motorového vozidla,s řidičským oprávněním skupiny c,řidič nebyl ovlivněn,ne,dobrý -žádné nepříznivé okolnosti nebyly zjištěny,0,0,0,1,HYUNDAI,žádná z uvedených,510,žádné z uvedených,osobní automobil bez přívěsu,2011,"soukromé, nevyužívané k výdělečné činnos",500,nebylo třeba užít násilí,nehoda pouze s hmotnou škodou,"nepřichází v úvahu, nejde o srážku jedou","nepř. rychlosti stavu vozovky (náledí, výtluky, bláto, mokrý povrch apod.)","na vozovce je náledí, ujetý sníh - nepos",neztížené,dobré,na jízdním pruhu,žádná místní úprava,zatáčka,neurčeno,jedoucí - ve směru staničení na komunika,srážka s pevnou překážkou,"odrazník, patník, sloupek, dopr.značky a",živice,"dobrý, bez závad","ve dne, viditelnost nezhoršená vlivem po",dvoupruhová,žádný způsob řízení provozu,železniční přejezd nezabezpečený,mimo křižovatku,ano,P3047,20.5937470885,Sudoměř u Mladé Boleslavi - Skalsko,"10,307",Ne,III.,25919,,50° 26' 00.70502'' N,14° 45' 13.84545'' E,50.43353,14.75385
15.332369687510209,50.190523859368419,10806110398,Běrunice (Středočeský kraj),2011-09-13 14:46:00,silnice 3.třídy,3249,řidičem motorového vozidla,s řidičským oprávněním skupiny b,řidič nebyl ovlivněn,ne,dobrý -žádné nepříznivé okolnosti nebyly zjištěny,0,0,0,2,ŠKODA,žádná z uvedených,300,žádné z uvedených,osobní automobil bez přívěsu,1998,"soukromá organizace (podnikatel, s.r.o.,",200,nebylo třeba užít násilí,nehoda pouze s hmotnou škodou,zezadu,proti příkazu dopravní značky STŮJ DEJ PŘEDNOST,"povrch suchý, neznečistěný",neztížené,dobré,žádné z uvedených,přednost vyznačena dopravními značkami,přímý úsek,neurčeno,jedoucí - proti směru staničení na komun,srážka s vlakem,"nepřichází v úvahu, nejde o srážku s pev",živice,"dobrý, bez závad","ve dne, viditelnost nezhoršená vlivem po",dvoupruhová,místní úprava (vyplní se pol. 24),železniční přejezd nezabezpečený,mimo křižovatku,ne,P4574,30.1537117453,Chlumec n/Cidlinou - Městec Králové,"10,383",Ne,III.,3249,,50° 11' 26.83671'' N,15° 19' 56.81250'' E,50.19079,15.33245
13.966753868666697,49.557144301865456,11106110244,Březnice (Středočeský kraj),2011-05-12 22:10:00,silnice 3.třídy,416,řidičem motorového vozidla,s řidičským oprávněním skupiny b,řidič nebyl ovlivněn,"ano, obsah alkoholu v&nbsp;krvi 1,5‰ a více",pod vlivem alkoholu obsah alkoholu v krvi 1‰ a více,0,0,0,1,VOLKSWAGEN,žádná z uvedených,1250,"došlo k úniku pohonných hmot, oleje, chl",osobní automobil bez přívěsu,2001,"soukromé, nevyužívané k výdělečné činnos",800,nebylo třeba užít násilí,nehoda pouze s hmotnou škodou,"nepřichází v úvahu, nejde o srážku jedou",řidič se plně nevěnoval řízení vozidla,povrch mokrý,neztížené,dobré,na jízdním pruhu,žádná místní úprava,přímý úsek,neurčeno,jedoucí - proti směru staničení na komun,srážka s pevnou překážkou,"jiná překážka (zábradlí,oplocení,násep,n",živice,"dobrý, bez závad","v noci - bez veřejného osvětlení,viditel",dvoupruhová,žádný způsob řízení provozu,železniční přejezd zabezpečený,mimo křižovatku,ne,P521,17.3330501565,Mirovice - Březnice,"54,155",Ne,III.,416,,49° 33' 25.14972'' N,13° 58' 00.18631'' E,49.55699,13.96672
13.917810425687003,49.528575615628561,11106110278,Hudčice (Středočeský kraj),2011-05-27 21:20:00,silnice 2.třídy,174,řidičem motorového vozidla,bez příslušného řidičského oprávnění,řidič nebyl ovlivněn,nezjišťováno,dobrý -žádné nepříznivé okolnosti nebyly zjištěny,0,0,0,2,PEUGEOT,žádná z uvedených,20,žádné z uvedených,osobní automobil bez přívěsu,1993,"soukromé, nevyužívané k výdělečné činnos",0,nebylo třeba užít násilí,nehoda pouze s hmotnou škodou,zezadu,nedodržení bezpečné vzdálenosti za vozidlem,povrch mokrý,neztížené,dobré,na jízdním pruhu,žádná místní úprava,přímý úsek,neurčeno,jedoucí - ve směru staničení na komunika,srážka s jedoucím nekolejovým vozidlem,"nepřichází v úvahu, nejde o srážku s pev",živice,"dobrý, bez závad","v noci - bez veřejného osvětlení,viditel",dvoupruhová,žádný způsob řízení provozu,železniční přejezd nezabezpečený,mimo křižovatku,ne,P1313,6.84153366615,HUDČICE - Bělčice,"7,009",Ne,II.,174,Koupský vršek,49° 31' 42.67409'' N,13° 55' 03.95711'' E,49.52852,13.91777
14.205008389761856,49.78264212318976,11106110411,Stará Huť (Středočeský kraj),2011-07-25 14:35:00,komunikace místní,0,řidičem motorového vozidla,s řidičským oprávněním skupiny b,řidič nebyl ovlivněn,ne,dobrý -žádné nepříznivé okolnosti nebyly zjištěny,0,0,0,2,TOYOTA,nedošlo k požáru,650,žádné z uvedených,osobní automobil bez přívěsu,1988,"soukromé, nevyužívané k výdělečné činnos",150,nebylo třeba užít násilí,nehoda pouze s hmotnou škodou,z boku,proti příkazu dopravní značky STŮJ DEJ PŘEDNOST,"povrch suchý, neznečistěný",neztížené,dobré,na jízdním pruhu,přednost vyznačena dopravními značkami,přímý úsek,neurčeno,vozidlo jedoucí - na komunikaci bez stan,srážka s vlakem,"nepřichází v úvahu, nejde o srážku s pev",živice,"dobrý, bez závad","ve dne, viditelnost nezhoršená vlivem po",dvoupruhová,místní úprava (vyplní se pol. 24),železniční přejezd nezabezpečený,mimo křižovatku,ne,P5735,10.152174294,"Dobříš km 0,106 = km 1,106 - Malá Hraštice","1,82",Ne,MK,,,49° 46' 57.23308'' N,14° 12' 18.24741'' E,49.78256,14.20507
13.95889190482254,49.560633162112744,11106110582,Březnice (Středočeský kraj),2011-10-10 18:35:00,komunikace místní,0,řidičem motorového vozidla,s řidičským oprávněním skupiny c,řidič nebyl ovlivněn,ne,dobrý -žádné nepříznivé okolnosti nebyly zjištěny,0,0,0,2,FORD,žádná z uvedených,500,žádné z uvedených,osobní automobil bez přívěsu,1999,"soukromé, nevyužívané k výdělečné činnos",300,nebylo třeba užít násilí,nehoda pouze s hmotnou škodou,z boku,jiné nedání přednosti,"povrch suchý, neznečistěný",neztížené,dobré,na jízdním pruhu,přednost vyznačena přenosnými dopravními,přímý úsek,neurčeno,vozidlo jedoucí - na komunikaci bez stan,srážka s vlakem,"nepřichází v úvahu, nejde o srážku s pev",živice,"dobrý, bez závad","ve dne, viditelnost nezhoršená vlivem po",dvoupruhová,místní úprava (vyplní se pol. 24),železniční přejezd zabezpečený,mimo křižovatku,ne,P522,23.1233580145,Březnice - Přední Poříčí,"54,854",Ne,C,,,49° 33' 38.92080'' N,13° 57' 32.60748'' E,49.56081,13.95906
14.260698030335492,49.83434775035763,11106110614,Nová Ves pod Pleší (Středočeský kraj),2011-10-15 13:50:00,komunikace účelová - polní a lesní cesty atd.,0,řidičem motorového vozidla,s řidičským oprávněním skupiny b,řidič nebyl ovlivněn,ne,dobrý -žádné nepříznivé okolnosti nebyly zjištěny,0,0,0,2,ŠKODA,žádná z uvedených,250,žádné z uvedených,osobní automobil bez přívěsu,1990,"soukromé, nevyužívané k výdělečné činnos",50,nebylo třeba užít násilí,nehoda pouze s hmotnou škodou,z boku,jiné nedání přednosti,na vozovce je bláto,neztížené,dobré,na jízdním pruhu,přednost vyznačena dopravními značkami,přímý úsek po projetí zatáčkou (do vzdál,neurčeno,vozidlo jedoucí - na komunikaci bez stan,srážka s vlakem,"nepřichází v úvahu, nejde o srážku s pev",jiný nezpevněný povrch,nesouvislé výtluky,"ve dne, viditelnost nezhoršená vlivem po",žádná z uvedených,místní úprava (vyplní se pol. 24),železniční přejezd nezabezpečený,mimo křižovatku,ne,P5750,6.02586077951,Malá Hraštice - Mníšek pod Brdy,"11,928",Ne,O,,,49° 50' 03.55953'' N,14° 15' 38.75846'' E,49.83432,14.26077
14.220150953448291,49.786320045948059,11106110749,Mokrovraty (Středočeský kraj),2011-12-12 18:18:00,silnice 2.třídy,114,řidičem motorového vozidla,s řidičským oprávněním skupiny c,řidič nebyl ovlivněn,ne,dobrý -žádné nepříznivé okolnosti nebyly zjištěny,0,0,0,2,SCANIA,žádná z uvedených,3000,žádné z uvedených,nákladní automobil s návěsem,2011,"soukromá organizace (podnikatel, s.r.o.,",0,nebylo třeba užít násilí,nehoda pouze s hmotnou škodou,z boku,jiné nedání přednosti,povrch mokrý,déšť,dobré,na jízdním pruhu,žádná místní úprava,zatáčka,neurčeno,jedoucí - ve směru staničení na komunika,srážka s vlakem,"nepřichází v úvahu, nejde o srážku s pev",živice,"dobrý, bez závad","v noci - bez veřejného osvětlení, vidite",dvoupruhová,žádný způsob řízení provozu,železniční přejezd nezabezpečený,mimo křižovatku,ne,P5737,19.754328487,"Dobříš km 0,106 = km 1,106 - Malá Hraštice","3,119",Ne,O,,VÚ,49° 47' 10.18686'' N,14° 13' 12.98947'' E,49.78616,14.22027
13.71902524594158,50.101038804770816,11206110031,Rakovník (Středočeský kraj),2011-01-24 18:00:00,silnice 3.třídy,22912,závadou komunikace,s řidičským oprávněním skupiny b,řidič nebyl ovlivněn,nezjišťováno,dobrý -žádné nepříznivé okolnosti nebyly zjištěny,0,0,0,1,ŠKODA,nedošlo k požáru,30,žádné z uvedených,osobní automobil bez přívěsu,2001,"soukromé, nevyužívané k výdělečné činnos",30,nebylo třeba užít násilí,nehoda pouze s hmotnou škodou,"nepřichází v úvahu, nejde o srážku jedou",nezaviněná řidičem,povrch mokrý,neztížené,dobré,na jízdním pruhu,žádná místní úprava,zatáčka,neurčeno,jedoucí - proti směru staničení na komun,jiný druh nehody,"nepřichází v úvahu, nejde o srážku s pev",živice,nesouvislé výtluky,"v noci - s veřejným osvětlením,viditelno",dvoupruhová,žádný způsob řízení provozu,železniční přejezd zabezpečený,mimo křižovatku,ne,P1048,7.59994626932,,"1,259",ne,III.,,"""k ZZN""",50° 6' 3.942'' N,13° 43' 9.106'' E,50.1011,13.7192
13.838270135764517,50.149006090018531,11206110148,Řevničov (Středočeský kraj),2011-06-06 07:05:00,silnice 3.třídy,2372,řidičem motorového vozidla,s řidičským oprávněním skupiny b,řidič nebyl ovlivněn,ne,dobrý -žádné nepříznivé okolnosti nebyly zjištěny,0,0,0,1,FORD,nedošlo k požáru,110,žádné z uvedených,osobní automobil bez přívěsu,1999,"soukromé, nevyužívané k výdělečné činnos",50,nebylo třeba užít násilí,nehoda pouze s hmotnou škodou,"nepřichází v úvahu, nejde o srážku jedou",řidič se plně nevěnoval řízení vozidla,"povrch suchý, neznečistěný",neztížené,dobré,na jízdním pruhu,žádná místní úprava,zatáčka,neurčeno,jedoucí - ve směru staničení na komunika,srážka s pevnou překážkou,závory železničního přejezdu,živice,"dobrý, bez závad","ve dne, viditelnost nezhoršená vlivem po",dvoupruhová,světelným signalizačním zařízením,železniční přejezd zabezpečený,mimo křižovatku,ne,P40,0.4366060044,Nové Strašecí - Řevničov,"52,896",Ne,III.,2372,,50° 08' 56.43673'' N,13° 50' 17.78282'' E,50.14901,13.83827
13.642396662405199,50.167312719666796,11206110194,Kněževes (Středočeský kraj),2011-07-12 22:00:00,silnice 1.třídy,6,řidičem motorového vozidla,nezjištěno,jiné ovlivnění,nezjišťováno,jiný nepříznivý stav,0,0,0,1,žádná z uvedených,žádná z uvedených,70,žádné z uvedených,"nezjištěno, řidič ujel",,žádná z uvedených,0,žádná z uvedených,nehoda pouze s hmotnou škodou,"nepřichází v úvahu, nejde o srážku jedou",chyby při udání směru jízdy,"povrch suchý, neznečistěný",neztížené,dobré,na jízdním pruhu,žádná místní úprava,přímý úsek,neurčeno,žádná z uvedených,srážka s pevnou překážkou,závory železničního přejezdu,živice,"dobrý, bez závad","v noci - bez veřejného osvětlení,viditel",dvoupruhová,žádný způsob řízení provozu,železniční přejezd zabezpečený,mimo křižovatku,ne,P2335,3.06077451074,Chrášťany - Hořesedly,"11,948",Ne,I.,6,Hořesedly,50° 10' 02.39283'' N,13° 38' 32.74326'' E,50.16733,13.64243
13.744495017307665,50.157784480489852,11206110222,Lišany (Středočeský kraj),2011-08-19 10:58:00,silnice 2.třídy,229,řidičem motorového vozidla,s řidičským oprávněním skupiny c,řidič nebyl ovlivněn,nezjišťováno,dobrý -žádné nepříznivé okolnosti nebyly zjištěny,0,0,0,1,PEUGEOT,řidič ujel - zjištěn,70,žádné z uvedených,osobní automobil bez přívěsu,1988,"soukromé, nevyužívané k výdělečné činnos",0,nebylo třeba užít násilí,nehoda pouze s hmotnou škodou,"nepřichází v úvahu, nejde o srážku jedou",řidič se plně nevěnoval řízení vozidla,"povrch suchý, neznečistěný",neztížené,dobré,na jízdním pruhu,žádná místní úprava,přímý úsek,neurčeno,jedoucí - ve směru staničení na komunika,srážka s pevnou překážkou,závory železničního přejezdu,živice,"dobrý, bez závad","ve dne, viditelnost nezhoršená vlivem po",dvoupruhová,žádný způsob řízení provozu,železniční přejezd zabezpečený,mimo křižovatku,ne,P44,5.54101138811,Lužná u Rakovníka - Krupá,"63,706",Ne,II.,229,,50° 09' 27.86960'' N,13° 44' 40.30773'' E,50.15774,13.74453