X,Y,id,obec,datum,komunikace,komunika_1,zavineni,ridic_kate,ridic_ovli,vinik_alko,ridic_stav,obeti_usmr,obeti_lehc,obeti_tezc,vozidel_ce,vinik_vozi,vinik_vo_1,skoda,unik_hmot,vinik_vo_2,vinik_vo_3,vinik_vo_4,vinik_skod,vyprosteni,nehoda_cha,srazka_voz,hlavni_pri,povrch_sta,meteo,rozhled,nehoda_pol,prednost_v,smerove_po,druh_krizu,smer_jizdy,nehoda_dru,pevna_prek,povrch_dru,komunika_2,viditelnos,komunika_3,rizeni_pro,objekty,misto_neho,smyk,neighbors_TargetID,neighbors_Distance,neighbors_prejezdy-dec_Název definičního úseku,neighbors_prejezdy-dec_Žkm přejezdu,neighbors_prejezdy-dec_Přejezd s trolejovým vedením,neighbors_prejezdy-dec_Třída pozemní komunikace,neighbors_prejezdy-dec_Číslo pozemní komunikace,neighbors_prejezdy-dec_Místní název přejezdu,neighbors_prejezdy-dec_Zeměpisná šířka,neighbors_prejezdy-dec_Zeměpisná délka,neighbors_prejezdy-dec_field_10,neighbors_prejezdy-dec_field_11
13.744519855820647,50.157728663606726,11206110274,Lišany (Středočeský kraj),2011-10-10 14:30:00,silnice 2.třídy,229,řidičem motorového vozidla,nezjištěno,jiné ovlivnění,nezjišťováno,jiný nepříznivý stav,0,0,0,1,žádná z uvedených,žádná z uvedených,100,žádné z uvedených,"nezjištěno, řidič ujel",,žádná z uvedených,0,žádná z uvedených,nehoda pouze s hmotnou škodou,"nepřichází v úvahu, nejde o srážku jedou",řidič se plně nevěnoval řízení vozidla,"povrch suchý, neznečistěný",neztížené,dobré,na jízdním pruhu,žádná místní úprava,přímý úsek,neurčeno,žádná z uvedených,srážka s pevnou překážkou,závory železničního přejezdu,živice,"dobrý, bez závad","ve dne, viditelnost nezhoršená vlivem po",dvoupruhová,žádný způsob řízení provozu,železniční přejezd zabezpečený,mimo křižovatku,ne,P44,1.45535244675,Lužná u Rakovníka - Krupá,"63,706",Ne,II.,229,,50° 09' 27.86960'' N,13° 44' 40.30773'' E,50.15774,13.74453
14.373347831796751,49.931976186528239,11406110331,Vrané nad Vltavou (Středočeský kraj),2011-06-06 21:45:00,komunikace místní,0,řidičem motorového vozidla,"nezjištěno, řidič místo nehody opustil",jiné ovlivnění,nezjišťováno,jiný nepříznivý stav,0,0,0,2,ŠKODA,nedošlo k požáru,330,žádné z uvedených,osobní automobil bez přívěsu,1993,"soukromé, nevyužívané k výdělečné činnos",30,nebylo třeba užít násilí,nehoda pouze s hmotnou škodou,boční,jiné nedání přednosti,"povrch suchý, neznečistěný",neztížené,dobré,na jízdním pruhu,žádná místní úprava,přímý úsek,neurčeno,vozidlo jedoucí - na komunikaci bez stan,srážka s vlakem,"nepřichází v úvahu, nejde o srážku s pev",dlažba,"dobrý, bez závad","v noci - bez veřejného osvětlení,viditel",dvoupruhová,světelným signalizačním zařízením,železniční přejezd zabezpečený,mimo křižovatku,ne,P5719,15.1454432771,Skochovice - Vrané n/Vltavou,"36,071",Ne,MK,,,49° 55' 54.61895'' N,14° 22' 24.06011'' E,49.93184,14.37335
14.668843805364716,49.989074955967851,11406110343,Říčany (Středočeský kraj),2011-06-06 15:55:00,komunikace místní,0,jiné zavinění,s řidičským oprávněním skupiny b,řidič nebyl ovlivněn,nezjišťováno,dobrý -žádné nepříznivé okolnosti nebyly zjištěny,0,0,0,1,ŠKODA,žádná z uvedených,150,žádné z uvedených,"nákladní automobil (včetně multikáry, au",2007,"soukromé, nevyužívané k výdělečné činnos",100,nebylo třeba užít násilí,nehoda pouze s hmotnou škodou,"nepřichází v úvahu, nejde o srážku jedou",nezaviněná řidičem,"povrch suchý, neznečistěný",neztížené,dobré,na jízdním pruhu,žádná místní úprava,přímý úsek,neurčeno,vozidlo jedoucí - na komunikaci bez stan,srážka s pevnou překážkou,závory železničního přejezdu,živice,"dobrý, bez závad","ve dne, viditelnost nezhoršená vlivem po",dvoupruhová,žádný způsob řízení provozu,železniční přejezd zabezpečený,mimo křižovatku,ne,P5671,4.06791586785,Strančice - Říčany,"163,591",Ano,III.,,ul. Olivova,49° 59' 20.68044'' N,14° 40' 08.02331'' E,49.98908,14.6689
14.668847476507047,49.989070637923241,11406110396,Říčany (Středočeský kraj),2011-07-07 06:18:00,komunikace místní,0,řidičem motorového vozidla,nezjištěno,jiné ovlivnění,nezjišťováno,jiný nepříznivý stav,0,0,0,1,žádná z uvedených,žádná z uvedených,70,žádné z uvedených,"nezjištěno, řidič ujel",,žádná z uvedených,0,žádná z uvedených,nehoda pouze s hmotnou škodou,"nepřichází v úvahu, nejde o srážku jedou",jiný druh nesprávného způsobu jízdy,povrch mokrý,déšť,dobré,na jízdním pruhu,žádná místní úprava,přímý úsek,neurčeno,žádná z uvedených,srážka s pevnou překážkou,závory železničního přejezdu,živice,"dobrý, bez závad","ve dne, viditelnost nezhoršená vlivem po",dvoupruhová,žádný způsob řízení provozu,železniční přejezd zabezpečený,mimo křižovatku,ne,P5671,3.90731518913,Strančice - Říčany,"163,591",Ano,III.,,ul. Olivova,49° 59' 20.68044'' N,14° 40' 08.02331'' E,49.98908,14.6689
14.657487976035435,50.182926605051719,11506110305,Brandýs nad Labem-Stará Boleslav (Středočeský kraj),2011-06-28 08:40:00,komunikace místní,0,řidičem motorového vozidla,nezjištěno,jiné ovlivnění,nezjišťováno,jiný nepříznivý stav,0,0,0,1,žádná z uvedených,žádná z uvedených,270,žádné z uvedených,"nezjištěno, řidič ujel",,žádná z uvedených,0,žádná z uvedených,nehoda pouze s hmotnou škodou,"nepřichází v úvahu, nejde o srážku jedou",řidič se plně nevěnoval řízení vozidla,"povrch suchý, neznečistěný",neztížené,dobré,na jízdním pruhu,žádná místní úprava,křižovatka průsečná - čtyřramenná,místní komunikace,žádná z uvedených,srážka s pevnou překážkou,závory železničního přejezdu,dlažba,"dobrý, bez závad","ve dne, viditelnost nezhoršená vlivem po",dvoupruhová,světelným signalizačním zařízením,železniční přejezd zabezpečený,"na křižovatce,jedná-li se o křížení siln",ne,P2726,3.71869944801,Brandýs nad Labem nákladiště - Brandýs nad Labem,"0,523",Ne,II.,610,Brandýský v centru,50° 10' 58.64289'' N,14° 39' 26.98068'' E,50.18296,14.65749
14.657372449946863,50.18299336446551,11506110331,Brandýs nad Labem-Stará Boleslav (Středočeský kraj),2011-07-19 16:00:00,silnice 2.třídy,610,řidičem motorového vozidla,s řidičským oprávněním skupiny d,řidič nebyl ovlivněn,ne,dobrý -žádné nepříznivé okolnosti nebyly zjištěny,0,0,0,1,KAROSA,nedošlo k požáru,160,žádné z uvedených,autobus,2006,veřejná hromadná doprava,50,nebylo třeba užít násilí,nehoda pouze s hmotnou škodou,"nepřichází v úvahu, nejde o srážku jedou",řidič se plně nevěnoval řízení vozidla,"povrch suchý, neznečistěný",neztížené,dobré,na jízdním pruhu,přednost vyznačena dopravními značkami,křižovatka průsečná - čtyřramenná,místní komunikace,zachycuje směr jízdy křižovatkou,srážka s pevnou překážkou,závory železničního přejezdu,živice,"dobrý, bez závad","ve dne, viditelnost nezhoršená vlivem po",dvoupruhová,místní úprava (vyplní se pol. 24),železniční přejezd zabezpečený,"na křižovatce, uvnitř hranic křižovatky",ne,P2726,9.1774773309,Brandýs nad Labem nákladiště - Brandýs nad Labem,"0,523",Ne,II.,610,Brandýský v centru,50° 10' 58.64289'' N,14° 39' 26.98068'' E,50.18296,14.65749
14.750632551781749,50.153266641102377,11506110383,Čelákovice (Středočeský kraj),2011-08-25 17:25:00,silnice 3.třídy,2455,řidičem motorového vozidla,s řidičským oprávněním skupiny b,oslněn sluncem,ne,dobrý -žádné nepříznivé okolnosti nebyly zjištěny,0,0,0,2,FORD,žádná z uvedených,850,žádné z uvedených,osobní automobil bez přívěsu,2007,"soukromé, nevyužívané k výdělečné činnos",800,nebylo třeba užít násilí,nehoda pouze s hmotnou škodou,z boku,proti příkazu dopravní značky STŮJ DEJ PŘEDNOST,"povrch suchý, neznečistěný",neztížené,dobré,žádné z uvedených,přednost vyznačena dopravními značkami,přímý úsek po projetí zatáčkou (do vzdál,neurčeno,odstavené - proti směru staničení na kom,srážka s vlakem,"nepřichází v úvahu, nejde o srážku s pev",živice,"dobrý, bez závad","ve dne, viditelnost nezhoršená vlivem po",dvoupruhová,místní úprava (vyplní se pol. 24),železniční přejezd nezabezpečený,mimo křižovatku,ne,P2725,7.34144186327,Čelákovice - Lázně Toušeň,"0,213",Ne,III.,2455,Čelákovický,50° 09' 11.91808'' N,14° 45' 02.54177'' E,50.15331,14.75071
14.724858454381435,50.07323224409204,11506110447,Úvaly (Středočeský kraj),2011-09-27 07:50:00,silnice 3.třídy,1214,řidičem motorového vozidla,s řidičským oprávněním skupiny b,řidič nebyl ovlivněn,ne,dobrý -žádné nepříznivé okolnosti nebyly zjištěny,0,0,0,1,VOLKSWAGEN,žádná z uvedených,40,žádné z uvedených,osobní automobil bez přívěsu,2008,"soukromé, nevyužívané k výdělečné činnos",30,nebylo třeba užít násilí,nehoda pouze s hmotnou škodou,"nepřichází v úvahu, nejde o srážku jedou",jiný druh nesprávného způsobu jízdy,"povrch suchý, neznečistěný",neztížené,dobré,na jízdním pruhu,přednost vyznačena přenosnými dopravními,přímý úsek,neurčeno,jedoucí - proti směru staničení na komun,srážka s pevnou překážkou,závory železničního přejezdu,dlažba,"dobrý, bez závad","ve dne, viditelnost nezhoršená vlivem po",dvoupruhová,místní úprava (vyplní se pol. 24),železniční přejezd zabezpečený,mimo křižovatku,ne,P4933,2.21308446828,žst. Úvaly,"387,452",Ano,III.,1214,Úvalský,50° 04' 23.66390'' N,14° 43' 29.39744'' E,50.07324,14.72483
14.276807022962361,49.924941085166445,11606110130,Dobřichovice (Středočeský kraj),2011-03-17 19:34:00,silnice 3.třídy,11510,řidičem motorového vozidla,s řidičským oprávněním skupiny b,řidič nebyl ovlivněn,ne,dobrý -žádné nepříznivé okolnosti nebyly zjištěny,0,0,0,2,VOLKSWAGEN,nedošlo k požáru,1150,žádné z uvedených,osobní automobil bez přívěsu,1995,"soukromé, nevyužívané k výdělečné činnos",150,nebylo třeba užít násilí,nehoda pouze s hmotnou škodou,z boku,jiný druh nesprávného způsobu jízdy,povrch mokrý,déšť,dobré,na jízdním pruhu,žádná místní úprava,přímý úsek,neurčeno,vozidlo jedoucí - na komunikaci bez stan,srážka s vlakem,"nepřichází v úvahu, nejde o srážku s pev",živice,"dobrý, bez závad","v noci - s veřejným osvětlením, zhoršená",dvoupruhová,světelným signalizačním zařízením,železniční přejezd zabezpečený,mimo křižovatku,ne,P270,6.05656536351,Dobřichovice - Řevnice,"20,514",Ano,III.,11510,u mostu,49° 55' 29.97342'' N,14° 16' 36.36239'' E,49.92499,14.27677
14.214561400769869,50.092825952438147,11606110243,Jeneč (Středočeský kraj),2011-05-27 09:00:00,silnice 3.třídy,66,řidičem motorového vozidla,s řidičským oprávněním skupiny d,řidič nebyl ovlivněn,ne,dobrý -žádné nepříznivé okolnosti nebyly zjištěny,0,0,0,1,RENAULT,nedošlo k požáru,350,žádné z uvedených,nákladní automobil s návěsem,2011,"soukromá organizace (podnikatel, s.r.o.,",0,nebylo třeba užít násilí,nehoda pouze s hmotnou škodou,"nepřichází v úvahu, nejde o srážku jedou",nesprávné otáčení nebo couvání,"povrch suchý, neznečistěný",neztížené,dobré,na jízdním pruhu,přednost nevyznačena - vyplývá z pravide,křižovatka styková - tříramenná,místní komunikace,zachycuje směr jízdy křižovatkou,srážka s pevnou překážkou,závory železničního přejezdu,živice,"dobrý, bez závad","ve dne, viditelnost nezhoršená vlivem po",dvoupruhová,místní úprava (vyplní se pol. 24),železniční přejezd zabezpečený,"na křižovatce, uvnitř hranic křižovatky",ne,P18,15.3103069858,,"0,067",ne,III,,,50° 5' 35.033'' N,14° 12' 52.599'' E,50.09306,14.21461
14.268573735899615,49.853245546479151,11606110318,Mníšek pod Brdy (Středočeský kraj),2011-07-12 22:48:00,silnice 2.třídy,116,řidičem motorového vozidla,s řidičským oprávněním skupiny b,řidič nebyl ovlivněn,ne,dobrý -žádné nepříznivé okolnosti nebyly zjištěny,0,0,0,1,FORD,nedošlo k požáru,150,žádné z uvedených,"nákladní automobil (včetně multikáry, au",2002,"soukromé, využívané k výdělečné činnosti",150,nebylo třeba užít násilí,nehoda pouze s hmotnou škodou,"nepřichází v úvahu, nejde o srážku jedou",řidič se plně nevěnoval řízení vozidla,"povrch suchý, neznečistěný",neztížené,dobré,na jízdním pruhu,přednost vyznačena přenosnými dopravními,přímý úsek,neurčeno,zachycuje směr jízdy křižovatkou,srážka s pevnou překážkou,závory železničního přejezdu,živice,"dobrý, bez závad","v noci - s veřejným osvětlením,viditelno",dvoupruhová,místní úprava (vyplní se pol. 24),železniční přejezd zabezpečený,mimo křižovatku,ne,P5754,4.19637521917,Malá Hraštice - Mníšek pod Brdy,"14,711",Ne,II.,116,,49° 51' 11.81809'' N,14° 16' 06.76585'' E,49.85328,14.26855
14.25849271786417,50.031898625675709,11606110321,Jinočany (Středočeský kraj),2011-07-15 19:42:00,silnice 3.třídy,516,řidičem motorového vozidla,s řidičským oprávněním skupiny c,řidič nebyl ovlivněn,ne,dobrý -žádné nepříznivé okolnosti nebyly zjištěny,2,0,0,2,FORD,nedošlo k požáru,2700,žádné z uvedených,osobní automobil bez přívěsu,1997,"soukromé, nevyužívané k výdělečné činnos",700,použitím speciální vyprošťovací techniky,nehoda s následky na životě nebo zdraví,z boku,proti příkazu dopravní značky STŮJ DEJ PŘEDNOST,"povrch suchý, neznečistěný",neztížené,dobré,na jízdním pruhu,přednost vyznačena dopravními značkami,přímý úsek,neurčeno,jedoucí - ve směru staničení na komunika,srážka s vlakem,"nepřichází v úvahu, nejde o srážku s pev",živice,"dobrý, bez závad","ve dne, viditelnost nezhoršená vlivem po",dvoupruhová,místní úprava (vyplní se pol. 24),železniční přejezd nezabezpečený,mimo křižovatku,ne,P2229,3.31275190985,Praha-Řeporyje - Rudná u Prahy,"14,325",Ne,III.,516,,50° 01' 54.88895'' N,14° 15' 30.40771'' E,50.03191,14.25845
14.276765833588438,49.925009639445584,11606110442,Dobřichovice (Středočeský kraj),2011-09-10 14:15:00,komunikace místní,0,řidičem motorového vozidla,"nezjištěno, řidič místo nehody opustil",jiné ovlivnění,nezjišťováno,jiný nepříznivý stav,0,0,0,1,TATRA,nedošlo k požáru,50,žádné z uvedených,"nákladní automobil (včetně multikáry, au",1989,"soukromá organizace (podnikatel, s.r.o.,",0,nebylo třeba užít násilí,nehoda pouze s hmotnou škodou,"nepřichází v úvahu, nejde o srážku jedou",řidič se plně nevěnoval řízení vozidla,"povrch suchý, neznečistěný",neztížené,dobré,na jízdním pruhu,žádná místní úprava,přímý úsek,neurčeno,vozidlo jedoucí - na komunikaci bez stan,srážka s pevnou překážkou,závory železničního přejezdu,živice,"dobrý, bez závad","ve dne, viditelnost nezhoršená vlivem po",dvoupruhová,světelným signalizačním zařízením,železniční přejezd zabezpečený,mimo křižovatku,ne,P270,2.20298626115,Dobřichovice - Řevnice,"20,514",Ano,III.,11510,u mostu,49° 55' 29.97342'' N,14° 16' 36.36239'' E,49.92499,14.27677
14.268890741962618,49.852875560777534,11606110509,Mníšek pod Brdy (Středočeský kraj),2011-10-15 21:00:00,komunikace místní,0,řidičem motorového vozidla,s řidičským oprávněním skupiny b,řidič nebyl ovlivněn,ne,dobrý -žádné nepříznivé okolnosti nebyly zjištěny,0,0,0,1,MERCEDES,žádná z uvedených,400,žádné z uvedených,osobní automobil bez přívěsu,2010,"soukromé, nevyužívané k výdělečné činnos",400,nebylo třeba užít násilí,nehoda pouze s hmotnou škodou,"nepřichází v úvahu, nejde o srážku jedou",jiný druh nesprávného způsobu jízdy,"povrch suchý, neznečistěný",neztížené,dobré,na jízdním pruhu,přednost nevyznačena - vyplývá z pravide,přímý úsek,neurčeno,vozidlo jedoucí - na komunikaci bez stan,srážka s pevnou překážkou,závory železničního přejezdu,živice,"dobrý, bez závad","v noci - s veřejným osvětlením,viditelno",dvoupruhová,místní úprava (vyplní se pol. 24),železniční přejezd zabezpečený,mimo křižovatku,ne,P5754,51.2219692716,Malá Hraštice - Mníšek pod Brdy,"14,711",Ne,II.,116,,49° 51' 11.81809'' N,14° 16' 06.76585'' E,49.85328,14.26855
14.268574742105757,49.853342536215742,11606110561,Mníšek pod Brdy (Středočeský kraj),2011-11-14 08:00:00,silnice 2.třídy,116,řidičem motorového vozidla,s řidičským oprávněním skupiny d,řidič nebyl ovlivněn,ne,dobrý -žádné nepříznivé okolnosti nebyly zjištěny,0,0,0,1,KAROSA,nedošlo k požáru,80,žádné z uvedených,autobus,1991,"soukromá organizace (podnikatel, s.r.o.,",30,nebylo třeba užít násilí,nehoda pouze s hmotnou škodou,"nepřichází v úvahu, nejde o srážku jedou",jiný druh nesprávného způsobu jízdy,"povrch suchý, neznečistěný",neztížené,dobré,na jízdním pruhu,přednost vyznačena přenosnými dopravními,přímý úsek,neurčeno,jedoucí - ve směru staničení na komunika,srážka s pevnou překážkou,závory železničního přejezdu,živice,"dobrý, bez závad","ve dne, viditelnost nezhoršená vlivem po",dvoupruhová,místní úprava (vyplní se pol. 24),železniční přejezd zabezpečený,mimo křižovatku,ne,P5754,7.17761038364,Malá Hraštice - Mníšek pod Brdy,"14,711",Ne,II.,116,,49° 51' 11.81809'' N,14° 16' 06.76585'' E,49.85328,14.26855
14.258901836610782,50.031958662129973,11606110575,Jinočany (Středočeský kraj),2011-11-25 18:35:00,silnice 3.třídy,516,řidičem motorového vozidla,s řidičským oprávněním skupiny b,oslněn světlomety jiného vozidla,ne,dobrý -žádné nepříznivé okolnosti nebyly zjištěny,0,0,0,2,FIAT,nedošlo k požáru,800,žádné z uvedených,osobní automobil bez přívěsu,2006,"soukromé, nevyužívané k výdělečné činnos",500,nebylo třeba užít násilí,nehoda pouze s hmotnou škodou,z boku,proti příkazu dopravní značky STŮJ DEJ PŘEDNOST,"povrch suchý, neznečistěný",neztížené,dobré,na jízdním pruhu,přednost vyznačena dopravními značkami,přímý úsek,neurčeno,vozidlo jedoucí - na komunikaci bez stan,srážka s vlakem,"nepřichází v úvahu, nejde o srážku s pev",živice,"dobrý, bez závad","v noci - bez veřejného osvětlení,viditel",dvoupruhová,místní úprava (vyplní se pol. 24),železniční přejezd nezabezpečený,mimo křižovatku,ne,P2229,32.819829188,Praha-Řeporyje - Rudná u Prahy,"14,325",Ne,III.,516,,50° 01' 54.88895'' N,14° 15' 30.40771'' E,50.03191,14.25845
14.322830040729192,49.959408187537747,11606110589,Černošice (Středočeský kraj),2011-12-12 10:35:00,silnice 2.třídy,115,řidičem motorového vozidla,s řidičským oprávněním skupiny c,řidič nebyl ovlivněn,nezjišťováno,dobrý -žádné nepříznivé okolnosti nebyly zjištěny,0,0,0,1,MERCEDES,žádná z uvedených,20,žádné z uvedených,"nákladní automobil (včetně multikáry, au",2005,"soukromá organizace (podnikatel, s.r.o.,",0,nebylo třeba užít násilí,nehoda pouze s hmotnou škodou,"nepřichází v úvahu, nejde o srážku jedou",jiný druh nesprávného způsobu jízdy,"povrch suchý, neznečistěný",neztížené,dobré,na jízdním pruhu,přednost vyznačena přenosnými dopravními,přímý úsek,neurčeno,jedoucí - proti směru staničení na komun,srážka s pevnou překážkou,závory železničního přejezdu,živice,"dobrý, bez závad","ve dne, viditelnost nezhoršená vlivem po",dvoupruhová,místní úprava (vyplní se pol. 24),železniční přejezd zabezpečený,mimo křižovatku,ne,P265,43.4494169265,Praha-Radotín - Dobřichovice,"14,212",Ano,III.,,"ul. Kazínská, Vrážská",49° 57' 33.53709'' N,14° 19' 24.31073'' E,49.95932,14.32342
14.343453132063972,49.194885208625124,20106110021,Temelín (Jihočeský kraj),2011-01-14 19:50:00,silnice 2.třídy,138,řidičem motorového vozidla,s řidičským oprávněním skupiny b,řidič nebyl ovlivněn,ne,dobrý -žádné nepříznivé okolnosti nebyly zjištěny,0,0,0,2,ŠKODA,nedošlo k požáru,630,"došlo k úniku pohonných hmot, oleje, chl",osobní automobil bez přívěsu,2004,"soukromá organizace (podnikatel, s.r.o.,",500,nebylo třeba užít násilí,nehoda pouze s hmotnou škodou,boční,jiné nedání přednosti,"povrch suchý, neznečistěný",neztížené,dobré,na jízdním pruhu,žádná místní úprava,přímý úsek,neurčeno,jedoucí - ve směru staničení na komunika,srážka s vlakem,"nepřichází v úvahu, nejde o srážku s pev",živice,"dobrý, bez závad","v noci - s veřejným osvětlením,viditelno",žádná z uvedených,světelným signalizačním zařízením,železniční přejezd nezabezpečený,mimo křižovatku,ne,P1527,14.1323211616,,"0,313",ne,II,138,,49° 11' 42.98'' N,14° 20' 35.57'' E,49.19527,14.34321
14.397947189285929,49.219865648485154,20106110035,Týn nad Vltavou (Jihočeský kraj),2011-01-17 20:15:00,silnice 3.třídy,12219,řidičem motorového vozidla,s řidičským oprávněním skupiny b,řidič nebyl ovlivněn,ne,dobrý -žádné nepříznivé okolnosti nebyly zjištěny,0,0,0,1,RENAULT,žádná z uvedených,450,žádné z uvedených,osobní automobil bez přívěsu,2001,"soukromé, nevyužívané k výdělečné činnos",400,nebylo třeba užít násilí,nehoda pouze s hmotnou škodou,"nepřichází v úvahu, nejde o srážku jedou","nepř. rychlosti stavu vozovky (náledí, výtluky, bláto, mokrý povrch apod.)",povrch mokrý,mlha,dobré,na jízdním pruhu,žádná místní úprava,přímý úsek,neurčeno,jedoucí - ve směru staničení na komunika,srážka s pevnou překážkou,"sloup - telefonní, veř.osvětlení, el.ved",živice,podélný sklon vyšší než 8%,"v noci - bez veřejného osvětlení, vidite",dvoupruhová,žádný způsob řízení provozu,železniční přejezd nezabezpečený,mimo křižovatku,ano,P1539,43.319710877,Temelín - Týn nad Vltavou,"19,662",Ne,III.,12219,Bohunický,49° 13' 10.83995'' N,14° 23' 54.49241'' E,49.21968,14.39847
14.485233601394672,48.982301888327214,20106110054,České Budějovice (Jihočeský kraj),2011-01-25 05:50:00,komunikace místní,0,řidičem nemotorového vozidla,"nezjištěno, řidič místo nehody opustil",jiné ovlivnění,nezjišťováno,jiný nepříznivý stav,0,0,0,2,žádná z uvedených,nedošlo k požáru,2,žádné z uvedených,jízdní kolo,,"soukromé, nevyužívané k výdělečné činnos",2,nebylo třeba užít násilí,nehoda pouze s hmotnou škodou,boční,jízda na “červené světlo“,povrch mokrý,"tvoří se námraza, náledí",dobré,na jízdním pruhu,žádná místní úprava,přímý úsek,neurčeno,vozidlo jedoucí - na komunikaci bez stan,srážka s vlakem,"nepřichází v úvahu, nejde o srážku s pev",živice,"dobrý, bez závad","v noci - s veřejným osvětlením,viditelno",dvoupruhová,světelným signalizačním zařízením,železniční přejezd zabezpečený,mimo křižovatku,ne,P1126,39.4058609912,"žst. Č.Budějovice-seř.n. - (kolej č. 102b, 906A, 906)","214,275",Ano,B,,"\""B\""u Křížku",48° 58' 55.75380'' N,14° 29' 08.58219'' E,48.98215,14.48572
14.40968073965845,49.217296274796468,20106110114,Týn nad Vltavou (Jihočeský kraj),2011-02-23 13:52:00,komunikace místní,0,řidičem motorového vozidla,s řidičským oprávněním skupiny c,řidič nebyl ovlivněn,ne,dobrý -žádné nepříznivé okolnosti nebyly zjištěny,0,3,0,2,žádná z uvedených,nedošlo k požáru,9100,žádné z uvedených,traktor (i s přívěsem),2008,"soukromé, využívané k výdělečné činnosti",4500,nebylo třeba užít násilí,nehoda s následky na životě nebo zdraví,boční,jiné nedání přednosti,"povrch suchý, neznečistěný",neztížené,dobré,na jízdním pruhu,přednost vyznačena dopravními značkami,přímý úsek,neurčeno,vozidlo jedoucí - na komunikaci bez stan,srážka s vlakem,"nepřichází v úvahu, nejde o srážku s pev",živice,"dobrý, bez závad","ve dne, viditelnost nezhoršená vlivem po",dvoupruhová,místní úprava (vyplní se pol. 24),železniční přejezd nezabezpečený,mimo křižovatku,ne,P1540,1.66426107016,Temelín - Týn nad Vltavou,"20,541",Ne,O,,Cihelňácký,49° 13' 02.25394'' N,14° 24' 34.75989'' E,49.21729,14.40966
14.455310924879109,48.892959967508411,20106110269,Kamenný Újezd (Jihočeský kraj),2011-05-05 15:35:00,komunikace místní,0,řidičem nemotorového vozidla,ostatní řidiči vozidel,řidič nebyl ovlivněn,ne,dobrý -žádné nepříznivé okolnosti nebyly zjištěny,1,0,0,2,žádná z uvedených,žádná z uvedených,10,žádné z uvedených,jízdní kolo,,"soukromé, nevyužívané k výdělečné činnos",10,nebylo třeba užít násilí,nehoda s následky na životě nebo zdraví,boční,jiné nedání přednosti,"povrch suchý, neznečistěný",neztížené,dobré,na jízdním pruhu,přednost vyznačena dopravními značkami,přímý úsek,neurčeno,vozidlo jedoucí - na komunikaci bez stan,srážka s vlakem,"nepřichází v úvahu, nejde o srážku s pev",živice,"dobrý, bez závad","ve dne, viditelnost nezhoršená vlivem po",dvoupruhová,místní úprava (vyplní se pol. 24),železniční přejezd nezabezpečený,mimo křižovatku,ne,P5576,122.808886286,Kamenný Újezd u Č.Budějovic - Včelná,"106,182",Ano,MK,,za žst.Kamenný Újezd u Č.B.,48° 53' 38.54141'' N,14° 27' 20.36320'' E,48.89404,14.45566
14.472994649050595,48.943968861004294,20106110278,České Budějovice (Jihočeský kraj),2011-05-05 18:50:00,komunikace místní,0,řidičem motorového vozidla,bez příslušného řidičského oprávnění,oslněn sluncem,ne,dobrý -žádné nepříznivé okolnosti nebyly zjištěny,0,1,1,2,BMW,nedošlo k požáru,36000,"došlo k úniku pohonných hmot, oleje, chl",osobní automobil bez přívěsu,2009,"soukromá organizace (podnikatel, s.r.o.,",10000,nebylo třeba užít násilí,nehoda s následky na životě nebo zdraví,z boku,jiné nedání přednosti,"povrch suchý, neznečistěný",neztížené,dobré,na jízdním pruhu,žádná místní úprava,přímý úsek,neurčeno,vozidlo jedoucí - na komunikaci bez stan,srážka s vlakem,"nepřichází v úvahu, nejde o srážku s pev",živice,"dobrý, bez závad","ve dne, viditelnost nezhoršená vlivem po",dvoupruhová,světelným signalizačním zařízením,železniční přejezd zabezpečený,mimo křižovatku,ne,P5580,13.5276069081,Včelná - odb. Roznov,"115,134",Ano,B,,Roudné,48° 56' 38.29709'' N,14° 28' 22.10895'' E,48.94397,14.47281
14.472943526971006,48.990937645028389,20106110298,České Budějovice (Jihočeský kraj),2011-05-19 15:00:00,komunikace místní,0,řidičem nemotorového vozidla,ostatní řidiči vozidel,ovlivněn jednáním jiného účastníka sil. provozu,nezjišťováno,dobrý -žádné nepříznivé okolnosti nebyly zjištěny,0,1,0,2,žádná z uvedených,nedošlo k požáru,0,žádné z uvedených,jízdní kolo,,"soukromé, nevyužívané k výdělečné činnos",0,nebylo třeba užít násilí,nehoda s následky na životě nebo zdraví,"nepřichází v úvahu, nejde o srážku jedou",řidič se plně nevěnoval řízení vozidla,"povrch suchý, neznečistěný",neztížené,dobré,na jízdním pruhu,přednost vyznačena dopravními značkami,křižovatka pěti a víceramenná,místní komunikace,vozidlo jedoucí - na komunikaci bez stan,havárie,"nepřichází v úvahu, nejde o srážku s pev",živice,"dobrý, bez závad","ve dne, viditelnost nezhoršená vlivem po",dvoupruhová,místní úprava (vyplní se pol. 24),železniční přejezd nezabezpečený,"na křižovatce,jedná-li se o křížení siln",ne,P1128,897.671526174,,"216,168",ano,,,,48° 59' 54.058'' N,14° 28' 40.084'' E,48.99835,14.4778