X,Y,id,obec,datum,komunikace,komunika_1,zavineni,ridic_kate,ridic_ovli,vinik_alko,ridic_stav,obeti_usmr,obeti_lehc,obeti_tezc,vozidel_ce,vinik_vozi,vinik_vo_1,skoda,unik_hmot,vinik_vo_2,vinik_vo_3,vinik_vo_4,vinik_skod,vyprosteni,nehoda_cha,srazka_voz,hlavni_pri,povrch_sta,meteo,rozhled,nehoda_pol,prednost_v,smerove_po,druh_krizu,smer_jizdy,nehoda_dru,pevna_prek,povrch_dru,komunika_2,viditelnos,komunika_3,rizeni_pro,objekty,misto_neho,smyk,neighbors_TargetID,neighbors_Distance,neighbors_prejezdy-dec_Název definičního úseku,neighbors_prejezdy-dec_Žkm přejezdu,neighbors_prejezdy-dec_Přejezd s trolejovým vedením,neighbors_prejezdy-dec_Třída pozemní komunikace,neighbors_prejezdy-dec_Číslo pozemní komunikace,neighbors_prejezdy-dec_Místní název přejezdu,neighbors_prejezdy-dec_Zeměpisná šířka,neighbors_prejezdy-dec_Zeměpisná délka,neighbors_prejezdy-dec_field_10,neighbors_prejezdy-dec_field_11
14.530433291442241,50.963783844385553,40206110286,Rumburk (Ústecký kraj),2011-06-12 23:59:00,silnice 2.třídy,266,řidičem motorového vozidla,nezjištěno,jiné ovlivnění,nezjišťováno,jiný nepříznivý stav,0,0,0,1,žádná z uvedených,žádná z uvedených,300,žádné z uvedených,"nezjištěno, řidič ujel",,žádná z uvedených,0,žádná z uvedených,nehoda pouze s hmotnou škodou,"nepřichází v úvahu, nejde o srážku jedou","bezohledná, agresivní, neohleduplná jízda",povrch mokrý,"na počátku deště, slabý déšť",dobré,mimo komunikaci,přednost vyznačena dopravními značkami,křižovatka průsečná - čtyřramenná,místní komunikace,žádná z uvedených,srážka s pevnou překážkou,"odrazník, patník, sloupek, dopr.značky a",živice,"dobrý, bez závad","ve dne, zhoršená viditelnost vlivem pově",dvoupruhová,místní úprava (vyplní se pol. 24),železniční přejezd zabezpečený,"na křižovatce, uvnitř hranic křižovatky",ne,P3533,17.9985545167,Rumburk - Šluknov,"1,385",Ne,II.,266,,50° 57' 49.99632'' N,14° 31' 48.86365'' E,50.96389,14.53024
14.342763231642374,50.786408332574474,40206110310,Markvartice (Ústecký kraj),2011-06-22 07:45:00,silnice 1.třídy,13,řidičem motorového vozidla,s řidičským oprávněním skupiny c,řidič nebyl ovlivněn,ne,dobrý -žádné nepříznivé okolnosti nebyly zjištěny,0,0,0,2,VOLKSWAGEN,nedošlo k požáru,400,žádné z uvedených,osobní automobil bez přívěsu,1994,"soukromé, nevyužívané k výdělečné činnos",300,nebylo třeba užít násilí,nehoda pouze s hmotnou škodou,boční,řidič se plně nevěnoval řízení vozidla,"povrch suchý, neznečistěný",neztížené,dobré,na jízdním pruhu,žádná místní úprava,přímý úsek,neurčeno,jedoucí - proti směru staničení na komun,srážka s vlakem,"nepřichází v úvahu, nejde o srážku s pev",živice,"dobrý, bez závad","ve dne, viditelnost nezhoršená vlivem po",dvoupruhová,světelným signalizačním zařízením,železniční přejezd zabezpečený,mimo křižovatku,ne,P2600,1.196547283,Markvartice - Česká Kamenice,"19,145",Ne,I.,13,,50° 47' 11.08012'' N,14° 20' 34.02529'' E,50.78641,14.34278
14.20032603659425,50.768937279585209,40206110603,Děčín (Ústecký kraj),2011-10-10 07:40:00,komunikace místní,0,řidičem motorového vozidla,s řidičským oprávněním skupiny c,řidič nebyl ovlivněn,ne,dobrý -žádné nepříznivé okolnosti nebyly zjištěny,0,0,0,1,SCANIA,nedošlo k požáru,900,žádné z uvedených,nákladní automobil s návěsem,2004,"soukromá organizace (podnikatel, s.r.o.,",0,nebylo třeba užít násilí,nehoda pouze s hmotnou škodou,"nepřichází v úvahu, nejde o srážku jedou",řidič se plně nevěnoval řízení vozidla,"povrch suchý, neznečistěný",neztížené,dobré,na jízdním pruhu,žádná místní úprava,přímý úsek,neurčeno,vozidlo jedoucí - na komunikaci bez stan,srážka s pevnou překážkou,"jiná překážka (zábradlí,oplocení,násep,n",živice,"dobrý, bez závad","ve dne, viditelnost nezhoršená vlivem po",dvoupruhová,světelným signalizačním zařízením,železniční přejezd zabezpečený,mimo křižovatku,ne,P2435,12.2554527259,"žst. Děčín hl.n. - (spoj. kol. 8a,10a)","539,17",Ano,O,,k celnímu skladu z ul. Práce,50° 46' 07.87446'' N,14° 12' 00.77924'' E,50.76885,14.20022
14.544851732502702,50.956831190473494,40206110757,Rumburk (Ústecký kraj),2011-11-29 08:50:00,silnice 2.třídy,266,řidičem motorového vozidla,s řidičským oprávněním skupiny b,oslněn sluncem,ne,dobrý -žádné nepříznivé okolnosti nebyly zjištěny,0,1,0,2,CITROEN,nedošlo k požáru,20,žádné z uvedených,osobní automobil bez přívěsu,2006,"soukromé, nevyužívané k výdělečné činnos",10,nebylo třeba užít násilí,nehoda s následky na životě nebo zdraví,čelní,při odbočování vlevo,povrch mokrý,"na počátku deště, slabý déšť",výhled zakryt stojícím vozidlem,na jízdním pruhu,přednost vyznačena dopravními značkami,křižovatka styková - tříramenná,místní komunikace,zachycuje směr jízdy křižovatkou,srážka s jedoucím nekolejovým vozidlem,"nepřichází v úvahu, nejde o srážku s pev",živice,"dobrý, bez závad","ve dne, zhoršená viditelnost (svítání,so",dvoupruhová,místní úprava (vyplní se pol. 24),železniční přejezd zabezpečený,"na křižovatce, uvnitř hranic křižovatky",ne,P3278,14.9822143254,Rumburk - Šluknov,"0,057",Ne,II.,266,U nádraží,50° 57' 24.12414'' N,14° 32' 41.64398'' E,50.9567,14.5449
13.289851368715331,50.487328440238102,40306110073,Křimov (Ústecký kraj),2011-01-01 23:59:00,silnice 3.třídy,25114,řidičem motorového vozidla,nezjištěno,jiné ovlivnění,nezjišťováno,jiný nepříznivý stav,0,0,0,1,žádná z uvedených,žádná z uvedených,200,žádné z uvedených,"nezjištěno, řidič ujel",,žádná z uvedených,0,žádná z uvedených,nehoda pouze s hmotnou škodou,"nepřichází v úvahu, nejde o srážku jedou",vyhýbání bez dostatečné boční vůle,"souvislá sněhová vrstva, rozbředlý sníh",neztížené,dobré,na jízdním pruhu,žádná místní úprava,zatáčka,neurčeno,žádná z uvedených,srážka s pevnou překážkou,závory železničního přejezdu,živice,nesouvislé výtluky,"ve dne, viditelnost nezhoršená vlivem po",dvoupruhová,světelným signalizačním zařízením,železniční přejezd zabezpečený,mimo křižovatku,ne,P1972,52.4219593757,Domina - Křimov,"21,65",Ne,III.,25114,Křímov,50° 29' 14.33694'' N,13° 17' 26.10741'' E,50.48732,13.29059
13.442551893300484,50.484732173335544,40306110202,Otvice (Ústecký kraj),2011-03-13 18:03:00,komunikace místní,0,řidičem motorového vozidla,s řidičským oprávněním skupiny b,řidič nebyl ovlivněn,ne,dobrý -žádné nepříznivé okolnosti nebyly zjištěny,0,2,0,2,ŠKODA,nedošlo k požáru,1650,"došlo k úniku pohonných hmot, oleje, chl",osobní automobil bez přívěsu,1996,"soukromé, nevyužívané k výdělečné činnos",150,nebylo třeba užít násilí,nehoda s následky na životě nebo zdraví,boční,jiné nedání přednosti,"povrch suchý, neznečistěný",neztížené,dobré,na jízdním pruhu,žádná místní úprava,křižovatka průsečná - čtyřramenná,místní komunikace,vozidlo jedoucí - na komunikaci bez stan,srážka s vlakem,"nepřichází v úvahu, nejde o srážku s pev",živice,"dobrý, bez závad","ve dne, zhoršená viditelnost (svítání,so",dvoupruhová,žádný způsob řízení provozu,železniční přejezd zabezpečený,"na křižovatce,jedná-li se o křížení siln",ne,P1995,36.5652557404,Dolní Rybník - Jirkov,"0,648",Ne,C,,,50° 29' 06.22574'' N,13° 26' 33.34085'' E,50.48506,13.44259
13.428303304114328,50.393009461495353,40306110639,Březno (Ústecký kraj),2011-08-30 17:30:00,silnice 3.třídy,22512,řidičem motorového vozidla,nezjištěno,jiné ovlivnění,nezjišťováno,jiný nepříznivý stav,0,0,0,1,žádná z uvedených,žádná z uvedených,50,žádné z uvedených,"nezjištěno, řidič ujel",,žádná z uvedených,0,žádná z uvedených,nehoda pouze s hmotnou škodou,"nepřichází v úvahu, nejde o srážku jedou",nezvládnutí řízení vozidla,"povrch suchý, neznečistěný",neztížené,dobré,na jízdním pruhu,přednost vyznačena dopravními značkami,přímý úsek,neurčeno,žádná z uvedených,srážka s pevnou překážkou,závory železničního přejezdu,dlažba,"dobrý, bez závad","ve dne, viditelnost nezhoršená vlivem po",dvoupruhová,místní úprava (vyplní se pol. 24),železniční přejezd zabezpečený,mimo křižovatku,ne,P69,11.4842622007,Hořetice - Březno u Chomutova,"115,16",Ano,III.,22512,,50° 23' 35.18438'' N,13° 25' 42.03217'' E,50.39311,13.42834
13.442022774313106,50.48449747009699,40306110681,Otvice (Ústecký kraj),2011-09-12 10:00:00,komunikace místní,0,řidičem motorového vozidla,s řidičským oprávněním skupiny c,řidič nebyl ovlivněn,ne,dobrý -žádné nepříznivé okolnosti nebyly zjištěny,0,0,0,1,MAN,nedošlo k požáru,30,žádné z uvedených,nákladní automobil s návěsem,2008,"soukromá organizace (podnikatel, s.r.o.,",0,nebylo třeba užít násilí,nehoda pouze s hmotnou škodou,"nepřichází v úvahu, nejde o srážku jedou",vyhýbání bez dostatečné boční vůle,"povrch suchý, neznečistěný",neztížené,dobré,na jízdním pruhu,přednost vyznačena dopravními značkami,křižovatka styková - tříramenná,místní komunikace,vozidlo jedoucí - na komunikaci bez stan,srážka s pevnou překážkou,"jiná překážka (zábradlí,oplocení,násep,n",živice,"dobrý, bez závad","ve dne, viditelnost nezhoršená vlivem po",dvoupruhová,místní úprava (vyplní se pol. 24),železniční přejezd zabezpečený,"na křižovatce,jedná-li se o křížení siln",ne,P1994,2.34386205486,Dolní Rybník - Jirkov,"0,572",Ne,C,,,50° 29' 04.18230'' N,13° 26' 31.15665'' E,50.4845,13.44199
13.279494840743888,50.384569409852624,40306110740,Kadaň (Ústecký kraj),2011-10-10 23:00:00,silnice 3.třídy,1981,řidičem motorového vozidla,nezjištěno,jiné ovlivnění,nezjišťováno,jiný nepříznivý stav,0,0,0,1,žádná z uvedených,žádná z uvedených,5,žádné z uvedených,"nezjištěno, řidič ujel",,žádná z uvedených,0,žádná z uvedených,nehoda pouze s hmotnou škodou,"nepřichází v úvahu, nejde o srážku jedou",řidič se plně nevěnoval řízení vozidla,"povrch suchý, neznečistěný",neztížené,dobré,na jízdním pruhu,žádná místní úprava,zatáčka,neurčeno,žádná z uvedených,srážka s pevnou překážkou,závory železničního přejezdu,živice,"dobrý, bez závad","v noci - bez veřejného osvětlení,viditel",dvoupruhová,žádný způsob řízení provozu,železniční přejezd zabezpečený,mimo křižovatku,ne,P1900,1018.79858055,"dD3 Kadaň předměstí - (kol. 1,3)","26,509",Ne,O,,,50° 22' 31.81862'' N,13° 16' 38.57671'' E,50.37551,13.27738
14.391481884712933,50.459087271987414,40606110051,Štětí (Ústecký kraj),2011-01-24 11:10:00,silnice 3.třídy,26120,řidičem motorového vozidla,nezjištěno,jiné ovlivnění,nezjišťováno,jiný nepříznivý stav,0,0,0,1,žádná z uvedených,žádná z uvedených,50,žádné z uvedených,"nezjištěno, řidič ujel",,žádná z uvedených,0,žádná z uvedených,nehoda pouze s hmotnou škodou,"nepřichází v úvahu, nejde o srážku jedou",řidič se plně nevěnoval řízení vozidla,povrch mokrý,neztížené,dobré,na jízdním pruhu,žádná místní úprava,přímý úsek,neurčeno,žádná z uvedených,srážka s pevnou překážkou,závory železničního přejezdu,živice,"dobrý, bez závad","ve dne, viditelnost nezhoršená vlivem po",dvoupruhová,žádný způsob řízení provozu,železniční přejezd zabezpečený,mimo křižovatku,ne,P2948,10.3967369716,žst. Štětí,"386,042",Ano,III.,26120,u žst. Štětí (Radouň),50° 27' 33.00682'' N,14° 23' 29.59468'' E,50.45917,14.39155
14.125075950218651,50.541942442520352,40606110102,Litoměřice (Ústecký kraj),2011-02-12 07:05:00,silnice 3.třídy,2611,chodcem,s řidičským oprávněním skupiny b,řidič nebyl ovlivněn,"ano, obsah alkoholu v&nbsp;krvi 1,5‰ a více",dobrý -žádné nepříznivé okolnosti nebyly zjištěny,0,1,0,1,ŠKODA,nedošlo k požáru,50,žádné z uvedených,osobní automobil bez přívěsu,2001,"soukromé, nevyužívané k výdělečné činnos",50,nebylo třeba užít násilí,nehoda s následky na životě nebo zdraví,"nepřichází v úvahu, nejde o srážku jedou",nezaviněná řidičem,"povrch suchý, neznečistěný",neztížené,dobré,na jízdním pruhu,přednost vyznačena dopravními značkami,křižovatka průsečná - čtyřramenná,místní komunikace,zachycuje směr jízdy křižovatkou,srážka s chodcem,"nepřichází v úvahu, nejde o srážku s pev",živice,"dobrý, bez závad","ve dne, zhoršená viditelnost (svítání,so",dvoupruhová,místní úprava (vyplní se pol. 24),železniční přejezd zabezpečený,"na křižovatce, uvnitř hranic křižovatky",ne,P3340,3.02104051197,Žalhostice - Litoměřice hor.n.-odb.vl.RICHARD,"43,596",Ne,III.,2611,Ul. Masarykova,50° 32' 30.89935'' N,14° 07' 30.34893'' E,50.54192,14.1251
14.187299552819004,50.527976850255399,40606110112,Litoměřice (Ústecký kraj),2011-02-17 23:59:00,komunikace účelová - ostatní (parkoviště apod.),0,řidičem motorového vozidla,nezjištěno,jiné ovlivnění,nezjišťováno,jiný nepříznivý stav,0,0,0,1,žádná z uvedených,žádná z uvedených,100,žádné z uvedených,"nezjištěno, řidič ujel",,žádná z uvedených,0,žádná z uvedených,nehoda pouze s hmotnou škodou,"nepřichází v úvahu, nejde o srážku jedou",řidič se plně nevěnoval řízení vozidla,"povrch suchý, neznečistěný",neztížené,dobré,na krajnici,žádná místní úprava,zatáčka,neurčeno,žádná z uvedených,srážka s pevnou překážkou,závory železničního přejezdu,živice,"dobrý, bez závad","v noci - bez veřejného osvětlení,viditel",dvoupruhová,žádný způsob řízení provozu,železniční přejezd nezabezpečený,mimo křižovatku,ne,P2960,159.560809927,Polepy - Litoměřice dolní nádraží,"404,043",Ano,O,,U Čestmíra,50° 31' 38.63057'' N,14° 11' 21.68121'' E,50.5274,14.18936
14.375971137885525,50.462400670391901,40606110262,Štětí (Ústecký kraj),2011-04-23 00:30:00,komunikace účelová - ostatní (parkoviště apod.),0,řidičem motorového vozidla,s řidičským oprávněním skupiny d,řidič nebyl ovlivněn,ne,dobrý -žádné nepříznivé okolnosti nebyly zjištěny,0,0,0,2,RENAULT,nedošlo k požáru,60,žádné z uvedených,"nákladní automobil (včetně multikáry, au",2009,"soukromá organizace (podnikatel, s.r.o.,",60,nebylo třeba užít násilí,nehoda pouze s hmotnou škodou,"nepřichází v úvahu, nejde o srážku jedou",jiné nedání přednosti,"povrch suchý, neznečistěný",neztížené,"špatné vlivem okolní zástavby (budovy,pl",žádné z uvedených,přednost vyznačena dopravními značkami,přímý úsek,neurčeno,vozidlo jedoucí - na komunikaci bez stan,jiný druh nehody,"nepřichází v úvahu, nejde o srážku s pev",živice,"dobrý, bez závad","v noci - s veřejným osvětlením,viditelno",dvoupruhová,místní úprava (vyplní se pol. 24),železniční přejezd nezabezpečený,mimo křižovatku,ne,P2948,1163.0595068,žst. Štětí,"386,042",Ano,III.,26120,u žst. Štětí (Radouň),50° 27' 33.00682'' N,14° 23' 29.59468'' E,50.45917,14.39155
14.07084071351168,50.442860786523305,40606110368,Chotěšov (Ústecký kraj),2011-05-30 06:39:00,silnice 3.třídy,23757,řidičem motorového vozidla,nezjištěno,jiné ovlivnění,ne,jiný nepříznivý stav,0,1,0,2,žádná z uvedených,žádná z uvedených,650,žádné z uvedených,vlak,,žádná z uvedených,0,žádná z uvedených,nehoda s následky na životě nebo zdraví,z boku,proti příkazu dopravní značky STŮJ DEJ PŘEDNOST,"povrch suchý, neznečistěný",neztížené,dobré,na jízdním pruhu,přednost vyznačena dopravními značkami,přímý úsek,neurčeno,žádná z uvedených,srážka s vlakem,"nepřichází v úvahu, nejde o srážku s pev",živice,"dobrý, bez závad","ve dne, viditelnost nezhoršená vlivem po",dvoupruhová,místní úprava (vyplní se pol. 24),železniční přejezd nezabezpečený,mimo křižovatku,ne,P2278,0.664451763297,Čížkovice - Chotěšov pod Hazmburkem,"9,804",Ne,III.,23757,Chotěšov,50° 26' 34.28081'' N,14° 04' 15.06211'' E,50.44286,14.07085
14.04630865523783,50.407810765863807,40606110407,Libochovice (Ústecký kraj),2011-06-12 13:30:00,silnice 3.třídy,2467,řidičem motorového vozidla,s řidičským oprávněním skupiny b,řidič nebyl ovlivněn,ne,dobrý -žádné nepříznivé okolnosti nebyly zjištěny,0,1,0,2,RENAULT,nedošlo k požáru,350,žádné z uvedených,osobní automobil bez přívěsu,1997,"soukromé, nevyužívané k výdělečné činnos",200,nebylo třeba užít násilí,nehoda s následky na životě nebo zdraví,boční,proti příkazu dopravní značky STŮJ DEJ PŘEDNOST,"povrch suchý, neznečistěný",neztížené,dobré,na jízdním pruhu,přednost vyznačena dopravními značkami,přímý úsek,neurčeno,jedoucí - ve směru staničení na komunika,srážka s vlakem,"nepřichází v úvahu, nejde o srážku s pev",živice,"dobrý, bez závad","ve dne, viditelnost nezhoršená vlivem po",dvoupruhová,místní úprava (vyplní se pol. 24),železniční přejezd nezabezpečený,mimo křižovatku,ne,P2309,1.78612184963,Koštice nad Ohří - Libochovice,"19,46",Ne,III.,2467,,50° 24' 28.07669'' N,14° 02' 46.64246'' E,50.4078,14.04629
14.377624428167426,50.608727429511511,40606110475,Úštěk (Ústecký kraj),2011-07-07 00:40:00,silnice 1.třídy,15,řidičem nemotorového vozidla,ostatní řidiči vozidel,řidič nebyl ovlivněn,"ano, obsah alkoholu v&nbsp;krvi do 0,99‰","pod vlivem alkoholu, obsah alkoholu v krvi do 0,99‰",0,0,1,1,žádná z uvedených,žádná z uvedených,20,žádné z uvedených,jízdní kolo,,"soukromé, nevyužívané k výdělečné činnos",20,nebylo třeba užít násilí,nehoda s následky na životě nebo zdraví,"nepřichází v úvahu, nejde o srážku jedou",řidič se plně nevěnoval řízení vozidla,"povrch suchý, neznečistěný",neztížené,dobré,na jízdním pruhu,žádná místní úprava,zatáčka,neurčeno,jedoucí - proti směru staničení na komun,havárie,"nepřichází v úvahu, nejde o srážku s pev",živice,"dobrý, bez závad","v noci - bez veřejného osvětlení,viditel",dvoupruhová,žádný způsob řízení provozu,železniční přejezd zabezpečený,mimo křižovatku,ne,P3367,6.7769851882,Úštěk - Blíževedly,"67,487",Ne,I.,15,,50° 36' 31.28742'' N,14° 22' 39.71029'' E,50.60869,14.3777
14.335810109808245,50.490484765153248,40606110556,Hoštka (Ústecký kraj),2011-08-08 13:00:00,silnice 3.třídy,26117,řidičem motorového vozidla,s řidičským oprávněním skupiny d,řidič nebyl ovlivněn,nezjišťováno,dobrý -žádné nepříznivé okolnosti nebyly zjištěny,0,0,0,1,IVECO,nedošlo k požáru,10,žádné z uvedených,nákladní automobil s návěsem,2002,"soukromá organizace (podnikatel, s.r.o.,",5,nebylo třeba užít násilí,nehoda pouze s hmotnou škodou,"nepřichází v úvahu, nejde o srážku jedou",řidič se plně nevěnoval řízení vozidla,"povrch suchý, neznečistěný",neztížené,dobré,na jízdním pruhu,přednost vyznačena dopravními značkami,přímý úsek,neurčeno,jedoucí - proti směru staničení na komun,srážka s pevnou překážkou,závory železničního přejezdu,živice,"dobrý, bez závad","ve dne, viditelnost nezhoršená vlivem po",dvoupruhová,místní úprava (vyplní se pol. 24),železniční přejezd zabezpečený,mimo křižovatku,ne,P2950,5.41703749213,Štětí - Hošťka,"391,555",Ano,III.,26117,Hoštka z náměstí (Malešov),50° 29' 25.57628'' N,14° 20' 08.80099'' E,50.49044,14.33578
14.391576045098979,50.459157035615206,40606110600,Štětí (Ústecký kraj),2011-08-27 19:00:00,silnice 3.třídy,26120,řidičem motorového vozidla,nezjištěno,jiné ovlivnění,nezjišťováno,jiný nepříznivý stav,0,0,0,1,žádná z uvedených,žádná z uvedených,100,žádné z uvedených,"nezjištěno, řidič ujel",,žádná z uvedených,0,žádná z uvedených,nehoda pouze s hmotnou škodou,"nepřichází v úvahu, nejde o srážku jedou",řidič se plně nevěnoval řízení vozidla,povrch mokrý,déšť,dobré,na jízdním pruhu,žádná místní úprava,přímý úsek,neurčeno,žádná z uvedených,srážka s pevnou překážkou,závory železničního přejezdu,živice,"dobrý, bez závad","ve dne, zhoršená viditelnost vlivem pově",dvoupruhová,žádný způsob řízení provozu,železniční přejezd zabezpečený,mimo křižovatku,ne,P2948,2.34668452032,žst. Štětí,"386,042",Ano,III.,26120,u žst. Štětí (Radouň),50° 27' 33.00682'' N,14° 23' 29.59468'' E,50.45917,14.39155
14.231822523178783,50.523354489398216,40606110739,Křešice (Ústecký kraj),2011-10-10 23:59:00,silnice 3.třídy,24063,řidičem motorového vozidla,nezjištěno,jiné ovlivnění,nezjišťováno,jiný nepříznivý stav,0,0,0,1,žádná z uvedených,žádná z uvedených,100,žádné z uvedených,"nezjištěno, řidič ujel",,žádná z uvedených,0,žádná z uvedených,nehoda pouze s hmotnou škodou,"nepřichází v úvahu, nejde o srážku jedou","nepř. rychlosti dopravně technickému stavu vozovky (zatáčka,klesání,stoupání,šířka apod.)","povrch suchý, neznečistěný",neztížené,dobré,na krajnici,žádná místní úprava,zatáčka,neurčeno,žádná z uvedených,srážka s pevnou překážkou,"sloup - telefonní, veř.osvětlení, el.ved",živice,"dobrý, bez závad","ve dne, viditelnost nezhoršená vlivem po",dvoupruhová,žádný způsob řízení provozu,železniční přejezd zabezpečený,mimo křižovatku,ne,P2957,32.1078122736,Polepy - Litoměřice dolní nádraží,"400,857",Ano,III.,24063,ústav Křešice,50° 31' 23.79797'' N,14° 13' 56.14160'' E,50.52328,14.23226
14.264841298841207,50.557371477658904,40606110763,Horní Řepčice (Ústecký kraj),2011-10-17 09:20:00,silnice 3.třídy,24067,řidičem motorového vozidla,s řidičským oprávněním skupiny c,oslněn sluncem,ne,dobrý -žádné nepříznivé okolnosti nebyly zjištěny,0,0,0,1,RENAULT,nedošlo k požáru,100,žádné z uvedených,osobní automobil bez přívěsu,1997,"soukromé, nevyužívané k výdělečné činnos",50,nebylo třeba užít násilí,nehoda pouze s hmotnou škodou,"nepřichází v úvahu, nejde o srážku jedou",řidič se plně nevěnoval řízení vozidla,"povrch suchý, neznečistěný",neztížené,dobré,na jízdním pruhu,žádná místní úprava,přímý úsek,neurčeno,jedoucí - ve směru staničení na komunika,srážka s pevnou překážkou,závory železničního přejezdu,živice,"dobrý, bez závad","ve dne, viditelnost nezhoršená vlivem po",dvoupruhová,žádný způsob řízení provozu,železniční přejezd zabezpečený,mimo křižovatku,ne,P3350,16.694090874,Litoměřice horní nádraží - Liběšice,"55,163",Ne,III.,24067,před zast. Horní Řepčice,50° 33' 26.01513'' N,14° 15' 53.71067'' E,50.55723,14.26492
14.270409600397999,50.421731818410009,40606110833,Roudnice nad Labem (Ústecký kraj),2011-11-11 15:20:00,komunikace místní,0,řidičem motorového vozidla,s řidičským oprávněním skupiny b,řidič nebyl ovlivněn,ne,dobrý -žádné nepříznivé okolnosti nebyly zjištěny,0,0,0,2,RENAULT,nedošlo k požáru,100,žádné z uvedených,"nákladní automobil (včetně multikáry, au",1999,"soukromé, nevyužívané k výdělečné činnos",100,nebylo třeba užít násilí,nehoda pouze s hmotnou škodou,čelní,proti příkazu dopravní značky STŮJ DEJ PŘEDNOST,"povrch suchý, neznečistěný",neztížené,dobré,na jízdním pruhu,přednost vyznačena dopravními značkami,přímý úsek,neurčeno,vozidlo jedoucí - na komunikaci bez stan,srážka s vlakem,"nepřichází v úvahu, nejde o srážku s pev",živice,"dobrý, bez závad","ve dne, viditelnost nezhoršená vlivem po",dvoupruhová,místní úprava (vyplní se pol. 24),železniční přejezd nezabezpečený,mimo křižovatku,ne,P2542,0.711752396208,Roudnice nad Labem - Straškov-odbočka,"3,459",Ne,C,,ul. Švermova,50° 25' 18.23881'' N,14° 16' 13.43201'' E,50.42173,14.2704
13.418071592256153,50.260330985627625,40706110078,Podbořany (Ústecký kraj),2011-02-02 22:15:00,silnice 3.třídy,2247,řidičem motorového vozidla,s řidičským oprávněním skupiny b,řidič nebyl ovlivněn,ne,dobrý -žádné nepříznivé okolnosti nebyly zjištěny,0,1,1,2,SEAT,nedošlo k požáru,250,"došlo k úniku pohonných hmot, oleje, chl",osobní automobil bez přívěsu,1991,"soukromé, nevyužívané k výdělečné činnos",50,použitím speciální vyprošťovací techniky,nehoda s následky na životě nebo zdraví,z boku,jiné nedání přednosti,"povrch suchý, neznečistěný",neztížené,dobré,na jízdním pruhu,žádná místní úprava,přímý úsek po projetí zatáčkou (do vzdál,neurčeno,jedoucí - ve směru staničení na komunika,srážka s vlakem,"nepřichází v úvahu, nejde o srážku s pev",živice,"dobrý, bez závad","v noci - bez veřejného osvětlení,viditel",dvoupruhová,žádný způsob řízení provozu,železniční přejezd nezabezpečený,mimo křižovatku,ne,P1714,11.4113361806,žst. Kaštice,"186,463",Ne,III.,2247,,50° 15' 36.82832'' N,13° 25' 05.17351'' E,50.26023,13.4181
13.720029354646472,50.352702308748903,40706110133,Postoloprty (Ústecký kraj),2011-03-03 07:46:00,silnice 3.třídy,22539,řidičem motorového vozidla,nezjištěno,jiné ovlivnění,nezjišťováno,jiný nepříznivý stav,0,0,0,1,žádná z uvedených,žádná z uvedených,20,žádné z uvedených,"nezjištěno, řidič ujel",,žádná z uvedených,0,žádná z uvedených,nehoda pouze s hmotnou škodou,"nepřichází v úvahu, nejde o srážku jedou",řidič se plně nevěnoval řízení vozidla,"povrch suchý, neznečistěný",neztížené,dobré,na jízdním pruhu,žádná místní úprava,přímý úsek po projetí zatáčkou (do vzdál,neurčeno,žádná z uvedených,srážka s pevnou překážkou,závory železničního přejezdu,živice,"dobrý, bez závad","ve dne, viditelnost nezhoršená vlivem po",dvoupruhová,světelným signalizačním zařízením,železniční přejezd zabezpečený,mimo křižovatku,ne,P1917,1.36813069484,Bažantnice - Březno u Postoloprt,3,Ne,III.,22539,,50° 21' 09.66797'' N,13° 43' 12.09275'' E,50.35269,13.72003
13.805378280813892,50.353368405860124,40706110356,Louny (Ústecký kraj),2011-06-24 23:59:00,silnice 2.třídy,229,řidičem motorového vozidla,nezjištěno,jiné ovlivnění,nezjišťováno,jiný nepříznivý stav,0,0,0,1,žádná z uvedených,žádná z uvedených,50,žádné z uvedených,"nezjištěno, řidič ujel",,žádná z uvedených,0,žádná z uvedených,nehoda pouze s hmotnou škodou,"nepřichází v úvahu, nejde o srážku jedou",řidič se plně nevěnoval řízení vozidla,"povrch suchý, neznečistěný",neztížené,dobré,na jízdním pruhu,přednost vyznačena dopravními značkami,křižovatka styková - tříramenná,místní komunikace,žádná z uvedených,srážka s pevnou překážkou,"jiná překážka (zábradlí,oplocení,násep,n",živice,"dobrý, bez závad","ve dne, viditelnost nezhoršená vlivem po",dvoupruhová,místní úprava (vyplní se pol. 24),železniční přejezd zabezpečený,"na křižovatce, uvnitř hranic křižovatky",ne,P1923,8.49979872964,Louny město - Louny,"9,656",Ne,II.,229,,50° 21' 12.39819'' N,13° 48' 19.51816'' E,50.35344,13.80542
13.810106019457011,50.357613129996999,40706110375,Louny (Ústecký kraj),2011-07-07 07:34:00,komunikace místní,0,řidičem motorového vozidla,s řidičským oprávněním skupiny b,řidič nebyl ovlivněn,ne,dobrý -žádné nepříznivé okolnosti nebyly zjištěny,0,0,0,2,RENAULT,nedošlo k požáru,450,žádné z uvedených,osobní automobil bez přívěsu,1992,"soukromé, nevyužívané k výdělečné činnos",150,nebylo třeba užít násilí,nehoda pouze s hmotnou škodou,z boku,jízda na “červené světlo“,povrch mokrý,"na počátku deště, slabý déšť",dobré,na jízdním pruhu,žádná místní úprava,přímý úsek,neurčeno,vozidlo jedoucí - na komunikaci bez stan,srážka s vlakem,"nepřichází v úvahu, nejde o srážku s pev",živice,"dobrý, bez závad","ve dne, viditelnost nezhoršená vlivem po",dvoupruhová,světelným signalizačním zařízením,železniční přejezd nezabezpečený,mimo křižovatku,ano,P1924,0.447026618361,Louny město - Louny,"10,272",Ne,C,,,50° 21' 27.38541'' N,13° 48' 36.39579'' E,50.35761,13.81011