X,Y,id,obec,datum,komunikace,komunika_1,zavineni,ridic_kate,ridic_ovli,vinik_alko,ridic_stav,obeti_usmr,obeti_lehc,obeti_tezc,vozidel_ce,vinik_vozi,vinik_vo_1,skoda,unik_hmot,vinik_vo_2,vinik_vo_3,vinik_vo_4,vinik_skod,vyprosteni,nehoda_cha,srazka_voz,hlavni_pri,povrch_sta,meteo,rozhled,nehoda_pol,prednost_v,smerove_po,druh_krizu,smer_jizdy,nehoda_dru,pevna_prek,povrch_dru,komunika_2,viditelnos,komunika_3,rizeni_pro,objekty,misto_neho,smyk,neighbors_TargetID,neighbors_Distance,neighbors_prejezdy-dec_Název definičního úseku,neighbors_prejezdy-dec_Žkm přejezdu,neighbors_prejezdy-dec_Přejezd s trolejovým vedením,neighbors_prejezdy-dec_Třída pozemní komunikace,neighbors_prejezdy-dec_Číslo pozemní komunikace,neighbors_prejezdy-dec_Místní název přejezdu,neighbors_prejezdy-dec_Zeměpisná šířka,neighbors_prejezdy-dec_Zeměpisná délka,neighbors_prejezdy-dec_field_10,neighbors_prejezdy-dec_field_11
17.824596720758166,49.577743227883346,140806110085,Polom (Olomoucký kraj),2011-02-22 05:02:00,komunikace místní,0,řidičem motorového vozidla,"nezjištěno, řidič místo nehody opustil",jiné ovlivnění,nezjišťováno,jiný nepříznivý stav,0,0,0,2,ŠKODA,nedošlo k požáru,600,"došlo k úniku pohonných hmot, oleje, chl",osobní automobil bez přívěsu,1993,"soukromé, nevyužívané k výdělečné činnos",50,nebylo třeba užít násilí,nehoda pouze s hmotnou škodou,z boku,jiné nedání přednosti,"povrch suchý, neznečistěný",neztížené,dobré,na jízdním pruhu,žádná místní úprava,přímý úsek,neurčeno,vozidlo jedoucí - na komunikaci bez stan,srážka s vlakem,"nepřichází v úvahu, nejde o srážku s pev",živice,nesouvislé výtluky,"v noci - bez veřejného osvětlení,viditel",dvoupruhová,světelným signalizačním zařízením,železniční přejezd zabezpečený,mimo křižovatku,ne,P6494,15.00969366,Hranice na Moravě - Polom,"219,498",Ano,C,,Polom Lučice,49° 34' 39.40141'' N,17° 49' 28.66783'' E,49.57761,17.82463
17.488756302648866,49.496744438450385,140806110208,Prosenice (Olomoucký kraj),2011-04-30 15:50:00,silnice 1.třídy,47,řidičem motorového vozidla,s řidičským oprávněním skupiny c,jiné ovlivnění,ne,"unaven, usnul, náhlá fyzická indispozice",0,0,0,2,ŠKODA,nedošlo k požáru,1260,"došlo k úniku pohonných hmot, oleje, chl",osobní automobil bez přívěsu,2001,"soukromé, nevyužívané k výdělečné činnos",800,nebylo třeba užít násilí,nehoda pouze s hmotnou škodou,boční,"jízda po nesprávné straně, vjetí do protisměru","povrch suchý, neznečistěný",neztížené,dobré,na jízdním pruhu,žádná místní úprava,přímý úsek po projetí zatáčkou (do vzdál,neurčeno,jedoucí - proti směru staničení na komun,srážka s jedoucím nekolejovým vozidlem,"nepřichází v úvahu, nejde o srážku s pev",živice,"dobrý, bez závad","ve dne, viditelnost nezhoršená vlivem po",třípruhová,žádný způsob řízení provozu,železniční přejezd nezabezpečený,mimo křižovatku,ne,P6489,408.517125769,žst. Prosenice - NS Prosenice,"0,056",Ne,III.,43610,vlečka měnírna,49° 29' 59.43498'' N,17° 29' 08.60391'' E,49.49984,17.48572
17.400442630887071,49.397284962412265,140806110252,Vlkoš (Olomoucký kraj),2011-05-17 07:50:00,silnice 3.třídy,4348,řidičem motorového vozidla,s řidičským oprávněním skupiny b,řidič nebyl ovlivněn,ne,dobrý -žádné nepříznivé okolnosti nebyly zjištěny,0,0,0,2,AUDI,nedošlo k požáru,2300,žádné z uvedených,osobní automobil bez přívěsu,2003,"soukromé, nevyužívané k výdělečné činnos",1500,nebylo třeba užít násilí,nehoda pouze s hmotnou škodou,z boku,jiné nedání přednosti,"povrch suchý, neznečistěný",neztížené,výhled zakryt stojícím vozidlem,na jízdním pruhu,žádná místní úprava,přímý úsek,neurčeno,jedoucí - proti směru staničení na komun,srážka s vlakem,"nepřichází v úvahu, nejde o srážku s pev",živice,"dobrý, bez závad","ve dne, viditelnost nezhoršená vlivem po",dvoupruhová,světelným signalizačním zařízením,železniční přejezd zabezpečený,mimo křižovatku,ne,P7211,3.81889900309,Chropyně - Věžky,"82,612",Ano,III.,4348,,49° 23' 50.18464'' N,17° 24' 01.76607'' E,49.39727,17.40049
17.373666077594862,49.461129966151915,140806110461,Rokytnice (Olomoucký kraj),2011-08-22 09:34:00,silnice 3.třídy,43515,řidičem motorového vozidla,s řidičským oprávněním skupiny c,řidič nebyl ovlivněn,nezjišťováno,dobrý -žádné nepříznivé okolnosti nebyly zjištěny,0,0,0,1,MAN,nedošlo k požáru,100,žádné z uvedených,"nákladní automobil (včetně multikáry, au",2004,"soukromá organizace (podnikatel, s.r.o.,",0,nebylo třeba užít násilí,nehoda pouze s hmotnou škodou,"nepřichází v úvahu, nejde o srážku jedou",řidič se plně nevěnoval řízení vozidla,"povrch suchý, neznečistěný",neztížené,dobré,na jízdním pruhu,žádná místní úprava,přímý úsek,neurčeno,jedoucí - proti směru staničení na komun,srážka s pevnou překážkou,závory železničního přejezdu,živice,"dobrý, bez závad","ve dne, viditelnost nezhoršená vlivem po",dvoupruhová,žádný způsob řízení provozu,železniční přejezd zabezpečený,mimo křižovatku,ne,P6527,26.5044315094,Dluhonice - Brodek u Přerova,"189,194",Ano,III.,43515,U zastávky,49° 27' 39.23531'' N,17° 22' 24.86664'' E,49.4609,17.37357
17.373622945522669,49.460944426720637,140806110500,Rokytnice (Olomoucký kraj),2011-09-09 14:15:00,silnice 3.třídy,43515,řidičem motorového vozidla,s řidičským oprávněním skupiny c,řidič nebyl ovlivněn,ne,dobrý -žádné nepříznivé okolnosti nebyly zjištěny,0,0,0,1,SCANIA,nedošlo k požáru,20,žádné z uvedených,nákladní automobil s návěsem,2008,"soukromá organizace (podnikatel, s.r.o.,",0,nebylo třeba užít násilí,nehoda pouze s hmotnou škodou,"nepřichází v úvahu, nejde o srážku jedou",řidič se plně nevěnoval řízení vozidla,"povrch suchý, neznečistěný",neztížené,dobré,na jízdním pruhu,žádná místní úprava,přímý úsek,neurčeno,jedoucí - ve směru staničení na komunika,srážka s pevnou překážkou,závory železničního přejezdu,živice,"dobrý, bez závad","ve dne, viditelnost nezhoršená vlivem po",dvoupruhová,žádný způsob řízení provozu,železniční přejezd zabezpečený,mimo křižovatku,ne,P6527,6.25513034788,Dluhonice - Brodek u Přerova,"189,194",Ano,III.,43515,U zastávky,49° 27' 39.23531'' N,17° 22' 24.86664'' E,49.4609,17.37357
17.373403694577114,49.460735343345952,140806110509,Rokytnice (Olomoucký kraj),2011-09-15 14:43:00,silnice 3.třídy,43515,řidičem motorového vozidla,s řidičským oprávněním skupiny c,řidič nebyl ovlivněn,ne,dobrý -žádné nepříznivé okolnosti nebyly zjištěny,0,0,0,1,MERCEDES,nedošlo k požáru,350,žádné z uvedených,"nákladní automobil (včetně multikáry, au",1999,registrované mimo území ČR,50,nebylo třeba užít násilí,nehoda pouze s hmotnou škodou,"nepřichází v úvahu, nejde o srážku jedou",jiné nedání přednosti,"povrch suchý, neznečistěný",neztížené,dobré,na jízdním pruhu,žádná místní úprava,přímý úsek,neurčeno,odstavené - ve směru staničení na komuni,srážka s pevnou překážkou,závory železničního přejezdu,živice,"dobrý, bez závad","ve dne, viditelnost nezhoršená vlivem po",dvoupruhová,světelným signalizačním zařízením,železniční přejezd zabezpečený,mimo křižovatku,ne,P6527,21.9245657524,Dluhonice - Brodek u Přerova,"189,194",Ano,III.,43515,U zastávky,49° 27' 39.23531'' N,17° 22' 24.86664'' E,49.4609,17.37357
16.752586062974391,49.972672193516878,140906110028,Štíty (Olomoucký kraj),2011-01-16 09:50:00,silnice 3.třídy,31115,řidičem motorového vozidla,s řidičským oprávněním skupiny b,řidič nebyl ovlivněn,ne,dobrý -žádné nepříznivé okolnosti nebyly zjištěny,0,0,0,1,ŠKODA,nedošlo k požáru,220,žádné z uvedených,osobní automobil bez přívěsu,2009,"soukromá organizace (podnikatel, s.r.o.,",200,nebylo třeba užít násilí,nehoda pouze s hmotnou škodou,"nepřichází v úvahu, nejde o srážku jedou","nepř. rychlosti dopravně technickému stavu vozovky (zatáčka,klesání,stoupání,šířka apod.)",povrch mokrý,neztížené,dobré,na krajnici,žádná místní úprava,zatáčka,neurčeno,jedoucí - ve směru staničení na komunika,srážka s pevnou překážkou,"zeď,pevná část mostů,podjezdů,tunelů apo",živice,"dobrý, bez závad","ve dne, viditelnost nezhoršená vlivem po",dvoupruhová,žádný způsob řízení provozu,železniční přejezd nezabezpečený,mimo křižovatku,ano,P4191,3.0055538617,Moravský Karlov - Štíty,"16,104",Ne,III.,31115,Štíty,49° 58' 21.52532'' N,16° 45' 09.38976'' E,49.97265,16.75261
17.031610915310903,50.002966662197558,140906110107,Petrov nad Desnou (Olomoucký kraj),2011-02-18 20:22:00,silnice 1.třídy,11,řidičem motorového vozidla,nezjištěno,jiné ovlivnění,nezjišťováno,jiný nepříznivý stav,0,0,0,1,žádná z uvedených,žádná z uvedených,100,žádné z uvedených,"nezjištěno, řidič ujel",,žádná z uvedených,0,žádná z uvedených,nehoda pouze s hmotnou škodou,"nepřichází v úvahu, nejde o srážku jedou",jiný druh nesprávného způsobu jízdy,"povrch suchý, neznečistěný",neztížené,dobré,na jízdním pruhu,žádná místní úprava,přímý úsek,neurčeno,žádná z uvedených,srážka s pevnou překážkou,závory železničního přejezdu,živice,"dobrý, bez závad","v noci - bez veřejného osvětlení,viditel",dvoupruhová,světelným signalizačním zařízením,železniční přejezd zabezpečený,mimo křižovatku,ne,P4236,4459.11952681,Nový Malín - Šumperk,"40,667",Ne,O,,,49° 57' 47.53786'' N,17° 01' 25.44085'' E,49.9632,17.02373
16.996330427274636,49.963731691892512,140906110153,Šumperk (Olomoucký kraj),2011-03-20 04:40:00,komunikace místní,0,řidičem motorového vozidla,s řidičským oprávněním skupiny b,jiné ovlivnění,"ano, obsah alkoholu v&nbsp;krvi 1,5‰ a více",pod vlivem alkoholu obsah alkoholu v krvi 1‰ a více,0,0,0,1,FIAT,nedošlo k požáru,200,žádné z uvedených,osobní automobil bez přívěsu,2000,"soukromé, nevyužívané k výdělečné činnos",200,nebylo třeba užít násilí,nehoda pouze s hmotnou škodou,"nepřichází v úvahu, nejde o srážku jedou","nepř. rychlosti dopravně technickému stavu vozovky (zatáčka,klesání,stoupání,šířka apod.)","povrch suchý, neznečistěný",neztížené,dobré,žádné z uvedených,žádná místní úprava,zatáčka,neurčeno,vozidlo jedoucí - na komunikaci bez stan,srážka s pevnou překážkou,"zeď,pevná část mostů,podjezdů,tunelů apo",živice,"dobrý, bez závad","ve dne, zhoršená viditelnost (svítání,so",žádná z uvedených,žádný způsob řízení provozu,železniční přejezd zabezpečený,mimo křižovatku,ne,P4239,11.3804361078,,"13,612",ne,Místní,,ul.Příčná,49° 57' 30.128'' N,16° 59' 46.752'' E,49.95837,16.99632
16.884244072064266,49.880541062248824,140906110300,Zábřeh (Olomoucký kraj),2011-06-06 23:00:00,komunikace místní,0,řidičem motorového vozidla,nezjištěno,jiné ovlivnění,nezjišťováno,jiný nepříznivý stav,0,0,0,1,žádná z uvedených,žádná z uvedených,50,žádné z uvedených,"nezjištěno, řidič ujel",,žádná z uvedených,0,žádná z uvedených,nehoda pouze s hmotnou škodou,"nepřichází v úvahu, nejde o srážku jedou","bezohledná, agresivní, neohleduplná jízda","povrch suchý, neznečistěný",neztížené,dobré,na jízdním pruhu,přednost vyznačena dopravními značkami,křižovatka styková - tříramenná,místní komunikace,žádná z uvedených,srážka s pevnou překážkou,závory železničního přejezdu,živice,"dobrý, bez závad","v noci - s veřejným osvětlením,viditelno",dvoupruhová,místní úprava (vyplní se pol. 24),železniční přejezd zabezpečený,"na křižovatce,jedná-li se o křížení siln",ne,P6649,5.71285845819,Zábřeh na Moravě - Postřelmov,"0,815",Ano,C,,na Křtaltě,49° 52' 50.12490'' N,16° 53' 03.18875'' E,49.88059,16.88422
17.163140725884887,50.228853005827503,141106110275,Lipová-lázně (Olomoucký kraj),2011-11-11 10:18:00,silnice 3.třídy,45319,řidičem motorového vozidla,s řidičským oprávněním skupiny c,řidič nebyl ovlivněn,ne,dobrý -žádné nepříznivé okolnosti nebyly zjištěny,0,0,0,3,PEUGEOT,nedošlo k požáru,550,žádné z uvedených,osobní automobil bez přívěsu,1997,"soukromé, nevyužívané k výdělečné činnos",500,nebylo třeba užít násilí,nehoda pouze s hmotnou škodou,z boku,jiné nedání přednosti,"povrch suchý, neznečistěný",neztížené,dobré,na jízdním pruhu,žádná místní úprava,přímý úsek,neurčeno,jedoucí - ve směru staničení na komunika,srážka s vlakem,"nepřichází v úvahu, nejde o srážku s pev",živice,"dobrý, bez závad","ve dne, viditelnost nezhoršená vlivem po",dvoupruhová,světelným signalizačním zařízením,železniční přejezd zabezpečený,mimo křižovatku,ne,P4301,10.5215478062,Lipová Lázně - Jeseník,"33,504",Ne,III.,45319,,50° 13' 43.57496'' N,17° 09' 47.06339'' E,50.22877,17.16307
17.131590928038804,49.478863296214968,141206110136,Držovice (Olomoucký kraj),2011-03-16 14:05:00,komunikace místní,0,řidičem motorového vozidla,s řidičským oprávněním skupiny c,řidič nebyl ovlivněn,ne,dobrý -žádné nepříznivé okolnosti nebyly zjištěny,1,0,0,3,ŠKODA,žádná z uvedených,2700,"došlo k úniku pohonných hmot, oleje, chl",osobní automobil bez přívěsu,2005,"soukromé, nevyužívané k výdělečné činnos",1500,použitím páčidel apod.,nehoda s následky na životě nebo zdraví,z boku,jiné nedání přednosti,povrch mokrý,"na počátku deště, slabý déšť",dobré,na jízdním pruhu,žádná místní úprava,přímý úsek po projetí zatáčkou (do vzdál,neurčeno,vozidlo jedoucí - na komunikaci bez stan,srážka s vlakem,"nepřichází v úvahu, nejde o srážku s pev",živice,"dobrý, bez závad","ve dne, zhoršená viditelnost vlivem pově",dvoupruhová,žádný způsob řízení provozu,železniční přejezd zabezpečený,mimo křižovatku,ne,P7589,19.4313365439,Prostějov hl.n. - Vrbátky,"81,555",Ano,C,,Myší díra,49° 28' 44.19185'' N,17° 07' 52.87496'' E,49.47894,17.13135
17.083456215525921,49.4926389853198,141206110416,Smržice (Olomoucký kraj),2011-08-19 13:25:00,silnice 2.třídy,366,řidičem motorového vozidla,s řidičským oprávněním skupiny c,řidič nebyl ovlivněn,ne,dobrý -žádné nepříznivé okolnosti nebyly zjištěny,0,1,0,2,NISSAN,nedošlo k požáru,300,žádné z uvedených,osobní automobil bez přívěsu,2002,"soukromá organizace (podnikatel, s.r.o.,",200,nebylo třeba užít násilí,nehoda s následky na životě nebo zdraví,boční,proti příkazu dopravní značky STŮJ DEJ PŘEDNOST,povrch mokrý,déšť,dobré,na jízdním pruhu,přednost vyznačena dopravními značkami,křižovatka průsečná - čtyřramenná,silnice 3.třídy,zachycuje směr jízdy křižovatkou,srážka s jedoucím nekolejovým vozidlem,"nepřichází v úvahu, nejde o srážku s pev",živice,"dobrý, bez závad","ve dne, zhoršená viditelnost vlivem pově",dvoupruhová,místní úprava (vyplní se pol. 24),železniční přejezd nezabezpečený,"na křižovatce, uvnitř hranic křižovatky",ano,P6547,41.4868816658,Prostějov míst.n. - Kostelec na Hané,"4,483",Ne,III.,37760,u Smržic,49° 29' 34.60761'' N,17° 04' 59.31200'' E,49.49295,17.08314
17.129255410523204,49.465588852891386,141206110509,Prostějov (Olomoucký kraj),2011-09-30 09:58:00,komunikace místní,0,řidičem motorového vozidla,s řidičským oprávněním skupiny c,řidič nebyl ovlivněn,ne,dobrý -žádné nepříznivé okolnosti nebyly zjištěny,0,0,1,2,MANET,nedošlo k požáru,55,žádné z uvedených,moped,,"soukromé, nevyužívané k výdělečné činnos",5,nebylo třeba užít násilí,nehoda s následky na životě nebo zdraví,z boku,jiné nedání přednosti,"povrch suchý, neznečistěný",neztížené,dobré,na chodníku nebo ostrůvku,přednost nevyznačena - vyplývá z pravide,přímý úsek,neurčeno,vozidlo jedoucí - na komunikaci bez stan,srážka s vlakem,"nepřichází v úvahu, nejde o srážku s pev",štěrk,"dobrý, bez závad","ve dne, viditelnost nezhoršená vlivem po",žádná z uvedených,místní úprava (vyplní se pol. 24),železniční přejezd nezabezpečený,mimo křižovatku,ne,P7587,8.62362775368,,"0,083",ne,chodník,,,49° 27' 56.0416'' N,17° 7' 44.8962'' E,49.46557,17.12914
17.030172594436831,49.51883468290584,141206110616,Bílovice-Lutotín (Olomoucký kraj),2011-11-19 22:30:00,komunikace místní,0,řidičem motorového vozidla,s řidičským oprávněním skupiny b,řidič nebyl ovlivněn,ne,dobrý -žádné nepříznivé okolnosti nebyly zjištěny,0,0,0,1,ŠKODA,nedošlo k požáru,110,"došlo k úniku pohonných hmot, oleje, chl",osobní automobil bez přívěsu,2008,"soukromá organizace (podnikatel, s.r.o.,",100,nebylo třeba užít násilí,nehoda pouze s hmotnou škodou,"nepřichází v úvahu, nejde o srážku jedou",řidič se plně nevěnoval řízení vozidla,"povrch suchý, neznečistěný",neztížené,dobré,mimo komunikaci,žádná místní úprava,přímý úsek po projetí zatáčkou (do vzdál,neurčeno,vozidlo jedoucí - na komunikaci bez stan,srážka s pevnou překážkou,"jiná překážka (zábradlí,oplocení,násep,n",živice,"dobrý, bez závad","v noci - bez veřejného osvětlení,viditel",dvoupruhová,žádný způsob řízení provozu,železniční přejezd nezabezpečený,mimo křižovatku,ne,P6555,8.712535451,Kostelec na Hané - Ptení,"9,547",Ne,O,,u mostku a zastávky,49° 31' 07.93288'' N,17° 01' 48.99321'' E,49.51887,17.03028
17.083442936842125,49.493342163852184,141206110642,Smržice (Olomoucký kraj),2011-12-12 06:16:00,silnice 3.třídy,37760,řidičem motorového vozidla,s řidičským oprávněním skupiny b,řidič nebyl ovlivněn,ne,dobrý -žádné nepříznivé okolnosti nebyly zjištěny,0,0,0,2,FORD,žádná z uvedených,600,"došlo k úniku pohonných hmot, oleje, chl","nákladní automobil (včetně multikáry, au",1998,"soukromé, využívané k výdělečné činnosti",300,nebylo třeba užít násilí,nehoda pouze s hmotnou škodou,z boku,jiné nedání přednosti,povrch mokrý,neztížené,dobré,na jízdním pruhu,žádná místní úprava,přímý úsek,neurčeno,jedoucí - proti směru staničení na komun,srážka s vlakem,"nepřichází v úvahu, nejde o srážku s pev",živice,"dobrý, bez závad","ve dne, zhoršená viditelnost (svítání,so",dvoupruhová,žádný způsob řízení provozu,železniční přejezd nezabezpečený,mimo křižovatku,ne,P6547,48.8212012992,Prostějov míst.n. - Kostelec na Hané,"4,483",Ne,III.,37760,u Smržic,49° 29' 34.60761'' N,17° 04' 59.31200'' E,49.49295,17.08314
17.753300665214944,49.21735230887456,150506110003,Želechovice nad Dřevnicí (Zlínský kraj),2011-01-01 16:55:00,komunikace místní,0,řidičem motorového vozidla,s řidičským oprávněním skupiny b,řidič nebyl ovlivněn,ne,dobrý -žádné nepříznivé okolnosti nebyly zjištěny,0,1,0,2,SUBARU,nedošlo k požáru,1500,žádné z uvedených,osobní automobil bez přívěsu,1999,"soukromé, nevyužívané k výdělečné činnos",900,použitím páčidel apod.,nehoda s následky na životě nebo zdraví,z boku,proti příkazu dopravní značky STŮJ DEJ PŘEDNOST,povrch mokrý,neztížené,dobré,žádné z uvedených,přednost vyznačena dopravními značkami,přímý úsek,neurčeno,vozidlo jedoucí - na komunikaci bez stan,srážka s vlakem,"nepřichází v úvahu, nejde o srážku s pev",živice,"dobrý, bez závad","v noci - bez veřejného osvětlení,viditel",dvoupruhová,místní úprava (vyplní se pol. 24),železniční přejezd nezabezpečený,mimo křižovatku,ne,P8251,9.39613178035,Zlín střed - Lípa n.Dřevnicí,"17,427",Ne,O,,u firmy - plastová okna,49° 13' 02.75836'' N,17° 45' 11.70816'' E,49.21743,17.75325
17.557142902281171,49.203458136263734,150506110069,Otrokovice (Zlínský kraj),2011-03-03 19:00:00,komunikace účelová - ostatní (parkoviště apod.),0,řidičem motorového vozidla,s řidičským oprávněním skupiny b,řidič nebyl ovlivněn,ne,dobrý -žádné nepříznivé okolnosti nebyly zjištěny,0,0,0,1,PEUGEOT,nedošlo k požáru,600,žádné z uvedených,osobní automobil bez přívěsu,2001,"soukromé, nevyužívané k výdělečné činnos",400,nebylo třeba užít násilí,nehoda pouze s hmotnou škodou,"nepřichází v úvahu, nejde o srážku jedou","nepř. rychlosti dopravně technickému stavu vozovky (zatáčka,klesání,stoupání,šířka apod.)","povrch suchý, neznečistěný",neztížené,dobré,na jízdním pruhu,přednost vyznačena dopravními značkami,zatáčka,neurčeno,vozidlo jedoucí - na komunikaci bez stan,srážka s pevnou překážkou,"jiná překážka (zábradlí,oplocení,násep,n",živice,"dobrý, bez závad","v noci - bez veřejného osvětlení,viditel",dvoupruhová,místní úprava (vyplní se pol. 24),železniční přejezd nezabezpečený,mimo křižovatku,ne,P8226,496.644607965,Otrokovice - ZPS Zlín,"2,682",Ne,O,,"naproti Makra, u ZPS",49° 12' 16.66058'' N,17° 33' 49.39886'' E,49.20463,17.56372
17.623131721266034,49.216318768500138,150506110082,Zlín (Zlínský kraj),2011-03-16 16:00:00,komunikace místní,0,řidičem motorového vozidla,s řidičským oprávněním skupiny b,řidič nebyl ovlivněn,ne,dobrý -žádné nepříznivé okolnosti nebyly zjištěny,0,1,0,2,CITROEN,nedošlo k požáru,1500,žádné z uvedených,osobní automobil bez přívěsu,1998,"soukromé, nevyužívané k výdělečné činnos",400,nebylo třeba užít násilí,nehoda s následky na životě nebo zdraví,boční,jiné nedání přednosti,povrch mokrý,déšť,dobré,na jízdním pruhu,žádná místní úprava,přímý úsek,neurčeno,vozidlo jedoucí - na komunikaci bez stan,srážka s vlakem,"nepřichází v úvahu, nejde o srážku s pev",živice,"dobrý, bez závad","ve dne, viditelnost nezhoršená vlivem po",dvoupruhová,světelným signalizačním zařízením,železniční přejezd zabezpečený,mimo křižovatku,ne,P8233,1.25663951438,Zlín-Malenovice - Zlín střed,"7,27",Ne,C,,Louky - Lapaj,49° 12' 58.77957'' N,17° 37' 23.27338'' E,49.21633,17.62313
17.662182200861011,49.227537845958928,150506110215,Zlín (Zlínský kraj),2011-06-06 15:45:00,komunikace místní,0,chodcem,nezjištěno,jiné ovlivnění,ne,jiný nepříznivý stav,0,0,1,1,žádná z uvedených,žádná z uvedených,20,žádné z uvedených,vlak,,žádná z uvedených,0,žádná z uvedených,nehoda s následky na životě nebo zdraví,"nepřichází v úvahu, nejde o srážku jedou",nezaviněná řidičem,"povrch suchý, neznečistěný","na počátku deště, slabý déšť",dobré,na chodníku nebo ostrůvku,žádná místní úprava,přímý úsek,neurčeno,žádná z uvedených,srážka s chodcem,"nepřichází v úvahu, nejde o srážku s pev","žádný z uvedených (písek,dřevo atd.)","dobrý, bez závad","ve dne, viditelnost nezhoršená vlivem po",žádná z uvedených,světelným signalizačním zařízením,železniční přejezd zabezpečený,mimo křižovatku,ne,P8237,16.369827256,žst. Zlín střed,"10,423",Ne,MK,,Zlín střed,49° 13' 39.21633'' N,17° 39' 43.05355'' E,49.22756,17.66196
17.495284053121694,49.14271154732873,150506110224,Spytihněv (Zlínský kraj),2011-06-06 11:40:00,silnice 3.třídy,36747,řidičem motorového vozidla,s řidičským oprávněním skupiny c,řidič nebyl ovlivněn,ne,dobrý -žádné nepříznivé okolnosti nebyly zjištěny,0,0,0,2,IVECO,žádná z uvedených,70000,žádné z uvedených,nákladní automobil s přívěsem,2003,registrované mimo území ČR,6000,nebylo třeba užít násilí,nehoda pouze s hmotnou škodou,boční,jízda na “červené světlo“,"povrch suchý, neznečistěný",neztížené,dobré,na jízdním pruhu,žádná místní úprava,přímý úsek,neurčeno,jedoucí - proti směru staničení na komun,srážka s vlakem,"nepřichází v úvahu, nejde o srážku s pev",živice,"dobrý, bez závad","ve dne, viditelnost nezhoršená vlivem po",dvoupruhová,světelným signalizačním zařízením,železniční přejezd zabezpečený,mimo křižovatku,ne,P8164,14.0116436072,Huštěnovice - Napajedla,"147,076",Ano,III.,36747,u zastávky Spytihněv,49° 08' 33.63739'' N,17° 29' 43.67929'' E,49.14268,17.49547
17.495247469668932,49.142726248004067,150506110553,Spytihněv (Zlínský kraj),2011-11-11 12:41:00,silnice 3.třídy,36747,řidičem motorového vozidla,s řidičským oprávněním skupiny c,řidič nebyl ovlivněn,nezjišťováno,dobrý -žádné nepříznivé okolnosti nebyly zjištěny,0,0,0,1,AVIA,nedošlo k požáru,150,žádné z uvedených,"nákladní automobil (včetně multikáry, au",1999,"soukromá organizace (podnikatel, s.r.o.,",100,nebylo třeba užít násilí,nehoda pouze s hmotnou škodou,"nepřichází v úvahu, nejde o srážku jedou",jiný druh nesprávného způsobu jízdy,"povrch suchý, neznečistěný",neztížené,dobré,na jízdním pruhu,přednost vyznačena dopravními značkami,křižovatka styková - tříramenná,místní komunikace,zachycuje směr jízdy křižovatkou,srážka s pevnou překážkou,závory železničního přejezdu,živice,"dobrý, bez závad","ve dne, viditelnost nezhoršená vlivem po",dvoupruhová,místní úprava (vyplní se pol. 24),železniční přejezd zabezpečený,"na křižovatce, uvnitř hranic křižovatky",ne,P8164,17.0293763118,Huštěnovice - Napajedla,"147,076",Ano,III.,36747,u zastávky Spytihněv,49° 08' 33.63739'' N,17° 29' 43.67929'' E,49.14268,17.49547
17.505524338846847,49.184935107858777,150506110571,Napajedla (Zlínský kraj),2011-11-15 15:30:00,silnice 3.třídy,36740,řidičem motorového vozidla,s řidičským oprávněním skupiny d,řidič nebyl ovlivněn,ne,dobrý -žádné nepříznivé okolnosti nebyly zjištěny,0,0,0,1,TATRA,nedošlo k požáru,70,žádné z uvedených,"nákladní automobil (včetně multikáry, au",1974,"soukromá organizace (podnikatel, s.r.o.,",10,nebylo třeba užít násilí,nehoda pouze s hmotnou škodou,"nepřichází v úvahu, nejde o srážku jedou",jiné nedání přednosti,"povrch suchý, neznečistěný",neztížené,dobré,na jízdním pruhu,žádná místní úprava,zatáčka,neurčeno,jedoucí - ve směru staničení na komunika,srážka s pevnou překážkou,závory železničního přejezdu,živice,"dobrý, bez závad","ve dne, viditelnost nezhoršená vlivem po",dvoupruhová,žádný způsob řízení provozu,železniční přejezd zabezpečený,mimo křižovatku,ne,P8168,1.17901956043,Napajedla - Otrokovice,"151,931",Ano,III.,36740,Žlutava,49° 11' 05.78401'' N,17° 30' 19.82825'' E,49.18494,17.50551
17.503066572008443,49.176238541468599,150506110613,Napajedla (Zlínský kraj),2011-12-12 07:53:00,silnice 3.třídy,36747,řidičem motorového vozidla,s řidičským oprávněním skupiny c,řidič nebyl ovlivněn,ne,dobrý -žádné nepříznivé okolnosti nebyly zjištěny,0,0,0,1,IVECO,nedošlo k požáru,160,žádné z uvedených,nákladní automobil s přívěsem,2010,"soukromá organizace (podnikatel, s.r.o.,",10,nebylo třeba užít násilí,nehoda pouze s hmotnou škodou,"nepřichází v úvahu, nejde o srážku jedou",proti příkazu dopravní značky DEJ PŘEDNOST,povrch mokrý,neztížené,dobré,na jízdním pruhu,přednost vyznačena dopravními značkami,přímý úsek po projetí zatáčkou (do vzdál,neurčeno,jedoucí - ve směru staničení na komunika,srážka s pevnou překážkou,závory železničního přejezdu,živice,"dobrý, bez závad","ve dne, viditelnost nezhoršená vlivem po",dvoupruhová,místní úprava (vyplní se pol. 24),železniční přejezd zabezpečený,mimo křižovatku,ne,P8166,3.57916288306,Napajedla - Otrokovice,"150,962",Ano,III.,36747,Halenkovice,49° 10' 34.52111'' N,17° 30' 10.92029'' E,49.17626,17.50303
17.545558885888671,49.200132932813304,150506110636,Otrokovice (Zlínský kraj),2011-12-11 18:25:00,komunikace účelová - ostatní (parkoviště apod.),0,chodcem,nezjištěno,jiné ovlivnění,ne,jiný nepříznivý stav,0,1,0,1,žádná z uvedených,žádná z uvedených,0,žádné z uvedených,vlak,,žádná z uvedených,0,žádná z uvedených,nehoda s následky na životě nebo zdraví,"nepřichází v úvahu, nejde o srážku jedou",nezaviněná řidičem,"povrch suchý, neznečistěný",neztížené,dobré,mimo komunikaci,žádná místní úprava,přímý úsek,neurčeno,žádná z uvedených,srážka s chodcem,"nepřichází v úvahu, nejde o srážku s pev",živice,"dobrý, bez závad","v noci - s veřejným osvětlením,viditelno",dvoupruhová,žádný způsob řízení provozu,železniční přejezd nezabezpečený,mimo křižovatku,ne,P8224,34.6348114032,Otrokovice - ZPS Zlín,"1,286",Ne,MK,,k sídlišti Trávníky,49° 12' 01.08315'' N,17° 32' 45.46394'' E,49.2003,17.54596