X,Y,id,obec,datum,komunikace,komunika_1,zavineni,ridic_kate,ridic_ovli,vinik_alko,ridic_stav,obeti_usmr,obeti_lehc,obeti_tezc,vozidel_ce,vinik_vozi,vinik_vo_1,skoda,unik_hmot,vinik_vo_2,vinik_vo_3,vinik_vo_4,vinik_skod,vyprosteni,nehoda_cha,srazka_voz,hlavni_pri,povrch_sta,meteo,rozhled,nehoda_pol,prednost_v,smerove_po,druh_krizu,smer_jizdy,nehoda_dru,pevna_prek,povrch_dru,komunika_2,viditelnos,komunika_3,rizeni_pro,objekty,misto_neho,smyk,neighbors_TargetID,neighbors_Distance,neighbors_prejezdy-dec_Název definičního úseku,neighbors_prejezdy-dec_Žkm přejezdu,neighbors_prejezdy-dec_Přejezd s trolejovým vedením,neighbors_prejezdy-dec_Třída pozemní komunikace,neighbors_prejezdy-dec_Číslo pozemní komunikace,neighbors_prejezdy-dec_Místní název přejezdu,neighbors_prejezdy-dec_Zeměpisná šířka,neighbors_prejezdy-dec_Zeměpisná délka,neighbors_prejezdy-dec_field_10,neighbors_prejezdy-dec_field_11
15.610965556306493,49.579336422520612,161606110366,Havlíčkův Brod (Kraj Vysočina),2011-11-16 23:00:00,komunikace účelová - ostatní (parkoviště apod.),0,řidičem motorového vozidla,s řidičským oprávněním skupiny b,řidič nebyl ovlivněn,nezjišťováno,dobrý -žádné nepříznivé okolnosti nebyly zjištěny,0,0,0,1,FIAT,nedošlo k požáru,700,"došlo k úniku pohonných hmot, oleje, chl",osobní automobil bez přívěsu,1983,"soukromé, nevyužívané k výdělečné činnos",100,nebylo třeba užít násilí,nehoda pouze s hmotnou škodou,"nepřichází v úvahu, nejde o srážku jedou","nepř. rychlosti stavu vozovky (náledí, výtluky, bláto, mokrý povrch apod.)","na vozovce je náledí, ujetý sníh - nepos",neztížené,dobré,mimo komunikaci,žádná místní úprava,zatáčka,neurčeno,vozidlo jedoucí - na komunikaci bez stan,srážka s pevnou překážkou,"odrazník, patník, sloupek, dopr.značky a",živice,"dobrý, bez závad","v noci - bez veřejného osvětlení,viditel",dvoupruhová,žádný způsob řízení provozu,železniční přejezd zabezpečený,mimo křižovatku,ano,P3681,10.3985517337,Šlapanov - Havlíčkův Brod,"221,107",Ano,MK,,,49° 34' 45.92898'' N,15° 36' 39.72449'' E,49.57942,15.61103
15.309283241739013,49.320531523360899,161706110005,Horní Cerekev (Kraj Vysočina),2011-01-01 07:28:00,silnice 2.třídy,639,řidičem motorového vozidla,s řidičským oprávněním skupiny c,řidič nebyl ovlivněn,ne,dobrý -žádné nepříznivé okolnosti nebyly zjištěny,0,1,0,2,CITROEN,nedošlo k požáru,2120,žádné z uvedených,osobní automobil bez přívěsu,1997,"soukromé, nevyužívané k výdělečné činnos",120,nebylo třeba užít násilí,nehoda s následky na životě nebo zdraví,z boku,jiné nedání přednosti,"na vozovce je náledí, ujetý sníh - posyp",neztížené,dobré,na jízdním pruhu,žádná místní úprava,přímý úsek,neurčeno,jedoucí - proti směru staničení na komun,srážka s vlakem,"nepřichází v úvahu, nejde o srážku s pev",živice,"dobrý, bez závad","ve dne, viditelnost nezhoršená vlivem po",dvoupruhová,světelným signalizačním zařízením,železniční přejezd zabezpečený,mimo křižovatku,ne,P6331,0.977633986338,Horní Cerekev - Dobrá Voda u Pelhř.,"2,651",Ne,II.,639,zast.Hříběcí,49° 19' 13.92399'' N,15° 18' 33.36377'' E,49.32053,15.30927
15.223384422163793,49.422679401807841,161706110065,Pelhřimov (Kraj Vysočina),2011-03-03 12:25:00,komunikace místní,0,řidičem motorového vozidla,s řidičským oprávněním skupiny c,řidič nebyl ovlivněn,ne,dobrý -žádné nepříznivé okolnosti nebyly zjištěny,0,0,0,2,MERCEDES,nedošlo k požáru,260,žádné z uvedených,nákladní automobil s návěsem,2004,"soukromá organizace (podnikatel, s.r.o.,",0,nebylo třeba užít násilí,nehoda pouze s hmotnou škodou,z boku,jiný druh nesprávného způsobu jízdy,"povrch suchý, neznečistěný",neztížené,dobré,na jízdním pruhu,přednost vyznačena dopravními značkami,přímý úsek,neurčeno,vozidlo jedoucí - na komunikaci bez stan,srážka s vlakem,"nepřichází v úvahu, nejde o srážku s pev",živice,"dobrý, bez závad","ve dne, viditelnost nezhoršená vlivem po",dvoupruhová,místní úprava (vyplní se pol. 24),železniční přejezd zabezpečený,mimo křižovatku,ne,P6353,4.12105749579,Pelhřimov - Nová Cerekev,"18,441",Ne,C,,k Agrostroji,49° 25' 21.67517'' N,15° 13' 23.98232'' E,49.42269,15.22333
15.223385460575377,49.422685714708095,161706110168,Pelhřimov (Kraj Vysočina),2011-06-10 08:19:00,komunikace místní,0,řidičem motorového vozidla,nezjištěno,jiné ovlivnění,nezjišťováno,jiný nepříznivý stav,0,0,0,1,žádná z uvedených,žádná z uvedených,20,žádné z uvedených,"nezjištěno, řidič ujel",,žádná z uvedených,0,žádná z uvedených,nehoda pouze s hmotnou škodou,"nepřichází v úvahu, nejde o srážku jedou",řidič se plně nevěnoval řízení vozidla,"povrch suchý, neznečistěný",neztížené,dobré,na jízdním pruhu,žádná místní úprava,přímý úsek,neurčeno,žádná z uvedených,srážka s pevnou překážkou,závory železničního přejezdu,živice,"dobrý, bez závad","ve dne, viditelnost nezhoršená vlivem po",dvoupruhová,žádný způsob řízení provozu,železniční přejezd zabezpečený,mimo křižovatku,ne,P6353,4.05211861006,Pelhřimov - Nová Cerekev,"18,441",Ne,C,,k Agrostroji,49° 25' 21.67517'' N,15° 13' 23.98232'' E,49.42269,15.22333
15.218216638955527,49.238647136601244,161706110288,Stojčín (Kraj Vysočina),2011-10-19 13:00:00,silnice 3.třídy,13414,řidičem motorového vozidla,s řidičským oprávněním skupiny b,řidič nebyl ovlivněn,ne,dobrý -žádné nepříznivé okolnosti nebyly zjištěny,0,0,0,2,VOLKSWAGEN,nedošlo k požáru,250,žádné z uvedených,osobní automobil bez přívěsu,1999,"soukromé, nevyužívané k výdělečné činnos",200,nebylo třeba užít násilí,nehoda pouze s hmotnou škodou,z boku,jízda na “červené světlo“,"povrch suchý, neznečistěný",neztížené,dobré,na jízdním pruhu,žádná místní úprava,přímý úsek,neurčeno,jedoucí - proti směru staničení na komun,srážka s vlakem,"nepřichází v úvahu, nejde o srážku s pev",živice,"dobrý, bez závad","ve dne, viditelnost nezhoršená vlivem po",dvoupruhová,světelným signalizačním zařízením,železniční přejezd nezabezpečený,mimo křižovatku,ne,P6187,0.402408490545,Počátky-Žirovnice - Jihlávka,"48,283",Ano,III.,13414,za žst.Počátky-Žirovnice,49° 14' 19.14514'' N,15° 13' 05.59511'' E,49.23865,15.21822
15.988590553875282,49.793643190136812,170306110009,Pokřikov (Pardubický kraj),2011-01-01 06:20:00,silnice 3.třídy,35525,řidičem motorového vozidla,s řidičským oprávněním skupiny b,řidič nebyl ovlivněn,ne,dobrý -žádné nepříznivé okolnosti nebyly zjištěny,0,0,0,2,ŠKODA,nedošlo k požáru,1100,žádné z uvedených,osobní automobil bez přívěsu,1983,"soukromé, nevyužívané k výdělečné činnos",50,nebylo třeba užít násilí,nehoda pouze s hmotnou škodou,z boku,jiný druh nesprávného způsobu jízdy,"na vozovce je náledí, ujetý sníh - posyp","tvoří se námraza, náledí",dobré,na jízdním pruhu,žádná místní úprava,přímý úsek,neurčeno,jedoucí - proti směru staničení na komun,srážka s vlakem,"nepřichází v úvahu, nejde o srážku s pev",živice,"dobrý, bez závad","v noci - bez veřejného osvětlení, vidite",dvoupruhová,žádný způsob řízení provozu,železniční přejezd nezabezpečený,mimo křižovatku,ne,P5307,5.84937337568,Hlinsko v Čechách - Žďárec u Skutče,"48,608",Ne,III.,35525,silnice III.třídy,49° 47' 37.15672'' N,15° 59' 18.62820'' E,49.79365,15.98851
15.915054078599784,49.967590621760934,170306110327,Hrochův Týnec (Pardubický kraj),2011-06-29 15:25:00,silnice 3.třídy,32246,řidičem motorového vozidla,nezjištěno,jiné ovlivnění,nezjišťováno,jiný nepříznivý stav,0,0,0,1,žádná z uvedených,žádná z uvedených,200,žádné z uvedených,"nezjištěno, řidič ujel",,žádná z uvedených,0,žádná z uvedených,nehoda pouze s hmotnou škodou,"nepřichází v úvahu, nejde o srážku jedou",řidič se plně nevěnoval řízení vozidla,"povrch suchý, neznečistěný",neztížené,dobré,na jízdním pruhu,žádná místní úprava,přímý úsek,neurčeno,žádná z uvedených,srážka s pevnou překážkou,závory železničního přejezdu,živice,"dobrý, bez závad","ve dne, viditelnost nezhoršená vlivem po",dvoupruhová,žádný způsob řízení provozu,železniční přejezd zabezpečený,mimo křižovatku,ne,P5022,2.17664804104,Hrochův Týnec - Moravany,"24,349",Ne,III.,32246,"za žst., u ocelového mostu",49° 58' 03.38794'' N,15° 54' 54.18376'' E,49.96761,15.91505
16.029352833483312,49.815791122565926,170306110430,Skuteč (Pardubický kraj),2011-08-24 18:00:00,komunikace místní,0,řidičem motorového vozidla,s řidičským oprávněním skupiny c,řidič nebyl ovlivněn,ne,dobrý -žádné nepříznivé okolnosti nebyly zjištěny,0,0,0,2,žádná z uvedených,nedošlo k požáru,2900,"došlo k úniku pohonných hmot, oleje, chl",traktor (i s přívěsem),2006,"soukromá organizace (podnikatel, s.r.o.,",900,nebylo třeba užít násilí,nehoda pouze s hmotnou škodou,z boku,jiné nedání přednosti,"povrch suchý, neznečistěný",neztížené,"špatné vlivem přechodné vegetace (tráva,",na jízdním pruhu,přednost vyznačena dopravními značkami,přímý úsek,neurčeno,vozidlo jedoucí - na komunikaci bez stan,srážka s vlakem,"nepřichází v úvahu, nejde o srážku s pev",štěrk,trvalé zúžení vozovky,"ve dne, viditelnost nezhoršená vlivem po",dvoupruhová,místní úprava (vyplní se pol. 24),železniční přejezd nezabezpečený,mimo křižovatku,ne,P6924,2.29518461063,Čachnov - Skuteč,"45,459",Ne,O,,,49° 48' 56.93231'' N,16° 01' 45.63304'' E,49.81581,16.02934
15.775980089395748,49.961136091286519,170306110538,Chrudim (Pardubický kraj),2011-10-13 21:55:00,komunikace místní,0,řidičem motorového vozidla,s řidičským oprávněním skupiny c,řidič nebyl ovlivněn,ne,dobrý -žádné nepříznivé okolnosti nebyly zjištěny,0,0,0,1,MERCEDES,nedošlo k požáru,110,žádné z uvedených,nákladní automobil s návěsem,2008,"soukromá organizace (podnikatel, s.r.o.,",0,nebylo třeba užít násilí,nehoda pouze s hmotnou škodou,"nepřichází v úvahu, nejde o srážku jedou",řidič se plně nevěnoval řízení vozidla,"povrch suchý, neznečistěný",neztížené,dobré,na jízdním pruhu,přednost vyznačena dopravními značkami,zatáčka,neurčeno,vozidlo jedoucí - na komunikaci bez stan,srážka s pevnou překážkou,"odrazník, patník, sloupek, dopr.značky a",živice,"dobrý, bez závad","v noci - s veřejným osvětlením,viditelno",dvoupruhová,místní úprava (vyplní se pol. 24),železniční přejezd zabezpečený,mimo křižovatku,ne,P5004,367.809665054,Heřmanův Městec - Chrudim město,"12,253",Ne,O,,"u Chrudimi, mezi poli",49° 57' 41.51060'' N,15° 46' 51.86114'' E,49.96153,15.78107
16.016208043418377,49.987225150262645,170306110567,Chroustovice (Pardubický kraj),2011-10-23 21:07:00,silnice 3.třídy,32271,řidičem motorového vozidla,nezjištěno,jiné ovlivnění,nezjišťováno,jiný nepříznivý stav,0,0,0,1,žádná z uvedených,žádná z uvedených,100,žádné z uvedených,"nezjištěno, řidič ujel",,žádná z uvedených,0,žádná z uvedených,nehoda pouze s hmotnou škodou,"nepřichází v úvahu, nejde o srážku jedou",jiný druh nesprávného způsobu jízdy,"povrch suchý, neznečistěný",neztížené,dobré,žádné z uvedených,žádná místní úprava,přímý úsek,neurčeno,žádná z uvedených,srážka s pevnou překážkou,závory železničního přejezdu,živice,"dobrý, bez závad","v noci - s veřejným osvětlením,viditelno",dvoupruhová,žádný způsob řízení provozu,železniční přejezd zabezpečený,mimo křižovatku,ne,P4897,7.59827932402,žst. Uhersko,"286,369",Ano,III.,32271,žst. Uhersko,49° 59' 13.78881'' N,16° 00' 58.46296'' E,49.98716,16.01624
15.562690496652767,49.877231237276547,170306110568,Třemošnice (Pardubický kraj),2011-10-24 15:14:00,silnice 3.třídy,33740,řidičem motorového vozidla,s řidičským oprávněním skupiny c,řidič nebyl ovlivněn,ano - obsah alkoholu v krvi 1‰ a více,"pod vlivem alkoholu, obsah alkoholu v krvi do 0,99‰",0,0,0,2,VAZ,nedošlo k požáru,200,žádné z uvedených,osobní automobil bez přívěsu,2010,"soukromé, nevyužívané k výdělečné činnos",100,nebylo třeba užít násilí,nehoda pouze s hmotnou škodou,z boku,jiné nedání přednosti,"povrch suchý, neznečistěný",neztížené,dobré,na jízdním pruhu,žádná místní úprava,přímý úsek,neurčeno,jedoucí - ve směru staničení na komunika,srážka s vlakem,"nepřichází v úvahu, nejde o srážku s pev",živice,"dobrý, bez závad","ve dne, viditelnost nezhoršená vlivem po",dvoupruhová,žádný způsob řízení provozu,železniční přejezd zabezpečený,mimo křižovatku,ne,P3761,13.6257368341,Ronov nad Doubravou - Třemošnice,"15,841",Ne,III.,33740,,49° 52' 37.64188'' N,15° 33' 45.97682'' E,49.87712,15.56277
15.787471127154312,50.162657029551198,170606110094,Opatovice nad Labem (Pardubický kraj),2011-01-30 09:13:00,silnice 2.třídy,324,řidičem motorového vozidla,nezjištěno,jiné ovlivnění,nezjišťováno,jiný nepříznivý stav,0,0,0,1,žádná z uvedených,žádná z uvedených,150,žádné z uvedených,"nezjištěno, řidič ujel",,žádná z uvedených,0,žádná z uvedených,nehoda pouze s hmotnou škodou,"nepřichází v úvahu, nejde o srážku jedou",řidič se plně nevěnoval řízení vozidla,"povrch suchý, neznečistěný",neztížené,dobré,na jízdním pruhu,přednost vyznačena dopravními značkami,křižovatka styková - tříramenná,silnice 3.třídy,žádná z uvedených,srážka s pevnou překážkou,závory železničního přejezdu,živice,"dobrý, bez závad","ve dne, viditelnost nezhoršená vlivem po",dvoupruhová,místní úprava (vyplní se pol. 24),železniční přejezd zabezpečený,"na křižovatce, uvnitř hranic křižovatky",ne,P5366,10.5529115103,,"0,067",ano/ne,I,,,50° 09' 45'' N,15° 47' 15'' E,50.1625,15.7875
15.86376230783199,50.020369880715236,170606110300,Dašice (Pardubický kraj),2011-03-25 19:30:00,komunikace účelová - ostatní (parkoviště apod.),0,řidičem motorového vozidla,nezjištěno,jiné ovlivnění,nezjišťováno,jiný nepříznivý stav,0,0,0,1,žádná z uvedených,žádná z uvedených,100,žádné z uvedených,"nezjištěno, řidič ujel",,žádná z uvedených,0,žádná z uvedených,nehoda pouze s hmotnou škodou,"nepřichází v úvahu, nejde o srážku jedou",řidič se plně nevěnoval řízení vozidla,"povrch suchý, neznečistěný",neztížené,dobré,na jízdním pruhu,žádná místní úprava,přímý úsek,neurčeno,žádná z uvedených,jiný druh nehody,"nepřichází v úvahu, nejde o srážku s pev",živice,"dobrý, bez závad","v noci - bez veřejného osvětlení,viditel",dvoupruhová,žádný způsob řízení provozu,železniční přejezd zabezpečený,mimo křižovatku,ne,P4902,16.6693779707,Kostěnice - Pardubice,"297,908",Ano,O,,Zminný,50° 01' 12.80785'' N,15° 51' 49.53972'' E,50.02022,15.86376
15.505799034045163,50.033891998218515,170606110389,Řečany nad Labem (Pardubický kraj),2011-04-18 09:56:00,komunikace místní,0,řidičem motorového vozidla,nezjištěno,jiné ovlivnění,nezjišťováno,jiný nepříznivý stav,0,0,0,1,žádná z uvedených,žádná z uvedených,200,žádné z uvedených,"nezjištěno, řidič ujel",,žádná z uvedených,0,žádná z uvedených,nehoda pouze s hmotnou škodou,"nepřichází v úvahu, nejde o srážku jedou",řidič se plně nevěnoval řízení vozidla,"povrch suchý, neznečistěný",neztížené,dobré,na jízdním pruhu,žádná místní úprava,přímý úsek,neurčeno,žádná z uvedených,srážka s pevnou překážkou,závory železničního přejezdu,živice,"dobrý, bez závad","ve dne, viditelnost nezhoršená vlivem po",dvoupruhová,světelným signalizačním zařízením,železniční přejezd zabezpečený,mimo křižovatku,ne,P4911,16.2940618227,Přelouč - Řečany nad Labem,"324,232",Ano,C,,do Labětína,50° 02' 02.36857'' N,15° 30' 20.26727'' E,50.03399,15.50563
15.808752689630051,50.030964760087485,170606110481,Pardubice (Pardubický kraj),2011-05-05 11:10:00,silnice 2.třídy,322,řidičem motorového vozidla,s řidičským oprávněním skupiny c,řidič nebyl ovlivněn,ne,dobrý -žádné nepříznivé okolnosti nebyly zjištěny,0,0,0,2,MERCEDES,žádná z uvedených,70,žádné z uvedených,"nákladní automobil (včetně multikáry, au",2003,"soukromá organizace (podnikatel, s.r.o.,",30,nebylo třeba užít násilí,nehoda pouze s hmotnou škodou,"nepřichází v úvahu, nejde o srážku jedou",řidič se plně nevěnoval řízení vozidla,"povrch suchý, neznečistěný",neztížené,dobré,na jízdním pruhu,přednost vyznačena dopravními značkami,křižovatka pěti a víceramenná,místní komunikace,zachycuje směr jízdy křižovatkou,srážka s pevnou překážkou,závory železničního přejezdu,živice,"dobrý, bez závad","ve dne, viditelnost nezhoršená vlivem po",dvoupruhová,místní úprava (vyplní se pol. 24),železniční přejezd zabezpečený,"na křižovatce, uvnitř hranic křižovatky",ne,P4903,2.89869621297,Kostěnice - Pardubice,"302,038",Ano,II.,355,"\""Slovany\"", ul.Dašická",50° 01' 51.37421'' N,15° 48' 31.46033'' E,50.03094,15.80874
15.808755893980438,50.030932835739499,170606110752,Pardubice (Pardubický kraj),2011-07-13 10:30:00,silnice 2.třídy,355,řidičem motorového vozidla,nezjištěno,jiné ovlivnění,nezjišťováno,jiný nepříznivý stav,0,0,0,1,žádná z uvedených,žádná z uvedených,100,žádné z uvedených,"nezjištěno, řidič ujel",,žádná z uvedených,0,žádná z uvedených,nehoda pouze s hmotnou škodou,"nepřichází v úvahu, nejde o srážku jedou",jiný druh nesprávného způsobu jízdy,"povrch suchý, neznečistěný",neztížené,dobré,na jízdním pruhu,žádná místní úprava,přímý úsek,neurčeno,žádná z uvedených,srážka s pevnou překážkou,závory železničního přejezdu,živice,"dobrý, bez závad","ve dne, viditelnost nezhoršená vlivem po",dvoupruhová,žádný způsob řízení provozu,železniční přejezd zabezpečený,mimo křižovatku,ne,P4903,1.39107331443,Kostěnice - Pardubice,"302,038",Ano,II.,355,"\""Slovany\"", ul.Dašická",50° 01' 51.37421'' N,15° 48' 31.46033'' E,50.03094,15.80874
16.030020029189078,49.986257015591164,170606111356,Ostrov (Pardubický kraj),2011-12-12 15:00:00,komunikace účelová - ostatní (parkoviště apod.),0,řidičem motorového vozidla,nezjištěno,jiné ovlivnění,nezjišťováno,jiný nepříznivý stav,0,0,0,1,žádná z uvedených,žádná z uvedených,100,žádné z uvedených,"nezjištěno, řidič ujel",,žádná z uvedených,0,žádná z uvedených,nehoda pouze s hmotnou škodou,"nepřichází v úvahu, nejde o srážku jedou",jiný druh nesprávného způsobu jízdy,povrch mokrý,déšť,dobré,na jízdním pruhu,žádná místní úprava,přímý úsek,neurčeno,žádná z uvedených,srážka s pevnou překážkou,závory železničního přejezdu,jiný nezpevněný povrch,"dobrý, bez závad","ve dne, zhoršená viditelnost vlivem pově",dvoupruhová,žádný způsob řízení provozu,železniční přejezd zabezpečený,mimo křižovatku,ne,P4896,20.4038158646,Zámrsk - Uhersko,"285,375",Ano,O,,v louce,49° 59' 11.18212'' N,16° 01' 48.15501'' E,49.98644,16.03004
16.464871559052217,49.764813306634458,170906110004,Svitavy (Pardubický kraj),2011-01-01 14:46:00,komunikace místní,0,řidičem motorového vozidla,s řidičským oprávněním skupiny b,oslněn sluncem,ne,dobrý -žádné nepříznivé okolnosti nebyly zjištěny,0,0,0,2,VOLKSWAGEN,nedošlo k požáru,400,žádné z uvedených,osobní automobil bez přívěsu,2010,"soukromé, nevyužívané k výdělečné činnos",300,nebylo třeba užít násilí,nehoda pouze s hmotnou škodou,z boku,jiné nedání přednosti,"na vozovce je náledí, ujetý sníh - nepos",neztížené,dobré,na jízdním pruhu,přednost nevyznačena - vyplývá z pravide,přímý úsek,neurčeno,vozidlo jedoucí - na komunikaci bez stan,srážka s vlakem,"nepřichází v úvahu, nejde o srážku s pev",živice,jiný (neuvedený) stav nebo závada komuni,"ve dne, viditelnost nezhoršená vlivem po",dvoupruhová,žádný způsob řízení provozu,železniční přejezd nezabezpečený,mimo křižovatku,ne,P6841,11.8168834756,Svitavy - PILA Svitavy,"1,708",Ne,C,,u Svitavského rybníka,49° 45' 52.97258'' N,16° 27' 53.68688'' E,49.76471,16.46491
16.524646381187253,49.623220021305599,170906110064,Brněnec (Pardubický kraj),2011-02-28 07:45:00,silnice 2.třídy,363,řidičem motorového vozidla,s řidičským oprávněním skupiny b,řidič nebyl ovlivněn,ne,dobrý -žádné nepříznivé okolnosti nebyly zjištěny,0,0,0,1,ŠKODA,žádná z uvedených,70,žádné z uvedených,osobní automobil bez přívěsu,2010,"soukromé, nevyužívané k výdělečné činnos",50,nebylo třeba užít násilí,nehoda pouze s hmotnou škodou,"nepřichází v úvahu, nejde o srážku jedou",řidič se plně nevěnoval řízení vozidla,"povrch suchý, neznečistěný",neztížené,dobré,na jízdním pruhu,žádná místní úprava,přímý úsek,neurčeno,jedoucí - ve směru staničení na komunika,srážka s pevnou překážkou,závory železničního přejezdu,živice,"dobrý, bez závad","ve dne, viditelnost nezhoršená vlivem po",dvoupruhová,žádný způsob řízení provozu,železniční přejezd zabezpečený,mimo křižovatku,ne,P6823,10.5760625383,Letovice - Březová nad Svitavou,"212,004",Ano,II.,363,"u žel.zast.Moravská Chrastová,",49° 37' 23.59423'' N,16° 31' 28.18207'' E,49.62322,16.5245
16.25569107198077,49.71971360131743,170906110097,Polička (Pardubický kraj),2011-04-04 23:59:00,silnice 3.třídy,36029,řidičem motorového vozidla,nezjištěno,jiné ovlivnění,nezjišťováno,jiný nepříznivý stav,0,0,0,1,žádná z uvedených,žádná z uvedených,200,žádné z uvedených,"nezjištěno, řidič ujel",,žádná z uvedených,0,žádná z uvedených,nehoda pouze s hmotnou škodou,"nepřichází v úvahu, nejde o srážku jedou","bezohledná, agresivní, neohleduplná jízda","povrch suchý, neznečistěný",neztížené,dobré,na jízdním pruhu,žádná místní úprava,přímý úsek,neurčeno,žádná z uvedených,srážka s pevnou překážkou,závory železničního přejezdu,živice,"dobrý, bez závad","v noci - s veřejným osvětlením,viditelno",dvoupruhová,žádný způsob řízení provozu,železniční přejezd zabezpečený,mimo křižovatku,ne,P6862,16.4366102473,,"0,356",ne,III,36029,Střítežská,49° 43' 11.738''N,16° 15' 19.278'' E,49.71993,16.25536
16.507788897729654,49.655722342220926,170906110105,Březová nad Svitavou (Pardubický kraj),2011-04-10 17:42:00,komunikace místní,0,chodcem,nezjištěno,jiné ovlivnění,"ano, obsah alkoholu v&nbsp;krvi 1,5‰ a více",jiný nepříznivý stav,0,0,1,1,žádná z uvedených,žádná z uvedených,0,žádné z uvedených,vlak,,žádná z uvedených,0,žádná z uvedených,nehoda s následky na životě nebo zdraví,"nepřichází v úvahu, nejde o srážku jedou",nezaviněná řidičem,"povrch suchý, neznečistěný",neztížené,dobré,na jízdním pruhu,žádná místní úprava,přímý úsek,neurčeno,žádná z uvedených,srážka s chodcem,"nepřichází v úvahu, nejde o srážku s pev",živice,"dobrý, bez závad","ve dne, viditelnost nezhoršená vlivem po",dvoupruhová,žádný způsob řízení provozu,železniční přejezd zabezpečený,mimo křižovatku,ne,P6826,6.01571837094,"Březová nad Svitavou - km 228,109","216,067",Ano,O,,u žel.zast.Dlouhá Březová,49° 39' 20.39798'' N,16° 30' 28.10144'' E,49.65567,16.50781
16.518731383595682,49.635832090987726,170906110162,Březová nad Svitavou (Pardubický kraj),2011-05-18 09:37:00,silnice 3.třídy,36311,řidičem motorového vozidla,nezjištěno,jiné ovlivnění,nezjišťováno,jiný nepříznivý stav,0,0,0,1,žádná z uvedených,žádná z uvedených,70,žádné z uvedených,"nezjištěno, řidič ujel",,žádná z uvedených,0,žádná z uvedených,nehoda pouze s hmotnou škodou,"nepřichází v úvahu, nejde o srážku jedou",řidič se plně nevěnoval řízení vozidla,"povrch suchý, neznečistěný",neztížené,dobré,na jízdním pruhu,žádná místní úprava,zatáčka,neurčeno,žádná z uvedených,srážka s pevnou překážkou,závory železničního přejezdu,živice,"dobrý, bez závad","ve dne, viditelnost nezhoršená vlivem po",dvoupruhová,světelným signalizačním zařízením,železniční přejezd zabezpečený,mimo křižovatku,ne,P6824,5.1156129114,žst. Březová nad Svitavou,"213,549",Ano,III.,36311,v žst.Březová,49° 38' 08.85672'' N,16° 31' 07.53383'' E,49.63579,16.51876
16.484711698106757,49.711317271887644,170906110167,Hradec nad Svitavou (Pardubický kraj),2011-05-22 16:15:00,silnice 3.třídy,36625,řidičem motorového vozidla,s řidičským oprávněním skupiny b,řidič nebyl ovlivněn,ne,dobrý -žádné nepříznivé okolnosti nebyly zjištěny,0,0,0,1,MERCEDES,žádná z uvedených,310,žádné z uvedených,"nákladní automobil (včetně multikáry, au",2010,"soukromé, využívané k výdělečné činnosti",300,nebylo třeba užít násilí,nehoda pouze s hmotnou škodou,"nepřichází v úvahu, nejde o srážku jedou",řidič se plně nevěnoval řízení vozidla,"povrch suchý, neznečistěný",neztížené,dobré,na jízdním pruhu,žádná místní úprava,přímý úsek,neurčeno,jedoucí - proti směru staničení na komun,srážka s pevnou překážkou,závory železničního přejezdu,živice,"dobrý, bez závad","ve dne, viditelnost nezhoršená vlivem po",dvoupruhová,světelným signalizačním zařízením,železniční přejezd zabezpečený,mimo křižovatku,ne,P6827,2.09672040934,"Březová nad Svitavou - km 228,109","224,032",Ano,III.,36625,na Zavadilce,49° 42' 40.67567'' N,16° 29' 04.93178'' E,49.7113,16.4847
16.490428077758665,49.809081663388184,170906110240,Opatovec (Pardubický kraj),2011-07-12 14:45:00,silnice 3.třídy,439,řidičem motorového vozidla,s řidičským oprávněním skupiny b,řidič nebyl ovlivněn,ne,dobrý -žádné nepříznivé okolnosti nebyly zjištěny,0,0,0,1,PEUGEOT,nedošlo k požáru,100,žádné z uvedených,osobní automobil bez přívěsu,2010,"soukromé, nevyužívané k výdělečné činnos",0,nebylo třeba užít násilí,nehoda pouze s hmotnou škodou,"nepřichází v úvahu, nejde o srážku jedou",řidič se plně nevěnoval řízení vozidla,"povrch suchý, neznečistěný",neztížené,dobré,na jízdním pruhu,žádná místní úprava,přímý úsek,neurčeno,jedoucí - proti směru staničení na komun,srážka s pevnou překážkou,závory železničního přejezdu,živice,"dobrý, bez závad","ve dne, viditelnost nezhoršená vlivem po",dvoupruhová,žádný způsob řízení provozu,železniční přejezd zabezpečený,mimo křižovatku,ne,P6834,6.85284772405,Svitavy - Opatov,"234,997",Ano,III.,439,u žst.Opatov,49° 48' 32.50163'' N,16° 29' 25.71985'' E,49.80903,16.49048
16.479114089033111,49.756728313932847,170906110470,Svitavy (Pardubický kraj),2011-11-28 11:25:00,komunikace místní,0,řidičem motorového vozidla,s řidičským oprávněním skupiny d,řidič nebyl ovlivněn,ne,dobrý -žádné nepříznivé okolnosti nebyly zjištěny,0,0,0,1,DAF,žádná z uvedených,150,žádné z uvedených,nákladní automobil s návěsem,2006,registrované mimo území ČR,100,nebylo třeba užít násilí,nehoda pouze s hmotnou škodou,"nepřichází v úvahu, nejde o srážku jedou",řidič se plně nevěnoval řízení vozidla,"povrch suchý, neznečistěný",neztížené,dobré,na jízdním pruhu,žádná místní úprava,přímý úsek,neurčeno,vozidlo jedoucí - na komunikaci bez stan,srážka s pevnou překážkou,závory železničního přejezdu,živice,"dobrý, bez závad","ve dne, viditelnost nezhoršená vlivem po",dvoupruhová,světelným signalizačním zařízením,železniční přejezd zabezpečený,mimo křižovatku,ne,P6829,3.59442628413,žst. Svitavy,"229,11",Ano,C,,"žst.Svitavy, ul.Olomoucká",49° 45' 24.10853'' N,16° 28' 44.73192'' E,49.7567,16.47909