X,Y,id,obec,datum,komunikace,komunika_1,zavineni,ridic_kate,ridic_ovli,vinik_alko,ridic_stav,obeti_usmr,obeti_lehc,obeti_tezc,vozidel_ce,vinik_vozi,vinik_vo_1,skoda,unik_hmot,vinik_vo_2,vinik_vo_3,vinik_vo_4,vinik_skod,vyprosteni,nehoda_cha,srazka_voz,hlavni_pri,povrch_sta,meteo,rozhled,nehoda_pol,prednost_v,smerove_po,druh_krizu,smer_jizdy,nehoda_dru,pevna_prek,povrch_dru,komunika_2,viditelnos,komunika_3,rizeni_pro,objekty,misto_neho,smyk,neighbors_TargetID,neighbors_Distance,neighbors_prejezdy-dec_Název definičního úseku,neighbors_prejezdy-dec_Žkm přejezdu,neighbors_prejezdy-dec_Přejezd s trolejovým vedením,neighbors_prejezdy-dec_Třída pozemní komunikace,neighbors_prejezdy-dec_Číslo pozemní komunikace,neighbors_prejezdy-dec_Místní název přejezdu,neighbors_prejezdy-dec_Zeměpisná šířka,neighbors_prejezdy-dec_Zeměpisná délka,neighbors_prejezdy-dec_field_10,neighbors_prejezdy-dec_field_11
16.214094825760462,49.991826724038113,171106110086,Choceň (Pardubický kraj),2011-02-11 14:00:00,silnice 2.třídy,315,řidičem motorového vozidla,s řidičským oprávněním skupiny c,řidič nebyl ovlivněn,ne,dobrý -žádné nepříznivé okolnosti nebyly zjištěny,0,0,0,1,TATRA,žádná z uvedených,50,žádné z uvedených,nákladní automobil s návěsem,1998,"soukromé, využívané k výdělečné činnosti",0,nebylo třeba užít násilí,nehoda pouze s hmotnou škodou,"nepřichází v úvahu, nejde o srážku jedou",jiný druh nepřiměřené rychlosti,povrch mokrý,neztížené,dobré,na jízdním pruhu,žádná místní úprava,přímý úsek po projetí zatáčkou (do vzdál,neurčeno,jedoucí - ve směru staničení na komunika,srážka s pevnou překážkou,závory železničního přejezdu,živice,"dobrý, bez závad","ve dne, viditelnost nezhoršená vlivem po",dvoupruhová,žádný způsob řízení provozu,železniční přejezd zabezpečený,mimo křižovatku,ne,P4892,1.14763925281,žst. Choceň kol.č.8b-24,"271,773",Ano,II.,315,"žst.Choceň, u depa, Choceň-Lhoty",49° 59' 30.59791'' N,16° 12' 50.81200'' E,49.99183,16.21411
16.596632511981898,50.028350947786521,171106110100,Jablonné nad Orlicí (Pardubický kraj),2011-02-17 15:00:00,silnice 1.třídy,11,řidičem motorového vozidla,s řidičským oprávněním skupiny c,řidič nebyl ovlivněn,ne,dobrý -žádné nepříznivé okolnosti nebyly zjištěny,0,0,0,1,IVECO,nedošlo k požáru,300,žádné z uvedených,nákladní automobil s návěsem,2010,"soukromá organizace (podnikatel, s.r.o.,",100,nebylo třeba užít násilí,nehoda pouze s hmotnou škodou,"nepřichází v úvahu, nejde o srážku jedou",řidič se plně nevěnoval řízení vozidla,"povrch suchý, neznečistěný",neztížené,dobré,na jízdním pruhu,žádná místní úprava,přímý úsek po projetí zatáčkou (do vzdál,neurčeno,jedoucí - ve směru staničení na komunika,srážka s pevnou překážkou,závory železničního přejezdu,živice,"dobrý, bez závad","ve dne, viditelnost nezhoršená vlivem po",dvoupruhová,žádný způsob řízení provozu,železniční přejezd zabezpečený,mimo křižovatku,ne,P4075,15.5835120306,Jablonné n/Orlicí - Těchonín,"99,549",Ano,I.,11,u autobusového nadrazi,50° 01' 42.06762'' N,16° 35' 48.64644'' E,50.02835,16.59685
16.602756588991216,50.032557538647971,171106110109,Jablonné nad Orlicí (Pardubický kraj),2011-02-21 13:22:00,silnice 3.třídy,31112,řidičem motorového vozidla,s řidičským oprávněním skupiny c,řidič nebyl ovlivněn,ne,dobrý -žádné nepříznivé okolnosti nebyly zjištěny,0,0,0,2,PEUGEOT,žádná z uvedených,1100,žádné z uvedených,"nákladní automobil (včetně multikáry, au",2008,"soukromá organizace (podnikatel, s.r.o.,",500,nebylo třeba užít násilí,nehoda pouze s hmotnou škodou,z boku,jiné nedání přednosti,"povrch suchý, neznečistěný",neztížené,dobré,na jízdním pruhu,žádná místní úprava,přímý úsek,neurčeno,jedoucí - ve směru staničení na komunika,srážka s vlakem,"nepřichází v úvahu, nejde o srážku s pev",živice,"dobrý, bez závad","ve dne, viditelnost nezhoršená vlivem po",dvoupruhová,žádný způsob řízení provozu,železniční přejezd nezabezpečený,mimo křižovatku,ne,P4077,6.56968072693,Jablonné n/Orlicí - Těchonín,"100,182",Ano,III.,31112,"u Mikysku, pod tělocvičnou",50° 01' 57.33369'' N,16° 36' 09.63342'' E,50.03259,16.60268
16.136810931674582,49.995728791925863,171106110286,Dobříkov (Pardubický kraj),2011-05-20 14:08:00,silnice 3.třídy,3152,řidičem motorového vozidla,s řidičským oprávněním skupiny c,řidič nebyl ovlivněn,ne,dobrý -žádné nepříznivé okolnosti nebyly zjištěny,0,0,0,2,PEUGEOT,nedošlo k požáru,4950,žádné z uvedených,"nákladní automobil (včetně multikáry, au",2008,registrované mimo území ČR,2000,nebylo třeba užít násilí,nehoda pouze s hmotnou škodou,z boku,jiné nedání přednosti,"povrch suchý, neznečistěný",neztížené,dobré,na jízdním pruhu,žádná místní úprava,přímý úsek,neurčeno,jedoucí - ve směru staničení na komunika,srážka s vlakem,"nepřichází v úvahu, nejde o srážku s pev",živice,"dobrý, bez závad","ve dne, viditelnost nezhoršená vlivem po",dvoupruhová,žádný způsob řízení provozu,železniční přejezd zabezpečený,mimo křižovatku,ne,P4893,6.16739794963,Choceň - Zámrsk,"277,622",Ano,III.,3152,zast. Dobříkov,49° 59' 44.54511'' N,16° 08' 12.23965'' E,49.99571,16.13673
16.556688169375128,49.855065308870849,171106110323,Damníkov (Pardubický kraj),2011-06-06 16:30:00,silnice 3.třídy,36812,řidičem motorového vozidla,nezjištěno,jiné ovlivnění,nezjišťováno,jiný nepříznivý stav,0,0,0,2,žádná z uvedených,žádná z uvedených,20,žádné z uvedených,"nezjištěno, řidič ujel",,žádná z uvedených,0,žádná z uvedených,nehoda pouze s hmotnou škodou,"nepřichází v úvahu, nejde o srážku jedou",jiný druh nesprávného způsobu jízdy,"povrch suchý, neznečistěný",neztížené,dobré,mimo komunikaci,žádná místní úprava,přímý úsek,neurčeno,žádná z uvedených,srážka s pevnou překážkou,"jiná překážka (zábradlí,oplocení,násep,n",beton,"dobrý, bez závad","ve dne, viditelnost nezhoršená vlivem po",žádná z uvedených,žádný způsob řízení provozu,železniční přejezd nezabezpečený,mimo křižovatku,ne,P6643,8.27152847814,Mladějov na Moravě - Třebovice v Čechách,"70,871",Ne,III.,36812,zast.Anenská Studánka,49° 51' 18.15060'' N,16° 33' 23.68537'' E,49.85504,16.55658
16.629788624090661,50.092010659551406,171106110435,Mladkov (Pardubický kraj),2011-07-21 23:59:00,komunikace místní,0,řidičem motorového vozidla,s řidičským oprávněním skupiny c,řidič nebyl ovlivněn,nezjišťováno,dobrý -žádné nepříznivé okolnosti nebyly zjištěny,0,0,0,1,MAN,žádná z uvedených,450,žádné z uvedených,nákladní automobil s přívěsem,2001,"soukromá organizace (podnikatel, s.r.o.,",0,nebylo třeba užít násilí,nehoda pouze s hmotnou škodou,"nepřichází v úvahu, nejde o srážku jedou",řidič se plně nevěnoval řízení vozidla,"povrch suchý, neznečistěný",neztížené,dobré,na krajnici,žádná místní úprava,přímý úsek,neurčeno,vozidlo jedoucí - na komunikaci bez stan,srážka s pevnou překážkou,závory železničního přejezdu,živice,"dobrý, bez závad","ve dne, viditelnost nezhoršená vlivem po",dvoupruhová,žádný způsob řízení provozu,železniční přejezd zabezpečený,mimo křižovatku,ne,P4086,11.6165128997,Těchonín - Lichkov,"108,224",Ano,O,,"Mladkov, zastavka ČD",50° 05' 31.48396'' N,16° 37' 47.67733'' E,50.09208,16.62991
16.455145355105053,50.07271281578516,171106110461,Žamberk (Pardubický kraj),2011-08-11 16:25:00,silnice 3.třídy,31014,řidičem motorového vozidla,s řidičským oprávněním skupiny c,řidič nebyl ovlivněn,ne,dobrý -žádné nepříznivé okolnosti nebyly zjištěny,0,0,0,1,MAN,nedošlo k požáru,55,žádné z uvedených,"nákladní automobil (včetně multikáry, au",2006,"soukromé, využívané k výdělečné činnosti",5,nebylo třeba užít násilí,nehoda pouze s hmotnou škodou,"nepřichází v úvahu, nejde o srážku jedou",jiné nedání přednosti,"povrch suchý, neznečistěný",neztížené,dobré,na jízdním pruhu,žádná místní úprava,přímý úsek,neurčeno,jedoucí - ve směru staničení na komunika,srážka s pevnou překážkou,závory železničního přejezdu,živice,"dobrý, bez závad","ve dne, viditelnost nezhoršená vlivem po",dvoupruhová,žádný způsob řízení provozu,železniční přejezd zabezpečený,mimo křižovatku,ne,P4058,2.20642322541,,"0,192",ne,,,,50° 04' 21.810'' N,16° 27' 18.463'' E,50.07273,16.45513
16.148021922599945,49.954590654524495,171106110464,Vysoké Mýto (Pardubický kraj),2011-08-12 11:00:00,silnice 3.třídy,30523,řidičem motorového vozidla,s řidičským oprávněním skupiny c,řidič nebyl ovlivněn,ne,dobrý -žádné nepříznivé okolnosti nebyly zjištěny,0,0,0,1,DAF,nedošlo k požáru,225,žádné z uvedených,nákladní automobil s návěsem,2006,"soukromá organizace (podnikatel, s.r.o.,",0,nebylo třeba užít násilí,nehoda pouze s hmotnou škodou,"nepřichází v úvahu, nejde o srážku jedou",vyhýbání bez dostatečné boční vůle,"povrch suchý, neznečistěný",neztížené,dobré,na jízdním pruhu,žádná místní úprava,přímý úsek,neurčeno,jedoucí - ve směru staničení na komunika,srážka s pevnou překážkou,závory železničního přejezdu,živice,"dobrý, bez závad","ve dne, viditelnost nezhoršená vlivem po",dvoupruhová,žádný způsob řízení provozu,železniční přejezd zabezpečený,mimo křižovatku,ne,P5162,1.19131504196,Vysoké Mýto - Cerekvice n/Loučnou,"7,892",Ne,III.,30523,"u žst.Vysoké Mýto, ul.Vraclavská",49° 57' 16.57742'' N,16° 08' 52.91991'' E,49.9546,16.14803
16.515184462676359,50.028944599868673,171106110522,Letohrad (Pardubický kraj),2011-09-09 17:00:00,komunikace místní,0,řidičem motorového vozidla,nezjištěno,jiné ovlivnění,ne,jiný nepříznivý stav,0,0,0,1,žádná z uvedených,žádná z uvedených,5,žádné z uvedených,"nezjištěno, řidič ujel",,žádná z uvedených,0,žádná z uvedených,nehoda pouze s hmotnou škodou,"nepřichází v úvahu, nejde o srážku jedou",řidič se plně nevěnoval řízení vozidla,povrch mokrý,déšť,dobré,na jízdním pruhu,žádná místní úprava,přímý úsek,neurčeno,žádná z uvedených,srážka s pevnou překážkou,"odrazník, patník, sloupek, dopr.značky a",živice,"dobrý, bez závad","ve dne, viditelnost nezhoršená vlivem po",dvoupruhová,žádný způsob řízení provozu,železniční přejezd nezabezpečený,mimo křižovatku,ne,P4064,3.00634695978,žst. Letohrad,"90,555",Ano,C,,u Hedvy,50° 01' 44.24705'' N,16° 30' 54.54061'' E,50.02896,16.51515
16.747992064472964,50.020455739297866,171106110530,Červená Voda (Pardubický kraj),2011-09-09 09:10:00,komunikace místní,0,řidičem motorového vozidla,s řidičským oprávněním skupiny b,řidič nebyl ovlivněn,ne,dobrý -žádné nepříznivé okolnosti nebyly zjištěny,0,1,0,2,FORD,nedošlo k požáru,1950,žádné z uvedených,osobní automobil bez přívěsu,2000,"soukromé, nevyužívané k výdělečné činnos",800,nebylo třeba užít násilí,nehoda s následky na životě nebo zdraví,z boku,proti příkazu dopravní značky STŮJ DEJ PŘEDNOST,povrch mokrý,déšť,dobré,na jízdním pruhu,přednost vyznačena dopravními značkami,přímý úsek po projetí zatáčkou (do vzdál,neurčeno,vozidlo jedoucí - na komunikaci bez stan,srážka s vlakem,"nepřichází v úvahu, nejde o srážku s pev",živice,"dobrý, bez závad","ve dne, viditelnost nezhoršená vlivem po",dvoupruhová,místní úprava (vyplní se pol. 24),železniční přejezd nezabezpečený,mimo křižovatku,ne,P4182,16.826215204,Moravský Karlov - Štíty,"10,582",Ne,MK,,"u firmy ITEMA, s.r.o.",50° 01' 13.25934'' N,16° 44' 53.37064'' E,50.02035,16.74816
14.391996485059805,50.709395754327709,180106110102,Žandov (Liberecký kraj),2011-02-16 08:45:00,komunikace místní,0,řidičem motorového vozidla,s řidičským oprávněním skupiny b,řidič nebyl ovlivněn,ne,dobrý -žádné nepříznivé okolnosti nebyly zjištěny,0,0,0,1,RENAULT,nedošlo k požáru,210,žádné z uvedených,osobní automobil bez přívěsu,2000,"soukromé, nevyužívané k výdělečné činnos",200,nebylo třeba užít násilí,nehoda pouze s hmotnou škodou,"nepřichází v úvahu, nejde o srážku jedou",chyby při udání směru jízdy,"povrch suchý, neznečistěný",neztížené,dobré,na jízdním pruhu,žádná místní úprava,přímý úsek,neurčeno,vozidlo jedoucí - na komunikaci bez stan,srážka s pevnou překážkou,"jiná překážka (zábradlí,oplocení,násep,n",živice,"dobrý, bez závad","ve dne, viditelnost nezhoršená vlivem po",dvoupruhová,žádný způsob řízení provozu,železniční přejezd zabezpečený,mimo křižovatku,ne,P2641,30.1762128762,Františkov nad Ploučnicí - Horní Police,"8,712",Ne,C,,před žst. Horní Police,50° 42' 34.78471'' N,14° 23' 30.83613'' E,50.70966,14.3919
14.552456744399146,50.76591790359813,180106110104,Nový Bor (Liberecký kraj),2011-02-17 10:30:00,komunikace místní,0,řidičem motorového vozidla,s řidičským oprávněním skupiny c,řidič nebyl ovlivněn,ne,dobrý -žádné nepříznivé okolnosti nebyly zjištěny,0,0,0,1,MERCEDES,nedošlo k požáru,95,žádné z uvedených,nákladní automobil s přívěsem,2007,registrované mimo území ČR,0,nebylo třeba užít násilí,nehoda pouze s hmotnou škodou,"nepřichází v úvahu, nejde o srážku jedou",jiné nedání přednosti,povrch mokrý,neztížené,dobré,na jízdním pruhu,žádná místní úprava,přímý úsek,neurčeno,vozidlo jedoucí - na komunikaci bez stan,srážka s pevnou překážkou,závory železničního přejezdu,živice,jiný (neuvedený) stav nebo závada komuni,"ve dne, viditelnost nezhoršená vlivem po",dvoupruhová,světelným signalizačním zařízením,železniční přejezd zabezpečený,mimo křižovatku,ne,P3255,1.63978434004,Nový Bor - Svor,"57,784",Ne,C,,Žižkova ul.,50° 45' 57.33399'' N,14° 33' 08.89334'' E,50.76593,14.55247
14.533322581565475,50.691302938674518,180106110346,Česká Lípa (Liberecký kraj),2011-06-15 18:15:00,komunikace místní,0,řidičem nemotorového vozidla,ostatní řidiči vozidel,řidič nebyl ovlivněn,ne,dobrý -žádné nepříznivé okolnosti nebyly zjištěny,0,1,0,1,žádná z uvedených,nedošlo k požáru,10,žádné z uvedených,jízdní kolo,,"soukromé, nevyužívané k výdělečné činnos",0,nebylo třeba užít násilí,nehoda s následky na životě nebo zdraví,"nepřichází v úvahu, nejde o srážku jedou",nezvládnutí řízení vozidla,povrch mokrý,déšť,dobré,na jízdním pruhu,žádná místní úprava,přímý úsek,neurčeno,vozidlo jedoucí - na komunikaci bez stan,havárie,"nepřichází v úvahu, nejde o srážku s pev",živice,"dobrý, bez závad","ve dne, zhoršená viditelnost vlivem pově",dvoupruhová,žádný způsob řízení provozu,železniční přejezd zabezpečený,mimo křižovatku,ano,P3241,26.7041179872,Česká Lípa hl.n. - Česká Lípa střelnice,"46,984",Ne,B,,"před CL střelnice,Českokamenická",50° 41' 29.51833'' N,14° 31' 59.50332'' E,50.69153,14.5332
14.650674923128308,50.678480777333384,180106110376,Zákupy (Liberecký kraj),2011-06-26 08:05:00,silnice 2.třídy,268,řidičem motorového vozidla,s řidičským oprávněním skupiny c,řidič nebyl ovlivněn,nezjišťováno,dobrý -žádné nepříznivé okolnosti nebyly zjištěny,1,0,0,2,ŠKODA,nedošlo k požáru,1200,"došlo k úniku pohonných hmot, oleje, chl",osobní automobil bez přívěsu,2002,"soukromé, nevyužívané k výdělečné činnos",900,nebylo třeba užít násilí,nehoda s následky na životě nebo zdraví,z boku,jiné nedání přednosti,povrch mokrý,"na počátku deště, slabý déšť",dobré,na jízdním pruhu,přednost vyznačena dopravními značkami,křižovatka styková - tříramenná,silnice 3.třídy,zachycuje směr jízdy křižovatkou,srážka s vlakem,"nepřichází v úvahu, nejde o srážku s pev",živice,"dobrý, bez závad","ve dne, viditelnost nezhoršená vlivem po",dvoupruhová,místní úprava (vyplní se pol. 24),železniční přejezd zabezpečený,"na křižovatce, uvnitř hranic křižovatky",ne,P3395,16.9515998146,Zákupy - Mimoň,"94,631",Ne,III.,26832,"zast. Božíkov, ul. U zastávky",50° 40' 41.98234'' N,14° 39' 02.29426'' E,50.67833,14.65064
14.750592105043866,50.766203576082724,180106110392,Jablonné v Podještědí (Liberecký kraj),2011-07-07 10:15:00,silnice 3.třídy,27019,řidičem motorového vozidla,s řidičským oprávněním skupiny b,řidič nebyl ovlivněn,ne,dobrý -žádné nepříznivé okolnosti nebyly zjištěny,0,1,0,2,ŠKODA,nedošlo k požáru,1100,žádné z uvedených,osobní automobil bez přívěsu,1996,"soukromé, nevyužívané k výdělečné činnos",300,nebylo třeba užít násilí,nehoda s následky na životě nebo zdraví,z boku,proti příkazu dopravní značky STŮJ DEJ PŘEDNOST,"povrch suchý, neznečistěný",neztížené,dobré,na jízdním pruhu,přednost vyznačena přenosnými dopravními,přímý úsek,neurčeno,jedoucí - proti směru staničení na komun,srážka s vlakem,"nepřichází v úvahu, nejde o srážku s pev",živice,"dobrý, bez závad","ve dne, viditelnost nezhoršená vlivem po",dvoupruhová,místní úprava (vyplní se pol. 24),železniční přejezd zabezpečený,mimo křižovatku,ne,P3414,4.87771139236,Brniště - Jablonné v Podještědí,"113,856",Ne,III.,27019,"ul.Cvikovská,u vj.náv.před Jabl.",50° 45' 58.18956'' N,14° 45' 02.15506'' E,50.76616,14.7506
14.549816421225069,50.76287067848164,180106110433,Nový Bor (Liberecký kraj),2011-07-18 09:10:00,komunikace místní,0,řidičem motorového vozidla,nezjištěno,jiné ovlivnění,nezjišťováno,jiný nepříznivý stav,0,0,0,1,žádná z uvedených,žádná z uvedených,100,žádné z uvedených,"nezjištěno, řidič ujel",,žádná z uvedených,0,žádná z uvedených,nehoda pouze s hmotnou škodou,"nepřichází v úvahu, nejde o srážku jedou",nezvládnutí řízení vozidla,"povrch suchý, neznečistěný",neztížené,dobré,na jízdním pruhu,žádná místní úprava,přímý úsek,neurčeno,žádná z uvedených,srážka s pevnou překážkou,závory železničního přejezdu,živice,"dobrý, bez závad","ve dne, viditelnost nezhoršená vlivem po",dvoupruhová,žádný způsob řízení provozu,železniční přejezd zabezpečený,mimo křižovatku,ne,P3253,6.46635952745,Nový Bor - Svor,"57,388",Ne,B,,"za žst. Nový Bor, B. Egermanna",50° 45' 46.39325'' N,14° 32' 59.03160'' E,50.76289,14.54973
14.730431596846532,50.713795742758137,180106110682,Brniště (Liberecký kraj),2011-10-10 08:00:00,silnice 3.třídy,27011,řidičem motorového vozidla,nezjištěno,jiné ovlivnění,nezjišťováno,jiný nepříznivý stav,0,0,0,1,žádná z uvedených,žádná z uvedených,70,žádné z uvedených,"nezjištěno, řidič ujel",,žádná z uvedených,0,žádná z uvedených,nehoda pouze s hmotnou škodou,"nepřichází v úvahu, nejde o srážku jedou",vyhýbání bez dostatečné boční vůle,"povrch suchý, neznečistěný",neztížené,dobré,na jízdním pruhu,žádná místní úprava,přímý úsek po projetí zatáčkou (do vzdál,neurčeno,žádná z uvedených,srážka s pevnou překážkou,závory železničního přejezdu,živice,"dobrý, bez závad","ve dne, viditelnost nezhoršená vlivem po",dvoupruhová,světelným signalizačním zařízením,železniční přejezd zabezpečený,mimo křižovatku,ne,P3408,4.25725465876,,"0,153",ne,III.,27011,,50° 42' 49.53'' N,14° 43' 49.48'' E,50.71376,14.73041
14.392169985154244,50.709229023797384,180106110694,Žandov (Liberecký kraj),2011-10-10 18:30:00,komunikace místní,0,řidičem nemotorového vozidla,ostatní řidiči vozidel,řidič nebyl ovlivněn,ne,dobrý -žádné nepříznivé okolnosti nebyly zjištěny,0,1,0,1,žádná z uvedených,nedošlo k požáru,20,žádné z uvedených,jízdní kolo,,"soukromé, nevyužívané k výdělečné činnos",10,nebylo třeba užít násilí,nehoda s následky na životě nebo zdraví,"nepřichází v úvahu, nejde o srážku jedou",nezvládnutí řízení vozidla,povrch mokrý,neztížené,dobré,na jízdním pruhu,žádná místní úprava,přímý úsek,neurčeno,vozidlo jedoucí - na komunikaci bez stan,havárie,"nepřichází v úvahu, nejde o srážku s pev",živice,"dobrý, bez závad","v noci - s veřejným osvětlením,viditelno",dvoupruhová,žádný způsob řízení provozu,železniční přejezd zabezpečený,mimo křižovatku,ne,P2641,51.5971942639,Františkov nad Ploučnicí - Horní Police,"8,712",Ne,C,,před žst. Horní Police,50° 42' 34.78471'' N,14° 23' 30.83613'' E,50.70966,14.3919
14.650668753813765,50.67828190773686,180106110767,Zákupy (Liberecký kraj),2011-11-11 06:06:00,silnice 3.třídy,26832,řidičem motorového vozidla,s řidičským oprávněním skupiny b,řidič nebyl ovlivněn,ne,dobrý -žádné nepříznivé okolnosti nebyly zjištěny,0,0,0,2,FORD,nedošlo k požáru,300,"došlo k úniku pohonných hmot, oleje, chl","nákladní automobil (včetně multikáry, au",1995,"soukromé, nevyužívané k výdělečné činnos",100,nebylo třeba užít násilí,nehoda pouze s hmotnou škodou,z boku,řidič se plně nevěnoval řízení vozidla,"povrch suchý, neznečistěný",neztížené,dobré,na jízdním pruhu,přednost vyznačena přenosnými dopravními,křižovatka styková - tříramenná,silnice 3.třídy,zachycuje směr jízdy křižovatkou,srážka s vlakem,"nepřichází v úvahu, nejde o srážku s pev",živice,"dobrý, bez závad","ve dne, viditelnost nezhoršená vlivem po",dvoupruhová,místní úprava (vyplní se pol. 24),železniční přejezd zabezpečený,"na křižovatce, uvnitř hranic křižovatky",ne,P3395,5.72469417903,Zákupy - Mimoň,"94,631",Ne,III.,26832,"zast. Božíkov, ul. U zastávky",50° 40' 41.98234'' N,14° 39' 02.29426'' E,50.67833,14.65064
15.318076145521726,50.700938543081733,180406110038,Plavy (Liberecký kraj),2011-02-02 05:40:00,silnice 1.třídy,10,technickou závadou vozidla,s řidičským oprávněním skupiny c,řidič nebyl ovlivněn,nezjišťováno,dobrý -žádné nepříznivé okolnosti nebyly zjištěny,0,0,0,1,TATRA,nedošlo k požáru,200,žádné z uvedených,"nákladní automobil (včetně multikáry, au",1989,"soukromá organizace (podnikatel, s.r.o.,",100,nebylo třeba užít násilí,nehoda pouze s hmotnou škodou,"nepřichází v úvahu, nejde o srážku jedou",jiná technická závada,povrch mokrý,neztížené,dobré,na jízdním pruhu,žádná místní úprava,přímý úsek,neurčeno,jedoucí - ve směru staničení na komunika,srážka s pevnou překážkou,závory železničního přejezdu,živice,"dobrý, bez závad","v noci - bez veřejného osvětlení,viditel",dvoupruhová,žádný způsob řízení provozu,železniční přejezd zabezpečený,mimo křižovatku,ne,P5493,44.2251680147,Železný Brod - Velké Hamry,"12,223",Ne,I.,10,zastávka Plavy,50° 42' 04.75857'' N,15° 19' 04.42787'' E,50.70132,15.3179
15.238497035626921,50.738810381269019,180406110048,Lučany nad Nisou (Liberecký kraj),2011-02-02 16:00:00,silnice 1.třídy,14,řidičem motorového vozidla,nezjištěno,jiné ovlivnění,nezjišťováno,jiný nepříznivý stav,0,0,0,1,žádná z uvedených,žádná z uvedených,100,žádné z uvedených,"nezjištěno, řidič ujel",,žádná z uvedených,0,žádná z uvedených,nehoda pouze s hmotnou škodou,"nepřichází v úvahu, nejde o srážku jedou",jiný druh nesprávného způsobu jízdy,povrch mokrý,neztížené,dobré,na jízdním pruhu,přednost vyznačena dopravními značkami,křižovatka styková - tříramenná,silnice 3.třídy,žádná z uvedených,srážka s pevnou překážkou,závory železničního přejezdu,živice,"dobrý, bez závad","ve dne, viditelnost nezhoršená vlivem po",žádná z uvedených,místní úprava (vyplní se pol. 24),železniční přejezd zabezpečený,"na křižovatce, uvnitř hranic křižovatky",ne,P5536,7.33448406736,Nová Ves nad Nisou - Smržovka,"20,265",Ne,I.,14,"před žst.Smržovka,Rooseweltova",50° 44' 19.55396'' N,15° 14' 18.33567'' E,50.73876,15.23843
15.157086609177226,50.727256302216752,180406110307,Jablonec nad Nisou (Liberecký kraj),2011-06-25 08:05:00,silnice 1.třídy,14,řidičem motorového vozidla,s řidičským oprávněním skupiny b,řidič nebyl ovlivněn,ne,dobrý -žádné nepříznivé okolnosti nebyly zjištěny,0,1,0,1,jiné vyrobené mimo ČR,nedošlo k požáru,30,žádné z uvedených,"motocykl (včetně sidecarů, skútrů apod.)",2011,"soukromé, nevyužívané k výdělečné činnos",30,nebylo třeba užít násilí,nehoda s následky na životě nebo zdraví,"nepřichází v úvahu, nejde o srážku jedou","nepř. rychlosti stavu vozovky (náledí, výtluky, bláto, mokrý povrch apod.)",povrch mokrý,neztížené,dobré,na kolejích tramvaje,přednost vyznačena dopravními značkami,křižovatka průsečná - čtyřramenná,místní komunikace,zachycuje směr jízdy křižovatkou,havárie,"nepřichází v úvahu, nejde o srážku s pev",živice,"dobrý, bez závad","ve dne, viditelnost nezhoršená vlivem po",dvoupruhová,místní úprava (vyplní se pol. 24),železniční přejezd nezabezpečený,"na křižovatce, uvnitř hranic křižovatky",ano,P5519,305.527079981,Jablonec n/N. dol.n. - Jablonec n/Nisou,"11,183",Ne,C,,ulice Plynární,50° 43' 40.60591'' N,15° 09' 10.43532'' E,50.72795,15.1529
15.19306462928016,50.637699425041063,180406110350,Malá Skála (Liberecký kraj),2011-07-21 10:01:00,silnice 3.třídy,28216,řidičem motorového vozidla,s řidičským oprávněním skupiny b,řidič nebyl ovlivněn,ne,dobrý -žádné nepříznivé okolnosti nebyly zjištěny,0,0,0,2,VOLVO,nedošlo k požáru,1350,žádné z uvedených,osobní automobil bez přívěsu,2004,registrované mimo území ČR,1200,nebylo třeba užít násilí,nehoda pouze s hmotnou škodou,z boku,jiné nedání přednosti,povrch mokrý,déšť,dobré,na jízdním pruhu,žádná místní úprava,zatáčka,neurčeno,jedoucí - ve směru staničení na komunika,srážka s vlakem,"nepřichází v úvahu, nejde o srážku s pev",živice,jiný (neuvedený) stav nebo závada komuni,"ve dne, zhoršená viditelnost vlivem pově",dvoupruhová,žádný způsob řízení provozu,železniční přejezd zabezpečený,mimo křižovatku,ne,P3087,2.19225964722,Železný Brod - Malá Skála,"115,285",Ne,III.,28216,přejezd u sokolovny,50° 38' 15.64597'' N,15° 11' 35.05781'' E,50.63768,15.19307
15.191343078907773,50.731496364625414,180406110590,Jablonec nad Nisou (Liberecký kraj),2011-12-12 12:00:00,komunikace místní,0,řidičem motorového vozidla,s řidičským oprávněním skupiny c,řidič nebyl ovlivněn,nezjišťováno,dobrý -žádné nepříznivé okolnosti nebyly zjištěny,0,0,0,1,RENAULT,řidič ujel - zjištěn,100,žádné z uvedených,"nákladní automobil (včetně multikáry, au",2002,"soukromá organizace (podnikatel, s.r.o.,",20,nebylo třeba užít násilí,nehoda pouze s hmotnou škodou,"nepřichází v úvahu, nejde o srážku jedou",nesprávné otáčení nebo couvání,povrch mokrý,neztížené,dobré,mimo komunikaci,žádná místní úprava,zatáčka,neurčeno,vozidlo jedoucí - na komunikaci bez stan,srážka s pevnou překážkou,závory železničního přejezdu,živice,"dobrý, bez závad","ve dne, viditelnost nezhoršená vlivem po",dvoupruhová,žádný způsob řízení provozu,železniční přejezd zabezpečený,mimo křižovatku,ne,P5531,2.43254492855,Nová Ves nad Nisou - Smržovka,"16,368",Ne,C,,"ul.Vít.Nezvala, z.Jabl.Paseky",50° 43' 53.43327'' N,15° 11' 28.94850'' E,50.73151,15.19137