X,Y,id,obec,datum,komunikace,komunika_1,zavineni,ridic_kate,ridic_ovli,vinik_alko,ridic_stav,obeti_usmr,obeti_lehc,obeti_tezc,vozidel_ce,vinik_vozi,vinik_vo_1,skoda,unik_hmot,vinik_vo_2,vinik_vo_3,vinik_vo_4,vinik_skod,vyprosteni,nehoda_cha,srazka_voz,hlavni_pri,povrch_sta,meteo,rozhled,nehoda_pol,prednost_v,smerove_po,druh_krizu,smer_jizdy,nehoda_dru,pevna_prek,povrch_dru,komunika_2,viditelnos,komunika_3,rizeni_pro,objekty,misto_neho,smyk,neighbors_TargetID,neighbors_Distance,neighbors_prejezdy-dec_Název definičního úseku,neighbors_prejezdy-dec_Žkm přejezdu,neighbors_prejezdy-dec_Přejezd s trolejovým vedením,neighbors_prejezdy-dec_Třída pozemní komunikace,neighbors_prejezdy-dec_Číslo pozemní komunikace,neighbors_prejezdy-dec_Místní název přejezdu,neighbors_prejezdy-dec_Zeměpisná šířka,neighbors_prejezdy-dec_Zeměpisná délka,neighbors_prejezdy-dec_field_10,neighbors_prejezdy-dec_field_11
13.935982881008416,49.536540654507895,11106120712,Hudčice (Středočeský kraj),2012-08-30 09:30:00,silnice 2.třídy,174,řidičem motorového vozidla,s řidičským oprávněním skupiny d,řidič nebyl ovlivněn,ne,dobrý -žádné nepříznivé okolnosti nebyly zjištěny,0,0,0,2,FORD,nedošlo k požáru,1100,žádné z uvedených,osobní automobil bez přívěsu,2011,registrované mimo území ČR,300,nebylo třeba užít násilí,nehoda pouze s hmotnou škodou,z boku,jiné nedání přednosti,"povrch suchý, neznečistěný",neztížené,dobré,na jízdním pruhu,přednost vyznačena dopravními značkami,přímý úsek po projetí zatáčkou (do vzdál,neurčeno,jedoucí - ve směru staničení na komunika,srážka s vlakem,"nepřichází v úvahu, nejde o srážku s pev",živice,"dobrý, bez závad","ve dne, viditelnost nezhoršená vlivem po",dvoupruhová,místní úprava (vyplní se pol. 24),železniční přejezd nezabezpečený,mimo křižovatku,ne,P1309,2.91286760826,Březnice - HUDČICE,"4,447",Ne,II.,174,Stará hudčická zastávka,49° 32' 11.60843'' N,13° 56' 09.64952'' E,49.53656,13.93601
14.378090266941449,49.920036045110308,11406120019,Vrané nad Vltavou (Středočeský kraj),2012-01-01 23:59:00,komunikace místní,0,řidičem motorového vozidla,nezjištěno,jiné ovlivnění,nezjišťováno,jiný nepříznivý stav,0,0,0,1,žádná z uvedených,žádná z uvedených,90,žádné z uvedených,"nezjištěno, řidič ujel",,žádná z uvedených,0,žádná z uvedených,nehoda pouze s hmotnou škodou,"nepřichází v úvahu, nejde o srážku jedou",řidič se plně nevěnoval řízení vozidla,"povrch suchý, neznečistěný",neztížené,dobré,na jízdním pruhu,žádná místní úprava,přímý úsek,neurčeno,žádná z uvedených,srážka s pevnou překážkou,"jiná překážka (zábradlí,oplocení,násep,n",živice,"dobrý, bez závad","ve dne, viditelnost nezhoršená vlivem po",dvoupruhová,světelným signalizačním zařízením,železniční přejezd zabezpečený,mimo křižovatku,ne,P5771,5.546534792,Davle - Skochovice,"34,706",Ne,MK,,"souběh trati 1711: km 34,706",49° 55' 11.97284'' N,14° 22' 41.23969'' E,49.91999,14.37812
14.668701429239368,49.988973073877943,11406120371,Říčany (Středočeský kraj),2012-05-18 15:32:00,komunikace místní,0,jiné zavinění,s řidičským oprávněním skupiny c,řidič nebyl ovlivněn,nezjišťováno,dobrý -žádné nepříznivé okolnosti nebyly zjištěny,0,0,0,1,VOLKSWAGEN,žádná z uvedených,500,žádné z uvedených,nákladní automobil s přívěsem,2004,"soukromá organizace (podnikatel, s.r.o.,",100,nebylo třeba užít násilí,nehoda pouze s hmotnou škodou,"nepřichází v úvahu, nejde o srážku jedou",nezaviněná řidičem,"povrch suchý, neznečistěný",neztížené,dobré,na jízdním pruhu,žádná místní úprava,přímý úsek,neurčeno,vozidlo jedoucí - na komunikaci bez stan,srážka s pevnou překážkou,závory železničního přejezdu,živice,"dobrý, bez závad","ve dne, viditelnost nezhoršená vlivem po",dvoupruhová,světelným signalizačním zařízením,železniční přejezd zabezpečený,mimo křižovatku,ne,P5671,18.5520529343,Strančice - Říčany,"163,591",Ano,III.,,ul. Olivova,49° 59' 20.68044'' N,14° 40' 08.02331'' E,49.98908,14.6689
14.724853475048288,50.07324272862791,11506120079,Úvaly (Středočeský kraj),2012-02-24 02:30:00,silnice 3.třídy,1214,řidičem motorového vozidla,nezjištěno,jiné ovlivnění,nezjišťováno,jiný nepříznivý stav,0,0,0,1,žádná z uvedených,žádná z uvedených,80,žádné z uvedených,"nezjištěno, řidič ujel",,žádná z uvedených,0,žádná z uvedených,nehoda pouze s hmotnou škodou,"nepřichází v úvahu, nejde o srážku jedou",řidič se plně nevěnoval řízení vozidla,"povrch suchý, neznečistěný",neztížené,dobré,na jízdním pruhu,žádná místní úprava,přímý úsek,neurčeno,žádná z uvedených,srážka s pevnou překážkou,závory železničního přejezdu,živice,"dobrý, bez závad","v noci - s veřejným osvětlením,viditelno",dvoupruhová,světelným signalizačním zařízením,železniční přejezd zabezpečený,mimo křižovatku,ne,P4933,1.70784259293,žst. Úvaly,"387,452",Ano,III.,1214,Úvalský,50° 04' 23.66390'' N,14° 43' 29.39744'' E,50.07324,14.72483
14.697639627519727,50.173581500356747,11506120357,Zápy (Středočeský kraj),2012-08-15 10:10:00,silnice 3.třídy,10160,řidičem motorového vozidla,s řidičským oprávněním skupiny b,řidič nebyl ovlivněn,ne,dobrý -žádné nepříznivé okolnosti nebyly zjištěny,0,1,0,2,VOLKSWAGEN,nedošlo k požáru,1520,"došlo k úniku pohonných hmot, oleje, chl",osobní automobil bez přívěsu,2003,"soukromé, nevyužívané k výdělečné činnos",1500,nebylo třeba užít násilí,nehoda s následky na životě nebo zdraví,boční,proti příkazu dopravní značky STŮJ DEJ PŘEDNOST,"povrch suchý, neznečistěný",neztížené,dobré,na jízdním pruhu,přednost vyznačena dopravními značkami,přímý úsek,neurčeno,jedoucí - ve směru staničení na komunika,srážka s vlakem,"nepřichází v úvahu, nejde o srážku s pev",živice,"dobrý, bez závad","ve dne, viditelnost nezhoršená vlivem po",dvoupruhová,místní úprava (vyplní se pol. 24),železniční přejezd nezabezpečený,mimo křižovatku,ne,P2739,32.1223690107,Lázně Toušeň - Brandýs nad Labem nákladiště,"4,884",Ne,III.,10160,Toušeňský (směr Zápy),50° 10' 25.93154'' N,14° 41' 51.57786'' E,50.17387,14.69766
14.657463329292028,50.182918472591908,11506120375,Brandýs nad Labem-Stará Boleslav (Středočeský kraj),2012-08-24 04:40:00,silnice 2.třídy,610,řidičem motorového vozidla,s řidičským oprávněním skupiny d,řidič nebyl ovlivněn,ne,dobrý -žádné nepříznivé okolnosti nebyly zjištěny,0,0,0,1,VOLVO,nedošlo k požáru,650,žádné z uvedených,nákladní automobil s návěsem,2005,registrované mimo území ČR,0,nebylo třeba užít násilí,nehoda pouze s hmotnou škodou,"nepřichází v úvahu, nejde o srážku jedou",řidič se plně nevěnoval řízení vozidla,"povrch suchý, neznečistěný",neztížené,dobré,mimo komunikaci,žádná místní úprava,přímý úsek,neurčeno,jedoucí - ve směru staničení na komunika,srážka s pevnou překážkou,závory železničního přejezdu,dlažba,"dobrý, bez závad","v noci - s veřejným osvětlením,viditelno",dvoupruhová,žádný způsob řízení provozu,železniční přejezd zabezpečený,mimo křižovatku,ne,P2726,4.99741035432,Brandýs nad Labem nákladiště - Brandýs nad Labem,"0,523",Ne,II.,610,Brandýský v centru,50° 10' 58.64289'' N,14° 39' 26.98068'' E,50.18296,14.65749
14.65750158645451,50.182940080912282,11506120429,Brandýs nad Labem-Stará Boleslav (Středočeský kraj),2012-09-17 07:40:00,silnice 2.třídy,610,řidičem motorového vozidla,s řidičským oprávněním skupiny d,řidič nebyl ovlivněn,ne,dobrý -žádné nepříznivé okolnosti nebyly zjištěny,0,0,0,1,KAROSA,žádná z uvedených,400,žádné z uvedených,autobus,1989,městská hromadná doprava,100,nebylo třeba užít násilí,nehoda pouze s hmotnou škodou,"nepřichází v úvahu, nejde o srážku jedou",řidič se plně nevěnoval řízení vozidla,"povrch suchý, neznečistěný",neztížené,dobré,na jízdním pruhu,přednost vyznačena přenosnými dopravními,křižovatka průsečná - čtyřramenná,místní komunikace,zachycuje směr jízdy křižovatkou,srážka s pevnou překážkou,závory železničního přejezdu,živice,"dobrý, bez závad","ve dne, viditelnost nezhoršená vlivem po",dvoupruhová,místní úprava (vyplní se pol. 24),železniční přejezd zabezpečený,"na křižovatce, uvnitř hranic křižovatky",ne,P2726,2.3666844058,Brandýs nad Labem nákladiště - Brandýs nad Labem,"0,523",Ne,II.,610,Brandýský v centru,50° 10' 58.64289'' N,14° 39' 26.98068'' E,50.18296,14.65749
14.364704537755511,50.167874457330733,11606120057,Roztoky (Středočeský kraj),2012-02-02 08:15:00,komunikace místní,0,řidičem motorového vozidla,s řidičským oprávněním skupiny d,řidič nebyl ovlivněn,ne,dobrý -žádné nepříznivé okolnosti nebyly zjištěny,0,0,0,2,ŠKODA,nedošlo k požáru,300,žádné z uvedených,osobní automobil s přívěsem,1997,"soukromé, nevyužívané k výdělečné činnos",0,nebylo třeba užít násilí,nehoda pouze s hmotnou škodou,čelní,jiný druh nesprávného způsobu jízdy,"na vozovce je náledí, ujetý sníh - posyp",neztížené,dobré,na jízdním pruhu,přednost vyznačena přenosnými dopravními,přímý úsek po projetí zatáčkou (do vzdál,neurčeno,vozidlo jedoucí - na komunikaci bez stan,srážka s vlakem,"nepřichází v úvahu, nejde o srážku s pev",živice,"dobrý, bez závad","ve dne, viditelnost nezhoršená vlivem po",dvoupruhová,místní úprava (vyplní se pol. 24),železniční přejezd zabezpečený,mimo křižovatku,ne,P2397,61.9452668822,Roztoky u Prahy - Libčice nad Vltavou,"425,652",Ano,O,,k zahrádkám,50° 10' 04.00819'' N,14° 21' 49.87270'' E,50.16778,14.36385
14.265998619255074,50.084033905316538,11606120215,Hostivice (Středočeský kraj),2012-05-12 05:45:00,komunikace místní,0,řidičem motorového vozidla,s řidičským oprávněním skupiny c,řidič nebyl ovlivněn,ne,dobrý -žádné nepříznivé okolnosti nebyly zjištěny,0,0,0,1,MAN,nedošlo k požáru,20,žádné z uvedených,"nákladní automobil (včetně multikáry, au",2004,registrované mimo území ČR,0,nebylo třeba užít násilí,nehoda pouze s hmotnou škodou,"nepřichází v úvahu, nejde o srážku jedou",jiný druh nesprávného způsobu jízdy,povrch mokrý,neztížené,dobré,na jízdním pruhu,přednost nevyznačena - vyplývá z pravide,přímý úsek,neurčeno,vozidlo jedoucí - na komunikaci bez stan,srážka s pevnou překážkou,závory železničního přejezdu,dlažba,"dobrý, bez závad","ve dne, viditelnost nezhoršená vlivem po",dvoupruhová,místní úprava (vyplní se pol. 24),železniční přejezd zabezpečený,mimo křižovatku,ne,P15,215.691017429,žst. Hostivice,"14,463",Ne,C,,Pražské zhlaví,50° 05' 00.78952'' N,14° 15' 47.10114'' E,50.08355,14.26308
14.301955470276079,49.931271663895586,11606120409,Všenory (Středočeský kraj),2012-08-28 23:59:00,silnice 3.třídy,11511,řidičem motorového vozidla,nezjištěno,jiné ovlivnění,nezjišťováno,jiný nepříznivý stav,0,0,0,1,žádná z uvedených,žádná z uvedených,400,žádné z uvedených,"nezjištěno, řidič ujel",,žádná z uvedených,0,žádná z uvedených,nehoda pouze s hmotnou škodou,"nepřichází v úvahu, nejde o srážku jedou",nezvládnutí řízení vozidla,"povrch suchý, neznečistěný",neztížené,dobré,na jízdním pruhu,přednost nevyznačena - vyplývá z pravide,přímý úsek po projetí zatáčkou (do vzdál,neurčeno,žádná z uvedených,srážka s pevnou překážkou,závory železničního přejezdu,živice,"dobrý, bez závad","ve dne, viditelnost nezhoršená vlivem po",dvoupruhová,místní úprava (vyplní se pol. 24),železniční přejezd zabezpečený,mimo křižovatku,ne,P268,22.5408790059,Praha-Radotín - Dobřichovice,"18,552",Ano,III.,,,49° 55' 53.28604'' N,14° 18' 07.26638'' E,49.93147,14.30202
14.455165761265857,48.927230529081086,20106120083,Včelná (Jihočeský kraj),2012-01-27 21:27:00,silnice 3.třídy,354,řidičem motorového vozidla,s řidičským oprávněním skupiny b,řidič nebyl ovlivněn,ne,dobrý -žádné nepříznivé okolnosti nebyly zjištěny,0,2,1,2,ALFA-ROMEO,žádná z uvedených,2600,"došlo k úniku pohonných hmot, oleje, chl",osobní automobil bez přívěsu,2001,"soukromé, nevyužívané k výdělečné činnos",500,použitím speciální vyprošťovací techniky,nehoda s následky na životě nebo zdraví,boční,jiné nedání přednosti,"povrch suchý, neznečistěný",neztížené,dobré,na jízdním pruhu,žádná místní úprava,přímý úsek,neurčeno,jedoucí - ve směru staničení na komunika,srážka s vlakem,"nepřichází v úvahu, nejde o srážku s pev",živice,"dobrý, bez závad","v noci - s veřejným osvětlením,viditelno",dvoupruhová,světelným signalizačním zařízením,železniční přejezd zabezpečený,mimo křižovatku,ne,P5579,25.3940262146,Včelná - odb. Roznov,"112,223",Ano,III.,354,Včelná,48° 55' 38.65913'' N,14° 27' 19.37349'' E,48.92741,14.45538
14.475611671744657,48.959366723070588,20106120132,České Budějovice (Jihočeský kraj),2012-02-13 10:10:00,silnice 3.třídy,15529,řidičem motorového vozidla,s řidičským oprávněním skupiny b,řidič nebyl ovlivněn,ne,dobrý -žádné nepříznivé okolnosti nebyly zjištěny,0,1,1,2,SEAT,nedošlo k požáru,2610,žádné z uvedených,osobní automobil bez přívěsu,2004,"soukromé, nevyužívané k výdělečné činnos",600,použitím páčidel apod.,nehoda s následky na životě nebo zdraví,z boku,jiné nedání přednosti,"souvislá sněhová vrstva, rozbředlý sníh",sněžení,dobré,na jízdním pruhu,žádná místní úprava,přímý úsek,neurčeno,jedoucí - ve směru staničení na komunika,srážka s vlakem,"nepřichází v úvahu, nejde o srážku s pev",živice,"dobrý, bez závad","ve dne, viditelnost nezhoršená vlivem po",dvoupruhová,světelným signalizačním zařízením,železniční přejezd zabezpečený,mimo křižovatku,ne,P1082,20.3850679344,žst. Č.Budějovice - (jižní předsunuté zhlaví),"116,952",Ano,III.,15529,Pařízka ul.(Plavská sil.)již.z,48° 57' 33.73075'' N,14° 28' 33.21324'' E,48.95937,14.47589
14.47777747804307,49.003332758279001,20106120248,České Budějovice (Jihočeský kraj),2012-03-27 09:00:00,komunikace místní,0,řidičem motorového vozidla,nezjištěno,jiné ovlivnění,nezjišťováno,jiný nepříznivý stav,0,0,0,1,žádná z uvedených,žádná z uvedených,70,žádné z uvedených,"nezjištěno, řidič ujel",,žádná z uvedených,0,žádná z uvedených,nehoda pouze s hmotnou škodou,"nepřichází v úvahu, nejde o srážku jedou",řidič se plně nevěnoval řízení vozidla,"povrch suchý, neznečistěný",neztížené,dobré,na jízdním pruhu,žádná místní úprava,přímý úsek,neurčeno,žádná z uvedených,srážka s pevnou překážkou,"odrazník, patník, sloupek, dopr.značky a",živice,"dobrý, bez závad","ve dne, viditelnost nezhoršená vlivem po",dvoupruhová,světelným signalizačním zařízením,železniční přejezd zabezpečený,mimo křižovatku,ne,P1129,21.5649080898,výh. Nemanice I.-buděj.zhlaví,"216,726",Ano,B,,"\""B\""mezi výh.1,2,3 -Nemanic.ul.",49° 00' 11.82990'' N,14° 28' 38.97136'' E,49.00329,14.47749
14.464235752526196,48.934927320143196,20106120256,České Budějovice (Jihočeský kraj),2012-03-28 19:55:00,komunikace místní,0,řidičem motorového vozidla,s řidičským oprávněním skupiny b,řidič nebyl ovlivněn,ne,dobrý -žádné nepříznivé okolnosti nebyly zjištěny,0,0,0,1,PEUGEOT,nedošlo k požáru,100,žádné z uvedených,osobní automobil bez přívěsu,2000,"soukromé, nevyužívané k výdělečné činnos",100,nebylo třeba užít násilí,nehoda pouze s hmotnou škodou,"nepřichází v úvahu, nejde o srážku jedou","nepř. rychlosti dopravně technickému stavu vozovky (zatáčka,klesání,stoupání,šířka apod.)","povrch suchý, neznečistěný",neztížené,dobré,na jízdním pruhu,žádná místní úprava,zatáčka,neurčeno,vozidlo jedoucí - na komunikaci bez stan,srážka s pevnou překážkou,"sloup - telefonní, veř.osvětlení, el.ved",živice,"dobrý, bez závad","ve dne, zhoršená viditelnost (svítání,so",dvoupruhová,světelným signalizačním zařízením,železniční přejezd zabezpečený,mimo křižovatku,ne,P1564,6.89082347986,"km 0,047 DÚ 0491 34 - Boršov nad Vltavou","1,872",Ne,C,,K samotám,48° 56' 05.54102'' N,14° 27' 51.12372'' E,48.93487,14.4642
14.485753689051023,48.980620173861894,20106120468,České Budějovice (Jihočeský kraj),2012-06-14 07:32:00,komunikace místní,0,řidičem motorového vozidla,s řidičským oprávněním skupiny b,řidič nebyl ovlivněn,ne,dobrý -žádné nepříznivé okolnosti nebyly zjištěny,0,0,0,2,MERCEDES,nedošlo k požáru,1700,"došlo k úniku pohonných hmot, oleje, chl","nákladní automobil (včetně multikáry, au",2007,"soukromá organizace (podnikatel, s.r.o.,",1000,nebylo třeba užít násilí,nehoda pouze s hmotnou škodou,z boku,jiné nedání přednosti,"povrch suchý, neznečistěný",neztížené,dobré,na jízdním pruhu,žádná místní úprava,přímý úsek po projetí zatáčkou (do vzdál,neurčeno,vozidlo jedoucí - na komunikaci bez stan,srážka s vlakem,"nepřichází v úvahu, nejde o srážku s pev",živice,podélný sklon vyšší než 8%,"ve dne, viditelnost nezhoršená vlivem po",žádná z uvedených,světelným signalizačním zařízením,železniční přejezd zabezpečený,mimo křižovatku,ne,P1125,60.013271322,"žst. Č.Budějovice-seř.n. - (kolej č. 102b, 906A, 906)","214,097",Ano,MK,,"\""A\"" Sfinx",48° 58' 50.05103'' N,14° 29' 11.65264'' E,48.98057,14.48657
14.472834742494232,48.94394722101184,20106120482,České Budějovice (Jihočeský kraj),2012-06-17 17:40:00,komunikace místní,0,řidičem motorového vozidla,s řidičským oprávněním skupiny b,řidič nebyl ovlivněn,ne,dobrý -žádné nepříznivé okolnosti nebyly zjištěny,0,1,0,2,FORD,nedošlo k požáru,10500,"došlo k úniku pohonných hmot, oleje, chl",osobní automobil bez přívěsu,2008,"soukromé, nevyužívané k výdělečné činnos",1500,použitím speciální vyprošťovací techniky,nehoda s následky na životě nebo zdraví,z boku,řidič se plně nevěnoval řízení vozidla,"povrch suchý, neznečistěný",neztížené,dobré,na jízdním pruhu,žádná místní úprava,přímý úsek po projetí zatáčkou (do vzdál,neurčeno,vozidlo jedoucí - na komunikaci bez stan,srážka s vlakem,"nepřichází v úvahu, nejde o srážku s pev",živice,"dobrý, bez závad","ve dne, viditelnost nezhoršená vlivem po",dvoupruhová,světelným signalizačním zařízením,železniční přejezd zabezpečený,mimo křižovatku,ne,P5580,3.11631800616,Včelná - odb. Roznov,"115,134",Ano,B,,Roudné,48° 56' 38.29709'' N,14° 28' 22.10895'' E,48.94397,14.47281
14.482855426684814,49.017822025373938,20106120522,Hrdějovice (Jihočeský kraj),2012-06-28 18:22:00,silnice 3.třídy,10576,řidičem motorového vozidla,s řidičským oprávněním skupiny b,oslněn sluncem,ne,dobrý -žádné nepříznivé okolnosti nebyly zjištěny,0,0,1,2,RENAULT,žádná z uvedených,1300,"došlo k úniku pohonných hmot, oleje, chl",osobní automobil bez přívěsu,2006,"soukromé, nevyužívané k výdělečné činnos",700,nebylo třeba užít násilí,nehoda s následky na životě nebo zdraví,z boku,jiné nedání přednosti,"povrch suchý, neznečistěný",neztížené,dobré,na jízdním pruhu,žádná místní úprava,přímý úsek,neurčeno,jedoucí - ve směru staničení na komunika,srážka s vlakem,"nepřichází v úvahu, nejde o srážku s pev",živice,"dobrý, bez závad","ve dne, viditelnost nezhoršená vlivem po",dvoupruhová,světelným signalizačním zařízením,železniční přejezd zabezpečený,mimo křižovatku,ne,P6094,15.4881817902,Nemanice I. - Hluboká n/Vlt Zámostí,"5,255",Ano,III.,10576,u hrnčírny,49° 01' 04.44559'' N,14° 28' 57.63430'' E,49.0179,14.48268
14.380039237169097,49.198719499061021,20106120597,Všemyslice (Jihočeský kraj),2012-07-20 11:10:00,silnice 3.třídy,12219,řidičem motorového vozidla,s řidičským oprávněním skupiny c,řidič nebyl ovlivněn,ne,dobrý -žádné nepříznivé okolnosti nebyly zjištěny,0,1,0,2,žádná z uvedených,žádná z uvedených,750,žádné z uvedených,traktor (i s přívěsem),2011,"soukromá organizace (podnikatel, s.r.o.,",200,nebylo třeba užít násilí,nehoda s následky na životě nebo zdraví,čelní,jiné nedání přednosti,"povrch suchý, neznečistěný",neztížené,dobré,na jízdním pruhu,přednost nevyznačena - vyplývá z pravide,přímý úsek po projetí zatáčkou (do vzdál,neurčeno,jedoucí - ve směru staničení na komunika,srážka s vlakem,"nepřichází v úvahu, nejde o srážku s pev",živice,"dobrý, bez závad","ve dne, viditelnost nezhoršená vlivem po",dvoupruhová,místní úprava (vyplní se pol. 24),železniční přejezd nezabezpečený,mimo křižovatku,ne,P1530,1.17047028953,Temelín - Týn nad Vltavou,"15,258",Ne,III.,12219,Do Bohunic,49° 11' 55.43074'' N,14° 22' 48.13172'' E,49.19873,14.38004
14.48079139879146,49.021212308959782,20106120654,Hrdějovice (Jihočeský kraj),2012-08-08 05:15:00,komunikace místní,0,řidičem motorového vozidla,s řidičským oprávněním skupiny b,řidič nebyl ovlivněn,ne,dobrý -žádné nepříznivé okolnosti nebyly zjištěny,0,0,1,2,FORD,nedošlo k požáru,1600,žádné z uvedených,osobní automobil bez přívěsu,1996,"soukromé, nevyužívané k výdělečné činnos",100,nebylo třeba užít násilí,nehoda s následky na životě nebo zdraví,z boku,jiné nedání přednosti,"povrch suchý, neznečistěný",neztížené,dobré,na jízdním pruhu,žádná místní úprava,přímý úsek,neurčeno,vozidlo jedoucí - na komunikaci bez stan,srážka s vlakem,"nepřichází v úvahu, nejde o srážku s pev",živice,"dobrý, bez závad","ve dne, zhoršená viditelnost (svítání,so",dvoupruhová,světelným signalizačním zařízením,železniční přejezd zabezpečený,mimo křižovatku,ne,P6095,34.1137289356,Nemanice I. - Hluboká n/Vlt Zámostí,"5,682",Ano,C,,k Těšínu,49° 01' 17.13986'' N,14° 28' 52.01448'' E,49.02143,14.48112
14.675377636997064,48.896207756856278,20106120744,Borovany (Jihočeský kraj),2012-09-09 13:00:00,silnice 3.třídy,15517,řidičem motorového vozidla,s řidičským oprávněním skupiny b,řidič nebyl ovlivněn,ne,dobrý -žádné nepříznivé okolnosti nebyly zjištěny,0,0,1,2,PEUGEOT,nedošlo k požáru,110,žádné z uvedených,moped,,"soukromé, nevyužívané k výdělečné činnos",50,nebylo třeba užít násilí,nehoda s následky na životě nebo zdraví,z boku,jiné nedání přednosti,"povrch suchý, neznečistěný",neztížené,dobré,na jízdním pruhu,přednost vyznačena přenosnými dopravními,přímý úsek,neurčeno,jedoucí - proti směru staničení na komun,srážka s vlakem,"nepřichází v úvahu, nejde o srážku s pev",živice,nesouvislé výtluky,"ve dne, viditelnost nezhoršená vlivem po",dvoupruhová,místní úprava (vyplní se pol. 24),železniční přejezd zabezpečený,mimo křižovatku,ne,P1106,2.04251159717,Jílovice - Borovany,"190,167",Ano,III.,15517,zastávka Hluboká u Borovan,48° 53' 46.36829'' N,14° 40' 31.27062'' E,48.89621,14.67535
14.472943526013504,48.990827636185664,20106120785,České Budějovice (Jihočeský kraj),2012-09-19 14:12:00,komunikace místní,0,řidičem motorového vozidla,s řidičským oprávněním skupiny b,řidič nebyl ovlivněn,ne,dobrý -žádné nepříznivé okolnosti nebyly zjištěny,0,2,0,3,CITROEN,nedošlo k požáru,1350,"došlo k úniku pohonných hmot, oleje, chl",osobní automobil bez přívěsu,2003,"soukromé, nevyužívané k výdělečné činnos",1000,nebylo třeba užít násilí,nehoda s následky na životě nebo zdraví,boční,při odbočování vlevo,"povrch suchý, neznečistěný",neztížené,dobré,na jízdním pruhu,přednost vyznačena dopravními značkami,křižovatka pěti a víceramenná,místní komunikace,vozidlo jedoucí - na komunikaci bez stan,srážka s jedoucím nekolejovým vozidlem,"nepřichází v úvahu, nejde o srážku s pev",živice,"dobrý, bez závad","ve dne, viditelnost nezhoršená vlivem po",dvoupruhová,místní úprava (vyplní se pol. 24),železniční přejezd nezabezpečený,"na křižovatce,jedná-li se o křížení siln",ne,P1128,908.918992985,,"216,168",ano,,,,48° 59' 54.058'' N,14° 28' 40.084'' E,48.99835,14.4778
14.245292496088648,48.619461933733959,20206120098,Loučovice (Jihočeský kraj),2012-05-05 10:30:00,komunikace místní,0,řidičem motorového vozidla,s řidičským oprávněním skupiny c,řidič nebyl ovlivněn,ne,dobrý -žádné nepříznivé okolnosti nebyly zjištěny,0,0,0,2,RENAULT,nedošlo k požáru,1010,"došlo k úniku pohonných hmot, oleje, chl",osobní automobil bez přívěsu,2012,"soukromé, nevyužívané k výdělečné činnos",1000,nebylo třeba užít násilí,nehoda pouze s hmotnou škodou,boční,jiný druh nesprávného způsobu jízdy,"povrch suchý, neznečistěný",neztížené,dobré,na jízdním pruhu,přednost vyznačena dopravními značkami,přímý úsek po projetí zatáčkou (do vzdál,neurčeno,vozidlo jedoucí - na komunikaci bez stan,srážka s vlakem,"nepřichází v úvahu, nejde o srážku s pev",živice,"dobrý, bez závad","ve dne, viditelnost nezhoršená vlivem po",dvoupruhová,místní úprava (vyplní se pol. 24),železniční přejezd nezabezpečený,mimo křižovatku,ne,P6133,17.2646484067,,"0,037",ne,,,,48° 37' 9.7'' N,14° 14' 43.83'' E,48.61936,14.24551
14.432295334880926,48.821555235526503,20206120149,Velešín (Jihočeský kraj),2012-06-28 15:05:00,silnice 3.třídy,15710,řidičem motorového vozidla,s řidičským oprávněním skupiny c,řidič nebyl ovlivněn,ne,dobrý -žádné nepříznivé okolnosti nebyly zjištěny,0,1,0,2,ŠKODA,nedošlo k požáru,6050,"došlo k úniku pohonných hmot, oleje, chl",osobní automobil bez přívěsu,2010,"soukromá organizace (podnikatel, s.r.o.,",3000,nebylo třeba užít násilí,nehoda s následky na životě nebo zdraví,boční,jiné nedání přednosti,"povrch suchý, neznečistěný",neztížené,dobré,na jízdním pruhu,žádná místní úprava,přímý úsek,neurčeno,jedoucí - proti směru staničení na komun,srážka s vlakem,"nepřichází v úvahu, nejde o srážku s pev",živice,"dobrý, bez závad","ve dne, viditelnost nezhoršená vlivem po",dvoupruhová,světelným signalizačním zařízením,železniční přejezd zabezpečený,mimo křižovatku,ne,P5566,10.0815676765,žst. Velešín,"94,08",Ano,III.,15710,žst.Velešín,48° 49' 17.37489'' N,14° 25' 55.93128'' E,48.82149,14.4322
14.828915675761213,49.203970595673312,20306120001,Pleše (Jihočeský kraj),2012-01-01 20:25:00,komunikace místní,0,řidičem motorového vozidla,s řidičským oprávněním skupiny c,řidič nebyl ovlivněn,ne,dobrý -žádné nepříznivé okolnosti nebyly zjištěny,0,0,0,1,RENAULT,nedošlo k požáru,400,"došlo k úniku pohonných hmot, oleje, chl",osobní automobil bez přívěsu,2008,"soukromé, nevyužívané k výdělečné činnos",300,nebylo třeba užít násilí,nehoda pouze s hmotnou škodou,"nepřichází v úvahu, nejde o srážku jedou",řidič se plně nevěnoval řízení vozidla,povrch mokrý,neztížené,dobré,na krajnici,přednost nevyznačena - vyplývá z pravide,křižovatka styková - tříramenná,místní komunikace,vozidlo jedoucí - na komunikaci bez stan,srážka s pevnou překážkou,"sloup - telefonní, veř.osvětlení, el.ved",živice,"dobrý, bez závad","v noci - bez veřejného osvětlení,viditel",žádná z uvedených,místní úprava (vyplní se pol. 24),železniční přejezd zabezpečený,"na křižovatce,jedná-li se o křížení siln",ne,P6145,2.44306482926,Doňov - Kardašova Řečice,"9,867",Ano,MK,,Fejralka,49° 12' 14.35166'' N,14° 49' 44.05184'' E,49.20399,14.8289