X,Y,id,obec,datum,komunikace,komunika_1,zavineni,ridic_kate,ridic_ovli,vinik_alko,ridic_stav,obeti_usmr,obeti_lehc,obeti_tezc,vozidel_ce,vinik_vozi,vinik_vo_1,skoda,unik_hmot,vinik_vo_2,vinik_vo_3,vinik_vo_4,vinik_skod,vyprosteni,nehoda_cha,srazka_voz,hlavni_pri,povrch_sta,meteo,rozhled,nehoda_pol,prednost_v,smerove_po,druh_krizu,smer_jizdy,nehoda_dru,pevna_prek,povrch_dru,komunika_2,viditelnos,komunika_3,rizeni_pro,objekty,misto_neho,smyk,neighbors_TargetID,neighbors_Distance,neighbors_prejezdy-dec_Název definičního úseku,neighbors_prejezdy-dec_Žkm přejezdu,neighbors_prejezdy-dec_Přejezd s trolejovým vedením,neighbors_prejezdy-dec_Třída pozemní komunikace,neighbors_prejezdy-dec_Číslo pozemní komunikace,neighbors_prejezdy-dec_Místní název přejezdu,neighbors_prejezdy-dec_Zeměpisná šířka,neighbors_prejezdy-dec_Zeměpisná délka,neighbors_prejezdy-dec_field_10,neighbors_prejezdy-dec_field_11
15.031078479136401,49.183727971089823,20306120016,Rodvínov (Jihočeský kraj),2012-01-17 15:01:00,komunikace místní,0,řidičem motorového vozidla,s řidičským oprávněním skupiny c,řidič nebyl ovlivněn,ne,dobrý -žádné nepříznivé okolnosti nebyly zjištěny,0,1,0,2,MITSUBISHI,nedošlo k požáru,1100,žádné z uvedených,osobní automobil bez přívěsu,1993,"soukromé, nevyužívané k výdělečné činnos",600,použitím páčidel apod.,nehoda s následky na životě nebo zdraví,z boku,jiné nedání přednosti,"na vozovce je náledí, ujetý sníh - nepos",sněžení,"špatné vlivem trvalé vegetace (stromy,ke",na jízdním pruhu,žádná místní úprava,přímý úsek po projetí zatáčkou (do vzdál,neurčeno,vozidlo jedoucí - na komunikaci bez stan,srážka s vlakem,"nepřichází v úvahu, nejde o srážku s pev",živice,"dobrý, bez závad","ve dne, viditelnost nezhoršená vlivem po",žádná z uvedených,žádný způsob řízení provozu,železniční přejezd nezabezpečený,mimo křižovatku,ne,P6165,2229.50637949,žst. Jindřichův Hradec - žst. J.Hradec stav.4 (Dol.Skrýchov),"28,788",Ano,O,,st.4 J.Hradec-Dolní Skrýchov,49° 09' 52.75738'' N,15° 01' 18.03747'' E,49.16465,15.02168
14.858364463717107,49.186840709034968,20306120020,Kardašova Řečice (Jihočeský kraj),2012-01-19 07:00:00,silnice 3.třídy,12843,řidičem motorového vozidla,s řidičským oprávněním skupiny d,řidič nebyl ovlivněn,ne,dobrý -žádné nepříznivé okolnosti nebyly zjištěny,0,0,0,1,KAROSA,nedošlo k požáru,330,žádné z uvedených,autobus,1990,"soukromá organizace (podnikatel, s.r.o.,",30,nebylo třeba užít násilí,nehoda pouze s hmotnou škodou,"nepřichází v úvahu, nejde o srážku jedou","nepř. rychlosti stavu vozovky (náledí, výtluky, bláto, mokrý povrch apod.)","na vozovce je náledí, ujetý sníh - nepos",sněžení,dobré,na jízdním pruhu,přednost nevyznačena - vyplývá z pravide,přímý úsek,neurčeno,jedoucí - proti směru staničení na komun,srážka s pevnou překážkou,závory železničního přejezdu,živice,"dobrý, bez závad","ve dne, zhoršená viditelnost vlivem pově",dvoupruhová,žádný způsob řízení provozu,železniční přejezd zabezpečený,mimo křižovatku,ne,P6148,3.47625157362,žst. Kardašova Řečice,"13,191",Ano,III.,12843,žst.K.Řečice,49° 11' 12.67596'' N,14° 51' 30.27757'' E,49.18685,14.85841
14.879854347743819,48.891637681461155,20306120122,Suchdol nad Lužnicí (Jihočeský kraj),2012-04-26 07:10:00,komunikace místní,0,řidičem motorového vozidla,s řidičským oprávněním skupiny b,řidič nebyl ovlivněn,nezjišťováno,dobrý -žádné nepříznivé okolnosti nebyly zjištěny,1,0,0,2,CITROEN,nedošlo k požáru,1900,žádné z uvedených,osobní automobil bez přívěsu,1995,"soukromé, nevyužívané k výdělečné činnos",400,použitím speciální vyprošťovací techniky,nehoda s následky na životě nebo zdraví,z boku,jiné nedání přednosti,"povrch suchý, neznečistěný",neztížené,"špatné vlivem okolní zástavby (budovy,pl",na jízdním pruhu,žádná místní úprava,přímý úsek,neurčeno,vozidlo jedoucí - na komunikaci bez stan,srážka s vlakem,"nepřichází v úvahu, nejde o srážku s pev",živice,"dobrý, bez závad","ve dne, viditelnost nezhoršená vlivem po",dvoupruhová,světelným signalizačním zařízením,železniční přejezd zabezpečený,mimo křižovatku,ne,P5598,2.06489965409,Nová Ves n/Lužnicí - Suchdol n/Lužnicí,"15,782",Ne,C,,zast.Suchdol n/L.,48° 53' 29.85188'' N,14° 52' 47.57386'' E,48.89163,14.87988
15.439288304924048,49.084658297579445,20306120247,Dačice (Jihočeský kraj),2012-07-13 07:47:00,komunikace místní,0,řidičem motorového vozidla,s řidičským oprávněním skupiny b,řidič nebyl ovlivněn,ne,dobrý -žádné nepříznivé okolnosti nebyly zjištěny,0,0,1,2,ŠKODA,nedošlo k požáru,1450,"došlo k úniku pohonných hmot, oleje, chl",osobní automobil bez přívěsu,1992,"soukromé, nevyužívané k výdělečné činnos",150,nebylo třeba užít násilí,nehoda s následky na životě nebo zdraví,z boku,proti příkazu dopravní značky STŮJ DEJ PŘEDNOST,povrch mokrý,"na počátku deště, slabý déšť",dobré,na jízdním pruhu,přednost vyznačena dopravními značkami,zatáčka,neurčeno,vozidlo jedoucí - na komunikaci bez stan,srážka s vlakem,"nepřichází v úvahu, nejde o srážku s pev",živice,"dobrý, bez závad","ve dne, zhoršená viditelnost vlivem pově",dvoupruhová,místní úprava (vyplní se pol. 24),železniční přejezd nezabezpečený,mimo křižovatku,ne,P6462,6.67235889944,JEDNOTA - Dačice,"54,303",Ne,A,,,49° 05' 04.56088'' N,15° 26' 21.51509'' E,49.0846,15.43931
14.858379425093032,49.186845238131475,20306120280,Kardašova Řečice (Jihočeský kraj),2012-07-31 05:55:00,silnice 3.třídy,12843,řidičem motorového vozidla,s řidičským oprávněním skupiny b,řidič nebyl ovlivněn,ne,dobrý -žádné nepříznivé okolnosti nebyly zjištěny,0,0,0,1,MAN,žádná z uvedených,100,žádné z uvedených,nákladní automobil s přívěsem,,registrované mimo území ČR,0,nebylo třeba užít násilí,nehoda pouze s hmotnou škodou,"nepřichází v úvahu, nejde o srážku jedou",řidič se plně nevěnoval řízení vozidla,"povrch suchý, neznečistěný",neztížené,dobré,na jízdním pruhu,přednost vyznačena dopravními značkami,přímý úsek,neurčeno,jedoucí - ve směru staničení na komunika,srážka s pevnou překážkou,závory železničního přejezdu,živice,"dobrý, bez závad","ve dne, viditelnost nezhoršená vlivem po",dvoupruhová,místní úprava (vyplní se pol. 24),železniční přejezd zabezpečený,mimo křižovatku,ne,P6148,2.29052168501,žst. Kardašova Řečice,"13,191",Ano,III.,12843,žst.K.Řečice,49° 11' 12.67596'' N,14° 51' 30.27757'' E,49.18685,14.85841
15.052852709486439,49.148933920118552,20306120283,Rodvínov (Jihočeský kraj),2012-08-08 19:45:00,komunikace místní,0,řidičem motorového vozidla,s řidičským oprávněním skupiny a,řidič nebyl ovlivněn,ne,dobrý -žádné nepříznivé okolnosti nebyly zjištěny,0,0,0,2,SIMSON,žádná z uvedených,510,žádné z uvedených,malý motocykl (do 50 ccm),1983,"soukromé, nevyužívané k výdělečné činnos",10,nebylo třeba užít násilí,nehoda pouze s hmotnou škodou,z boku,jiné nedání přednosti,"povrch suchý, neznečistěný",neztížené,dobré,na jízdním pruhu,přednost nevyznačena - vyplývá z pravide,přímý úsek,neurčeno,vozidlo jedoucí - na komunikaci bez stan,srážka s vlakem,"nepřichází v úvahu, nejde o srážku s pev",živice,"dobrý, bez závad","ve dne, viditelnost nezhoršená vlivem po",žádná z uvedených,žádný způsob řízení provozu,železniční přejezd nezabezpečený,mimo křižovatku,ne,P6167,1979.72463627,Jindřichův Hradec stav.5 (Kanclov) - Jarošov n/Nežárkou,"29,783",Ano,O,,,49° 09' 41.76589'' N,15° 02' 01.61831'' E,49.1616,15.03378
15.034462627718945,49.155689309503778,20306120293,Jindřichův Hradec (Jihočeský kraj),2012-08-08 10:05:00,komunikace místní,0,řidičem motorového vozidla,s řidičským oprávněním skupiny b,řidič nebyl ovlivněn,ne,dobrý -žádné nepříznivé okolnosti nebyly zjištěny,0,0,0,2,FORD,nedošlo k požáru,550,"došlo k úniku pohonných hmot, oleje, chl",osobní automobil bez přívěsu,1991,"soukromé, nevyužívané k výdělečné činnos",50,nebylo třeba užít násilí,nehoda pouze s hmotnou škodou,z boku,jiné nedání přednosti,"povrch suchý, neznečistěný",neztížené,"špatné vlivem okolní zástavby (budovy,pl",na jízdním pruhu,přednost nevyznačena - vyplývá z pravide,přímý úsek,neurčeno,vozidlo jedoucí - na komunikaci bez stan,srážka s vlakem,"nepřichází v úvahu, nejde o srážku s pev",štěrk,"dobrý, bez závad","ve dne, viditelnost nezhoršená vlivem po",žádná z uvedených,místní úprava (vyplní se pol. 24),železniční přejezd nezabezpečený,mimo křižovatku,ne,P6167,659.188065094,Jindřichův Hradec stav.5 (Kanclov) - Jarošov n/Nežárkou,"29,783",Ano,O,,,49° 09' 41.76589'' N,15° 02' 01.61831'' E,49.1616,15.03378
14.795840582080757,49.207835828609134,20306120349,Záhoří (Jihočeský kraj),2012-09-13 08:40:00,silnice 1.třídy,23,řidičem motorového vozidla,s řidičským oprávněním skupiny b,řidič nebyl ovlivněn,ne,dobrý -žádné nepříznivé okolnosti nebyly zjištěny,0,1,0,2,PEUGEOT,žádná z uvedených,1250,žádné z uvedených,osobní automobil bez přívěsu,1998,"soukromé, nevyužívané k výdělečné činnos",400,nebylo třeba užít násilí,nehoda s následky na životě nebo zdraví,boční,"předj. v místech, kde je zakázáno dopr.značkou",povrch mokrý,déšť,dobré,mimo komunikaci,žádná místní úprava,přímý úsek,neurčeno,jedoucí - proti směru staničení na komun,srážka s jedoucím nekolejovým vozidlem,"nepřichází v úvahu, nejde o srážku s pev",živice,"dobrý, bez závad","ve dne, viditelnost nezhoršená vlivem po",dvoupruhová,žádný způsob řízení provozu,železniční přejezd zabezpečený,mimo křižovatku,ano,P6141,29.5726425121,Veselí n/ Lužnicí - Doňov,"7,383",Ano,I.,23,před žst.Doňov,49° 12' 27.68403'' N,14° 47' 46.23811'' E,49.20769,14.79618
14.873893997754758,49.175446174824749,20306120354,Kardašova Řečice (Jihočeský kraj),2012-09-16 06:35:00,silnice 1.třídy,23,řidičem motorového vozidla,nezjištěno,jiné ovlivnění,nezjišťováno,jiný nepříznivý stav,0,0,0,1,žádná z uvedených,žádná z uvedených,60,žádné z uvedených,"nezjištěno, řidič ujel",,žádná z uvedených,0,žádná z uvedených,nehoda pouze s hmotnou škodou,"nepřichází v úvahu, nejde o srážku jedou",řidič se plně nevěnoval řízení vozidla,"povrch suchý, neznečistěný",neztížené,dobré,na jízdním pruhu,žádná místní úprava,přímý úsek,neurčeno,žádná z uvedených,srážka s pevnou překážkou,závory železničního přejezdu,živice,"dobrý, bez závad","ve dne, viditelnost nezhoršená vlivem po",dvoupruhová,žádný způsob řízení provozu,železniční přejezd zabezpečený,mimo křižovatku,ne,P6151,20.7673309596,Kardašova Řečice - Velký Ratmírov,"15,014",Ano,I.,23,"\""15\""",49° 10' 31.43340'' N,14° 52' 27.01543'' E,49.1754,14.87417
15.094694893502163,49.140174444970008,20306120356,Blažejov (Jihočeský kraj),2012-09-16 15:35:00,silnice 3.třídy,1347,řidičem motorového vozidla,s řidičským oprávněním skupiny b,řidič nebyl ovlivněn,ne,dobrý -žádné nepříznivé okolnosti nebyly zjištěny,0,0,0,2,PEUGEOT,nedošlo k požáru,300,žádné z uvedených,osobní automobil bez přívěsu,2004,"soukromé, nevyužívané k výdělečné činnos",150,nebylo třeba užít násilí,nehoda pouze s hmotnou škodou,z boku,proti příkazu dopravní značky STŮJ DEJ PŘEDNOST,"povrch suchý, neznečistěný",neztížené,dobré,na jízdním pruhu,přednost vyznačena dopravními značkami,přímý úsek,neurčeno,jedoucí - ve směru staničení na komunika,srážka s vlakem,"nepřichází v úvahu, nejde o srážku s pev",živice,"dobrý, bez závad","ve dne, viditelnost nezhoršená vlivem po",žádná z uvedených,místní úprava (vyplní se pol. 24),železniční přejezd nezabezpečený,mimo křižovatku,ne,P6169,4273.66858146,Jindřichův Hradec stav.5 (Kanclov) - Jarošov n/Nežárkou,"31,807",Ano,O,,,49° 10' 08.47666'' N,15° 03' 21.52455'' E,49.16902,15.05598
14.129396300644126,49.31673880684945,20506120004,Písek (Jihočeský kraj),2012-01-01 12:53:00,komunikace místní,0,řidičem motorového vozidla,s řidičským oprávněním skupiny c,řidič nebyl ovlivněn,ne,dobrý -žádné nepříznivé okolnosti nebyly zjištěny,0,0,0,2,MITSUBISHI,nedošlo k požáru,300,žádné z uvedených,"nákladní automobil (včetně multikáry, au",2006,"soukromá organizace (podnikatel, s.r.o.,",200,nebylo třeba užít násilí,nehoda pouze s hmotnou škodou,z boku,jiné nedání přednosti,povrch mokrý,neztížené,dobré,na jízdním pruhu,žádná místní úprava,přímý úsek,neurčeno,vozidlo jedoucí - na komunikaci bez stan,srážka s vlakem,"nepřichází v úvahu, nejde o srážku s pev",živice,"dobrý, bez závad","ve dne, viditelnost nezhoršená vlivem po",dvoupruhová,žádný způsob řízení provozu,železniční přejezd zabezpečený,mimo křižovatku,ne,P486,3.50609769992,Písek - Čížová,"15,221",Ne,O,,,49° 19' 00.21182'' N,14° 07' 45.67475'' E,49.31673,14.12935
14.108204295805018,49.416496801118456,20506120047,Ostrovec (Jihočeský kraj),2012-02-15 08:50:00,silnice 3.třídy,12110,řidičem motorového vozidla,s řidičským oprávněním skupiny b,řidič nebyl ovlivněn,ne,dobrý -žádné nepříznivé okolnosti nebyly zjištěny,0,0,0,2,ŠKODA,nedošlo k požáru,250,"došlo k úniku pohonných hmot, oleje, chl",osobní automobil bez přívěsu,2004,"soukromá organizace (podnikatel, s.r.o.,",200,nebylo třeba užít násilí,nehoda pouze s hmotnou škodou,z boku,"nepř. rychlosti stavu vozovky (náledí, výtluky, bláto, mokrý povrch apod.)","na vozovce je náledí, ujetý sníh - nepos",sněžení,dobré,mimo komunikaci,žádná místní úprava,přímý úsek,neurčeno,jedoucí - ve směru staničení na komunika,srážka s vlakem,"nepřichází v úvahu, nejde o srážku s pev",živice,"dobrý, bez závad","ve dne, viditelnost nezhoršená vlivem po",dvoupruhová,žádný způsob řízení provozu,železniční přejezd zabezpečený,mimo křižovatku,ano,P499,6.58820499007,Vráž u Písku - Čimelice,"31,105",Ne,III.,12110,,49° 24' 59.22767'' N,14° 06' 29.72726'' E,49.41645,14.10826
14.222573884082987,49.19666114533841,20506120064,Protivín (Jihočeský kraj),2012-02-27 08:00:00,silnice 3.třídy,1415,řidičem motorového vozidla,s řidičským oprávněním skupiny b,řidič nebyl ovlivněn,ne,dobrý -žádné nepříznivé okolnosti nebyly zjištěny,1,1,0,2,IVECO,došlo k požáru,10150,"došlo k úniku pohonných hmot, oleje, chl","nákladní automobil (včetně multikáry, au",1999,"soukromá organizace (podnikatel, s.r.o.,",1000,použitím speciální vyprošťovací techniky,nehoda s následky na životě nebo zdraví,z boku,jiné nedání přednosti,povrch mokrý,neztížené,dobré,na jízdním pruhu,žádná místní úprava,zatáčka,neurčeno,jedoucí - proti směru staničení na komun,srážka s vlakem,"nepřichází v úvahu, nejde o srážku s pev",živice,"dobrý, bez závad","ve dne, viditelnost nezhoršená vlivem po",dvoupruhová,světelným signalizačním zařízením,železniční přejezd zabezpečený,mimo křižovatku,ne,P1148,9.89295928237,Číčenice - Protivín,"247,813",Ano,III.,1415,U zastávky,49° 11' 48.29956'' N,14° 13' 21.29419'' E,49.19675,14.22258
14.136515938135926,49.301866733156075,20506120117,Písek (Jihočeský kraj),2012-05-21 11:13:00,silnice 3.třídy,1401,řidičem motorového vozidla,nezjištěno,jiné ovlivnění,nezjišťováno,jiný nepříznivý stav,0,0,0,1,žádná z uvedených,žádná z uvedených,50,žádné z uvedených,"nezjištěno, řidič ujel",,žádná z uvedených,0,žádná z uvedených,nehoda pouze s hmotnou škodou,"nepřichází v úvahu, nejde o srážku jedou",jiné nedání přednosti,"povrch suchý, neznečistěný",neztížené,dobré,na jízdním pruhu,přednost vyznačena přenosnými dopravními,přímý úsek,neurčeno,žádná z uvedených,srážka s pevnou překážkou,závory železničního přejezdu,živice,"dobrý, bez závad","ve dne, viditelnost nezhoršená vlivem po",dvoupruhová,místní úprava (vyplní se pol. 24),železniční přejezd zabezpečený,mimo křižovatku,ne,P485,9.58984961252,Písek - Čížová,"13,281",Ano,III.,1401,,49° 18' 06.86094'' N,14° 08' 11.87203'' E,49.30191,14.13663
13.835119833067827,49.110314896000823,20606120099,Čkyně (Jihočeský kraj),2012-05-19 19:47:00,silnice 3.třídy,14415,řidičem motorového vozidla,s řidičským oprávněním skupiny c,řidič nebyl ovlivněn,ne,dobrý -žádné nepříznivé okolnosti nebyly zjištěny,1,0,0,2,BMW,došlo k požáru,1500,žádné z uvedených,"motocykl (včetně sidecarů, skútrů apod.)",2004,"soukromé, nevyužívané k výdělečné činnos",950,nebylo třeba užít násilí,nehoda s následky na životě nebo zdraví,boční,jiné nedání přednosti,"povrch suchý, neznečistěný",neztížené,dobré,na kolejích tramvaje,žádná místní úprava,přímý úsek,neurčeno,jedoucí - ve směru staničení na komunika,srážka s vlakem,"nepřichází v úvahu, nejde o srážku s pev",živice,"dobrý, bez závad","v noci - bez veřejného osvětlení,viditel",dvoupruhová,žádný způsob řízení provozu,železniční přejezd nezabezpečený,mimo křižovatku,ne,P984,10.9709235379,MOTOTECHNA Volyně - Čkyně,"22,66",Ne,III.,14415,Hradčanský,49° 06' 37.46182'' N,13° 50' 06.27968'' E,49.11041,13.83508
13.835041831520707,49.110402895828059,20606120198,Čkyně (Jihočeský kraj),2012-09-12 07:10:00,silnice 3.třídy,14415,řidičem motorového vozidla,s řidičským oprávněním skupiny c,řidič nebyl ovlivněn,ne,dobrý -žádné nepříznivé okolnosti nebyly zjištěny,0,0,0,2,ŠKODA,žádná z uvedených,900,"došlo k úniku pohonných hmot, oleje, chl",osobní automobil bez přívěsu,1995,"soukromé, nevyužívané k výdělečné činnos",100,nebylo třeba užít násilí,nehoda pouze s hmotnou škodou,z boku,proti příkazu dopravní značky DEJ PŘEDNOST,povrch mokrý,déšť,dobré,na jízdním pruhu,přednost vyznačena dopravními značkami,přímý úsek,neurčeno,jedoucí - ve směru staničení na komunika,srážka s vlakem,"nepřichází v úvahu, nejde o srážku s pev",živice,"dobrý, bez závad","ve dne, viditelnost nezhoršená vlivem po",dvoupruhová,místní úprava (vyplní se pol. 24),železniční přejezd nezabezpečený,mimo křižovatku,ne,P984,2.89619513439,MOTOTECHNA Volyně - Čkyně,"22,66",Ne,III.,14415,Hradčanský,49° 06' 37.46182'' N,13° 50' 06.27968'' E,49.11041,13.83508
13.800646729640286,49.288861701923899,20706120088,Horní Poříčí (Jihočeský kraj),2012-05-26 16:00:00,silnice 1.třídy,22,řidičem motorového vozidla,s řidičským oprávněním skupiny b,řidič nebyl ovlivněn,ne,dobrý -žádné nepříznivé okolnosti nebyly zjištěny,0,1,0,2,MAZDA,nedošlo k požáru,600,žádné z uvedených,osobní automobil bez přívěsu,1995,"soukromé, nevyužívané k výdělečné činnos",100,nebylo třeba užít násilí,nehoda s následky na životě nebo zdraví,z boku,předjíždění vlevo vozidla odbočujícího vlevo,"povrch suchý, neznečistěný",neztížené,dobré,na jízdním pruhu,přednost vyznačena dopravními značkami,křižovatka styková - tříramenná,silnice 3.třídy,zachycuje směr jízdy křižovatkou,srážka s jedoucím nekolejovým vozidlem,"nepřichází v úvahu, nejde o srážku s pev",živice,"dobrý, bez závad","ve dne, viditelnost nezhoršená vlivem po",dvoupruhová,místní úprava (vyplní se pol. 24),železniční přejezd zabezpečený,"na křižovatce, uvnitř hranic křižovatky",ano,P1173,8.34116407774,Katovice - Střelské Hoštice,"282,865",Ano,I.,22,Na Poříčí,49° 17' 19.86942'' N,13° 48' 02.72979'' E,49.28885,13.80076
14.705807649529046,49.181077750908528,20806120059,Veselí nad Lužnicí (Jihočeský kraj),2012-02-20 16:40:00,silnice 3.třídy,352,řidičem motorového vozidla,s řidičským oprávněním skupiny b,řidič nebyl ovlivněn,ne,dobrý -žádné nepříznivé okolnosti nebyly zjištěny,0,1,0,2,ŠKODA,nedošlo k požáru,700,žádné z uvedených,osobní automobil bez přívěsu,1995,"soukromé, nevyužívané k výdělečné činnos",200,nebylo třeba užít násilí,nehoda s následky na životě nebo zdraví,z boku,jiné nedání přednosti,"povrch suchý, neznečistěný",neztížené,dobré,na jízdním pruhu,žádná místní úprava,přímý úsek,neurčeno,jedoucí - ve směru staničení na komunika,srážka s vlakem,"nepřichází v úvahu, nejde o srážku s pev",živice,"dobrý, bez závad","ve dne, viditelnost nezhoršená vlivem po",dvoupruhová,světelným signalizačním zařízením,železniční přejezd nezabezpečený,mimo křižovatku,ne,P6102,1994.07123471,Horusice - Veselí n/Lužnicí,"34,022",Ano,III.,147717,velký Horusický,49° 10' 20.77590'' N,14° 40' 54.61456'' E,49.17244,14.68184
14.494846434936997,49.447407042326383,20806120067,Jistebnice (Jihočeský kraj),2012-03-03 13:25:00,silnice 2.třídy,122,řidičem motorového vozidla,s řidičským oprávněním skupiny c,řidič nebyl ovlivněn,ne,dobrý -žádné nepříznivé okolnosti nebyly zjištěny,0,0,0,1,žádná z uvedených,žádná z uvedených,160,žádné z uvedených,traktor (i s přívěsem),2008,"soukromé, využívané k výdělečné činnosti",10,nebylo třeba užít násilí,nehoda pouze s hmotnou škodou,"nepřichází v úvahu, nejde o srážku jedou",řidič se plně nevěnoval řízení vozidla,"povrch suchý, neznečistěný",neztížené,dobré,na jízdním pruhu,přednost vyznačena dopravními značkami,přímý úsek po projetí zatáčkou (do vzdál,neurčeno,jedoucí - proti směru staničení na komun,srážka s pevnou překážkou,závory železničního přejezdu,živice,"dobrý, bez závad","ve dne, viditelnost nezhoršená vlivem po",dvoupruhová,místní úprava (vyplní se pol. 24),železniční přejezd zabezpečený,mimo křižovatku,ne,P6248,27.0386026267,žst. Božejovice,"16,707",Ne,II.,122,Božejovice,49° 26' 51.55041'' N,14° 29' 41.51152'' E,49.44765,14.49486
14.717343151435285,49.20272150626932,20806120085,Veselí nad Lužnicí (Jihočeský kraj),2012-03-28 08:10:00,komunikace místní,0,řidičem motorového vozidla,s řidičským oprávněním skupiny d,řidič nebyl ovlivněn,ne,dobrý -žádné nepříznivé okolnosti nebyly zjištěny,0,0,0,2,MAN,nedošlo k požáru,5300,žádné z uvedených,nákladní automobil s návěsem,2004,"soukromá organizace (podnikatel, s.r.o.,",0,nebylo třeba užít násilí,nehoda pouze s hmotnou škodou,z boku,proti příkazu dopravní značky STŮJ DEJ PŘEDNOST,"povrch suchý, neznečistěný",neztížené,dobré,na jízdním pruhu,přednost vyznačena dopravními značkami,přímý úsek,neurčeno,vozidlo jedoucí - na komunikaci bez stan,srážka s vlakem,"nepřichází v úvahu, nejde o srážku s pev",živice,"dobrý, bez závad","ve dne, viditelnost nezhoršená vlivem po",dvoupruhová,místní úprava (vyplní se pol. 24),železniční přejezd zabezpečený,mimo křižovatku,ne,P6136,1323.04245992,Veselí n/ Lužnicí - Doňov,"2,218",Ano,MK,,"býv.str,stan.2a",49° 12' 28.03880'' N,14° 44' 01.57630'' E,49.20779,14.73377
14.724383257285027,49.224737553238192,20806120152,Řípec (Jihočeský kraj),2012-06-13 16:10:00,silnice 1.třídy,23,řidičem motorového vozidla,nezjištěno,jiné ovlivnění,nezjišťováno,jiný nepříznivý stav,0,0,0,1,žádná z uvedených,žádná z uvedených,30,žádné z uvedených,"nezjištěno, řidič ujel",,žádná z uvedených,0,žádná z uvedených,nehoda pouze s hmotnou škodou,"nepřichází v úvahu, nejde o srážku jedou",jiný druh nesprávného způsobu jízdy,povrch mokrý,déšť,dobré,na jízdním pruhu,žádná místní úprava,přímý úsek,neurčeno,žádná z uvedených,srážka s pevnou překážkou,"odrazník, patník, sloupek, dopr.značky a",živice,"dobrý, bez závad","ve dne, zhoršená viditelnost vlivem pově",dvoupruhová,žádný způsob řízení provozu,železniční přejezd zabezpečený,mimo křižovatku,ne,P5637,7.90646070735,Veselí n/Lužnicí - Soběslav,"58,76",Ano,I.,23,zastávka Řípec,49° 13' 29.23731'' N,14° 43' 27.52600'' E,49.22479,14.72431
14.724389259601232,49.224805564113616,20806120203,Řípec (Jihočeský kraj),2012-07-24 04:55:00,silnice 1.třídy,23,řidičem motorového vozidla,nezjištěno,jiné ovlivnění,nezjišťováno,jiný nepříznivý stav,0,0,0,1,žádná z uvedených,žádná z uvedených,100,žádné z uvedených,"nezjištěno, řidič ujel",,žádná z uvedených,0,žádná z uvedených,nehoda pouze s hmotnou škodou,"nepřichází v úvahu, nejde o srážku jedou",řidič se plně nevěnoval řízení vozidla,"povrch suchý, neznečistěný",neztížené,dobré,na jízdním pruhu,žádná místní úprava,přímý úsek,neurčeno,žádná z uvedených,srážka s pevnou překážkou,závory železničního přejezdu,živice,"dobrý, bez závad","ve dne, viditelnost nezhoršená vlivem po",dvoupruhová,světelným signalizačním zařízením,železniční přejezd zabezpečený,mimo křižovatku,ne,P5637,6.02714292849,Veselí n/Lužnicí - Soběslav,"58,76",Ano,I.,23,zastávka Řípec,49° 13' 29.23731'' N,14° 43' 27.52600'' E,49.22479,14.72431
14.643064182003107,49.395546479867676,20806120245,Tábor (Jihočeský kraj),2012-08-31 13:30:00,silnice 3.třídy,1372,řidičem motorového vozidla,s řidičským oprávněním skupiny c,řidič nebyl ovlivněn,ne,dobrý -žádné nepříznivé okolnosti nebyly zjištěny,0,1,0,2,ŠKODA,nedošlo k požáru,1580,"došlo k úniku pohonných hmot, oleje, chl",osobní automobil bez přívěsu,2008,"soukromá organizace (podnikatel, s.r.o.,",1000,nebylo třeba užít násilí,nehoda s následky na životě nebo zdraví,z boku,proti příkazu dopravní značky DEJ PŘEDNOST,povrch mokrý,"na počátku deště, slabý déšť",dobré,na jízdním pruhu,přednost vyznačena dopravními značkami,přímý úsek,neurčeno,jedoucí - ve směru staničení na komunika,srážka s vlakem,"nepřichází v úvahu, nejde o srážku s pev",živice,"dobrý, bez závad","ve dne, viditelnost nezhoršená vlivem po",dvoupruhová,místní úprava (vyplní se pol. 24),železniční přejezd nezabezpečený,mimo křižovatku,ne,P6300,3.69351795411,Tábor - Slapy,"4,26",Ano,III.,1372,zast.Horky,49° 23' 43.91355'' N,14° 38' 34.87361'' E,49.39553,14.64302
13.100798809751934,49.594437126991167,30106120092,Holýšov (Plzeňský kraj),2012-03-24 03:30:00,silnice 1.třídy,26,řidičem motorového vozidla,s řidičským oprávněním skupiny b,řidič nebyl ovlivněn,ne,"unaven, usnul, náhlá fyzická indispozice",0,0,0,1,CITROEN,nedošlo k požáru,3300,"došlo k úniku pohonných hmot, oleje, chl",osobní automobil bez přívěsu,2002,"soukromé, nevyužívané k výdělečné činnos",800,nebylo třeba užít násilí,nehoda pouze s hmotnou škodou,"nepřichází v úvahu, nejde o srážku jedou",nezvládnutí řízení vozidla,povrch mokrý,mlha,dobré,mimo komunikaci,žádná místní úprava,přímý úsek,neurčeno,jedoucí - ve směru staničení na komunika,srážka s pevnou překážkou,závory železničního přejezdu,živice,"dobrý, bez závad","v noci - s veřejným osvětlením, zhoršená",dvoupruhová,žádný způsob řízení provozu,železniční přejezd zabezpečený,mimo křižovatku,ne,P616,6.94450538704,Holýšov - Staňkov,"142,861",Ne,I.,26,I.tř. č.26 Plzeň-Domažlice,49° 35' 39.76647'' N,13° 06' 02.73558'' E,49.59438,13.10076