X,Y,id,obec,datum,komunikace,komunika_1,zavineni,ridic_kate,ridic_ovli,vinik_alko,ridic_stav,obeti_usmr,obeti_lehc,obeti_tezc,vozidel_ce,vinik_vozi,vinik_vo_1,skoda,unik_hmot,vinik_vo_2,vinik_vo_3,vinik_vo_4,vinik_skod,vyprosteni,nehoda_cha,srazka_voz,hlavni_pri,povrch_sta,meteo,rozhled,nehoda_pol,prednost_v,smerove_po,druh_krizu,smer_jizdy,nehoda_dru,pevna_prek,povrch_dru,komunika_2,viditelnos,komunika_3,rizeni_pro,objekty,misto_neho,smyk,neighbors_TargetID,neighbors_Distance,neighbors_prejezdy-dec_Název definičního úseku,neighbors_prejezdy-dec_Žkm přejezdu,neighbors_prejezdy-dec_Přejezd s trolejovým vedením,neighbors_prejezdy-dec_Třída pozemní komunikace,neighbors_prejezdy-dec_Číslo pozemní komunikace,neighbors_prejezdy-dec_Místní název přejezdu,neighbors_prejezdy-dec_Zeměpisná šířka,neighbors_prejezdy-dec_Zeměpisná délka,neighbors_prejezdy-dec_field_10,neighbors_prejezdy-dec_field_11
13.100738564475405,49.594393432036824,30106120095,Holýšov (Plzeňský kraj),2012-03-26 23:59:00,silnice 1.třídy,26,řidičem motorového vozidla,nezjištěno,jiné ovlivnění,nezjišťováno,jiný nepříznivý stav,0,0,0,1,žádná z uvedených,žádná z uvedených,150,žádné z uvedených,"nezjištěno, řidič ujel",,žádná z uvedených,0,žádná z uvedených,nehoda pouze s hmotnou škodou,"nepřichází v úvahu, nejde o srážku jedou",jiný druh nesprávného způsobu jízdy,"povrch suchý, neznečistěný",neztížené,dobré,na odstavném pruhu,žádná místní úprava,přímý úsek,neurčeno,žádná z uvedených,srážka s pevnou překážkou,závory železničního přejezdu,živice,"dobrý, bez závad","ve dne, viditelnost nezhoršená vlivem po",dvoupruhová,žádný způsob řízení provozu,železniční přejezd zabezpečený,mimo křižovatku,ne,P616,2.15081783967,Holýšov - Staňkov,"142,861",Ne,I.,26,I.tř. č.26 Plzeň-Domažlice,49° 35' 39.76647'' N,13° 06' 02.73558'' E,49.59438,13.10076
13.100815372890571,49.594440740979756,30106120166,Holýšov (Plzeňský kraj),2012-05-25 02:49:00,silnice 1.třídy,26,řidičem motorového vozidla,nezjištěno,jiné ovlivnění,nezjišťováno,jiný nepříznivý stav,0,0,0,1,žádná z uvedených,žádná z uvedených,2000,žádné z uvedených,"nezjištěno, řidič ujel",,žádná z uvedených,0,žádná z uvedených,nehoda pouze s hmotnou škodou,"nepřichází v úvahu, nejde o srážku jedou",jiný druh nesprávného způsobu jízdy,"povrch suchý, neznečistěný",neztížené,dobré,na krajnici,žádná místní úprava,přímý úsek,neurčeno,žádná z uvedených,srážka s pevnou překážkou,závory železničního přejezdu,živice,"dobrý, bez závad","v noci - s veřejným osvětlením,viditelno",dvoupruhová,žádný způsob řízení provozu,železniční přejezd zabezpečený,mimo křižovatku,ne,P616,7.85171290004,Holýšov - Staňkov,"142,861",Ne,I.,26,I.tř. č.26 Plzeň-Domažlice,49° 35' 39.76647'' N,13° 06' 02.73558'' E,49.59438,13.10076
12.822974603700317,49.438172494715509,30106120215,Klenčí pod Čerchovem (Plzeňský kraj),2012-06-19 15:55:00,silnice 2.třídy,189,řidičem nemotorového vozidla,ostatní řidiči vozidel,řidič nebyl ovlivněn,ne,dobrý -žádné nepříznivé okolnosti nebyly zjištěny,0,1,0,1,žádná z uvedených,nedošlo k požáru,5,žádné z uvedených,jízdní kolo,,"soukromé, nevyužívané k výdělečné činnos",5,nebylo třeba užít násilí,nehoda s následky na životě nebo zdraví,"nepřichází v úvahu, nejde o srážku jedou","nepř. rychlosti stavu vozovky (náledí, výtluky, bláto, mokrý povrch apod.)","povrch suchý, neznečistěný",neztížené,dobré,na jízdním pruhu,přednost vyznačena dopravními značkami,křižovatka styková - tříramenná,místní komunikace,zachycuje směr jízdy křižovatkou,havárie,"nepřichází v úvahu, nejde o srážku s pev",živice,nesouvislé výtluky,"ve dne, viditelnost nezhoršená vlivem po",dvoupruhová,místní úprava (vyplní se pol. 24),železniční přejezd zabezpečený,"na křižovatce, uvnitř hranic křižovatky",ne,P695,24.6622085687,Trhanov - Klenčí pod Čerchovem,"11,495",Ne,II.,189,Klenčí st.sil. II.tř.,49° 26' 17.77160'' N,12° 49' 23.81133'' E,49.43827,12.82328
12.878846787080542,49.512078827425299,30106120308,Meclov (Plzeňský kraj),2012-08-25 11:26:00,silnice 3.třídy,1962,řidičem motorového vozidla,s řidičským oprávněním skupiny b,řidič nebyl ovlivněn,ne,dobrý -žádné nepříznivé okolnosti nebyly zjištěny,0,1,0,2,VOLKSWAGEN,nedošlo k požáru,650,"došlo k úniku pohonných hmot, oleje, chl",osobní automobil bez přívěsu,1997,"soukromé, nevyužívané k výdělečné činnos",500,nebylo třeba užít násilí,nehoda s následky na životě nebo zdraví,boční,nezvládnutí řízení vozidla,"povrch suchý, neznečistěný",neztížené,dobré,na jízdním pruhu,přednost vyznačena dopravními značkami,zatáčka,neurčeno,jedoucí - proti směru staničení na komun,srážka s vlakem,"nepřichází v úvahu, nejde o srážku s pev",živice,"dobrý, bez závad","ve dne, viditelnost nezhoršená vlivem po",dvoupruhová,místní úprava (vyplní se pol. 24),železniční přejezd nezabezpečený,mimo křižovatku,ne,P683,18.7769368505,Horšovský Týn - Meclov,"14,031",Ne,III.,1962,Meclov III.tř 1962,49° 30' 42.87636'' N,12° 52' 43.86402'' E,49.51191,12.87885
13.700167764877461,49.345938199510989,30406120079,Velký Bor (Plzeňský kraj),2012-03-03 12:40:00,silnice 2.třídy,188,řidičem motorového vozidla,nezjištěno,jiné ovlivnění,nezjišťováno,jiný nepříznivý stav,0,0,0,1,žádná z uvedených,žádná z uvedených,150,žádné z uvedených,"nezjištěno, řidič ujel",,žádná z uvedených,0,žádná z uvedených,nehoda pouze s hmotnou škodou,"nepřichází v úvahu, nejde o srážku jedou",jiný druh nesprávného způsobu jízdy,"povrch suchý, neznečistěný",neztížené,dobré,na jízdním pruhu,přednost vyznačena dopravními značkami,přímý úsek,neurčeno,žádná z uvedených,srážka s pevnou překážkou,závory železničního přejezdu,živice,"dobrý, bez závad","ve dne, viditelnost nezhoršená vlivem po",dvoupruhová,místní úprava (vyplní se pol. 24),železniční přejezd zabezpečený,mimo křižovatku,ne,P1178,0.258423932143,Horažďovice předměstí - Pačejov,"293,204",Ano,II.,188,U zastávky Velký Bor,49° 20' 45.37522'' N,13° 42' 00.61962'' E,49.34594,13.70017
13.203742676581777,49.712801327888734,30706120084,Nýřany (Plzeňský kraj),2012-03-26 18:55:00,silnice 2.třídy,203,řidičem motorového vozidla,nezjištěno,jiné ovlivnění,nezjišťováno,jiný nepříznivý stav,0,0,0,1,žádná z uvedených,žádná z uvedených,20,žádné z uvedených,"nezjištěno, řidič ujel",,žádná z uvedených,0,žádná z uvedených,nehoda pouze s hmotnou škodou,"nepřichází v úvahu, nejde o srážku jedou",jiný druh nesprávného způsobu jízdy,"povrch suchý, neznečistěný",neztížené,dobré,na jízdním pruhu,žádná místní úprava,přímý úsek,neurčeno,žádná z uvedených,srážka s pevnou překážkou,závory železničního přejezdu,živice,"příčná stružka, hrbol, vystouplé,propadl","v noci - s veřejným osvětlením,viditelno",dvoupruhová,žádný způsob řízení provozu,železniční přejezd zabezpečený,mimo křižovatku,ne,P604,1.10051721389,Nýřany - Chotěšov,"123,613",Ne,II.,203,Nýřany-Blatnice,49° 42' 46.12585'' N,13° 12' 13.51206'' E,49.71281,13.20375
13.241543068737339,49.724400086578811,30706120132,Tlučná (Plzeňský kraj),2012-05-05 15:33:00,komunikace místní,0,řidičem motorového vozidla,nezjištěno,jiné ovlivnění,ne,jiný nepříznivý stav,0,1,0,2,žádná z uvedených,žádná z uvedených,10,žádné z uvedených,vlak,,žádná z uvedených,0,žádná z uvedených,nehoda s následky na životě nebo zdraví,z boku,jiné nedání přednosti,"povrch suchý, neznečistěný",neztížené,dobré,žádné z uvedených,žádná místní úprava,zatáčka,neurčeno,žádná z uvedených,srážka s vlakem,"nepřichází v úvahu, nejde o srážku s pev",živice,"dobrý, bez závad","ve dne, viditelnost nezhoršená vlivem po",dvoupruhová,světelným signalizačním zařízením,železniční přejezd zabezpečený,mimo křižovatku,ne,P600,5.87080627292,Vejprnice - Nýřany,"120,593",Ne,C,,Tlučná MK,49° 43' 27.73461'' N,13° 14' 29.81305'' E,49.72437,13.24161
13.379538070769023,49.850427083713349,30706120292,Horní Bříza (Plzeňský kraj),2012-08-30 12:40:00,silnice 3.třídy,1804,řidičem motorového vozidla,s řidičským oprávněním skupiny b,řidič nebyl ovlivněn,ne,dobrý -žádné nepříznivé okolnosti nebyly zjištěny,0,0,0,1,MULTICAR,nedošlo k požáru,50,žádné z uvedených,"nákladní automobil (včetně multikáry, au",2004,"soukromé, nevyužívané k výdělečné činnos",0,nebylo třeba užít násilí,nehoda pouze s hmotnou škodou,"nepřichází v úvahu, nejde o srážku jedou",jiné nedání přednosti,"povrch suchý, neznečistěný",neztížené,dobré,na jízdním pruhu,přednost vyznačena dopravními značkami,přímý úsek,neurčeno,jedoucí - ve směru staničení na komunika,srážka s pevnou překážkou,závory železničního přejezdu,živice,"dobrý, bez závad","ve dne, viditelnost nezhoršená vlivem po",dvoupruhová,místní úprava (vyplní se pol. 24),železniční přejezd zabezpečený,mimo křižovatku,ne,P1677,7.06086454444,žst. Horní Bříza,"17,512",Ne,III.,1804,okr.silnice,49° 51' 01.53393'' N,13° 22' 45.99156'' E,49.85043,13.37944
13.603642021260196,49.731381950151402,30806120011,Rokycany (Plzeňský kraj),2012-01-18 15:08:00,silnice 3.třídy,11732,řidičem motorového vozidla,s řidičským oprávněním skupiny b,řidič nebyl ovlivněn,ne,"pod vlivem léků, narkotik",0,0,0,1,ŠKODA,nedošlo k požáru,100,žádné z uvedených,osobní automobil bez přívěsu,2004,"soukromé, nevyužívané k výdělečné činnos",50,nebylo třeba užít násilí,nehoda pouze s hmotnou škodou,"nepřichází v úvahu, nejde o srážku jedou",nezvládnutí řízení vozidla,"na vozovce je náledí, ujetý sníh - nepos",neztížené,dobré,mimo komunikaci,žádná místní úprava,přímý úsek,neurčeno,jedoucí - ve směru staničení na komunika,srážka s pevnou překážkou,"odrazník, patník, sloupek, dopr.značky a",jiný nezpevněný povrch,"dobrý, bez závad","ve dne, viditelnost nezhoršená vlivem po",dvoupruhová,žádný způsob řízení provozu,železniční přejezd nezabezpečený,mimo křižovatku,ne,P1208,6.05853075884,Rokycany - KOVOHUTĚ,"0,895",Ne,III.,11732,U zastávky Rokycany předměstí,49° 43' 53.07904'' N,13° 36' 12.86055'' E,49.73141,13.60357
13.603626002263395,49.731405795236761,30806120102,Rokycany (Plzeňský kraj),2012-08-15 08:55:00,silnice 3.třídy,11723,řidičem motorového vozidla,s řidičským oprávněním skupiny c,řidič nebyl ovlivněn,ne,dobrý -žádné nepříznivé okolnosti nebyly zjištěny,0,0,0,3,DAF,nedošlo k požáru,12500,"došlo k úniku pohonných hmot, oleje, chl",nákladní automobil s návěsem,2007,"soukromá organizace (podnikatel, s.r.o.,",10200,nebylo třeba užít násilí,nehoda pouze s hmotnou škodou,z boku,jiné nedání přednosti,"povrch suchý, neznečistěný",neztížené,dobré,na jízdním pruhu,přednost vyznačena dopravními značkami,přímý úsek,neurčeno,jedoucí - ve směru staničení na komunika,srážka s vlakem,"nepřichází v úvahu, nejde o srážku s pev",živice,"dobrý, bez závad","ve dne, viditelnost nezhoršená vlivem po",dvoupruhová,místní úprava (vyplní se pol. 24),železniční přejezd nezabezpečený,mimo křižovatku,ne,P1208,4.06511565231,Rokycany - KOVOHUTĚ,"0,895",Ne,III.,11732,U zastávky Rokycany předměstí,49° 43' 53.07904'' N,13° 36' 12.86055'' E,49.73141,13.60357
14.630468248735692,50.902248615536088,40206120384,Varnsdorf (Ústecký kraj),2012-06-06 08:25:00,silnice 2.třídy,264,řidičem motorového vozidla,s řidičským oprávněním skupiny d,řidič nebyl ovlivněn,ne,dobrý -žádné nepříznivé okolnosti nebyly zjištěny,0,0,0,1,KAROSA,nedošlo k požáru,110,žádné z uvedených,autobus,2007,veřejná hromadná doprava,10,nebylo třeba užít násilí,nehoda pouze s hmotnou škodou,"nepřichází v úvahu, nejde o srážku jedou",řidič se plně nevěnoval řízení vozidla,"povrch suchý, neznečistěný",neztížené,dobré,na jízdním pruhu,žádná místní úprava,přímý úsek,neurčeno,jedoucí - proti směru staničení na komun,srážka s pevnou překážkou,závory železničního přejezdu,živice,"dobrý, bez závad","ve dne, viditelnost nezhoršená vlivem po",dvoupruhová,žádný způsob řízení provozu,železniční přejezd zabezpečený,mimo křižovatku,ne,P3476,2.43540478126,Dolní Podluží - Varnsdorf,"10,411",Ne,II.,264,U slévárny,50° 54' 08.04498'' N,14° 37' 49.61369'' E,50.90223,14.63045
14.1879699834519,50.74350669757434,40206120429,Děčín (Ústecký kraj),2012-06-19 18:00:00,komunikace místní,0,řidičem motorového vozidla,s řidičským oprávněním skupiny b,řidič nebyl ovlivněn,ne,dobrý -žádné nepříznivé okolnosti nebyly zjištěny,0,0,0,1,žádná z uvedených,nedošlo k požáru,21,žádné z uvedených,traktor (i s přívěsem),2006,"soukromá organizace (podnikatel, s.r.o.,",0,nebylo třeba užít násilí,nehoda pouze s hmotnou škodou,"nepřichází v úvahu, nejde o srážku jedou",řidič se plně nevěnoval řízení vozidla,"povrch suchý, neznečistěný",neztížené,dobré,na jízdním pruhu,žádná místní úprava,přímý úsek,neurčeno,vozidlo jedoucí - na komunikaci bez stan,srážka s pevnou překážkou,závory železničního přejezdu,živice,"dobrý, bez závad","ve dne, viditelnost nezhoršená vlivem po",dvoupruhová,žádný způsob řízení provozu,železniční přejezd zabezpečený,mimo křižovatku,ne,P2990,2.33129814728,Boletice nad Labem - Křešice u Děčína,"450,862",Ano,O,,U výboru,50° 44' 36.57851'' N,14° 11' 16.62346'' E,50.74349,14.18795
13.442071895766917,50.484478207292234,40306120493,Otvice (Ústecký kraj),2012-06-15 23:59:00,komunikace místní,0,řidičem motorového vozidla,nezjištěno,jiné ovlivnění,nezjišťováno,jiný nepříznivý stav,0,0,0,1,žádná z uvedených,žádná z uvedených,40,žádné z uvedených,"nezjištěno, řidič ujel",,žádná z uvedených,0,žádná z uvedených,nehoda pouze s hmotnou škodou,"nepřichází v úvahu, nejde o srážku jedou",vyhýbání bez dostatečné boční vůle,"povrch suchý, neznečistěný",neztížené,dobré,na jízdním pruhu,přednost vyznačena dopravními značkami,křižovatka styková - tříramenná,místní komunikace,žádná z uvedených,srážka s pevnou překážkou,závory železničního přejezdu,živice,"dobrý, bez závad","ve dne, viditelnost nezhoršená vlivem po",dvoupruhová,místní úprava (vyplní se pol. 24),železniční přejezd zabezpečený,"na křižovatce,jedná-li se o křížení siln",ne,P1994,6.29847296572,Dolní Rybník - Jirkov,"0,572",Ne,C,,,50° 29' 04.18230'' N,13° 26' 31.15665'' E,50.4845,13.44199
14.0308520603572,50.583685214002443,40606120138,Prackovice nad Labem (Ústecký kraj),2012-02-26 05:50:00,silnice 3.třídy,24728,řidičem motorového vozidla,s řidičským oprávněním skupiny b,řidič nebyl ovlivněn,"ano, obsah alkoholu v&nbsp;krvi 1,5‰ a více",pod vlivem alkoholu obsah alkoholu v krvi 1‰ a více,0,0,0,1,ŠKODA,nedošlo k požáru,120,žádné z uvedených,osobní automobil bez přívěsu,2008,"soukromé, nevyužívané k výdělečné činnos",100,nebylo třeba užít násilí,nehoda pouze s hmotnou škodou,"nepřichází v úvahu, nejde o srážku jedou","nepř. rychlosti dopravně technickému stavu vozovky (zatáčka,klesání,stoupání,šířka apod.)",povrch mokrý,"na počátku deště, slabý déšť",dobré,na krajnici,žádná místní úprava,přímý úsek po projetí zatáčkou (do vzdál,neurčeno,jedoucí - ve směru staničení na komunika,srážka s pevnou překážkou,závory železničního přejezdu,živice,"dobrý, bez závad","v noci - bez veřejného osvětlení, vidite",žádná z uvedených,žádný způsob řízení provozu,železniční přejezd zabezpečený,mimo křižovatku,ne,P2422,7.37557982756,Prackovice nad Labem - Ústí nad Labem jih,"505,135",Ne,III.,24728,,50° 35' 01.51288'' N,14° 01' 50.97779'' E,50.58375,14.03083
14.036839538990638,50.499794853316509,40606120274,Sulejovice (Ústecký kraj),2012-04-16 16:05:00,silnice 3.třídy,817,řidičem motorového vozidla,s řidičským oprávněním skupiny c,řidič nebyl ovlivněn,ne,dobrý -žádné nepříznivé okolnosti nebyly zjištěny,0,0,0,2,žádná z uvedených,nedošlo k požáru,650,žádné z uvedených,traktor (i s přívěsem),1978,"soukromé, nevyužívané k výdělečné činnos",150,nebylo třeba užít násilí,nehoda pouze s hmotnou škodou,z boku,jiné nedání přednosti,"povrch suchý, neznečistěný",neztížené,dobré,na jízdním pruhu,přednost vyznačena dopravními značkami,přímý úsek,neurčeno,jedoucí - ve směru staničení na komunika,srážka s vlakem,"nepřichází v úvahu, nejde o srážku s pev",živice,"dobrý, bez závad","ve dne, viditelnost nezhoršená vlivem po",dvoupruhová,místní úprava (vyplní se pol. 24),železniční přejezd nezabezpečený,mimo křižovatku,ne,P2267,2.1735639011,LABENA Sulejovice - Čížkovice,"1,994",Ne,III.,817,,50° 29' 59.29297'' N,14° 02' 12.51411'' E,50.4998,14.03681
14.391522482511807,50.459098344855562,40606120291,Štětí (Ústecký kraj),2012-04-22 12:45:00,silnice 3.třídy,26120,řidičem motorového vozidla,s řidičským oprávněním skupiny b,řidič nebyl ovlivněn,"ano, obsah alkoholu v&nbsp;krvi 1,5‰ a více",pod vlivem alkoholu obsah alkoholu v krvi 1‰ a více,0,0,0,1,ŠKODA,žádná z uvedených,55,žádné z uvedených,osobní automobil bez přívěsu,1994,"soukromé, nevyužívané k výdělečné činnos",50,nebylo třeba užít násilí,nehoda pouze s hmotnou škodou,"nepřichází v úvahu, nejde o srážku jedou","nepř. rychlosti dopravně technickému stavu vozovky (zatáčka,klesání,stoupání,šířka apod.)","povrch suchý, neznečistěný",neztížené,dobré,mimo komunikaci,žádná místní úprava,zatáčka,neurčeno,jedoucí - ve směru staničení na komunika,srážka s pevnou překážkou,závory železničního přejezdu,živice,"dobrý, bez závad","ve dne, viditelnost nezhoršená vlivem po",dvoupruhová,žádný způsob řízení provozu,železniční přejezd zabezpečený,mimo křižovatku,ne,P2948,8.20773767456,žst. Štětí,"386,042",Ano,III.,26120,u žst. Štětí (Radouň),50° 27' 33.00682'' N,14° 23' 29.59468'' E,50.45917,14.39155
14.377685251838253,50.608693290862377,40606120557,Úštěk (Ústecký kraj),2012-07-17 15:50:00,silnice 1.třídy,15,řidičem motorového vozidla,nezjištěno,jiné ovlivnění,nezjišťováno,jiný nepříznivý stav,0,0,0,1,žádná z uvedených,žádná z uvedených,200,žádné z uvedených,"nezjištěno, řidič ujel",,žádná z uvedených,0,žádná z uvedených,nehoda pouze s hmotnou škodou,"nepřichází v úvahu, nejde o srážku jedou","nepř. rychlosti stavu vozovky (náledí, výtluky, bláto, mokrý povrch apod.)",povrch mokrý,déšť,dobré,na jízdním pruhu,žádná místní úprava,zatáčka,neurčeno,žádná z uvedených,srážka s pevnou překážkou,závory železničního přejezdu,živice,"dobrý, bez závad","ve dne, zhoršená viditelnost vlivem pově",dvoupruhová,žádný způsob řízení provozu,železniční přejezd zabezpečený,mimo křižovatku,ne,P3367,1.10504568829,Úštěk - Blíževedly,"67,487",Ne,I.,15,,50° 36' 31.28742'' N,14° 22' 39.71029'' E,50.60869,14.3777
13.501013325078931,50.379953867912043,40706120034,Žiželice (Ústecký kraj),2012-01-18 16:44:00,silnice 3.třídy,22528,řidičem motorového vozidla,nezjištěno,jiné ovlivnění,nezjišťováno,jiný nepříznivý stav,0,0,0,1,žádná z uvedených,žádná z uvedených,50,žádné z uvedených,"nezjištěno, řidič ujel",,žádná z uvedených,0,žádná z uvedených,nehoda pouze s hmotnou škodou,"nepřichází v úvahu, nejde o srážku jedou",řidič se plně nevěnoval řízení vozidla,"povrch suchý, neznečistěný",neztížené,dobré,na jízdním pruhu,žádná místní úprava,zatáčka,neurčeno,žádná z uvedených,srážka s pevnou překážkou,závory železničního přejezdu,živice,"dobrý, bez závad","v noci - bez veřejného osvětlení,viditel",dvoupruhová,žádný způsob řízení provozu,železniční přejezd zabezpečený,mimo křižovatku,ne,P66,2.91788551346,žst. Hořetice,"109,62",Ano,III.,22528,,50° 22' 47.91642'' N,13° 30' 03.61847'' E,50.37998,13.50101
13.418065869756086,50.260336359334083,40706120110,Podbořany (Ústecký kraj),2012-02-29 14:10:00,silnice 3.třídy,2247,řidičem motorového vozidla,s řidičským oprávněním skupiny d,řidič nebyl ovlivněn,ne,dobrý -žádné nepříznivé okolnosti nebyly zjištěny,0,9,1,2,IVECO,nedošlo k požáru,83300,"došlo k úniku pohonných hmot, oleje, chl",nákladní automobil s návěsem,2007,"soukromá organizace (podnikatel, s.r.o.,",3000,nebylo třeba užít násilí,nehoda s následky na životě nebo zdraví,z boku,jiné nedání přednosti,"povrch suchý, neznečistěný",neztížené,dobré,na jízdním pruhu,přednost vyznačena přenosnými dopravními,přímý úsek,neurčeno,jedoucí - proti směru staničení na komun,srážka s vlakem,"nepřichází v úvahu, nejde o srážku s pev",živice,"dobrý, bez závad","ve dne, viditelnost nezhoršená vlivem po",dvoupruhová,místní úprava (vyplní se pol. 24),železniční přejezd zabezpečený,mimo křižovatku,ne,P1714,12.0755419465,žst. Kaštice,"186,463",Ne,III.,2247,,50° 15' 36.82832'' N,13° 25' 05.17351'' E,50.26023,13.4181
13.78965759414084,50.374950845190391,40706120123,Dobroměřice (Ústecký kraj),2012-03-03 08:20:00,silnice 3.třídy,25016,řidičem motorového vozidla,s řidičským oprávněním skupiny b,řidič nebyl ovlivněn,ne,dobrý -žádné nepříznivé okolnosti nebyly zjištěny,0,0,0,2,CHEVROLET,nedošlo k požáru,900,"došlo k úniku pohonných hmot, oleje, chl",osobní automobil bez přívěsu,2011,"soukromá organizace (podnikatel, s.r.o.,",500,nebylo třeba užít násilí,nehoda pouze s hmotnou škodou,zezadu,jiné nedání přednosti,"povrch suchý, neznečistěný",neztížené,dobré,na jízdním pruhu,žádná místní úprava,přímý úsek,neurčeno,jedoucí - ve směru staničení na komunika,srážka s vlakem,"nepřichází v úvahu, nejde o srážku s pev",živice,"dobrý, bez závad","ve dne, viditelnost nezhoršená vlivem po",dvoupruhová,žádný způsob řízení provozu,železniční přejezd zabezpečený,mimo křižovatku,ne,P2154,12.4296965116,Louny - Lenešice,"99,187",Ne,III.,25016,,50° 22' 29.43341'' N,13° 47' 22.85182'' E,50.37484,13.78968
13.501878852935791,50.331896360990534,40706120201,Libočany (Ústecký kraj),2012-05-05 15:00:00,silnice 2.třídy,225,řidičem motorového vozidla,nezjištěno,jiné ovlivnění,nezjišťováno,jiný nepříznivý stav,0,0,0,1,žádná z uvedených,žádná z uvedených,500,žádné z uvedených,"nezjištěno, řidič ujel",,žádná z uvedených,0,žádná z uvedených,nehoda pouze s hmotnou škodou,"nepřichází v úvahu, nejde o srážku jedou",řidič se plně nevěnoval řízení vozidla,"povrch suchý, neznečistěný",neztížené,dobré,na kolejích tramvaje,žádná místní úprava,zatáčka,neurčeno,žádná z uvedených,srážka s pevnou překážkou,"jiná překážka (zábradlí,oplocení,násep,n",živice,"příčná stružka, hrbol, vystouplé,propadl","ve dne, zhoršená viditelnost (svítání,so",dvoupruhová,žádný způsob řízení provozu,železniční přejezd zabezpečený,mimo křižovatku,ne,P1722,8.4918259329,Žabokliky - Žatec západ,"199,593",Ne,II.,225,Ovčín (poč. náprav),50° 19' 54.80942'' N,13° 30' 06.34394'' E,50.33189,13.50176
13.685662344493133,50.418061961678667,40706120263,Výškov (Ústecký kraj),2012-05-30 16:06:00,komunikace místní,0,řidičem motorového vozidla,nezjištěno,jiné ovlivnění,nezjišťováno,jiný nepříznivý stav,0,0,0,1,žádná z uvedených,žádná z uvedených,100,žádné z uvedených,"nezjištěno, řidič ujel",,žádná z uvedených,0,žádná z uvedených,nehoda pouze s hmotnou škodou,"nepřichází v úvahu, nejde o srážku jedou",řidič se plně nevěnoval řízení vozidla,"povrch suchý, neznečistěný",neztížené,dobré,na jízdním pruhu,žádná místní úprava,přímý úsek,neurčeno,žádná z uvedených,srážka s pevnou překážkou,závory železničního přejezdu,živice,"dobrý, bez závad","ve dne, viditelnost nezhoršená vlivem po",dvoupruhová,žádný způsob řízení provozu,železniční přejezd zabezpečený,mimo křižovatku,ne,P1931,1.27245828707,žst. Počerady,"221,817",Ano,C,,,50° 25' 05.02222'' N,13° 41' 08.44387'' E,50.41806,13.68568
13.392920674080367,50.093675195988368,40706120392,Blatno (Ústecký kraj),2012-07-20 08:42:00,silnice 3.třídy,2065,řidičem motorového vozidla,s řidičským oprávněním skupiny b,řidič nebyl ovlivněn,ne,dobrý -žádné nepříznivé okolnosti nebyly zjištěny,0,0,1,2,OPEL,nedošlo k požáru,1410,"došlo k úniku pohonných hmot, oleje, chl",osobní automobil bez přívěsu,1994,"soukromé, nevyužívané k výdělečné činnos",800,nebylo třeba užít násilí,nehoda s následky na životě nebo zdraví,z boku,jiné nedání přednosti,"povrch suchý, neznečistěný",neztížené,dobré,na jízdním pruhu,přednost vyznačena dopravními značkami,přímý úsek,neurčeno,jedoucí - proti směru staničení na komun,srážka s vlakem,"nepřichází v úvahu, nejde o srážku s pev",živice,"dobrý, bez závad","ve dne, viditelnost nezhoršená vlivem po",dvoupruhová,místní úprava (vyplní se pol. 24),železniční přejezd zabezpečený,mimo křižovatku,ne,P1697,0.57839287196,Žihle - Blatno u Jesenice,"155,956",Ne,III.,2065,okr.silnice,50° 05' 37.20712'' N,13° 23' 34.52714'' E,50.09367,13.39292
13.746332716063668,50.321667257704654,40706120467,Jimlín (Ústecký kraj),2012-08-19 18:10:00,silnice 3.třídy,22546,řidičem motorového vozidla,s řidičským oprávněním skupiny b,řidič nebyl ovlivněn,ne,dobrý -žádné nepříznivé okolnosti nebyly zjištěny,0,1,0,2,HYUNDAI,nedošlo k požáru,300,žádné z uvedených,osobní automobil bez přívěsu,1993,"soukromé, nevyužívané k výdělečné činnos",100,nebylo třeba užít násilí,nehoda s následky na životě nebo zdraví,zezadu,nedodržení bezpečné vzdálenosti za vozidlem,"povrch suchý, neznečistěný",neztížené,dobré,na jízdním pruhu,žádná místní úprava,zatáčka,neurčeno,jedoucí - ve směru staničení na komunika,srážka s jedoucím nekolejovým vozidlem,"nepřichází v úvahu, nejde o srážku s pev",živice,"dobrý, bez závad","ve dne, viditelnost nezhoršená vlivem po",dvoupruhová,žádný způsob řízení provozu,železniční přejezd nezabezpečený,mimo křižovatku,ne,P2355,12.1350583307,Hřivice - Louny předměstí,"41,16",Ne,III.,22546,,50° 19' 17.65919'' N,13° 44' 47.07961'' E,50.32157,13.74641
13.751288071428078,50.327211442304417,40706120519,Jimlín (Ústecký kraj),2012-09-09 09:45:00,silnice 3.třídy,22547,řidičem motorového vozidla,s řidičským oprávněním skupiny c,řidič nebyl ovlivněn,ne,dobrý -žádné nepříznivé okolnosti nebyly zjištěny,0,1,0,2,ŠKODA,nedošlo k požáru,150,žádné z uvedených,osobní automobil bez přívěsu,1990,"soukromé, nevyužívané k výdělečné činnos",50,nebylo třeba užít násilí,nehoda s následky na životě nebo zdraví,z boku,jiné nedání přednosti,"povrch suchý, neznečistěný",neztížené,dobré,na jízdním pruhu,žádná místní úprava,přímý úsek,neurčeno,jedoucí - ve směru staničení na komunika,srážka s vlakem,"nepřichází v úvahu, nejde o srážku s pev",živice,"dobrý, bez závad","ve dne, viditelnost nezhoršená vlivem po",dvoupruhová,žádný způsob řízení provozu,železniční přejezd zabezpečený,mimo křižovatku,ne,P2357,8.13113995577,Hřivice - Louny předměstí,"41,897",Ne,III.,22547,,50° 19' 37.74737'' N,13° 45' 04.85522'' E,50.32715,13.75135