X,Y,id,obec,datum,komunikace,komunika_1,zavineni,ridic_kate,ridic_ovli,vinik_alko,ridic_stav,obeti_usmr,obeti_lehc,obeti_tezc,vozidel_ce,vinik_vozi,vinik_vo_1,skoda,unik_hmot,vinik_vo_2,vinik_vo_3,vinik_vo_4,vinik_skod,vyprosteni,nehoda_cha,srazka_voz,hlavni_pri,povrch_sta,meteo,rozhled,nehoda_pol,prednost_v,smerove_po,druh_krizu,smer_jizdy,nehoda_dru,pevna_prek,povrch_dru,komunika_2,viditelnos,komunika_3,rizeni_pro,objekty,misto_neho,smyk,neighbors_TargetID,neighbors_Distance,neighbors_prejezdy-dec_Název definičního úseku,neighbors_prejezdy-dec_Žkm přejezdu,neighbors_prejezdy-dec_Přejezd s trolejovým vedením,neighbors_prejezdy-dec_Třída pozemní komunikace,neighbors_prejezdy-dec_Číslo pozemní komunikace,neighbors_prejezdy-dec_Místní název přejezdu,neighbors_prejezdy-dec_Zeměpisná šířka,neighbors_prejezdy-dec_Zeměpisná délka,neighbors_prejezdy-dec_field_10,neighbors_prejezdy-dec_field_11
16.166987200708711,50.594539715745569,50506120159,Teplice nad Metují (Královéhradecký kraj),2012-03-18 17:30:00,silnice 3.třídy,30110,řidičem motorového vozidla,s řidičským oprávněním skupiny b,řidič nebyl ovlivněn,"ano, obsah alkoholu v&nbsp;krvi 1,5‰ a více",pod vlivem alkoholu obsah alkoholu v krvi 1‰ a více,0,0,0,1,SEAT,nedošlo k požáru,1000,žádné z uvedených,osobní automobil bez přívěsu,2000,"soukromé, nevyužívané k výdělečné činnos",500,nebylo třeba užít násilí,nehoda pouze s hmotnou škodou,"nepřichází v úvahu, nejde o srážku jedou","nepř. rychlosti dopravně technickému stavu vozovky (zatáčka,klesání,stoupání,šířka apod.)","povrch suchý, neznečistěný",neztížené,dobré,mimo komunikaci,žádná místní úprava,zatáčka,neurčeno,jedoucí - ve směru staničení na komunika,srážka s pevnou překážkou,závory železničního přejezdu,živice,"dobrý, bez závad","ve dne, viditelnost nezhoršená vlivem po",dvoupruhová,žádný způsob řízení provozu,železniční přejezd zabezpečený,mimo křižovatku,ano,P4853,4.74734008091,Adršpach - Teplice n/Metují město,"29,782",Ne,III.,30110,U školy,50° 35' 40.44621'' N,16° 10' 00.99633'' E,50.59457,16.16694
16.095776299814435,50.412443814359264,50506120364,Studnice (Královéhradecký kraj),2012-07-07 01:00:00,silnice 3.třídy,30416,řidičem motorového vozidla,bez příslušného řidičského oprávnění,řidič nebyl ovlivněn,"ano, obsah alkoholu v&nbsp;krvi 1,5‰ a více",pod vlivem alkoholu obsah alkoholu v krvi 1‰ a více,0,0,0,1,ŠKODA,nedošlo k požáru,400,žádné z uvedených,osobní automobil bez přívěsu,2002,"soukromé, nevyužívané k výdělečné činnos",400,nebylo třeba užít násilí,nehoda pouze s hmotnou škodou,"nepřichází v úvahu, nejde o srážku jedou",nepř. rychlosti vlastnostem vozidla a nákladu,"povrch suchý, neznečistěný",neztížené,dobré,mimo komunikaci,žádná místní úprava,zatáčka,neurčeno,jedoucí - ve směru staničení na komunika,srážka s pevnou překážkou,"jiná překážka (zábradlí,oplocení,násep,n",živice,"dobrý, bez závad","v noci - s veřejným osvětlením,viditelno",dvoupruhová,žádný způsob řízení provozu,železniční přejezd zabezpečený,mimo křižovatku,ano,P5450,7.11120894388,žst. Starkoč,"18,748",Ne,III.,30416,,50° 24' 44.57646'' N,16° 05' 44.78790'' E,50.41238,16.09577
16.199045924305715,50.59445148397181,50506120485,Teplice nad Metují (Královéhradecký kraj),2012-08-28 08:15:00,silnice 3.třídy,3023,řidičem motorového vozidla,s řidičským oprávněním skupiny c,řidič nebyl ovlivněn,ne,dobrý -žádné nepříznivé okolnosti nebyly zjištěny,0,0,0,1,SCANIA,nedošlo k požáru,100,žádné z uvedených,nákladní automobil s návěsem,2011,registrované mimo území ČR,0,nebylo třeba užít násilí,nehoda pouze s hmotnou škodou,"nepřichází v úvahu, nejde o srážku jedou",jiné nedání přednosti,"povrch suchý, neznečistěný",neztížené,dobré,na jízdním pruhu,žádná místní úprava,zatáčka,neurčeno,jedoucí - ve směru staničení na komunika,srážka s pevnou překážkou,závory železničního přejezdu,živice,"dobrý, bez závad","ve dne, viditelnost nezhoršená vlivem po",dvoupruhová,žádný způsob řízení provozu,železniční přejezd zabezpečený,mimo křižovatku,ne,P5122,8.2382273236,Teplice n/Metují - Meziměstí,"84,547",Ne,III.,3023,845,50° 35' 40.28990'' N,16° 11' 56.70653'' E,50.59452,16.19909
16.085645502415279,50.277418274685694,50706120174,Opočno (Královéhradecký kraj),2012-05-25 19:10:00,silnice 3.třídy,30815,řidičem motorového vozidla,s řidičským oprávněním skupiny c,řidič nebyl ovlivněn,ne,dobrý -žádné nepříznivé okolnosti nebyly zjištěny,0,0,0,1,MERCEDES,nedošlo k požáru,50,žádné z uvedených,nákladní automobil s návěsem,2001,"soukromá organizace (podnikatel, s.r.o.,",0,nebylo třeba užít násilí,nehoda pouze s hmotnou škodou,"nepřichází v úvahu, nejde o srážku jedou",vjetí na nezpevněnou krajnici,"povrch suchý, neznečistěný",neztížené,dobré,na krajnici,žádná místní úprava,přímý úsek,neurčeno,jedoucí - proti směru staničení na komun,srážka s pevnou překážkou,závory železničního přejezdu,živice,"dobrý, bez závad","ve dne, viditelnost nezhoršená vlivem po",dvoupruhová,žádný způsob řízení provozu,železniční přejezd zabezpečený,mimo křižovatku,ne,P5087,16.2045317007,žst. Opočno pod Orl. hor.,"38,998",Ne,III.,30815,,50° 16' 38.54988'' N,16° 05' 09.09232'' E,50.27737,16.08586
15.883932925559821,50.585232938363617,51006120125,Trutnov (Královéhradecký kraj),2012-02-02 15:45:00,komunikace místní,0,řidičem motorového vozidla,s řidičským oprávněním skupiny b,řidič nebyl ovlivněn,ne,dobrý -žádné nepříznivé okolnosti nebyly zjištěny,0,1,0,2,SEAT,žádná z uvedených,600,žádné z uvedených,osobní automobil bez přívěsu,1997,"soukromé, nevyužívané k výdělečné činnos",200,nebylo třeba užít násilí,nehoda s následky na životě nebo zdraví,z boku,proti příkazu dopravní značky STŮJ DEJ PŘEDNOST,"na vozovce je náledí, ujetý sníh - posyp",neztížené,dobré,na jízdním pruhu,přednost vyznačena dopravními značkami,přímý úsek,neurčeno,vozidlo jedoucí - na komunikaci bez stan,srážka s vlakem,"nepřichází v úvahu, nejde o srážku s pev",živice,"dobrý, bez závad","ve dne, viditelnost nezhoršená vlivem po",dvoupruhová,místní úprava (vyplní se pol. 24),železniční přejezd zabezpečený,mimo křižovatku,ne,P4792,2.59879498748,Trutnov hl.n. - Kalná Voda,"3,233",Ne,C,,U hřiště,50° 35' 06.75030'' N,15° 53' 02.19840'' E,50.58521,15.88394
15.815374227548588,50.536815343447373,51006120149,Pilníkov (Královéhradecký kraj),2012-02-15 17:00:00,komunikace místní,0,řidičem motorového vozidla,nezjištěno,jiné ovlivnění,nezjišťováno,jiný nepříznivý stav,0,0,0,1,žádná z uvedených,žádná z uvedených,30,žádné z uvedených,"nezjištěno, řidič ujel",,žádná z uvedených,0,žádná z uvedených,nehoda pouze s hmotnou škodou,"nepřichází v úvahu, nejde o srážku jedou",řidič se plně nevěnoval řízení vozidla,"na vozovce je náledí, ujetý sníh - nepos",sněžení,dobré,na jízdním pruhu,žádná místní úprava,zatáčka,neurčeno,žádná z uvedených,srážka s pevnou překážkou,závory železničního přejezdu,živice,"dobrý, bez závad","v noci - s veřejným osvětlením, zhoršená",dvoupruhová,žádný způsob řízení provozu,železniční přejezd zabezpečený,mimo křižovatku,ne,P4553,13.5186393903,Pilníkov - Trutnov hl.n.,"115,921",Ne,C,,,50° 32' 12.24148'' N,15° 48' 55.83452'' E,50.53673,15.81551
15.869874615949261,50.396778369553473,51006120276,Kuks (Královéhradecký kraj),2012-04-12 21:55:00,silnice 3.třídy,29915,řidičem motorového vozidla,s řidičským oprávněním skupiny b,řidič nebyl ovlivněn,ne,dobrý -žádné nepříznivé okolnosti nebyly zjištěny,0,0,0,2,ŠKODA,nedošlo k požáru,4900,žádné z uvedených,osobní automobil bez přívěsu,1999,"soukromé, nevyužívané k výdělečné činnos",600,nebylo třeba užít násilí,nehoda pouze s hmotnou škodou,z boku,nepř. rychlosti vlastnostem vozidla a nákladu,povrch mokrý,"na počátku deště, slabý déšť",dobré,mimo komunikaci,žádná místní úprava,zatáčka,neurčeno,jedoucí - ve směru staničení na komunika,srážka s vlakem,"nepřichází v úvahu, nejde o srážku s pev",živice,"dobrý, bez závad","v noci - bez veřejného osvětlení, vidite",dvoupruhová,žádný způsob řízení provozu,železniční přejezd zabezpečený,mimo křižovatku,ano,P5231,15.8778051662,Jaroměř - Dvůr Králové n/Labem,"48,673",Ne,III.,29915,,50° 23' 48.07822'' N,15° 52' 12.17983'' E,50.39669,15.87005
15.927868574973992,50.567352766281047,51006120340,Trutnov (Královéhradecký kraj),2012-05-17 20:33:00,silnice 1.třídy,16,řidičem motorového vozidla,s řidičským oprávněním skupiny d,řidič nebyl ovlivněn,ne,dobrý -žádné nepříznivé okolnosti nebyly zjištěny,0,0,0,2,RENAULT,žádná z uvedených,450,žádné z uvedených,"nákladní automobil (včetně multikáry, au",2009,registrované mimo území ČR,400,nebylo třeba užít násilí,nehoda pouze s hmotnou škodou,z boku,jiný druh nesprávného způsobu jízdy,"povrch suchý, neznečistěný",neztížené,dobré,na jízdním pruhu,žádná místní úprava,přímý úsek,neurčeno,jedoucí - proti směru staničení na komun,srážka s vlakem,"nepřichází v úvahu, nejde o srážku s pev",živice,"dobrý, bez závad","ve dne, viditelnost nezhoršená vlivem po",dvoupruhová,žádný způsob řízení provozu,železniční přejezd zabezpečený,mimo křižovatku,ne,P4561,4.75605210676,Trutnov hl.n. - Trutnov střed,"126,191",Ne,I.,16,Polská,50° 34' 02.54443'' N,15° 55' 40.53505'' E,50.56737,15.92793
15.729786177230348,50.538749465879206,51006120464,Hostinné (Královéhradecký kraj),2012-07-07 08:15:00,silnice 2.třídy,325,řidičem motorového vozidla,nezjištěno,jiné ovlivnění,nezjišťováno,jiný nepříznivý stav,0,0,0,1,žádná z uvedených,žádná z uvedených,150,žádné z uvedených,"nezjištěno, řidič ujel",,žádná z uvedených,0,žádná z uvedených,nehoda pouze s hmotnou škodou,"nepřichází v úvahu, nejde o srážku jedou",řidič se plně nevěnoval řízení vozidla,"povrch suchý, neznečistěný",neztížené,dobré,mimo komunikaci,žádná místní úprava,přímý úsek,neurčeno,žádná z uvedených,srážka s pevnou překážkou,závory železničního přejezdu,živice,"dobrý, bez závad","ve dne, viditelnost nezhoršená vlivem po",dvoupruhová,žádný způsob řízení provozu,železniční přejezd zabezpečený,mimo křižovatku,ne,P4534,4.63175438985,Kunčice n/Labem - Hostinné,"106,741",Ne,II.,325,,50° 32' 19.40751'' N,15° 43' 47.04977'' E,50.53872,15.72974
15.891484700964126,50.577671109999912,51006120562,Trutnov (Královéhradecký kraj),2012-08-20 09:46:00,komunikace místní,0,řidičem motorového vozidla,s řidičským oprávněním skupiny b,oslněn sluncem,ne,dobrý -žádné nepříznivé okolnosti nebyly zjištěny,0,0,0,2,VOLKSWAGEN,nedošlo k požáru,110,žádné z uvedených,osobní automobil bez přívěsu,2001,"soukromé, nevyužívané k výdělečné činnos",80,nebylo třeba užít násilí,nehoda pouze s hmotnou škodou,z boku,proti příkazu dopravní značky STŮJ DEJ PŘEDNOST,"povrch suchý, neznečistěný",neztížené,dobré,na jízdním pruhu,přednost vyznačena dopravními značkami,přímý úsek,neurčeno,vozidlo jedoucí - na komunikaci bez stan,srážka s vlakem,"nepřichází v úvahu, nejde o srážku s pev",živice,"dobrý, bez závad","ve dne, viditelnost nezhoršená vlivem po",dvoupruhová,místní úprava (vyplní se pol. 24),železniční přejezd zabezpečený,mimo křižovatku,ne,P4790,6.99906462224,Trutnov hl.n. - Kalná Voda,"2,253",Ne,C,,ul. Mírová,50° 34' 39.84161'' N,15° 53' 29.22912'' E,50.57773,15.89145
16.635394167261893,49.382146184881726,60106120331,Blansko (Jihomoravský kraj),2012-09-09 00:15:00,silnice 3.třídy,37435,řidičem motorového vozidla,bez příslušného řidičského oprávnění,řidič nebyl ovlivněn,"ano, obsah alkoholu v&nbsp;krvi od 1,0‰ do 1,5‰",pod vlivem alkoholu obsah alkoholu v krvi 1‰ a více,0,0,1,1,TOYOTA,žádná z uvedených,1500,"došlo k úniku pohonných hmot, oleje, chl",osobní automobil bez přívěsu,2003,"soukromé, nevyužívané k výdělečné činnos",800,nebylo třeba užít násilí,nehoda s následky na životě nebo zdraví,"nepřichází v úvahu, nejde o srážku jedou","nepř. rychlosti dopravně technickému stavu vozovky (zatáčka,klesání,stoupání,šířka apod.)",povrch mokrý,déšť,dobré,na jízdním pruhu,žádná místní úprava,zatáčka,neurčeno,jedoucí - ve směru staničení na komunika,srážka s pevnou překážkou,závory železničního přejezdu,živice,"dobrý, bez závad","v noci - bez veřejného osvětlení, vidite",žádná z uvedených,žádný způsob řízení provozu,železniční přejezd zabezpečený,mimo křižovatku,ano,P6803,0.75019554373,Blansko - Rájec Jestřebí,"182,324",Ano,III.,37435,Ráječko,49° 22' 55.71205'' N,16° 38' 07.40454'' E,49.38214,16.63539
16.606465859799037,49.144131573645197,60206121269,Brno (Jihomoravský kraj),2012-07-16 17:55:00,komunikace sledovaná (ve vybraných městech),0,řidičem motorového vozidla,s řidičským oprávněním skupiny c,řidič nebyl ovlivněn,nezjišťováno,dobrý -žádné nepříznivé okolnosti nebyly zjištěny,0,0,0,1,FORD,žádná z uvedených,100,žádné z uvedených,"nákladní automobil (včetně multikáry, au",2003,"soukromé, nevyužívané k výdělečné činnos",0,nebylo třeba užít násilí,nehoda pouze s hmotnou škodou,"nepřichází v úvahu, nejde o srážku jedou",řidič se plně nevěnoval řízení vozidla,"povrch suchý, neznečistěný",neztížené,dobré,na jízdním pruhu,žádná místní úprava,přímý úsek,neurčeno,jedoucí - proti směru staničení na komun,srážka s pevnou překážkou,závory železničního přejezdu,živice,"dobrý, bez závad","ve dne, viditelnost nezhoršená vlivem po",dvoupruhová,světelným signalizačním zařízením,železniční přejezd zabezpečený,mimo křižovatku,ne,P6797,7.59910670207,žst. Brno jih,"138,18",Ano,III.,15281,Moravanská,49° 08' 38.86797'' N,16° 36' 23.65075'' E,49.14413,16.60657
16.409472720626855,49.172050236736062,60306120104,Tetčice (Jihomoravský kraj),2012-02-02 16:00:00,silnice 2.třídy,394,závadou komunikace,s řidičským oprávněním skupiny c,řidič nebyl ovlivněn,nezjišťováno,dobrý -žádné nepříznivé okolnosti nebyly zjištěny,0,0,0,1,OPEL,žádná z uvedených,50,žádné z uvedených,osobní automobil bez přívěsu,2003,"soukromé, nevyužívané k výdělečné činnos",50,nebylo třeba užít násilí,nehoda pouze s hmotnou škodou,"nepřichází v úvahu, nejde o srážku jedou",nezaviněná řidičem,"povrch suchý, neznečistěný",neztížené,dobré,na jízdním pruhu,žádná místní úprava,přímý úsek,neurčeno,jedoucí - ve směru staničení na komunika,jiný druh nehody,"nepřichází v úvahu, nejde o srážku s pev",živice,jiný (neuvedený) stav nebo závada komuni,"ve dne, viditelnost nezhoršená vlivem po",dvoupruhová,žádný způsob řízení provozu,železniční přejezd zabezpečený,mimo křižovatku,ne,P3821,5.10635490927,žst. Tetčice,"6,441",Ne,II.,394,v žst.Tetčice,49° 10' 19.28777'' N,16° 24' 33.90342'' E,49.17202,16.40942
16.760940860741997,49.156732321250871,60306120165,Jiříkovice (Jihomoravský kraj),2012-02-21 11:01:00,komunikace místní,0,řidičem motorového vozidla,s řidičským oprávněním skupiny c,řidič nebyl ovlivněn,ne,dobrý -žádné nepříznivé okolnosti nebyly zjištěny,0,1,0,2,žádná z uvedených,žádná z uvedených,4200,žádné z uvedených,traktor (i s přívěsem),1990,"soukromá organizace (podnikatel, s.r.o.,",500,nebylo třeba užít násilí,nehoda s následky na životě nebo zdraví,boční,jiné nedání přednosti,povrch mokrý,neztížené,dobré,na jízdním pruhu,žádná místní úprava,přímý úsek po projetí zatáčkou (do vzdál,neurčeno,vozidlo jedoucí - na komunikaci bez stan,srážka s vlakem,"nepřichází v úvahu, nejde o srážku s pev",jiný nezpevněný povrch,jiný (neuvedený) stav nebo závada komuni,"ve dne, viditelnost nezhoršená vlivem po",žádná z uvedených,světelným signalizačním zařízením,železniční přejezd zabezpečený,mimo křižovatku,ne,P7904,5.81718529757,Šlapanice - Blažovice,"13,366",Ano,O,,z Jiříkovic ke Gruntům,49° 09' 24.03355'' N,16° 45' 39.38660'' E,49.15668,16.76094
16.396395464065275,49.098165203878047,60306120169,Ivančice (Jihomoravský kraj),2012-02-23 06:30:00,silnice 2.třídy,152,řidičem motorového vozidla,s řidičským oprávněním skupiny c,řidič nebyl ovlivněn,ne,dobrý -žádné nepříznivé okolnosti nebyly zjištěny,0,0,0,2,ŠKODA,nedošlo k požáru,300,žádné z uvedených,osobní automobil bez přívěsu,2001,"soukromé, nevyužívané k výdělečné činnos",300,nebylo třeba užít násilí,nehoda pouze s hmotnou škodou,boční,jiné nedání přednosti,"povrch suchý, neznečistěný",neztížené,dobré,na jízdním pruhu,přednost vyznačena přenosnými dopravními,zatáčka,neurčeno,jedoucí - ve směru staničení na komunika,srážka s vlakem,"nepřichází v úvahu, nejde o srážku s pev",živice,"dobrý, bez závad","ve dne, viditelnost nezhoršená vlivem po",dvoupruhová,místní úprava (vyplní se pol. 24),železniční přejezd zabezpečený,mimo křižovatku,ne,P3950,5.33510348999,Moravské Bránice - Ivančice,"3,78",Ne,II.,152,Skřípák,49° 05' 53.22600'' N,16° 23' 47.12000'' E,49.09812,16.39642
16.639774720909756,48.790900578905841,60406120026,Mikulov (Jihomoravský kraj),2012-02-02 17:20:00,komunikace místní,0,řidičem motorového vozidla,nezjištěno,jiné ovlivnění,nezjišťováno,jiný nepříznivý stav,0,0,0,1,žádná z uvedených,žádná z uvedených,100,žádné z uvedených,"nezjištěno, řidič ujel",,žádná z uvedených,0,žádná z uvedených,nehoda pouze s hmotnou škodou,"nepřichází v úvahu, nejde o srážku jedou","bezohledná, agresivní, neohleduplná jízda","povrch suchý, neznečistěný",neztížené,dobré,žádné z uvedených,žádná místní úprava,přímý úsek,neurčeno,žádná z uvedených,srážka s pevnou překážkou,závory železničního přejezdu,živice,"dobrý, bez závad","v noci - s veřejným osvětlením,viditelno",dvoupruhová,světelným signalizačním zařízením,železniční přejezd zabezpečený,mimo křižovatku,ne,P7104,16.2707779385,Valtice - Mikulov na Mor.,"105,193",Ne,III.,526,ke staré celnici,48° 47' 27.55354'' N,16° 38' 23.83378'' E,48.79099,16.63995
16.822729781779056,48.897484686046852,60406120051,Velké Pavlovice (Jihomoravský kraj),2012-03-03 07:46:00,silnice 2.třídy,421,řidičem motorového vozidla,s řidičským oprávněním skupiny c,řidič nebyl ovlivněn,ne,dobrý -žádné nepříznivé okolnosti nebyly zjištěny,0,5,0,2,IVECO,žádná z uvedených,19700,žádné z uvedených,"nákladní automobil (včetně multikáry, au",2007,"soukromá organizace (podnikatel, s.r.o.,",3500,nebylo třeba užít násilí,nehoda s následky na životě nebo zdraví,z boku,jiné nedání přednosti,"povrch suchý, neznečistěný",neztížené,dobré,na jízdním pruhu,žádná místní úprava,přímý úsek,neurčeno,jedoucí - ve směru staničení na komunika,srážka s vlakem,"nepřichází v úvahu, nejde o srážku s pev",živice,"dobrý, bez závad","ve dne, viditelnost nezhoršená vlivem po",dvoupruhová,světelným signalizačním zařízením,železniční přejezd nezabezpečený,mimo křižovatku,ne,P7140,5.37020296672,Velké Pavlovice - Bořetice,"4,74",Ne,II.,421,u Vinopy,48° 53' 50.90547'' N,16° 49' 21.58921'' E,48.89747,16.82266
16.762943060097175,48.749084156730461,60406120078,Valtice (Jihomoravský kraj),2012-03-31 05:35:00,silnice 2.třídy,422,řidičem motorového vozidla,"nezjištěno, řidič místo nehody opustil",jiné ovlivnění,nezjišťováno,jiný nepříznivý stav,0,0,0,2,FORD,řidič ujel - nezjištěn,400,žádné z uvedených,osobní automobil bez přívěsu,2010,"soukromé, nevyužívané k výdělečné činnos",300,nebylo třeba užít násilí,nehoda pouze s hmotnou škodou,z boku,řidič se plně nevěnoval řízení vozidla,"povrch suchý, neznečistěný",neztížené,dobré,na jízdním pruhu,žádná místní úprava,přímý úsek,neurčeno,jedoucí - ve směru staničení na komunika,srážka s vlakem,"nepřichází v úvahu, nejde o srážku s pev",živice,"dobrý, bez závad","v noci - s veřejným osvětlením,viditelno",dvoupruhová,žádný způsob řízení provozu,železniční přejezd zabezpečený,mimo křižovatku,ne,P7096,19.0504365373,Boří les - Valtice,"94,2",Ne,II.,422,,48° 44' 56.14474'' N,16° 45' 46.20200'' E,48.74893,16.76283
16.94570818058072,48.784146507095492,60406120100,Hrušky (Jihomoravský kraj),2012-03-19 23:59:00,silnice 3.třídy,4243,řidičem motorového vozidla,nezjištěno,jiné ovlivnění,nezjišťováno,jiný nepříznivý stav,0,0,0,1,žádná z uvedených,žádná z uvedených,100,žádné z uvedených,"nezjištěno, řidič ujel",,žádná z uvedených,0,žádná z uvedených,nehoda pouze s hmotnou škodou,"nepřichází v úvahu, nejde o srážku jedou",řidič se plně nevěnoval řízení vozidla,"povrch suchý, neznečistěný",neztížené,dobré,na jízdním pruhu,žádná místní úprava,přímý úsek,neurčeno,žádná z uvedených,srážka s pevnou překážkou,závory železničního přejezdu,živice,"dobrý, bez závad","ve dne, viditelnost nezhoršená vlivem po",dvoupruhová,světelným signalizačním zařízením,železniční přejezd zabezpečený,mimo křižovatku,ne,P8151,5.41301078353,žst. Hrušky,"88,58",Ano,III.,4243,Hrušecký,48° 47' 02.75690'' N,16° 56' 44.63900'' E,48.7841,16.94573
16.862696810492189,48.738145588130145,60406120101,Břeclav (Jihomoravský kraj),2012-04-19 07:15:00,silnice 1.třídy,55,řidičem motorového vozidla,nezjištěno,řidič nebyl ovlivněn,pod vlivem drog,"pod vlivem léků, narkotik",0,1,0,1,BMW,nedošlo k požáru,6050,žádné z uvedených,osobní automobil bez přívěsu,2010,registrované mimo území ČR,5000,nebylo třeba užít násilí,nehoda s následky na životě nebo zdraví,"nepřichází v úvahu, nejde o srážku jedou",nepř. rychlosti vlastnostem vozidla a nákladu,"povrch suchý, neznečistěný",neztížené,dobré,mimo komunikaci,žádná místní úprava,zatáčka,neurčeno,jedoucí - ve směru staničení na komunika,srážka s pevnou překážkou,"zeď,pevná část mostů,podjezdů,tunelů apo",živice,"dobrý, bez závad","ve dne, viditelnost nezhoršená vlivem po",dvoupruhová,žádný způsob řízení provozu,železniční přejezd zabezpečený,mimo křižovatku,ano,P7090,1.87427473493,žst. Boří les,"86,372",Ne,I.,55,u žst.Boří les,48° 44' 17.36281'' N,16° 51' 45.74928'' E,48.73816,16.86271
17.040404077151145,48.813949746534185,60406120113,Mikulčice (Jihomoravský kraj),2012-05-05 16:36:00,silnice 3.třídy,5531,řidičem motorového vozidla,s řidičským oprávněním skupiny c,řidič nebyl ovlivněn,ne,dobrý -žádné nepříznivé okolnosti nebyly zjištěny,0,0,0,1,MAN,nedošlo k požáru,150,žádné z uvedených,nákladní automobil s návěsem,2005,"soukromá organizace (podnikatel, s.r.o.,",1,nebylo třeba užít násilí,nehoda pouze s hmotnou škodou,"nepřichází v úvahu, nejde o srážku jedou",jízda na “červené světlo“,"povrch suchý, neznečistěný",neztížené,dobré,na jízdním pruhu,žádná místní úprava,přímý úsek po projetí zatáčkou (do vzdál,neurčeno,jedoucí - proti směru staničení na komun,srážka s pevnou překážkou,závory železničního přejezdu,živice,"dobrý, bez závad","ve dne, viditelnost nezhoršená vlivem po",dvoupruhová,světelným signalizačním zařízením,železniční přejezd zabezpečený,mimo křižovatku,ne,P8152,4.02345036446,Moravská Nová Ves - Lužice,"96,682",Ano,III.,5531,Moravská nová Ves-Mikulčice,48° 48' 50.14824'' N,17° 02' 25.61688'' E,48.81393,17.04045
16.932013964548425,48.747179954051418,60406120182,Kostice (Jihomoravský kraj),2012-06-28 14:29:00,silnice 3.třídy,4245,řidičem motorového vozidla,nezjištěno,jiné ovlivnění,nezjišťováno,jiný nepříznivý stav,0,0,0,1,žádná z uvedených,žádná z uvedených,100,žádné z uvedených,"nezjištěno, řidič ujel",,žádná z uvedených,0,žádná z uvedených,nehoda pouze s hmotnou škodou,"nepřichází v úvahu, nejde o srážku jedou",řidič se plně nevěnoval řízení vozidla,"povrch suchý, neznečistěný",neztížené,dobré,na jízdním pruhu,žádná místní úprava,přímý úsek,neurčeno,žádná z uvedených,srážka s pevnou překážkou,závory železničního přejezdu,živice,"dobrý, bez závad","ve dne, viditelnost nezhoršená vlivem po",dvoupruhová,žádný způsob řízení provozu,železniční přejezd zabezpečený,mimo křižovatku,ne,P8345,9.38490360331,Břeclav - Lanžhot,"4,983",Ano,III.,4245,Kostická váha,48° 44' 49.92971'' N,16° 55' 54.81879'' E,48.7472,16.93189
17.333263122439266,48.99402967990855,60606120041,Moravský Písek (Jihomoravský kraj),2012-02-22 19:13:00,silnice 2.třídy,427,řidičem motorového vozidla,s řidičským oprávněním skupiny c,řidič nebyl ovlivněn,ne,dobrý -žádné nepříznivé okolnosti nebyly zjištěny,0,0,0,1,RENAULT,nedošlo k požáru,300,žádné z uvedených,nákladní automobil s návěsem,2007,registrované mimo území ČR,100,nebylo třeba užít násilí,nehoda pouze s hmotnou škodou,"nepřichází v úvahu, nejde o srážku jedou",jiný druh nesprávného způsobu jízdy,"povrch suchý, neznečistěný",neztížené,dobré,na jízdním pruhu,žádná místní úprava,přímý úsek po projetí zatáčkou (do vzdál,neurčeno,jedoucí - proti směru staničení na komun,srážka s pevnou překážkou,závory železničního přejezdu,živice,"dobrý, bez závad","v noci - s veřejným osvětlením,viditelno",dvoupruhová,světelným signalizačním zařízením,železniční přejezd zabezpečený,mimo křižovatku,ne,P8158,21.2006595761,Moravský Písek - Nedakonice-25kV,"126,755",Ano,II.,427,"Mor.Písek-Polešovice; hr.Chlad",48° 59' 39.17440'' N,17° 19' 59.80264'' E,48.99422,17.33328
17.122739339611222,49.003727095826697,60606120051,Kyjov (Jihomoravský kraj),2012-02-29 08:55:00,komunikace místní,0,řidičem motorového vozidla,s řidičským oprávněním skupiny c,řidič nebyl ovlivněn,ne,dobrý -žádné nepříznivé okolnosti nebyly zjištěny,0,0,0,1,IVECO,žádná z uvedených,250,žádné z uvedených,nákladní automobil s návěsem,2004,registrované mimo území ČR,0,nebylo třeba užít násilí,nehoda pouze s hmotnou škodou,"nepřichází v úvahu, nejde o srážku jedou","bezohledná, agresivní, neohleduplná jízda","povrch suchý, neznečistěný",neztížené,dobré,mimo komunikaci,žádná místní úprava,přímý úsek,neurčeno,vozidlo jedoucí - na komunikaci bez stan,srážka s pevnou překážkou,závory železničního přejezdu,živice,"dobrý, bez závad","ve dne, viditelnost nezhoršená vlivem po",dvoupruhová,žádný způsob řízení provozu,železniční přejezd zabezpečený,mimo křižovatku,ne,P7935,13.5786162372,,"0,701853 Kolej č.1",ne,místní,,"""šroubárenský přejed 64 km""",49° 0' 33.93''N,17° 0' 21.981''E,49.00943,17.00611
17.004846247091155,48.913572594819655,60606120265,Mutěnice (Jihomoravský kraj),2012-07-20 10:05:00,silnice 2.třídy,380,řidičem motorového vozidla,s řidičským oprávněním skupiny b,řidič nebyl ovlivněn,ne,dobrý -žádné nepříznivé okolnosti nebyly zjištěny,0,1,0,2,FORD,nedošlo k požáru,1100,žádné z uvedených,osobní automobil bez přívěsu,2000,"soukromé, nevyužívané k výdělečné činnos",600,použitím páčidel apod.,nehoda s následky na životě nebo zdraví,z boku,jiné nedání přednosti,"povrch suchý, neznečistěný",neztížené,dobré,na jízdním pruhu,žádná místní úprava,přímý úsek,neurčeno,jedoucí - ve směru staničení na komunika,srážka s vlakem,"nepřichází v úvahu, nejde o srážku s pev",živice,"dobrý, bez závad","ve dne, viditelnost nezhoršená vlivem po",dvoupruhová,žádný způsob řízení provozu,železniční přejezd zabezpečený,mimo křižovatku,ne,P7160,26.4215723646,Čejč - Mutěnice,"24,32",Ne,II.,380,Hovoranský přejezd,48° 54' 48.00922'' N,17° 00' 17.71763'' E,48.91334,17.00492