X,Y,id,obec,datum,komunikace,komunika_1,zavineni,ridic_kate,ridic_ovli,vinik_alko,ridic_stav,obeti_usmr,obeti_lehc,obeti_tezc,vozidel_ce,vinik_vozi,vinik_vo_1,skoda,unik_hmot,vinik_vo_2,vinik_vo_3,vinik_vo_4,vinik_skod,vyprosteni,nehoda_cha,srazka_voz,hlavni_pri,povrch_sta,meteo,rozhled,nehoda_pol,prednost_v,smerove_po,druh_krizu,smer_jizdy,nehoda_dru,pevna_prek,povrch_dru,komunika_2,viditelnos,komunika_3,rizeni_pro,objekty,misto_neho,smyk,neighbors_TargetID,neighbors_Distance,neighbors_prejezdy-dec_Název definičního úseku,neighbors_prejezdy-dec_Žkm přejezdu,neighbors_prejezdy-dec_Přejezd s trolejovým vedením,neighbors_prejezdy-dec_Třída pozemní komunikace,neighbors_prejezdy-dec_Číslo pozemní komunikace,neighbors_prejezdy-dec_Místní název přejezdu,neighbors_prejezdy-dec_Zeměpisná šířka,neighbors_prejezdy-dec_Zeměpisná délka,neighbors_prejezdy-dec_field_10,neighbors_prejezdy-dec_field_11
12.725338305001957,50.323348962174286,190306120156,Nejdek (Karlovarský kraj),2012-04-04 17:15:00,komunikace místní,0,řidičem motorového vozidla,s řidičským oprávněním skupiny c,řidič nebyl ovlivněn,ne,dobrý -žádné nepříznivé okolnosti nebyly zjištěny,0,0,0,2,NISSAN,nedošlo k požáru,2500,žádné z uvedených,osobní automobil bez přívěsu,2007,"soukromé, nevyužívané k výdělečné činnos",2000,nebylo třeba užít násilí,nehoda pouze s hmotnou škodou,z boku,jiné nedání přednosti,"povrch suchý, neznečistěný",neztížené,dobré,na jízdním pruhu,přednost vyznačena přenosnými dopravními,přímý úsek,neurčeno,vozidlo jedoucí - na komunikaci bez stan,srážka s vlakem,"nepřichází v úvahu, nejde o srážku s pev",živice,"dobrý, bez závad","ve dne, viditelnost nezhoršená vlivem po",dvoupruhová,místní úprava (vyplní se pol. 24),železniční přejezd zabezpečený,mimo křižovatku,ne,P173,34.5715498348,Nejdek - METALIS,"20,548",Ne,C,,,50° 19' 23.92182'' N,12° 43' 32.95771'' E,50.32331,12.72582
12.719628460211375,50.33207125581275,190306120172,Nejdek (Karlovarský kraj),2012-04-12 14:30:00,komunikace místní,0,řidičem motorového vozidla,s řidičským oprávněním skupiny b,řidič nebyl ovlivněn,ne,dobrý -žádné nepříznivé okolnosti nebyly zjištěny,0,1,0,2,ŠKODA,nedošlo k požáru,300,žádné z uvedených,osobní automobil bez přívěsu,2007,"soukromé, nevyužívané k výdělečné činnos",200,nebylo třeba užít násilí,nehoda s následky na životě nebo zdraví,boční,jiné nedání přednosti,"povrch suchý, neznečistěný",neztížené,dobré,na jízdním pruhu,přednost vyznačena dopravními značkami,přímý úsek po projetí zatáčkou (do vzdál,neurčeno,vozidlo jedoucí - na komunikaci bez stan,srážka s vlakem,"nepřichází v úvahu, nejde o srážku s pev",živice,nesouvislé výtluky,"ve dne, viditelnost nezhoršená vlivem po",žádná z uvedených,místní úprava (vyplní se pol. 24),železniční přejezd nezabezpečený,mimo křižovatku,ne,P177,7.06446592827,METALIS - Nové Hamry,"21,828",Ne,C,,,50° 19' 55.55746'' N,12° 43' 10.35926'' E,50.3321,12.71954
12.912941173693092,50.273735911025447,190306120305,Sadov (Karlovarský kraj),2012-06-27 08:59:00,komunikace místní,0,řidičem motorového vozidla,s řidičským oprávněním skupiny b,řidič nebyl ovlivněn,ne,dobrý -žádné nepříznivé okolnosti nebyly zjištěny,0,0,0,2,BMW,nedošlo k požáru,5050,žádné z uvedených,osobní automobil bez přívěsu,2007,"soukromé, nevyužívané k výdělečné činnos",5000,nebylo třeba užít násilí,nehoda pouze s hmotnou škodou,z boku,jízda na “červené světlo“,"povrch suchý, neznečistěný",neztížené,dobré,na jízdním pruhu,žádná místní úprava,přímý úsek,neurčeno,vozidlo jedoucí - na komunikaci bez stan,srážka s vlakem,"nepřichází v úvahu, nejde o srážku s pev",živice,"dobrý, bez závad","ve dne, viditelnost nezhoršená vlivem po",dvoupruhová,světelným signalizačním zařízením,železniční přejezd zabezpečený,mimo křižovatku,ne,P80,36.7014840522,Hájek - Dalovice,"179,337",Ano,O,,,50° 16' 24.31419'' N,12° 54' 47.13029'' E,50.27342,12.91309
12.71000215822424,50.34298822131359,190306120375,Vysoká Pec (Karlovarský kraj),2012-07-29 10:30:00,silnice 3.třídy,2194,řidičem motorového vozidla,s řidičským oprávněním skupiny b,řidič nebyl ovlivněn,ne,dobrý -žádné nepříznivé okolnosti nebyly zjištěny,0,0,0,1,ŠKODA,nedošlo k požáru,180,žádné z uvedených,osobní automobil bez přívěsu,1997,"soukromé, nevyužívané k výdělečné činnos",80,nebylo třeba užít násilí,nehoda pouze s hmotnou škodou,"nepřichází v úvahu, nejde o srážku jedou",řidič se plně nevěnoval řízení vozidla,povrch mokrý,neztížené,dobré,na jízdním pruhu,žádná místní úprava,přímý úsek po projetí zatáčkou (do vzdál,neurčeno,jedoucí - proti směru staničení na komun,srážka s pevnou překážkou,závory železničního přejezdu,živice,"dobrý, bez závad","ve dne, viditelnost nezhoršená vlivem po",dvoupruhová,žádný způsob řízení provozu,železniční přejezd zabezpečený,mimo křižovatku,ne,P180,37.9502126743,METALIS - Nové Hamry,"23,315",Ne,III.,2194,,50° 20' 34.60145'' N,12° 42' 37.89609'' E,50.34294,12.71053
12.78284861904212,50.269476316881573,190306120406,Nová Role (Karlovarský kraj),2012-08-15 15:50:00,silnice 2.třídy,209,řidičem motorového vozidla,s řidičským oprávněním skupiny b,řidič nebyl ovlivněn,ne,dobrý -žádné nepříznivé okolnosti nebyly zjištěny,0,4,0,2,žádná z uvedených,nedošlo k požáru,15000,žádné z uvedených,traktor (i s přívěsem),2005,"soukromé, využívané k výdělečné činnosti",2000,nebylo třeba užít násilí,nehoda s následky na životě nebo zdraví,z boku,jiné nedání přednosti,"povrch suchý, neznečistěný",neztížené,špatné vlivem profilu komunikace (nepřeh,na jízdním pruhu,žádná místní úprava,přímý úsek po projetí zatáčkou (do vzdál,neurčeno,jedoucí - ve směru staničení na komunika,srážka s vlakem,"nepřichází v úvahu, nejde o srážku s pev",živice,"dobrý, bez závad","ve dne, viditelnost nezhoršená vlivem po",dvoupruhová,světelným signalizačním zařízením,železniční přejezd zabezpečený,mimo křižovatku,ne,P155,2.87886352413,Stará Role - Nová Role,"11,485",Ne,II.,209,,50° 16' 10.05687'' N,12° 46' 58.36910'' E,50.26946,12.78288
12.879921293343379,50.242466190340828,190306120416,Karlovy Vary (Karlovarský kraj),2012-08-18 10:00:00,komunikace místní,0,řidičem motorového vozidla,s řidičským oprávněním skupiny b,oslněn sluncem,ne,dobrý -žádné nepříznivé okolnosti nebyly zjištěny,0,0,0,1,ŠKODA,nedošlo k požáru,120,žádné z uvedených,osobní automobil bez přívěsu,2001,"soukromé, nevyužívané k výdělečné činnos",70,nebylo třeba užít násilí,nehoda pouze s hmotnou škodou,"nepřichází v úvahu, nejde o srážku jedou",řidič se plně nevěnoval řízení vozidla,"povrch suchý, neznečistěný",neztížené,dobré,na chodníku nebo ostrůvku,žádná místní úprava,zatáčka,neurčeno,vozidlo jedoucí - na komunikaci bez stan,srážka s pevnou překážkou,"odrazník, patník, sloupek, dopr.značky a",živice,"dobrý, bez závad","ve dne, viditelnost nezhoršená vlivem po",dvoupruhová,žádný způsob řízení provozu,železniční přejezd zabezpečený,mimo křižovatku,ne,P83,64.7837149145,Dalovice - Karlovy Vary,"184,15",Ano,B,,Teplárenská ulice,50° 14' 34.87901'' N,12° 52' 46.71158'' E,50.24302,12.87964
12.886178715503455,50.256614482154625,190306120442,Otovice (Karlovarský kraj),2012-09-09 23:45:00,silnice 3.třídy,22129,řidičem motorového vozidla,bez příslušného řidičského oprávnění,řidič nebyl ovlivněn,"ano, obsah alkoholu v&nbsp;krvi 1,5‰ a více",pod vlivem alkoholu obsah alkoholu v krvi 1‰ a více,0,1,0,1,ŠKODA,nedošlo k požáru,3850,"došlo k úniku pohonných hmot, oleje, chl",osobní automobil bez přívěsu,1998,"soukromé, nevyužívané k výdělečné činnos",800,nebylo třeba užít násilí,nehoda s následky na životě nebo zdraví,"nepřichází v úvahu, nejde o srážku jedou","nepř. rychlosti dopravně technickému stavu vozovky (zatáčka,klesání,stoupání,šířka apod.)","povrch suchý, neznečistěný",neztížené,dobré,na jízdním pruhu,žádná místní úprava,zatáčka,neurčeno,jedoucí - ve směru staničení na komunika,srážka s pevnou překážkou,závory železničního přejezdu,živice,"dobrý, bez závad","v noci - s veřejným osvětlením,viditelno",dvoupruhová,policistou nebo jiným pověřeným orgánem,železniční přejezd zabezpečený,mimo křižovatku,ne,P82,22.0934300266,žst. Dalovice,"182,304",Ano,III.,22129,,50° 15' 24.39570'' N,12° 53' 10.84808'' E,50.25678,12.88635
12.748898918324059,50.192288921006757,190906120120,Loket (Karlovarský kraj),2012-05-05 06:34:00,silnice 2.třídy,209,řidičem motorového vozidla,s řidičským oprávněním skupiny b,řidič nebyl ovlivněn,ne,dobrý -žádné nepříznivé okolnosti nebyly zjištěny,0,2,0,2,MAZDA,nedošlo k požáru,2000,žádné z uvedených,osobní automobil bez přívěsu,2006,"soukromé, nevyužívané k výdělečné činnos",1000,nebylo třeba užít násilí,nehoda s následky na životě nebo zdraví,z boku,jiný druh nepřiměřené rychlosti,povrch mokrý,déšť,dobré,na jízdním pruhu,přednost vyznačena dopravními značkami,křižovatka styková - tříramenná,účelová komunikace,zachycuje směr jízdy křižovatkou,srážka s jedoucím nekolejovým vozidlem,"nepřichází v úvahu, nejde o srážku s pev",živice,"dobrý, bez závad","ve dne, viditelnost nezhoršená vlivem po",dvoupruhová,místní úprava (vyplní se pol. 24),železniční přejezd zabezpečený,"na křižovatce, uvnitř hranic křižovatky",ne,P405,1.17815850721,Loket - Nové Sedlo u Lokte,"15,61",Ne,II.,209,,50° 11' 32.21638'' N,12° 44' 56.00634'' E,50.19228,12.74889
14.400891671121068,50.073143501172154,3100127523,Praha (Hlavní město Praha),2012-12-21 16:50:00,komunikace účelová - ostatní (parkoviště apod.),0,řidičem motorového vozidla,s řidičským oprávněním skupiny c,řidič nebyl ovlivněn,ne,dobrý -žádné nepříznivé okolnosti nebyly zjištěny,0,0,0,2,PEUGEOT,nedošlo k požáru,700,žádné z uvedených,osobní automobil bez přívěsu,2012,"soukromá organizace (podnikatel, s.r.o.,",500,nebylo třeba užít násilí,nehoda pouze s hmotnou škodou,boční,jiný druh nesprávného způsobu jízdy,"povrch suchý, neznečistěný",neztížené,dobré,na jízdním pruhu,žádná místní úprava,přímý úsek,neurčeno,vozidlo jedoucí - na komunikaci bez stan,srážka s jedoucím nekolejovým vozidlem,"nepřichází v úvahu, nejde o srážku s pev",živice,"dobrý, bez závad","ve dne, viditelnost nezhoršená vlivem po",vícepruhová,žádný způsob řízení provozu,železniční přejezd nezabezpečený,mimo křižovatku,ne,P2192,1972.80893146,Praha-Žvahov - Praha-Jinonice,"7,139",Ne,III.,,"ul. Výmolova, ke hřbitovu",50° 03' 21.85212'' N,14° 23' 36.31175'' E,50.05607,14.39342
14.241034656837233,50.263978839074127,10306120893,Velvary (Středočeský kraj),2012-12-12 15:52:00,silnice 2.třídy,240,řidičem motorového vozidla,s řidičským oprávněním skupiny c,řidič nebyl ovlivněn,ne,dobrý -žádné nepříznivé okolnosti nebyly zjištěny,0,0,0,2,RENAULT,nedošlo k požáru,1820,"došlo k úniku pohonných hmot, oleje, chl",osobní automobil bez přívěsu,2012,"soukromé, nevyužívané k výdělečné činnos",1300,nebylo třeba užít násilí,nehoda pouze s hmotnou škodou,čelní,"nepř. rychlosti stavu vozovky (náledí, výtluky, bláto, mokrý povrch apod.)","na vozovce je náledí, ujetý sníh - nepos",sněžení,špatné vlivem profilu komunikace (nepřeh,na krajnici,žádná místní úprava,přímý úsek po projetí zatáčkou (do vzdál,neurčeno,jedoucí - ve směru staničení na komunika,srážka s vlakem,"nepřichází v úvahu, nejde o srážku s pev",živice,"dobrý, bez závad","ve dne, zhoršená viditelnost vlivem pově",dvoupruhová,žádný způsob řízení provozu,železniční přejezd nezabezpečený,mimo křižovatku,ano,P2108,454.302672555,Velká Bučina - Velvary,"8,009",Ne,III.,24030,,50° 16' 04.66780'' N,14° 14' 22.61266'' E,50.26796,14.23961
15.128073095370709,49.971608586669781,10406120531,Kořenice (Středočeský kraj),2012-10-20 12:55:00,silnice 2.třídy,125,řidičem motorového vozidla,s řidičským oprávněním skupiny c,řidič nebyl ovlivněn,ne,dobrý -žádné nepříznivé okolnosti nebyly zjištěny,0,2,0,2,VOLVO,nedošlo k požáru,25010,žádné z uvedených,nákladní automobil s návěsem,1997,"soukromé, využívané k výdělečné činnosti",0,nebylo třeba užít násilí,nehoda s následky na životě nebo zdraví,z boku,jiné nedání přednosti,"povrch suchý, neznečistěný",mlha,dobré,na jízdním pruhu,přednost vyznačena dopravními značkami,přímý úsek,neurčeno,jedoucí - ve směru staničení na komunika,srážka s vlakem,"nepřichází v úvahu, nejde o srážku s pev",živice,"dobrý, bez závad","ve dne, zhoršená viditelnost vlivem pově",dvoupruhová,místní úprava (vyplní se pol. 24),železniční přejezd nezabezpečený,mimo křižovatku,ne,P5911,8.33550867258,Ratboř vl.Cukrovar - Bečváry,"11,326",Ne,II.,125,,49° 58' 17.54524'' N,15° 07' 41.24952'' E,49.97154,15.12812
15.142160952125428,49.974261597549919,10406120645,Kořenice (Středočeský kraj),2012-12-19 13:15:00,silnice 3.třídy,12544,řidičem motorového vozidla,s řidičským oprávněním skupiny b,řidič nebyl ovlivněn,ne,dobrý -žádné nepříznivé okolnosti nebyly zjištěny,0,0,0,2,FORD,nedošlo k požáru,920,žádné z uvedených,osobní automobil bez přívěsu,2005,"soukromé, nevyužívané k výdělečné činnos",800,nebylo třeba užít násilí,nehoda pouze s hmotnou škodou,z boku,jiný druh nesprávného způsobu jízdy,povrch mokrý,"na počátku deště, slabý déšť",dobré,na jízdním pruhu,přednost vyznačena dopravními značkami,přímý úsek,neurčeno,jedoucí - ve směru staničení na komunika,srážka s vlakem,"nepřichází v úvahu, nejde o srážku s pev",živice,"dobrý, bez závad","ve dne, viditelnost nezhoršená vlivem po",dvoupruhová,místní úprava (vyplní se pol. 24),železniční přejezd nezabezpečený,mimo křižovatku,ne,P5909,5.10852966897,Ratboř vl.Cukrovar - Bečváry,"10,261",Ne,III.,12544,,49° 58' 27.46750'' N,15° 08' 31.90269'' E,49.9743,15.1422
15.02742466267309,49.774879005681221,10506120428,Kácov (Středočeský kraj),2012-11-29 16:00:00,komunikace místní,0,řidičem motorového vozidla,s řidičským oprávněním skupiny c,řidič nebyl ovlivněn,ne,dobrý -žádné nepříznivé okolnosti nebyly zjištěny,0,0,0,1,MAN,žádná z uvedených,120,žádné z uvedených,nákladní automobil s návěsem,2007,"soukromá organizace (podnikatel, s.r.o.,",0,nebylo třeba užít násilí,nehoda pouze s hmotnou škodou,"nepřichází v úvahu, nejde o srážku jedou",nesprávné otáčení nebo couvání,povrch mokrý,sněžení,dobré,mimo komunikaci,žádná místní úprava,přímý úsek,neurčeno,vozidlo jedoucí - na komunikaci bez stan,srážka s pevnou překážkou,"jiná překážka (zábradlí,oplocení,násep,n",živice,"dobrý, bez závad","v noci - bez veřejného osvětlení,viditel",dvoupruhová,žádný způsob řízení provozu,železniční přejezd nezabezpečený,mimo křižovatku,ne,P5828,20.2203076216,Kácov - SÁZAVAN Zruč n/Sáz.,"2,243",Ne,C,,,49° 46' 30.02988'' N,15° 01' 38.02014'' E,49.77501,15.02723
14.485537060026749,50.357531242761297,10606120526,Mělník (Středočeský kraj),2012-09-25 08:20:00,komunikace místní,0,řidičem motorového vozidla,s řidičským oprávněním skupiny b,řidič nebyl ovlivněn,ne,dobrý -žádné nepříznivé okolnosti nebyly zjištěny,0,0,0,1,MERCEDES,žádná z uvedených,50,žádné z uvedených,osobní automobil bez přívěsu,2010,"soukromá organizace (podnikatel, s.r.o.,",50,nebylo třeba užít násilí,nehoda pouze s hmotnou škodou,"nepřichází v úvahu, nejde o srážku jedou",řidič se plně nevěnoval řízení vozidla,"povrch suchý, neznečistěný",neztížené,dobré,na jízdním pruhu,přednost vyznačena dopravními značkami,přímý úsek,neurčeno,vozidlo jedoucí - na komunikaci bez stan,srážka s pevnou překážkou,závory železničního přejezdu,živice,"dobrý, bez závad","ve dne, viditelnost nezhoršená vlivem po",dvoupruhová,místní úprava (vyplní se pol. 24),železniční přejezd zabezpečený,mimo křižovatku,ne,P2937,5.29019228727,žst. Mělník,"372,41",Ano,B,,U stavidla (Jatka),50° 21' 26.97385'' N,14° 29' 07.81717'' E,50.35749,14.4855
14.465174836480482,50.379812497280206,10606120531,Mělník (Středočeský kraj),2012-09-27 07:40:00,komunikace místní,0,řidičem motorového vozidla,s řidičským oprávněním skupiny b,řidič nebyl ovlivněn,ne,dobrý -žádné nepříznivé okolnosti nebyly zjištěny,0,0,0,2,SEAT,nedošlo k požáru,400,žádné z uvedených,osobní automobil bez přívěsu,2010,"soukromé, nevyužívané k výdělečné činnos",250,nebylo třeba užít násilí,nehoda pouze s hmotnou škodou,zezadu,řidič se plně nevěnoval řízení vozidla,povrch mokrý,"na počátku deště, slabý déšť",dobré,na jízdním pruhu,žádná místní úprava,přímý úsek,neurčeno,vozidlo jedoucí - na komunikaci bez stan,srážka s vlakem,"nepřichází v úvahu, nejde o srážku s pev",živice,"dobrý, bez závad","ve dne, viditelnost nezhoršená vlivem po",dvoupruhová,světelným signalizačním zařízením,železniční přejezd nezabezpečený,mimo křižovatku,ne,P2942,48.6599245923,Mělník - Liběchov,"375,365",Ano,C,,Kamenný šraňk,50° 22' 48.84629'' N,14° 27' 55.13591'' E,50.38024,14.46532
14.465310384376204,50.380271417488622,10606120597,Mělník (Středočeský kraj),2012-10-29 16:22:00,komunikace místní,0,řidičem motorového vozidla,s řidičským oprávněním skupiny c,řidič nebyl ovlivněn,ne,dobrý -žádné nepříznivé okolnosti nebyly zjištěny,1,0,0,2,FORD,nedošlo k požáru,1600,"došlo k úniku pohonných hmot, oleje, chl",osobní automobil bez přívěsu,2006,"soukromá organizace (podnikatel, s.r.o.,",500,nebylo třeba užít násilí,nehoda s následky na životě nebo zdraví,boční,jiné nedání přednosti,"povrch suchý, neznečistěný",neztížené,dobré,na kolejích tramvaje,žádná místní úprava,přímý úsek po projetí zatáčkou (do vzdál,neurčeno,vozidlo jedoucí - na komunikaci bez stan,srážka s vlakem,"nepřichází v úvahu, nejde o srážku s pev",beton,"dobrý, bez závad","ve dne, viditelnost nezhoršená vlivem po",žádná z uvedených,žádný způsob řízení provozu,železniční přejezd zabezpečený,mimo křižovatku,ne,P2942,3.55904751206,Mělník - Liběchov,"375,365",Ano,C,,Kamenný šraňk,50° 22' 48.84629'' N,14° 27' 55.13591'' E,50.38024,14.46532
14.94460671461035,50.320729761808494,10706120817,Luštěnice (Středočeský kraj),2012-10-31 09:50:00,silnice 2.třídy,275,řidičem motorového vozidla,s řidičským oprávněním skupiny c,řidič nebyl ovlivněn,ne,dobrý -žádné nepříznivé okolnosti nebyly zjištěny,0,0,0,1,žádná z uvedených,nedošlo k požáru,50,žádné z uvedených,traktor (i s přívěsem),2011,"soukromá organizace (podnikatel, s.r.o.,",0,nebylo třeba užít násilí,nehoda pouze s hmotnou škodou,"nepřichází v úvahu, nejde o srážku jedou",jiné nedání přednosti,povrch mokrý,neztížené,dobré,na jízdním pruhu,žádná místní úprava,přímý úsek,neurčeno,jedoucí - ve směru staničení na komunika,srážka s pevnou překážkou,závory železničního přejezdu,dlažba,"dobrý, bez závad","ve dne, viditelnost nezhoršená vlivem po",dvoupruhová,světelným signalizačním zařízením,železniční přejezd zabezpečený,mimo křižovatku,ne,P2797,19.9569012997,žst. Luštěnice,"17,247",Ne,II.,275,,50° 19' 14.47989'' N,14° 56' 41.57065'' E,50.32069,14.94488
14.890463035233969,50.435247701933449,10706120924,Mladá Boleslav (Středočeský kraj),2012-12-12 17:59:00,komunikace místní,0,řidičem motorového vozidla,s řidičským oprávněním skupiny b,řidič nebyl ovlivněn,ne,dobrý -žádné nepříznivé okolnosti nebyly zjištěny,0,0,0,2,PEUGEOT,nedošlo k požáru,210,žádné z uvedených,osobní automobil bez přívěsu,1996,"soukromé, nevyužívané k výdělečné činnos",100,nebylo třeba užít násilí,nehoda pouze s hmotnou škodou,boční,jiné nedání přednosti,"povrch suchý, neznečistěný",neztížené,dobré,na jízdním pruhu,žádná místní úprava,přímý úsek,neurčeno,vozidlo jedoucí - na komunikaci bez stan,srážka s vlakem,"nepřichází v úvahu, nejde o srážku s pev",dlažba,"dobrý, bez závad","v noci - s veřejným osvětlením,viditelno",dvoupruhová,světelným signalizačním zařízením,železniční přejezd zabezpečený,mimo křižovatku,ne,P2699,3.21606217119,Mladá Boleslav hl.n. - Mladá Boleslav-Debř,"76,072",Ne,C,,U Putny,50° 26' 06.78995'' N,14° 53' 25.61980'' E,50.43522,14.89045
15.138630197708244,50.261597691942633,10806120540,Křinec (Středočeský kraj),2012-12-12 23:59:00,silnice 2.třídy,329,řidičem motorového vozidla,nezjištěno,jiné ovlivnění,nezjišťováno,jiný nepříznivý stav,0,0,0,1,žádná z uvedených,žádná z uvedených,50,žádné z uvedených,"nezjištěno, řidič ujel",,žádná z uvedených,0,žádná z uvedených,nehoda pouze s hmotnou škodou,"nepřichází v úvahu, nejde o srážku jedou",nesprávné otáčení nebo couvání,"povrch suchý, neznečistěný",neztížené,dobré,mimo komunikaci,žádná místní úprava,přímý úsek,neurčeno,žádná z uvedených,srážka s pevnou překážkou,závory železničního přejezdu,živice,"dobrý, bez závad","ve dne, viditelnost nezhoršená vlivem po",dvoupruhová,světelným signalizačním zařízením,železniční přejezd zabezpečený,mimo křižovatku,ne,P4606,4.7074919345,Veleliby - Křinec,"10,868",Ne,II.,329,,50° 15' 41.88618'' N,15° 08' 19.07323'' E,50.26164,15.13863
13.684419035300717,50.109449493474266,11206120392,Rakovník (Středočeský kraj),2012-11-29 02:00:00,silnice 2.třídy,228,řidičem motorového vozidla,bez příslušného řidičského oprávnění,řidič nebyl ovlivněn,nezjišťováno,jiný nepříznivý stav,0,0,1,1,ŠKODA,žádná z uvedených,150,"došlo k úniku pohonných hmot, oleje, chl",osobní automobil bez přívěsu,1997,"soukromé, nevyužívané k výdělečné činnos",150,nebylo třeba užít násilí,nehoda s následky na životě nebo zdraví,"nepřichází v úvahu, nejde o srážku jedou","nepř. rychlosti stavu vozovky (náledí, výtluky, bláto, mokrý povrch apod.)",povrch mokrý,déšť,dobré,na jízdním pruhu,žádná místní úprava,přímý úsek,neurčeno,jedoucí - proti směru staničení na komun,havárie,"nepřichází v úvahu, nejde o srážku s pev",živice,"dobrý, bez závad","v noci - bez veřejného osvětlení, vidite",dvoupruhová,žádný způsob řízení provozu,železniční přejezd zabezpečený,mimo křižovatku,ne,P2331,287.326737439,VÚ 1859 Rakovník - Chrášťany,"3,9",Ne,II.,228,,50° 06' 35.55777'' N,13° 41' 18.15591'' E,50.10988,13.68838
14.641556785485642,50.187827361798014,11506120579,Brandýs nad Labem-Stará Boleslav (Středočeský kraj),2012-12-10 05:05:00,silnice 3.třídy,101,řidičem motorového vozidla,s řidičským oprávněním skupiny c,řidič nebyl ovlivněn,ne,dobrý -žádné nepříznivé okolnosti nebyly zjištěny,0,1,0,2,RENAULT,nedošlo k požáru,2000,žádné z uvedených,"nákladní automobil (včetně multikáry, au",2005,"soukromé, využívané k výdělečné činnosti",1200,nebylo třeba užít násilí,nehoda s následky na životě nebo zdraví,čelní,proti příkazu dopravní značky STŮJ DEJ PŘEDNOST,"souvislá sněhová vrstva, rozbředlý sníh",neztížené,dobré,na jízdním pruhu,přednost vyznačena dopravními značkami,přímý úsek,neurčeno,jedoucí - ve směru staničení na komunika,srážka s vlakem,"nepřichází v úvahu, nejde o srážku s pev",živice,"dobrý, bez závad","v noci - bez veřejného osvětlení,viditel",dvoupruhová,místní úprava (vyplní se pol. 24),železniční přejezd nezabezpečený,mimo křižovatku,ne,P2729,1.93598336167,Brandýs nad Labem - Polerady nad Labem,"1,789",Ne,III.,101,Brandýský šikmý u sadu,50° 11' 16.18015'' N,14° 38' 29.49232'' E,50.18783,14.64153
14.65749086053831,50.182959938722732,11506120582,Brandýs nad Labem-Stará Boleslav (Středočeský kraj),2012-12-10 15:00:00,komunikace místní,0,řidičem motorového vozidla,nezjištěno,jiné ovlivnění,nezjišťováno,jiný nepříznivý stav,0,0,0,1,žádná z uvedených,žádná z uvedených,500,žádné z uvedených,"nezjištěno, řidič ujel",,žádná z uvedených,0,žádná z uvedených,nehoda pouze s hmotnou škodou,"nepřichází v úvahu, nejde o srážku jedou",řidič se plně nevěnoval řízení vozidla,povrch mokrý,"na počátku deště, slabý déšť",dobré,na jízdním pruhu,přednost vyznačena dopravními značkami,křižovatka průsečná - čtyřramenná,místní komunikace,žádná z uvedených,srážka s pevnou překážkou,závory železničního přejezdu,živice,"dobrý, bez závad","ve dne, zhoršená viditelnost (svítání,so",dvoupruhová,místní úprava (vyplní se pol. 24),železniční přejezd zabezpečený,"na křižovatce,jedná-li se o křížení siln",ne,P2726,0.0626419640425,Brandýs nad Labem nákladiště - Brandýs nad Labem,"0,523",Ne,II.,610,Brandýský v centru,50° 10' 58.64289'' N,14° 39' 26.98068'' E,50.18296,14.65749
14.724570203221514,50.073275847593344,11506120593,Úvaly (Středočeský kraj),2012-12-13 11:45:00,silnice 3.třídy,1214,řidičem motorového vozidla,nezjištěno,jiné ovlivnění,nezjišťováno,jiný nepříznivý stav,0,0,0,1,žádná z uvedených,žádná z uvedených,50,žádné z uvedených,"nezjištěno, řidič ujel",,žádná z uvedených,0,žádná z uvedených,nehoda pouze s hmotnou škodou,"nepřichází v úvahu, nejde o srážku jedou",jiný druh nesprávného způsobu jízdy,"na vozovce je náledí, ujetý sníh - nepos",neztížené,dobré,na jízdním pruhu,žádná místní úprava,přímý úsek,neurčeno,žádná z uvedených,srážka s pevnou překážkou,závory železničního přejezdu,"žádný z uvedených (písek,dřevo atd.)","dobrý, bez závad","ve dne, viditelnost nezhoršená vlivem po",dvoupruhová,žádný způsob řízení provozu,železniční přejezd zabezpečený,mimo křižovatku,ne,P4933,19.0179794673,žst. Úvaly,"387,452",Ano,III.,1214,Úvalský,50° 04' 23.66390'' N,14° 43' 29.39744'' E,50.07324,14.72483
14.502494677184302,48.945548876490463,20106120874,Staré Hodějovice (Jihočeský kraj),2012-10-19 10:30:00,silnice 3.třídy,15523,řidičem motorového vozidla,s řidičským oprávněním skupiny b,řidič nebyl ovlivněn,ne,dobrý -žádné nepříznivé okolnosti nebyly zjištěny,0,0,0,1,AUDI,nedošlo k požáru,600,žádné z uvedených,osobní automobil bez přívěsu,1997,"soukromé, nevyužívané k výdělečné činnos",400,nebylo třeba užít násilí,nehoda pouze s hmotnou škodou,"nepřichází v úvahu, nejde o srážku jedou","nepř. rychlosti stavu vozovky (náledí, výtluky, bláto, mokrý povrch apod.)",povrch mokrý,déšť,dobré,na jízdním pruhu,přednost vyznačena dopravními značkami,křižovatka průsečná - čtyřramenná,místní komunikace,zachycuje směr jízdy křižovatkou,srážka s pevnou překážkou,"jiná překážka (zábradlí,oplocení,násep,n",živice,"dobrý, bez závad","ve dne, zhoršená viditelnost vlivem pově",dvoupruhová,místní úprava (vyplní se pol. 24),železniční přejezd zabezpečený,"na křižovatce, uvnitř hranic křižovatky",ne,P1122,9.58393041718,Nová Ves u Č.Budějovic - Č.Budějovice-stav.1,"210,009",Ano,III.,15523,"\""Vidovský\""",48° 56' 44.16241'' N,14° 30' 09.36925'' E,48.9456,14.5026