X,Y,id,obec,datum,komunikace,komunika_1,zavineni,ridic_kate,ridic_ovli,vinik_alko,ridic_stav,obeti_usmr,obeti_lehc,obeti_tezc,vozidel_ce,vinik_vozi,vinik_vo_1,skoda,unik_hmot,vinik_vo_2,vinik_vo_3,vinik_vo_4,vinik_skod,vyprosteni,nehoda_cha,srazka_voz,hlavni_pri,povrch_sta,meteo,rozhled,nehoda_pol,prednost_v,smerove_po,druh_krizu,smer_jizdy,nehoda_dru,pevna_prek,povrch_dru,komunika_2,viditelnos,komunika_3,rizeni_pro,objekty,misto_neho,smyk,neighbors_TargetID,neighbors_Distance,neighbors_prejezdy-dec_Název definičního úseku,neighbors_prejezdy-dec_Žkm přejezdu,neighbors_prejezdy-dec_Přejezd s trolejovým vedením,neighbors_prejezdy-dec_Třída pozemní komunikace,neighbors_prejezdy-dec_Číslo pozemní komunikace,neighbors_prejezdy-dec_Místní název přejezdu,neighbors_prejezdy-dec_Zeměpisná šířka,neighbors_prejezdy-dec_Zeměpisná délka,neighbors_prejezdy-dec_field_10,neighbors_prejezdy-dec_field_11
14.489050591184579,48.960870806731947,20106120877,České Budějovice (Jihočeský kraj),2012-10-21 08:50:00,silnice 2.třídy,156,řidičem motorového vozidla,s řidičským oprávněním skupiny b,řidič nebyl ovlivněn,ne,dobrý -žádné nepříznivé okolnosti nebyly zjištěny,0,1,0,1,YAMAHA,nedošlo k požáru,100,žádné z uvedených,"motocykl (včetně sidecarů, skútrů apod.)",2010,"soukromé, nevyužívané k výdělečné činnos",100,nebylo třeba užít násilí,nehoda s následky na životě nebo zdraví,"nepřichází v úvahu, nejde o srážku jedou","nepř. rychlosti stavu vozovky (náledí, výtluky, bláto, mokrý povrch apod.)",povrch mokrý,mlha,dobré,na jízdním pruhu,žádná místní úprava,přímý úsek,neurčeno,jedoucí - proti směru staničení na komun,havárie,"nepřichází v úvahu, nejde o srážku s pev",živice,"dobrý, bez závad","ve dne, zhoršená viditelnost vlivem pově",dvoupruhová,žádný způsob řízení provozu,železniční přejezd zabezpečený,mimo křižovatku,ano,P1084,12.5032518155,,"117,933",ano,II,156,"""V Mladém""",48° 57' 39.64''N,14° 29' 20.35''E,48.96101,14.48899
14.472024113253738,48.954415293549772,20106120902,České Budějovice (Jihočeský kraj),2012-11-11 10:00:00,komunikace místní,0,řidičem motorového vozidla,s řidičským oprávněním skupiny c,řidič nebyl ovlivněn,ne,dobrý -žádné nepříznivé okolnosti nebyly zjištěny,1,0,0,2,FORD,nedošlo k požáru,5000,žádné z uvedených,osobní automobil bez přívěsu,2006,"soukromé, nevyužívané k výdělečné činnos",2500,nebylo třeba užít násilí,nehoda s následky na životě nebo zdraví,z boku,řidič se plně nevěnoval řízení vozidla,"povrch suchý, neznečistěný",neztížené,dobré,na jízdním pruhu,žádná místní úprava,přímý úsek,neurčeno,vozidlo jedoucí - na komunikaci bez stan,srážka s vlakem,"nepřichází v úvahu, nejde o srážku s pev",živice,"dobrý, bez závad","ve dne, viditelnost nezhoršená vlivem po",dvoupruhová,žádný způsob řízení provozu,železniční přejezd zabezpečený,mimo křižovatku,ne,P1081,25.1095145363,žst. Č.Budějovice - (jižní předsunuté zhlaví),"116,285",Ano,B,,Buděš.ul./Vít.Nováka,48° 57' 15.72436'' N,14° 28' 20.48299'' E,48.95437,14.47236
14.518287977700655,48.924706399724357,20106120912,Nedabyle (Jihočeský kraj),2012-11-11 10:15:00,komunikace místní,0,řidičem motorového vozidla,s řidičským oprávněním skupiny b,řidič nebyl ovlivněn,ne,dobrý -žádné nepříznivé okolnosti nebyly zjištěny,0,0,1,2,FORD,žádná z uvedených,5550,"došlo k úniku pohonných hmot, oleje, chl",osobní automobil bez přívěsu,1999,"soukromé, nevyužívané k výdělečné činnos",500,použitím páčidel apod.,nehoda s následky na životě nebo zdraví,z boku,řidič se plně nevěnoval řízení vozidla,"povrch suchý, neznečistěný",neztížené,dobré,na jízdním pruhu,přednost vyznačena přenosnými dopravními,přímý úsek,neurčeno,vozidlo jedoucí - na komunikaci bez stan,srážka s vlakem,"nepřichází v úvahu, nejde o srážku s pev",živice,nesouvislé výtluky,"ve dne, viditelnost nezhoršená vlivem po",dvoupruhová,místní úprava (vyplní se pol. 24),železniční přejezd zabezpečený,mimo křižovatku,ne,P1118,35.0429596005,Nová Ves u Č.Budějovic - Č.Budějovice-stav.1,"206,123",Ano,C,,,48° 55' 30.03215'' N,14° 31' 05.37405'' E,48.92501,14.51816
14.891347844082167,48.791626148415446,20106120936,Nová Ves nad Lužnicí (Jihočeský kraj),2012-11-13 07:20:00,silnice 3.třídy,15010,řidičem motorového vozidla,nezjištěno,jiné ovlivnění,nezjišťováno,jiný nepříznivý stav,0,0,0,2,žádná z uvedených,žádná z uvedených,500,žádné z uvedených,"nezjištěno, řidič ujel",,žádná z uvedených,0,žádná z uvedených,nehoda pouze s hmotnou škodou,"nepřichází v úvahu, nejde o srážku jedou",řidič se plně nevěnoval řízení vozidla,povrch mokrý,neztížené,dobré,na jízdním pruhu,žádná místní úprava,přímý úsek,neurčeno,žádná z uvedených,srážka s pevnou překážkou,"jiná překážka (zábradlí,oplocení,násep,n",živice,"dobrý, bez závad","ve dne, viditelnost nezhoršená vlivem po",dvoupruhová,žádný způsob řízení provozu,železniční přejezd zabezpečený,mimo křižovatku,ne,P1086,4.40509107015,České Velenice - Nové Hrady,"169,653",Ano,III.,15010,"\""Fišerky\"" ,u Nakolického ryb.",48° 47' 29.92574'' N,14° 53' 28.67887'' E,48.79165,14.8913
14.477340472200405,49.003253755172778,20106120980,České Budějovice (Jihočeský kraj),2012-11-25 14:36:00,komunikace místní,0,řidičem motorového vozidla,nezjištěno,jiné ovlivnění,nezjišťováno,jiný nepříznivý stav,0,0,0,1,žádná z uvedených,žádná z uvedených,40,žádné z uvedených,"nezjištěno, řidič ujel",,žádná z uvedených,0,žádná z uvedených,nehoda pouze s hmotnou škodou,"nepřichází v úvahu, nejde o srážku jedou",řidič se plně nevěnoval řízení vozidla,"povrch suchý, neznečistěný",neztížené,dobré,na jízdním pruhu,žádná místní úprava,přímý úsek po projetí zatáčkou (do vzdál,neurčeno,žádná z uvedených,srážka s pevnou překážkou,závory železničního přejezdu,živice,"dobrý, bez závad","ve dne, viditelnost nezhoršená vlivem po",dvoupruhová,světelným signalizačním zařízením,železniční přejezd zabezpečený,mimo křižovatku,ne,P1129,11.6592017887,výh. Nemanice I.-buděj.zhlaví,"216,726",Ano,B,,"\""B\""mezi výh.1,2,3 -Nemanic.ul.",49° 00' 11.82990'' N,14° 28' 38.97136'' E,49.00329,14.47749
14.675185961053423,48.896306574711843,20106121047,Borovany (Jihočeský kraj),2012-12-17 23:59:00,silnice 3.třídy,15517,řidičem motorového vozidla,nezjištěno,jiné ovlivnění,nezjišťováno,jiný nepříznivý stav,0,0,0,1,žádná z uvedených,žádná z uvedených,500,žádné z uvedených,"nezjištěno, řidič ujel",,žádná z uvedených,0,žádná z uvedených,nehoda pouze s hmotnou škodou,"nepřichází v úvahu, nejde o srážku jedou",řidič se plně nevěnoval řízení vozidla,povrch mokrý,neztížené,dobré,na jízdním pruhu,žádná místní úprava,přímý úsek,neurčeno,žádná z uvedených,srážka s pevnou překážkou,"odrazník, patník, sloupek, dopr.značky a",živice,podélný sklon vyšší než 8%,"ve dne, viditelnost nezhoršená vlivem po",dvoupruhová,světelným signalizačním zařízením,železniční přejezd zabezpečený,mimo křižovatku,ne,P1106,16.1237615533,Jílovice - Borovany,"190,167",Ano,III.,15517,zastávka Hluboká u Borovan,48° 53' 46.36829'' N,14° 40' 31.27062'' E,48.89621,14.67535
14.342496904193748,48.88618116039774,20206120318,Holubov (Jihočeský kraj),2012-11-15 18:15:00,silnice 3.třídy,1439,řidičem motorového vozidla,s řidičským oprávněním skupiny b,řidič nebyl ovlivněn,ne,dobrý -žádné nepříznivé okolnosti nebyly zjištěny,0,1,0,1,RENAULT,nedošlo k požáru,300,žádné z uvedených,osobní automobil bez přívěsu,2000,"soukromé, nevyužívané k výdělečné činnos",300,nebylo třeba užít násilí,nehoda s následky na životě nebo zdraví,"nepřichází v úvahu, nejde o srážku jedou",nezvládnutí řízení vozidla,"povrch suchý, neznečistěný",neztížené,dobré,mimo komunikaci,žádná místní úprava,přímý úsek,neurčeno,jedoucí - ve směru staničení na komunika,srážka s pevnou překážkou,"zeď,pevná část mostů,podjezdů,tunelů apo",živice,"dobrý, bez závad","v noci - bez veřejného osvětlení,viditel",dvoupruhová,žádný způsob řízení provozu,železniční přejezd zabezpečený,mimo křižovatku,ne,P1587,20.3203259132,Křemže - PLEŠOVICE,"17,306",Ne,III.,1439,Třísov hlavní,48° 53' 10.80953'' N,14° 20' 32.48295'' E,48.88634,14.34236
14.780784338488527,49.200448917829831,20306120369,Újezdec (Jihočeský kraj),2012-09-25 10:12:00,silnice 3.třídy,14719,řidičem motorového vozidla,s řidičským oprávněním skupiny t,řidič nebyl ovlivněn,ne,dobrý -žádné nepříznivé okolnosti nebyly zjištěny,0,1,0,2,žádná z uvedených,žádná z uvedených,1000,"došlo k úniku pohonných hmot, oleje, chl",traktor (i s přívěsem),1965,"soukromé, nevyužívané k výdělečné činnos",300,nebylo třeba užít násilí,nehoda s následky na životě nebo zdraví,z boku,proti příkazu dopravní značky STŮJ DEJ PŘEDNOST,"povrch suchý, neznečistěný",neztížené,dobré,na jízdním pruhu,přednost vyznačena dopravními značkami,přímý úsek,neurčeno,jedoucí - proti směru staničení na komun,srážka s vlakem,"nepřichází v úvahu, nejde o srážku s pev",živice,"dobrý, bez závad","ve dne, viditelnost nezhoršená vlivem po",dvoupruhová,místní úprava (vyplní se pol. 24),železniční přejezd nezabezpečený,mimo křižovatku,ne,P6139,7.66932860957,Veselí n/ Lužnicí - Doňov,"5,958",Ano,III.,14719,,49° 12' 01.38079'' N,14° 46' 50.81034'' E,49.20038,14.78078
14.796174782775257,49.207682365187488,20306120387,Záhoří (Jihočeský kraj),2012-10-10 08:10:00,silnice 1.třídy,23,řidičem motorového vozidla,nezjištěno,jiné ovlivnění,nezjišťováno,jiný nepříznivý stav,0,0,0,1,žádná z uvedených,žádná z uvedených,50,žádné z uvedených,"nezjištěno, řidič ujel",,žádná z uvedených,0,žádná z uvedených,nehoda pouze s hmotnou škodou,"nepřichází v úvahu, nejde o srážku jedou",řidič se plně nevěnoval řízení vozidla,"povrch suchý, neznečistěný",neztížené,dobré,na jízdním pruhu,žádná místní úprava,přímý úsek,neurčeno,žádná z uvedených,srážka s pevnou překážkou,závory železničního přejezdu,živice,"dobrý, bez závad","ve dne, viditelnost nezhoršená vlivem po",dvoupruhová,žádný způsob řízení provozu,železniční přejezd zabezpečený,mimo křižovatku,ne,P6141,0.931284999717,Veselí n/ Lužnicí - Doňov,"7,383",Ano,I.,23,před žst.Doňov,49° 12' 27.68403'' N,14° 47' 46.23811'' E,49.20769,14.79618
15.064700324892355,49.24093403400785,20306120445,Nová Včelnice (Jihočeský kraj),2012-11-11 19:00:00,komunikace místní,0,řidičem motorového vozidla,s řidičským oprávněním skupiny b,řidič nebyl ovlivněn,nezjišťováno,dobrý -žádné nepříznivé okolnosti nebyly zjištěny,0,0,0,2,ŠKODA,řidič ujel - zjištěn,50,žádné z uvedených,osobní automobil bez přívěsu,1999,"soukromé, nevyužívané k výdělečné činnos",50,nebylo třeba užít násilí,nehoda pouze s hmotnou škodou,z boku,jiné nedání přednosti,"povrch suchý, neznečistěný",neztížené,dobré,na jízdním pruhu,přednost nevyznačena - vyplývá z pravide,přímý úsek,neurčeno,vozidlo jedoucí - na komunikaci bez stan,srážka s vlakem,"nepřichází v úvahu, nejde o srážku s pev",živice,"dobrý, bez závad","ve dne, zhoršená viditelnost (svítání,so",dvoupruhová,žádný způsob řízení provozu,železniční přejezd nezabezpečený,mimo křižovatku,ne,P6176,5331.96823482,Jarošov n/Nežárkou - Kamenný Malíkov,"37,235",Ano,II.,134,,49° 11' 53.20064'' N,15° 05' 51.44935'' E,49.19811,15.09762
15.013476525108194,49.162288675723957,20306120484,Jindřichův Hradec (Jihočeský kraj),2012-12-13 10:15:00,silnice 3.třídy,12832,řidičem motorového vozidla,s řidičským oprávněním skupiny c,řidič nebyl ovlivněn,ne,dobrý -žádné nepříznivé okolnosti nebyly zjištěny,0,0,0,2,VOLKSWAGEN,nedošlo k požáru,1820,žádné z uvedených,osobní automobil bez přívěsu,2005,"soukromé, nevyužívané k výdělečné činnos",1500,nebylo třeba užít násilí,nehoda pouze s hmotnou škodou,z boku,jiné nedání přednosti,"na vozovce je náledí, ujetý sníh - posyp",neztížené,dobré,na jízdním pruhu,žádná místní úprava,přímý úsek,neurčeno,jedoucí - ve směru staničení na komunika,srážka s vlakem,"nepřichází v úvahu, nejde o srážku s pev",živice,"dobrý, bez závad","ve dne, viditelnost nezhoršená vlivem po",dvoupruhová,světelným signalizačním zařízením,železniční přejezd zabezpečený,mimo křižovatku,ne,P6164,4.79725226272,žst. Jindřichův Hradec - žst. J.Hradec stav.4 (Dol.Skrýchov),"28,109",Ano,III.,12832,u Haláčka,49° 09' 44.29615'' N,15° 00' 48.74763'' E,49.1623,15.01354
13.867576437746004,49.427041486658581,20706120266,Blatná (Jihočeský kraj),2012-12-11 05:52:00,komunikace místní,0,řidičem motorového vozidla,s řidičským oprávněním skupiny b,řidič nebyl ovlivněn,ne,dobrý -žádné nepříznivé okolnosti nebyly zjištěny,0,0,0,2,ŠKODA,žádná z uvedených,2200,žádné z uvedených,osobní automobil bez přívěsu,2010,"soukromá organizace (podnikatel, s.r.o.,",2000,nebylo třeba užít násilí,nehoda pouze s hmotnou škodou,boční,"nepř. rychlosti stavu vozovky (náledí, výtluky, bláto, mokrý povrch apod.)","na vozovce je náledí, ujetý sníh - nepos",sněžení,dobré,mimo komunikaci,přednost vyznačena dopravními značkami,přímý úsek,neurčeno,vozidlo jedoucí - na komunikaci bez stan,srážka s vlakem,"nepřichází v úvahu, nejde o srážku s pev",živice,"dobrý, bez závad","v noci - bez veřejného osvětlení, vidite",žádná z uvedených,místní úprava (vyplní se pol. 24),železniční přejezd nezabezpečený,mimo křižovatku,ano,P1347,4.47723960388,Blatná - Sedlice,"22,692",Ne,C,,U školy,49° 25' 37.46759'' N,13° 52' 03.43575'' E,49.42707,13.86762
12.745564238687257,49.57915982837379,30106120460,Bělá nad Radbuzou (Plzeňský kraj),2012-12-12 15:15:00,silnice 2.třídy,197,řidičem motorového vozidla,s řidičským oprávněním skupiny b,řidič nebyl ovlivněn,ne,dobrý -žádné nepříznivé okolnosti nebyly zjištěny,0,0,0,2,VOLKSWAGEN,nedošlo k požáru,200,žádné z uvedených,osobní automobil bez přívěsu,2002,"soukromé, nevyužívané k výdělečné činnos",150,nebylo třeba užít násilí,nehoda pouze s hmotnou škodou,boční,jiný druh nesprávného způsobu jízdy,"na vozovce je náledí, ujetý sníh - nepos",sněžení,dobré,na jízdním pruhu,žádná místní úprava,zatáčka,neurčeno,jedoucí - proti směru staničení na komun,srážka s vlakem,"nepřichází v úvahu, nejde o srážku s pev",živice,"dobrý, bez závad","ve dne, zhoršená viditelnost vlivem pově",dvoupruhová,žádný způsob řízení provozu,železniční přejezd nezabezpečený,mimo křižovatku,ne,P717,3.50619289643,Újezd Sv. Kříže - Bělá nad Radbuzou,"33,306",Ne,II.,197,Újezd-Bělá st.sil.,49° 34' 44.87188'' N,12° 44' 44.08643'' E,49.57913,12.74558
13.078351406072935,49.553347974830778,30106120465,Staňkov (Plzeňský kraj),2012-12-10 10:00:00,silnice 3.třídy,1851,řidičem motorového vozidla,s řidičským oprávněním skupiny b,řidič nebyl ovlivněn,ne,dobrý -žádné nepříznivé okolnosti nebyly zjištěny,0,0,0,1,MERCEDES,nedošlo k požáru,25,žádné z uvedených,osobní automobil s přívěsem,2003,"soukromé, nevyužívané k výdělečné činnos",0,nebylo třeba užít násilí,nehoda pouze s hmotnou škodou,"nepřichází v úvahu, nejde o srážku jedou",jiný druh nesprávného způsobu jízdy,"na vozovce je náledí, ujetý sníh - nepos",sněžení,dobré,mimo komunikaci,žádná místní úprava,přímý úsek po projetí zatáčkou (do vzdál,neurčeno,jedoucí - ve směru staničení na komunika,srážka s pevnou překážkou,"jiná překážka (zábradlí,oplocení,násep,n",živice,"dobrý, bez závad","ve dne, zhoršená viditelnost vlivem pově",dvoupruhová,žádný způsob řízení provozu,železniční přejezd zabezpečený,mimo křižovatku,ne,P618,5.7984363867,Holýšov - Staňkov,"147,999",Ne,III.,1851,Staňkov-H.Kamen.,49° 33' 11.86351'' N,13° 04' 41.95325'' E,49.5533,13.07832
13.607962615976122,49.500584633631874,30606120316,Nepomuk (Plzeňský kraj),2012-11-20 20:15:00,silnice 2.třídy,191,řidičem motorového vozidla,nezjištěno,jiné ovlivnění,nezjišťováno,jiný nepříznivý stav,0,0,0,1,žádná z uvedených,žádná z uvedených,200,žádné z uvedených,"nezjištěno, řidič ujel",,žádná z uvedených,0,žádná z uvedených,nehoda pouze s hmotnou škodou,"nepřichází v úvahu, nejde o srážku jedou",řidič se plně nevěnoval řízení vozidla,povrch mokrý,neztížené,dobré,na jízdním pruhu,žádná místní úprava,přímý úsek,neurčeno,žádná z uvedených,srážka s pevnou překážkou,závory železničního přejezdu,živice,"dobrý, bez závad","v noci - s veřejným osvětlením,viditelno",dvoupruhová,světelným signalizačním zařízením,železniční přejezd zabezpečený,mimo křižovatku,ne,P1183,3.44932570666,žst. Nepomuk,"314,191",Ano,II.,191,U stavědla č.2,49° 30' 02.20647'' N,13° 36' 28.77515'' E,49.50061,13.60799
13.123099112930548,49.636276922083312,30606120346,Hradec (Plzeňský kraj),2012-12-17 08:40:00,silnice 3.třídy,19340,řidičem motorového vozidla,s řidičským oprávněním skupiny c,řidič nebyl ovlivněn,ne,dobrý -žádné nepříznivé okolnosti nebyly zjištěny,0,0,0,2,žádná z uvedených,nedošlo k požáru,600,žádné z uvedených,traktor (i s přívěsem),1986,"soukromá organizace (podnikatel, s.r.o.,",100,nebylo třeba užít násilí,nehoda pouze s hmotnou škodou,čelní,řidič se plně nevěnoval řízení vozidla,povrch mokrý,neztížené,dobré,na jízdním pruhu,žádná místní úprava,přímý úsek,neurčeno,jedoucí - ve směru staničení na komunika,srážka s vlakem,"nepřichází v úvahu, nejde o srážku s pev",živice,"dobrý, bez závad","ve dne, viditelnost nezhoršená vlivem po",dvoupruhová,žádný způsob řízení provozu,železniční přejezd zabezpečený,mimo křižovatku,ne,P612,1.09882720224,Stod - Holýšov,"137,473",Ne,III.,19340,Hradec u Stoda,49° 38' 10.58855'' N,13° 07' 23.20328'' E,49.63627,13.12311
13.555106827026355,49.660277914643899,30606120347,Milínov (Plzeňský kraj),2012-12-17 12:00:00,silnice 3.třídy,1773,řidičem motorového vozidla,nezjištěno,jiné ovlivnění,nezjišťováno,jiný nepříznivý stav,0,0,0,1,žádná z uvedených,žádná z uvedených,300,žádné z uvedených,"nezjištěno, řidič ujel",,žádná z uvedených,0,žádná z uvedených,nehoda pouze s hmotnou škodou,"nepřichází v úvahu, nejde o srážku jedou",řidič se plně nevěnoval řízení vozidla,"na vozovce je náledí, ujetý sníh - posyp",neztížené,dobré,mimo komunikaci,žádná místní úprava,zatáčka,neurčeno,žádná z uvedených,srážka s pevnou překážkou,závory železničního přejezdu,živice,"dobrý, bez závad","ve dne, viditelnost nezhoršená vlivem po",dvoupruhová,žádný způsob řízení provozu,železniční přejezd zabezpečený,mimo křižovatku,ne,P1251,13.2689944529,Lipnice - Nezvěstice,"22,388",Ne,III.,1773,,49° 39' 37.32039'' N,13° 33' 17.94760'' E,49.66037,13.55499
13.292939594501249,49.623616124286805,30606120352,Chlumčany (Plzeňský kraj),2012-12-12 23:59:00,silnice 3.třídy,18040,řidičem motorového vozidla,nezjištěno,jiné ovlivnění,nezjišťováno,jiný nepříznivý stav,0,0,0,1,žádná z uvedených,žádná z uvedených,400,žádné z uvedených,"nezjištěno, řidič ujel",,žádná z uvedených,0,žádná z uvedených,nehoda pouze s hmotnou škodou,"nepřichází v úvahu, nejde o srážku jedou",jiný druh nesprávného způsobu jízdy,povrch mokrý,neztížené,dobré,na jízdním pruhu,žádná místní úprava,přímý úsek po projetí zatáčkou (do vzdál,neurčeno,žádná z uvedených,srážka s pevnou překážkou,závory železničního přejezdu,živice,"dobrý, bez závad","ve dne, viditelnost nezhoršená vlivem po",dvoupruhová,světelným signalizačním zařízením,železniční přejezd zabezpečený,mimo křižovatku,ne,P875,25.1901390999,žst. Chlumčany u Dobřan,"78,769",Ano,III.,18040,Keramička st.sil. III.tř.,49° 37' 24.57703'' N,13° 17' 33.53203'' E,49.62349,13.29265
13.491073444322989,49.791273163990319,30706120373,Chrást (Plzeňský kraj),2012-10-22 15:40:00,silnice 2.třídy,180,řidičem motorového vozidla,s řidičským oprávněním skupiny b,řidič nebyl ovlivněn,ne,dobrý -žádné nepříznivé okolnosti nebyly zjištěny,0,0,0,1,žádná z uvedených,nedošlo k požáru,150,žádné z uvedených,traktor (i s přívěsem),1997,"soukromá organizace (podnikatel, s.r.o.,",0,nebylo třeba užít násilí,nehoda pouze s hmotnou škodou,"nepřichází v úvahu, nejde o srážku jedou",jiný druh nesprávného způsobu jízdy,"povrch suchý, neznečistěný",neztížené,dobré,na jízdním pruhu,přednost nevyznačena - vyplývá z pravide,křižovatka průsečná - čtyřramenná,silnice 2.třídy,zachycuje směr jízdy křižovatkou,srážka s pevnou překážkou,závory železničního přejezdu,živice,"dobrý, bez závad","ve dne, viditelnost nezhoršená vlivem po",dvoupruhová,místní úprava (vyplní se pol. 24),železniční přejezd zabezpečený,"na křižovatce, uvnitř hranic křižovatky",ne,P286,35.3775237185,Chrást u Plzně - Plzeň hl.n.-os.n.,"98,742",Ano,II.,180,okr.silnice,49° 47' 29.71231'' N,13° 29' 27.71613'' E,49.79159,13.49103
14.427693343544322,50.951056153401247,40206120655,Staré Křečany (Ústecký kraj),2012-09-25 14:45:00,silnice 2.třídy,265,řidičem nemotorového vozidla,ostatní řidiči vozidel,řidič nebyl ovlivněn,ne,dobrý -žádné nepříznivé okolnosti nebyly zjištěny,0,1,0,1,žádná z uvedených,žádná z uvedených,0,žádné z uvedených,jízdní kolo,,"soukromé, nevyužívané k výdělečné činnos",0,nebylo třeba užít násilí,nehoda s následky na životě nebo zdraví,"nepřichází v úvahu, nejde o srážku jedou",nezvládnutí řízení vozidla,"povrch suchý, neznečistěný",neztížené,dobré,na jízdním pruhu,žádná místní úprava,přímý úsek,neurčeno,jedoucí - proti směru staničení na komun,havárie,"nepřichází v úvahu, nejde o srážku s pev",živice,"dobrý, bez závad","ve dne, viditelnost nezhoršená vlivem po",dvoupruhová,žádný způsob řízení provozu,železniční přejezd zabezpečený,mimo křižovatku,ne,P3514,33.5027184158,Mikulášovice dolní nádraží - Panský,"8,714",Ne,II.,265,,50° 57' 03.79481'' N,14° 25' 41.41891'' E,50.95105,14.42817
14.187490146621643,50.739107506195872,40206120761,Děčín (Ústecký kraj),2012-11-11 05:20:00,komunikace místní,0,řidičem motorového vozidla,s řidičským oprávněním skupiny b,řidič nebyl ovlivněn,ne,dobrý -žádné nepříznivé okolnosti nebyly zjištěny,0,0,0,1,MITSUBISHI,nedošlo k požáru,50,žádné z uvedených,osobní automobil bez přívěsu,2000,"soukromé, nevyužívané k výdělečné činnos",50,nebylo třeba užít násilí,nehoda pouze s hmotnou škodou,"nepřichází v úvahu, nejde o srážku jedou","nepř. rychlosti stavu vozovky (náledí, výtluky, bláto, mokrý povrch apod.)",povrch mokrý,déšť,dobré,na jízdním pruhu,žádná místní úprava,zatáčka,neurčeno,vozidlo jedoucí - na komunikaci bez stan,srážka s pevnou překážkou,překážka vzniklá staveb.činností (přenos,živice,neoznačená nebo nedostatečně označená př,"v noci - s veřejným osvětlením, zhoršená",dvoupruhová,žádný způsob řízení provozu,železniční přejezd nezabezpečený,mimo křižovatku,ne,P2989,145.67966666,Boletice nad Labem - Křešice u Děčína,"450,51",Ano,O,,Obalex,50° 44' 25.14429'' N,14° 11' 17.76906'' E,50.74032,14.18827
14.163046077884701,50.531540762577897,40606120844,Litoměřice (Ústecký kraj),2012-10-11 15:50:00,komunikace místní,0,řidičem nemotorového vozidla,ostatní řidiči vozidel,řidič nebyl ovlivněn,"ano, obsah alkoholu v&nbsp;krvi od 1,0‰ do 1,5‰",pod vlivem alkoholu obsah alkoholu v krvi 1‰ a více,0,0,0,2,žádná z uvedených,žádná z uvedených,11,žádné z uvedených,jízdní kolo,,"soukromé, nevyužívané k výdělečné činnos",1,nebylo třeba užít násilí,nehoda pouze s hmotnou škodou,boční,jiné nedání přednosti,"povrch suchý, neznečistěný",neztížené,dobré,žádné z uvedených,přednost vyznačena dopravními značkami,přímý úsek,neurčeno,vozidlo jedoucí - na komunikaci bez stan,srážka s vlakem,"nepřichází v úvahu, nejde o srážku s pev",živice,"dobrý, bez závad","ve dne, viditelnost nezhoršená vlivem po",dvoupruhová,místní úprava (vyplní se pol. 24),železniční přejezd zabezpečený,mimo křižovatku,ne,P2962,204.507855979,Polepy - Litoměřice dolní nádraží,"406,242",Ano,C,,Hala ČD LTM,50° 31' 53.05006'' N,14° 09' 36.60553'' E,50.5314,14.16017
14.270405840620283,50.42178600373385,40606120917,Roudnice nad Labem (Ústecký kraj),2012-11-11 00:25:00,komunikace místní,0,řidičem motorového vozidla,s řidičským oprávněním skupiny b,řidič nebyl ovlivněn,"ano, obsah alkoholu v&nbsp;krvi 1,5‰ a více",pod vlivem alkoholu obsah alkoholu v krvi 1‰ a více,0,0,0,1,FORD,nedošlo k požáru,100,žádné z uvedených,osobní automobil bez přívěsu,2009,"soukromé, nevyužívané k výdělečné činnos",100,nebylo třeba užít násilí,nehoda pouze s hmotnou škodou,"nepřichází v úvahu, nejde o srážku jedou",řidič se plně nevěnoval řízení vozidla,povrch mokrý,neztížené,dobré,na jízdním pruhu,žádná místní úprava,přímý úsek,neurčeno,vozidlo jedoucí - na komunikaci bez stan,havárie,"nepřichází v úvahu, nejde o srážku s pev",živice,"dobrý, bez závad","v noci - s veřejným osvětlením,viditelno",dvoupruhová,žádný způsob řízení provozu,železniční přejezd nezabezpečený,mimo křižovatku,ne,P2542,6.24141634454,Roudnice nad Labem - Straškov-odbočka,"3,459",Ne,C,,ul. Švermova,50° 25' 18.23881'' N,14° 16' 13.43201'' E,50.42173,14.2704
14.356980311545238,50.611217818483262,40606120972,Úštěk (Ústecký kraj),2012-11-20 15:12:00,silnice 3.třídy,24087,řidičem motorového vozidla,s řidičským oprávněním skupiny a,řidič nebyl ovlivněn,nezjišťováno,dobrý -žádné nepříznivé okolnosti nebyly zjištěny,0,0,1,2,žádná z uvedených,nedošlo k požáru,310,žádné z uvedených,"jiné motorové vozidlo (zemědělské, stave",,žádná z uvedených,10,nebylo třeba užít násilí,nehoda s následky na životě nebo zdraví,z boku,jiné nedání přednosti,povrch mokrý,neztížené,špatné vlivem profilu komunikace (nepřeh,na jízdním pruhu,žádná místní úprava,přímý úsek,neurčeno,jedoucí - ve směru staničení na komunika,srážka s vlakem,"nepřichází v úvahu, nejde o srážku s pev",živice,"dobrý, bez závad","ve dne, viditelnost nezhoršená vlivem po",dvoupruhová,světelným signalizačním zařízením,železniční přejezd nezabezpečený,mimo křižovatku,ne,P3365,4.20510925743,Úštěk - Blíževedly,"65,725",Ne,III.,24087,před zast. Dubičná,50° 36' 40.24084'' N,14° 21' 25.11132'' E,50.61118,14.35698