X,Y,id,obec,datum,komunikace,komunika_1,zavineni,ridic_kate,ridic_ovli,vinik_alko,ridic_stav,obeti_usmr,obeti_lehc,obeti_tezc,vozidel_ce,vinik_vozi,vinik_vo_1,skoda,unik_hmot,vinik_vo_2,vinik_vo_3,vinik_vo_4,vinik_skod,vyprosteni,nehoda_cha,srazka_voz,hlavni_pri,povrch_sta,meteo,rozhled,nehoda_pol,prednost_v,smerove_po,druh_krizu,smer_jizdy,nehoda_dru,pevna_prek,povrch_dru,komunika_2,viditelnos,komunika_3,rizeni_pro,objekty,misto_neho,smyk,neighbors_TargetID,neighbors_Distance,neighbors_prejezdy-dec_Název definičního úseku,neighbors_prejezdy-dec_Žkm přejezdu,neighbors_prejezdy-dec_Přejezd s trolejovým vedením,neighbors_prejezdy-dec_Třída pozemní komunikace,neighbors_prejezdy-dec_Číslo pozemní komunikace,neighbors_prejezdy-dec_Místní název přejezdu,neighbors_prejezdy-dec_Zeměpisná šířka,neighbors_prejezdy-dec_Zeměpisná délka,neighbors_prejezdy-dec_field_10,neighbors_prejezdy-dec_field_11
17.123091809255236,49.550655669178155,140506121681,Lutín (Olomoucký kraj),2012-12-19 11:30:00,silnice 3.třídy,57013,řidičem motorového vozidla,s řidičským oprávněním skupiny c,řidič nebyl ovlivněn,ne,dobrý -žádné nepříznivé okolnosti nebyly zjištěny,0,0,1,2,SEAT,nedošlo k požáru,250,"došlo k úniku pohonných hmot, oleje, chl",osobní automobil bez přívěsu,1996,"soukromé, nevyužívané k výdělečné činnos",200,použitím speciální vyprošťovací techniky,nehoda s následky na životě nebo zdraví,boční,jiné nedání přednosti,povrch mokrý,neztížené,dobré,na jízdním pruhu,žádná místní úprava,přímý úsek,neurčeno,jedoucí - ve směru staničení na komunika,srážka s vlakem,"nepřichází v úvahu, nejde o srážku s pev",živice,"dobrý, bez závad","ve dne, viditelnost nezhoršená vlivem po",dvoupruhová,žádný způsob řízení provozu,železniční přejezd nezabezpečený,mimo křižovatku,ne,P7649,432.620587918,Třebčín - Čelechovice na Hané,"28,615",Ne,III.,44925,u zastávky,49° 32' 55.92637'' N,17° 07' 04.00001'' E,49.54887,17.11778
17.284080111613825,49.580097796121898,140506121687,Olomouc (Olomoucký kraj),2012-12-19 20:32:00,silnice 3.třídy,3551,řidičem motorového vozidla,nezjištěno,jiné ovlivnění,nezjišťováno,jiný nepříznivý stav,0,0,0,1,žádná z uvedených,žádná z uvedených,140,žádné z uvedených,"nezjištěno, řidič ujel",,žádná z uvedených,0,žádná z uvedených,nehoda pouze s hmotnou škodou,"nepřichází v úvahu, nejde o srážku jedou",jiný druh nesprávného způsobu jízdy,povrch mokrý,neztížené,dobré,na jízdním pruhu,žádná místní úprava,přímý úsek,neurčeno,žádná z uvedených,srážka s pevnou překážkou,závory železničního přejezdu,živice,"dobrý, bez závad","v noci - bez veřejného osvětlení,viditel",dvoupruhová,světelným signalizačním zařízením,železniční přejezd zabezpečený,mimo křižovatku,ne,P6532,0.756259040728,Grygov - Olomouc hl.n.,"204,392",Ano,III.,3551,Holický,49° 34' 48.36866'' N,17° 17' 02.73566'' E,49.5801,17.28409
17.373498077675475,49.46105096866669,140806120594,Rokytnice (Olomoucký kraj),2012-10-16 06:44:00,silnice 3.třídy,43515,řidičem motorového vozidla,nezjištěno,jiné ovlivnění,nezjišťováno,jiný nepříznivý stav,0,0,0,1,žádná z uvedených,žádná z uvedených,750,žádné z uvedených,"nezjištěno, řidič ujel",,žádná z uvedených,0,žádná z uvedených,nehoda pouze s hmotnou škodou,"nepřichází v úvahu, nejde o srážku jedou",jiné nedání přednosti,povrch mokrý,déšť,dobré,na jízdním pruhu,žádná místní úprava,přímý úsek,neurčeno,žádná z uvedených,srážka s pevnou překážkou,závory železničního přejezdu,živice,"dobrý, bez závad","ve dne, zhoršená viditelnost (svítání,so",dvoupruhová,světelným signalizačním zařízením,železniční přejezd zabezpečený,mimo křižovatku,ne,P6527,17.5786131146,Dluhonice - Brodek u Přerova,"189,194",Ano,III.,43515,U zastávky,49° 27' 39.23531'' N,17° 22' 24.86664'' E,49.4609,17.37357
17.412199254523657,49.452233950376367,140806120626,Přerov (Olomoucký kraj),2012-10-31 15:00:00,komunikace místní,0,řidičem motorového vozidla,nezjištěno,jiné ovlivnění,nezjišťováno,jiný nepříznivý stav,0,0,0,1,žádná z uvedených,žádná z uvedených,30,žádné z uvedených,"nezjištěno, řidič ujel",,žádná z uvedených,0,žádná z uvedených,nehoda pouze s hmotnou škodou,"nepřichází v úvahu, nejde o srážku jedou",řidič se plně nevěnoval řízení vozidla,"povrch suchý, neznečistěný",neztížené,dobré,na jízdním pruhu,žádná místní úprava,přímý úsek,neurčeno,žádná z uvedených,srážka s pevnou překážkou,závory železničního přejezdu,živice,"dobrý, bez závad","ve dne, viditelnost nezhoršená vlivem po",dvoupruhová,žádný způsob řízení provozu,železniční přejezd zabezpečený,mimo křižovatku,ne,P6526,23.3354603379,výh. Dluhonice,"186,124",Ano,O,,U měnírny,49° 27' 08.77651'' N,17° 24' 44.14535'' E,49.45244,17.41226
17.442921356725378,49.44637270100322,140806120706,Přerov (Olomoucký kraj),2012-12-12 13:05:00,komunikace účelová - polní a lesní cesty atd.,0,řidičem motorového vozidla,s řidičským oprávněním skupiny c,řidič nebyl ovlivněn,ne,dobrý -žádné nepříznivé okolnosti nebyly zjištěny,0,0,0,1,MERCEDES,nedošlo k požáru,250,žádné z uvedených,nákladní automobil s návěsem,2005,registrované mimo území ČR,250,nebylo třeba užít násilí,nehoda pouze s hmotnou škodou,"nepřichází v úvahu, nejde o srážku jedou",nezvládnutí řízení vozidla,"na vozovce je náledí, ujetý sníh - nepos",sněžení,dobré,na jízdním pruhu,žádná místní úprava,přímý úsek,neurčeno,vozidlo jedoucí - na komunikaci bez stan,srážka s pevnou překážkou,"jiná překážka (zábradlí,oplocení,násep,n",panely,"dobrý, bez závad","ve dne, zhoršená viditelnost vlivem pově",žádná z uvedených,žádný způsob řízení provozu,železniční přejezd nezabezpečený,mimo křižovatku,ne,P8392,57.9150936273,žst. Přerov - (sudé kol. 18-26),"183,481",Ano,O,,,49° 26' 46.969'' N,17° 26' 37.374'' E,49.44638,17.44372
17.033393686440668,50.016415626300692,140906120553,Rapotín (Olomoucký kraj),2012-10-17 07:45:00,silnice 1.třídy,44,řidičem motorového vozidla,s řidičským oprávněním skupiny b,řidič nebyl ovlivněn,ne,dobrý -žádné nepříznivé okolnosti nebyly zjištěny,0,1,0,1,FIAT,nedošlo k požáru,3330,žádné z uvedených,osobní automobil bez přívěsu,1996,"soukromé, nevyužívané k výdělečné činnos",300,nebylo třeba užít násilí,nehoda s následky na životě nebo zdraví,"nepřichází v úvahu, nejde o srážku jedou","předjíždění bez dostatečného rozhledu (v nepřehledné zatáčce nebo její blízkosti, před vrcholem stoupání apod.)",povrch mokrý,neztížené,dobré,mimo komunikaci,žádná místní úprava,přímý úsek po projetí zatáčkou (do vzdál,neurčeno,jedoucí - proti směru staničení na komun,srážka s pevnou překážkou,"sloup - telefonní, veř.osvětlení, el.ved",živice,"dobrý, bez závad","ve dne, viditelnost nezhoršená vlivem po",dvoupruhová,žádný způsob řízení provozu,železniční přejezd zabezpečený,mimo křižovatku,ne,P4237,5920.72885744,Nový Malín - Šumperk,"42,1",Ne,III.,44638,u Benziny,49° 57' 58.71497'' N,17° 00' 19.85552'' E,49.96631,17.00552
16.902900483676088,49.940504862453849,140906120566,Bludov (Olomoucký kraj),2012-10-21 18:49:00,silnice 1.třídy,11,řidičem motorového vozidla,nezjištěno,jiné ovlivnění,nezjišťováno,jiný nepříznivý stav,0,0,0,1,žádná z uvedených,žádná z uvedených,300,žádné z uvedených,"nezjištěno, řidič ujel",,žádná z uvedených,0,žádná z uvedených,nehoda pouze s hmotnou škodou,"nepřichází v úvahu, nejde o srážku jedou","bezohledná, agresivní, neohleduplná jízda","povrch suchý, neznečistěný",neztížené,dobré,na jízdním pruhu,žádná místní úprava,přímý úsek,neurčeno,žádná z uvedených,srážka s pevnou překážkou,závory železničního přejezdu,živice,"dobrý, bez závad","v noci - bez veřejného osvětlení,viditel",dvoupruhová,světelným signalizačním zařízením,železniční přejezd zabezpečený,mimo křižovatku,ne,P4247,8.14327986674,"Bludov-Chromeč - OP papírna, s.r.o. vlečka Olšany","52,574",Ne,I.,11,,49° 56' 25.94240'' N,16° 54' 10.78856'' E,49.94054,16.903
16.752569974374381,49.972637160161426,140906120580,Štíty (Olomoucký kraj),2012-10-26 09:00:00,silnice 3.třídy,31115,řidičem motorového vozidla,s řidičským oprávněním skupiny b,řidič nebyl ovlivněn,ne,dobrý -žádné nepříznivé okolnosti nebyly zjištěny,0,0,0,2,ŠKODA,nedošlo k požáru,1300,žádné z uvedených,osobní automobil bez přívěsu,2005,"soukromé, nevyužívané k výdělečné činnos",1300,nebylo třeba užít násilí,nehoda pouze s hmotnou škodou,"nepřichází v úvahu, nejde o srážku jedou","nepř. rychlosti dopravně technickému stavu vozovky (zatáčka,klesání,stoupání,šířka apod.)","povrch suchý, neznečistěný",neztížené,dobré,mimo komunikaci,žádná místní úprava,zatáčka,neurčeno,jedoucí - proti směru staničení na komun,jiný druh nehody,"nepřichází v úvahu, nejde o srážku s pev",živice,"dobrý, bez závad","ve dne, viditelnost nezhoršená vlivem po",dvoupruhová,žádný způsob řízení provozu,železniční přejezd nezabezpečený,mimo křižovatku,ano,P4191,3.20727293549,Moravský Karlov - Štíty,"16,104",Ne,III.,31115,Štíty,49° 58' 21.52532'' N,16° 45' 09.38976'' E,49.97265,16.75261
16.894826912790393,49.998396519025626,140906120681,Bohdíkov (Olomoucký kraj),2012-12-12 22:32:00,komunikace místní,0,řidičem motorového vozidla,s řidičským oprávněním skupiny b,řidič nebyl ovlivněn,ne,dobrý -žádné nepříznivé okolnosti nebyly zjištěny,0,0,0,2,RENAULT,nedošlo k požáru,1000,žádné z uvedených,"nákladní automobil (včetně multikáry, au",2002,"soukromá organizace (podnikatel, s.r.o.,",500,nebylo třeba užít násilí,nehoda pouze s hmotnou škodou,boční,nezvládnutí řízení vozidla,"souvislá sněhová vrstva, rozbředlý sníh",sněžení,dobré,na jízdním pruhu,žádná místní úprava,přímý úsek,neurčeno,vozidlo jedoucí - na komunikaci bez stan,srážka s vlakem,"nepřichází v úvahu, nejde o srážku s pev",živice,"dobrý, bez závad","v noci - s veřejným osvětlením, zhoršená",dvoupruhová,žádný způsob řízení provozu,železniční přejezd nezabezpečený,mimo křižovatku,ano,P4253,1.18470879381,Ruda n/Moravou - Bohdíkov,"61,054",Ne,MK,,,49° 59' 54.21994'' N,16° 53' 41.42763'' E,49.99839,16.89484
17.083411133892948,49.493128375359106,141206120537,Smržice (Olomoucký kraj),2012-10-19 14:15:00,silnice 3.třídy,37760,řidičem motorového vozidla,s řidičským oprávněním skupiny c,řidič nebyl ovlivněn,ne,dobrý -žádné nepříznivé okolnosti nebyly zjištěny,0,0,0,2,ŠKODA,žádná z uvedených,550,"došlo k úniku pohonných hmot, oleje, chl",osobní automobil bez přívěsu,1985,"soukromé, nevyužívané k výdělečné činnos",50,nebylo třeba užít násilí,nehoda pouze s hmotnou škodou,z boku,jiné nedání přednosti,"povrch suchý, neznečistěný",neztížené,dobré,na jízdním pruhu,přednost nevyznačena - vyplývá z pravide,přímý úsek,neurčeno,jedoucí - proti směru staničení na komun,srážka s vlakem,"nepřichází v úvahu, nejde o srážku s pev",dlažba,"dobrý, bez závad","ve dne, viditelnost nezhoršená vlivem po",dvoupruhová,žádný způsob řízení provozu,železniční přejezd nezabezpečený,mimo křižovatku,ne,P6547,27.9147545792,Prostějov míst.n. - Kostelec na Hané,"4,483",Ne,III.,37760,u Smržic,49° 29' 34.60761'' N,17° 04' 59.31200'' E,49.49295,17.08314
17.161434663122616,49.44819796601918,141206120582,Bedihošť (Olomoucký kraj),2012-11-14 14:55:00,komunikace místní,0,řidičem motorového vozidla,s řidičským oprávněním skupiny b,řidič nebyl ovlivněn,ne,dobrý -žádné nepříznivé okolnosti nebyly zjištěny,0,0,0,2,CHEVROLET,nedošlo k požáru,4500,žádné z uvedených,osobní automobil bez přívěsu,2007,"soukromé, nevyužívané k výdělečné činnos",1500,nebylo třeba užít násilí,nehoda pouze s hmotnou škodou,z boku,nezvládnutí řízení vozidla,"povrch suchý, neznečistěný",neztížené,dobré,na jízdním pruhu,přednost vyznačena dopravními značkami,přímý úsek,neurčeno,vozidlo jedoucí - na komunikaci bez stan,srážka s vlakem,"nepřichází v úvahu, nejde o srážku s pev",živice,"dobrý, bez závad","ve dne, viditelnost nezhoršená vlivem po",žádná z uvedených,místní úprava (vyplní se pol. 24),železniční přejezd nezabezpečený,mimo křižovatku,ne,P7584,3.54616485322,Bedihošť - Prostějov hl.n.,"76,881",Ano,O,,,49° 26' 53.57654'' N,17° 09' 41.30283'' E,49.44822,17.16147
17.122539146861424,49.477823609371647,141206120629,Prostějov (Olomoucký kraj),2012-12-11 12:45:00,komunikace místní,0,řidičem motorového vozidla,s řidičským oprávněním skupiny c,řidič nebyl ovlivněn,ne,dobrý -žádné nepříznivé okolnosti nebyly zjištěny,0,0,0,2,DACIA,nedošlo k požáru,700,žádné z uvedených,"nákladní automobil (včetně multikáry, au",2010,"soukromá organizace (podnikatel, s.r.o.,",500,nebylo třeba užít násilí,nehoda pouze s hmotnou škodou,z boku,"nepř. rychlosti stavu vozovky (náledí, výtluky, bláto, mokrý povrch apod.)","souvislá sněhová vrstva, rozbředlý sníh",sněžení,dobré,žádné z uvedených,žádná místní úprava,přímý úsek,neurčeno,vozidlo jedoucí - na komunikaci bez stan,srážka s vlakem,"nepřichází v úvahu, nejde o srážku s pev",živice,"dobrý, bez závad","ve dne, viditelnost nezhoršená vlivem po",dvoupruhová,žádný způsob řízení provozu,železniční přejezd nezabezpečený,mimo křižovatku,ano,P6541,19.6657160486,TOMI-REMONT - Prostějov míst.n.,"1,053",Ne,C,,na ulici Českobratrská,49° 28' 39.86362'' N,17° 07' 20.29068'' E,49.47774,17.1223
17.495255877794666,49.142727881300026,150506120961,Spytihněv (Zlínský kraj),2012-11-19 07:48:00,silnice 3.třídy,36747,řidičem motorového vozidla,s řidičským oprávněním skupiny c,řidič nebyl ovlivněn,ne,dobrý -žádné nepříznivé okolnosti nebyly zjištěny,0,0,0,1,RENAULT,nedošlo k požáru,300,žádné z uvedených,"nákladní automobil (včetně multikáry, au",2003,"soukromé, využívané k výdělečné činnosti",0,nebylo třeba užít násilí,nehoda pouze s hmotnou škodou,"nepřichází v úvahu, nejde o srážku jedou",jiné nedání přednosti,"povrch suchý, neznečistěný",neztížené,dobré,na jízdním pruhu,žádná místní úprava,přímý úsek,neurčeno,jedoucí - ve směru staničení na komunika,srážka s pevnou překážkou,závory železničního přejezdu,živice,"dobrý, bez závad","ve dne, viditelnost nezhoršená vlivem po",dvoupruhová,světelným signalizačním zařízením,železniční přejezd zabezpečený,mimo křižovatku,ne,P8164,16.5033116529,Huštěnovice - Napajedla,"147,076",Ano,III.,36747,u zastávky Spytihněv,49° 08' 33.63739'' N,17° 29' 43.67929'' E,49.14268,17.49547
17.773820584039637,49.215281193217578,150506121023,Lípa (Zlínský kraj),2012-12-12 14:30:00,komunikace místní,0,řidičem motorového vozidla,s řidičským oprávněním skupiny b,řidič nebyl ovlivněn,ne,dobrý -žádné nepříznivé okolnosti nebyly zjištěny,0,1,0,2,ŠKODA,nedošlo k požáru,1250,žádné z uvedených,"nákladní automobil (včetně multikáry, au",2005,"soukromá organizace (podnikatel, s.r.o.,",400,nebylo třeba užít násilí,nehoda s následky na životě nebo zdraví,boční,jiné nedání přednosti,povrch mokrý,neztížené,dobré,na jízdním pruhu,žádná místní úprava,přímý úsek,neurčeno,vozidlo jedoucí - na komunikaci bez stan,srážka s vlakem,"nepřichází v úvahu, nejde o srážku s pev",živice,"dobrý, bez závad","ve dne, viditelnost nezhoršená vlivem po",dvoupruhová,žádný způsob řízení provozu,železniční přejezd nezabezpečený,mimo křižovatku,ne,P8253,6.57676610714,Lípa n.Dřevnicí - Vizovice,"18,949",Ne,B,,stará lipská (Na Želechovice),49° 12' 55.22710'' N,17° 46' 25.78053'' E,49.21534,17.77383
17.356330104011079,49.015472603476894,151106120528,Polešovice (Zlínský kraj),2012-10-10 05:58:00,komunikace účelová - ostatní (parkoviště apod.),0,řidičem motorového vozidla,nezjištěno,jiné ovlivnění,nezjišťováno,jiný nepříznivý stav,0,0,0,1,žádná z uvedených,žádná z uvedených,200,žádné z uvedených,"nezjištěno, řidič ujel",,žádná z uvedených,0,žádná z uvedených,nehoda pouze s hmotnou škodou,"nepřichází v úvahu, nejde o srážku jedou",řidič se plně nevěnoval řízení vozidla,"povrch suchý, neznečistěný",neztížené,dobré,na jízdním pruhu,přednost nevyznačena - vyplývá z pravide,zatáčka,neurčeno,žádná z uvedených,srážka s pevnou překážkou,závory železničního přejezdu,živice,"dobrý, bez závad","ve dne, viditelnost nezhoršená vlivem po",dvoupruhová,místní úprava (vyplní se pol. 24),železniční přejezd zabezpečený,mimo křižovatku,ne,P8159,5.56286055645,Moravský Písek - Nedakonice-25kV,"129,656",Ano,O,,u hr.Salajka,49° 00' 55.53139'' N,17° 21' 22.93769'' E,49.01543,17.35637
17.818897563932044,49.037758400879163,151106120577,Bojkovice (Zlínský kraj),2012-10-23 05:20:00,silnice 2.třídy,495,řidičem motorového vozidla,s řidičským oprávněním skupiny b,řidič nebyl ovlivněn,ne,dobrý -žádné nepříznivé okolnosti nebyly zjištěny,0,0,0,1,FORD,nedošlo k požáru,800,žádné z uvedených,"nákladní automobil (včetně multikáry, au",2008,"soukromá organizace (podnikatel, s.r.o.,",500,nebylo třeba užít násilí,nehoda pouze s hmotnou škodou,"nepřichází v úvahu, nejde o srážku jedou","nepřizpůsobení rychlosti viditelnosti (mlha, soumrak, jízda na tlumená světla apod.)",povrch mokrý,mlha,dobré,na jízdním pruhu,přednost nevyznačena - vyplývá z pravide,zatáčka,neurčeno,jedoucí - ve směru staničení na komunika,srážka s pevnou překážkou,závory železničního přejezdu,živice,"dobrý, bez závad","v noci - s veřejným osvětlením, zhoršená",dvoupruhová,místní úprava (vyplní se pol. 24),železniční přejezd zabezpečený,mimo křižovatku,ne,P7992,10.8285599782,Bojkovice - Slavičín,"131,389",Ne,II.,495,za vjezd.od Slavíč. do Víceníkov,49° 02' 15.90094'' N,17° 49' 07.50520'' E,49.03775,17.81875
17.95205973678291,49.413338381748709,151506120493,Bystřička (Zlínský kraj),2012-09-22 10:25:00,silnice 1.třídy,57,řidičem motorového vozidla,s řidičským oprávněním skupiny c,řidič nebyl ovlivněn,ne,dobrý -žádné nepříznivé okolnosti nebyly zjištěny,0,1,0,2,MITSUBISHI,nedošlo k požáru,1310,žádné z uvedených,osobní automobil bez přívěsu,,registrované mimo území ČR,800,nebylo třeba užít násilí,nehoda s následky na životě nebo zdraví,čelní,"nepř. rychlosti dopravně technickému stavu vozovky (zatáčka,klesání,stoupání,šířka apod.)","povrch suchý, neznečistěný",neztížené,špatné vlivem profilu komunikace (nepřeh,na jízdním pruhu,přednost nevyznačena - vyplývá z pravide,zatáčka,neurčeno,jedoucí - ve směru staničení na komunika,srážka s jedoucím nekolejovým vozidlem,"nepřichází v úvahu, nejde o srážku s pev",živice,"dobrý, bez závad","ve dne, viditelnost nezhoršená vlivem po",dvoupruhová,místní úprava (vyplní se pol. 24),železniční přejezd zabezpečený,mimo křižovatku,ne,P8055,109.189093044,Bystřička - Jablůnka,"33,243",Ano,I.,,"Bystřička 2, hlavní cesta",49° 24' 51.56505'' N,17° 57' 07.51170'' E,49.41432,17.95209
17.822384150690382,49.44240236665302,151506120533,Loučka (Zlínský kraj),2012-10-15 23:59:00,silnice 2.třídy,150,řidičem motorového vozidla,s řidičským oprávněním skupiny d,řidič nebyl ovlivněn,nezjišťováno,dobrý -žádné nepříznivé okolnosti nebyly zjištěny,0,0,0,1,MAN,nedošlo k požáru,100,žádné z uvedených,autobus,1996,"soukromé, využívané k výdělečné činnosti",0,nebylo třeba užít násilí,nehoda pouze s hmotnou škodou,"nepřichází v úvahu, nejde o srážku jedou",řidič se plně nevěnoval řízení vozidla,"povrch suchý, neznečistěný",neztížené,dobré,na jízdním pruhu,žádná místní úprava,přímý úsek,neurčeno,jedoucí - ve směru staničení na komunika,srážka s pevnou překážkou,závory železničního přejezdu,živice,"dobrý, bez závad","ve dne, viditelnost nezhoršená vlivem po",dvoupruhová,žádný způsob řízení provozu,železniční přejezd zabezpečený,mimo křižovatku,ne,P7290,7.24147199912,Kunovice-Loučka - Branky na M.,"49,051",Ne,II.,150,Kunovický u statku,49° 26' 32.50689'' N,17° 49' 20.86289'' E,49.44236,17.82246
18.114672888778077,49.309043588421389,151506120552,Huslenky (Zlínský kraj),2012-10-23 17:26:00,komunikace místní,0,řidičem motorového vozidla,s řidičským oprávněním skupiny b,řidič nebyl ovlivněn,ne,dobrý -žádné nepříznivé okolnosti nebyly zjištěny,0,0,0,2,AUDI,nedošlo k požáru,3500,žádné z uvedených,osobní automobil bez přívěsu,2005,"soukromá organizace (podnikatel, s.r.o.,",2000,nebylo třeba užít násilí,nehoda pouze s hmotnou škodou,z boku,jiné nedání přednosti,"povrch suchý, neznečistěný",neztížené,dobré,na jízdním pruhu,žádná místní úprava,přímý úsek,neurčeno,vozidlo jedoucí - na komunikaci bez stan,srážka s vlakem,"nepřichází v úvahu, nejde o srážku s pev",živice,"dobrý, bez závad","ve dne, viditelnost nezhoršená vlivem po",dvoupruhová,žádný způsob řízení provozu,železniční přejezd nezabezpečený,mimo křižovatku,ne,P8076,31.9132824335,Hovězí - Halenkov,"11,798",Ne,MK,,Huslenky u soukromníka,49° 18' 33.57133'' N,18° 06' 52.91250'' E,49.30933,18.1147
17.947120404844565,49.379227682291237,151506120605,Jablůnka (Zlínský kraj),2012-11-22 21:45:00,silnice 1.třídy,57,řidičem motorového vozidla,nezjištěno,jiné ovlivnění,nezjišťováno,jiný nepříznivý stav,0,0,0,1,žádná z uvedených,žádná z uvedených,80,žádné z uvedených,"nezjištěno, řidič ujel",,žádná z uvedených,0,žádná z uvedených,nehoda pouze s hmotnou škodou,"nepřichází v úvahu, nejde o srážku jedou",řidič se plně nevěnoval řízení vozidla,"povrch suchý, neznečistěný",neztížené,dobré,na jízdním pruhu,žádná místní úprava,přímý úsek,neurčeno,žádná z uvedených,srážka s pevnou překážkou,závory železničního přejezdu,živice,"dobrý, bez závad","v noci - bez veřejného osvětlení,viditel",dvoupruhová,žádný způsob řízení provozu,železniční přejezd zabezpečený,mimo křižovatku,ne,P8058,12.0045618686,žst. Jablůnka,"37,308",Ano,I.,,u žst. Jablůnka,49° 22' 44.87277'' N,17° 56' 49.37181'' E,49.37913,17.94705
15.489340603430691,49.215514749388383,160706120596,Mysliboř (Kraj Vysočina),2012-12-12 18:10:00,silnice 3.třídy,2321,řidičem motorového vozidla,s řidičským oprávněním skupiny b,řidič nebyl ovlivněn,ne,dobrý -žádné nepříznivé okolnosti nebyly zjištěny,0,1,0,2,ŠKODA,nedošlo k požáru,1700,žádné z uvedených,osobní automobil bez přívěsu,1999,"soukromé, nevyužívané k výdělečné činnos",200,nebylo třeba užít násilí,nehoda s následky na životě nebo zdraví,z boku,proti příkazu dopravní značky STŮJ DEJ PŘEDNOST,"na vozovce je náledí, ujetý sníh - nepos",sněžení,dobré,na jízdním pruhu,přednost vyznačena dopravními značkami,přímý úsek,neurčeno,jedoucí - proti směru staničení na komun,srážka s vlakem,"nepřichází v úvahu, nejde o srážku s pev",živice,"dobrý, bez závad","v noci - bez veřejného osvětlení, vidite",dvoupruhová,místní úprava (vyplní se pol. 24),železniční přejezd nezabezpečený,mimo křižovatku,ne,P6433,9.59802469675,Sedlejov - Telč,"18,477",Ne,III.,2321,,49° 12' 55.74200'' N,15° 29' 21.19642'' E,49.21548,15.48922
16.097260888125852,49.570660331900449,161406120534,Nové Město na Moravě (Kraj Vysočina),2012-12-11 04:25:00,silnice 3.třídy,36039,řidičem motorového vozidla,s řidičským oprávněním skupiny c,řidič nebyl ovlivněn,ne,dobrý -žádné nepříznivé okolnosti nebyly zjištěny,0,0,0,1,MAN,nedošlo k požáru,1200,žádné z uvedených,nákladní automobil s návěsem,2007,"soukromá organizace (podnikatel, s.r.o.,",200,nebylo třeba užít násilí,nehoda pouze s hmotnou škodou,"nepřichází v úvahu, nejde o srážku jedou",nezvládnutí řízení vozidla,"na vozovce je náledí, ujetý sníh - nepos",sněžení,dobré,na jízdním pruhu,žádná místní úprava,zatáčka,neurčeno,jedoucí - proti směru staničení na komun,srážka s pevnou překážkou,"odrazník, patník, sloupek, dopr.značky a",živice,"dobrý, bez závad","v noci - bez veřejného osvětlení, vidite",dvoupruhová,světelným signalizačním zařízením,železniční přejezd zabezpečený,mimo křižovatku,ano,P7027,1.26216367779,Nové Město na Moravě - Bystřice nad Pernštejnem,"48,54",Ne,III.,36039,,49° 34' 14.39626'' N,16° 05' 50.15536'' E,49.57067,16.09727
15.564678369760882,49.586097262826499,161606120442,Havlíčkův Brod (Kraj Vysočina),2012-10-15 12:46:00,komunikace místní,0,řidičem motorového vozidla,s řidičským oprávněním skupiny b,řidič nebyl ovlivněn,ne,dobrý -žádné nepříznivé okolnosti nebyly zjištěny,0,0,0,2,RENAULT,nedošlo k požáru,1200,žádné z uvedených,osobní automobil bez přívěsu,1996,"soukromé, nevyužívané k výdělečné činnos",200,nebylo třeba užít násilí,nehoda pouze s hmotnou škodou,z boku,proti příkazu dopravní značky STŮJ DEJ PŘEDNOST,"povrch suchý, neznečistěný",neztížené,dobré,na jízdním pruhu,přednost vyznačena dopravními značkami,přímý úsek,neurčeno,vozidlo jedoucí - na komunikaci bez stan,srážka s vlakem,"nepřichází v úvahu, nejde o srážku s pev",živice,"dobrý, bez závad","ve dne, viditelnost nezhoršená vlivem po",dvoupruhová,místní úprava (vyplní se pol. 24),železniční přejezd nezabezpečený,mimo křižovatku,ne,P3767,5.67499492743,AMYLON - Lípa,"3,216",Ne,O,,obecní cesta,49° 35' 09.96305'' N,15° 33' 52.56794'' E,49.5861,15.5646
15.53867441094501,49.557616461439984,161606120526,Lípa (Kraj Vysočina),2012-12-12 10:26:00,silnice 3.třídy,3489,řidičem motorového vozidla,s řidičským oprávněním skupiny b,řidič nebyl ovlivněn,ne,dobrý -žádné nepříznivé okolnosti nebyly zjištěny,0,0,1,2,RENAULT,nedošlo k požáru,1650,žádné z uvedených,osobní automobil bez přívěsu,1995,"soukromé, nevyužívané k výdělečné činnos",500,nebylo třeba užít násilí,nehoda s následky na životě nebo zdraví,z boku,proti příkazu dopravní značky STŮJ DEJ PŘEDNOST,"povrch suchý, neznečistěný",neztížené,dobré,na jízdním pruhu,přednost vyznačena dopravními značkami,přímý úsek,neurčeno,jedoucí - ve směru staničení na komunika,srážka s vlakem,"nepřichází v úvahu, nejde o srážku s pev",živice,"dobrý, bez závad","ve dne, viditelnost nezhoršená vlivem po",dvoupruhová,místní úprava (vyplní se pol. 24),železniční přejezd nezabezpečený,mimo křižovatku,ne,P3774,20.6542793625,AMYLON - Lípa,"7,418",Ne,III.,3489,stát.silnice,49° 33' 26.90554'' N,15° 32' 19.87111'' E,49.55747,15.53885
15.399832532158616,49.757034228665255,161606120566,Leština u Světlé (Kraj Vysočina),2012-12-15 11:13:00,silnice 2.třídy,346,řidičem motorového vozidla,s řidičským oprávněním skupiny b,řidič nebyl ovlivněn,ne,dobrý -žádné nepříznivé okolnosti nebyly zjištěny,0,0,0,2,Kia,nedošlo k požáru,1300,žádné z uvedených,osobní automobil bez přívěsu,2011,"soukromá organizace (podnikatel, s.r.o.,",1000,nebylo třeba užít násilí,nehoda pouze s hmotnou škodou,z boku,řidič se plně nevěnoval řízení vozidla,povrch mokrý,déšť,dobré,na jízdním pruhu,žádná místní úprava,přímý úsek,neurčeno,jedoucí - ve směru staničení na komunika,srážka s vlakem,"nepřichází v úvahu, nejde o srážku s pev",živice,"dobrý, bez závad","ve dne, viditelnost nezhoršená vlivem po",dvoupruhová,světelným signalizačním zařízením,železniční přejezd zabezpečený,mimo křižovatku,ne,P3698,7.25789836103,žst. Leština u Světlé,"251,334",Ano,II.,346,Na Prvním zhlaví,49° 45' 25.43355'' N,15° 23' 59.07367'' E,49.75706,15.39974