X,Y,id,obec,datum,komunikace,komunika_1,zavineni,ridic_kate,ridic_ovli,vinik_alko,ridic_stav,obeti_usmr,obeti_lehc,obeti_tezc,vozidel_ce,vinik_vozi,vinik_vo_1,skoda,unik_hmot,vinik_vo_2,vinik_vo_3,vinik_vo_4,vinik_skod,vyprosteni,nehoda_cha,srazka_voz,hlavni_pri,povrch_sta,meteo,rozhled,nehoda_pol,prednost_v,smerove_po,druh_krizu,smer_jizdy,nehoda_dru,pevna_prek,povrch_dru,komunika_2,viditelnos,komunika_3,rizeni_pro,objekty,misto_neho,smyk,neighbors_TargetID,neighbors_Distance,neighbors_prejezdy-dec_Název definičního úseku,neighbors_prejezdy-dec_Žkm přejezdu,neighbors_prejezdy-dec_Přejezd s trolejovým vedením,neighbors_prejezdy-dec_Třída pozemní komunikace,neighbors_prejezdy-dec_Číslo pozemní komunikace,neighbors_prejezdy-dec_Místní název přejezdu,neighbors_prejezdy-dec_Zeměpisná šířka,neighbors_prejezdy-dec_Zeměpisná délka,neighbors_prejezdy-dec_field_10,neighbors_prejezdy-dec_field_11
14.419512808896554,50.087971868192682,3100144071,Praha (Hlavní město Praha),2014-09-09 23:59:00,komunikace účelová - ostatní (parkoviště apod.),0,řidičem motorového vozidla,nezjištěno,jiné ovlivnění,nezjišťováno,jiný nepříznivý stav,0,0,0,2,žádná z uvedených,žádná z uvedených,100,žádné z uvedených,"nezjištěno, řidič ujel",,žádná z uvedených,0,žádná z uvedených,nehoda pouze s hmotnou škodou,"nepřichází v úvahu, nejde o srážku jedou",jiný druh nesprávného způsobu jízdy,"povrch suchý, neznečistěný",neztížené,dobré,na jízdním pruhu,žádná místní úprava,přímý úsek,neurčeno,žádná z uvedených,"srážka s vozidlem zaparkovaným, odstaven","nepřichází v úvahu, nejde o srážku s pev",živice,"dobrý, bez závad","ve dne, viditelnost nezhoršená vlivem po",dvoupruhová,žádný způsob řízení provozu,železniční přejezd nezabezpečený,mimo křižovatku,ne,P2,1339.2845329,Praha-Bubny - Praha-Dejvice,"2,823",Ne,MK,,u Sparty,50° 05' 55.60024'' N,14° 24' 40.55371'' E,50.09878,14.41126
14.436330833664091,50.104721068084721,3100144958,Praha (Hlavní město Praha),2014-10-14 16:40:00,komunikace sledovaná (ve vybraných městech),0,řidičem motorového vozidla,s řidičským oprávněním skupiny c,řidič nebyl ovlivněn,ne,dobrý -žádné nepříznivé okolnosti nebyly zjištěny,0,0,0,1,FORD,žádná z uvedených,30,žádné z uvedených,"nákladní automobil (včetně multikáry, au",2010,"soukromá organizace (podnikatel, s.r.o.,",10,nebylo třeba užít násilí,nehoda pouze s hmotnou škodou,"nepřichází v úvahu, nejde o srážku jedou",řidič se plně nevěnoval řízení vozidla,"povrch suchý, neznečistěný",neztížené,dobré,na jízdním pruhu,žádná místní úprava,přímý úsek,neurčeno,jedoucí - proti směru staničení na komun,srážka s pevnou překážkou,závory železničního přejezdu,živice,"dobrý, bez závad","ve dne, viditelnost nezhoršená vlivem po",dvoupruhová,žádný způsob řízení provozu,železniční přejezd zabezpečený,mimo křižovatku,ne,P1,4.76721982658,Praha-Bubny - Praha-Dejvice,"0,767",Ne,B,,Bubenská třída,50° 06' 16.85545'' N,14° 26' 10.84575'' E,50.10468,14.43635
14.436355594315598,50.104692553464396,3100145067,Praha (Hlavní město Praha),2014-10-16 08:15:00,komunikace sledovaná (ve vybraných městech),0,řidičem motorového vozidla,s řidičským oprávněním skupiny b,řidič nebyl ovlivněn,ne,dobrý -žádné nepříznivé okolnosti nebyly zjištěny,0,0,0,1,FORD,nedošlo k požáru,230,žádné z uvedených,osobní automobil bez přívěsu,2011,"soukromá organizace (podnikatel, s.r.o.,",100,nebylo třeba užít násilí,nehoda pouze s hmotnou škodou,"nepřichází v úvahu, nejde o srážku jedou",jízda na “červené světlo“,povrch mokrý,déšť,dobré,na jízdním pruhu,žádná místní úprava,křižovatka styková - tříramenná,neurčeno,jedoucí - ve směru staničení na komunika,srážka s pevnou překážkou,závory železničního přejezdu,živice,"dobrý, bez závad","ve dne, zhoršená viditelnost vlivem pově",žádná z uvedených,světelným signalizačním zařízením,železniční přejezd zabezpečený,"na křižovatce,jedná-li se o křížení siln",ne,P1,1.45106146951,Praha-Bubny - Praha-Dejvice,"0,767",Ne,B,,Bubenská třída,50° 06' 16.85545'' N,14° 26' 10.84575'' E,50.10468,14.43635
14.602155842801007,50.114703538614933,3100146145,Praha (Hlavní město Praha),2014-11-11 14:00:00,komunikace místní,0,řidičem motorového vozidla,nezjištěno,jiné ovlivnění,nezjišťováno,jiný nepříznivý stav,0,0,0,1,žádná z uvedených,žádná z uvedených,20,žádné z uvedených,"nezjištěno, řidič ujel",,žádná z uvedených,0,žádná z uvedených,nehoda pouze s hmotnou škodou,"nepřichází v úvahu, nejde o srážku jedou",jiný druh nesprávného způsobu jízdy,"povrch suchý, neznečistěný",neztížené,dobré,na jízdním pruhu,žádná místní úprava,přímý úsek,neurčeno,žádná z uvedených,srážka s pevnou překážkou,závory železničního přejezdu,živice,"dobrý, bez závad","ve dne, viditelnost nezhoršená vlivem po",dvoupruhová,žádný způsob řízení provozu,železniční přejezd zabezpečený,mimo křižovatku,ne,P3617,4.97178513307,Praha-Horní Počernice - Skály (počernická část),"21,209",Ano,B,,ulice Bystrá,50° 06' 52.76550'' N,14° 36' 07.71574'' E,50.11466,14.60214
14.894582559716367,49.701950448628686,10106130915,Vlašim (Středočeský kraj),2013-11-14 06:15:00,komunikace místní,0,řidičem motorového vozidla,s řidičským oprávněním skupiny d,řidič nebyl ovlivněn,ne,dobrý -žádné nepříznivé okolnosti nebyly zjištěny,0,0,0,1,MAN,žádná z uvedených,1001,žádné z uvedených,nákladní automobil s návěsem,2005,"soukromá organizace (podnikatel, s.r.o.,",400,nebylo třeba užít násilí,nehoda pouze s hmotnou škodou,"nepřichází v úvahu, nejde o srážku jedou",řidič se plně nevěnoval řízení vozidla,"povrch suchý, neznečistěný",mlha,dobré,mimo komunikaci,žádná místní úprava,přímý úsek,neurčeno,vozidlo jedoucí - na komunikaci bez stan,srážka s pevnou překážkou,"odrazník, patník, sloupek, dopr.značky a",živice,"dobrý, bez závad","v noci - s veřejným osvětlením, zhoršená",dvoupruhová,žádný způsob řízení provozu,železniční přejezd zabezpečený,mimo křižovatku,ne,P6054,19.3250034745,,"0,085",ne,místní komunikace,,,49° 42' 6.994'' N,14° 53' 41.474'' E,49.70194,14.89485
14.894876939362499,49.702042360769859,10106140233,Vlašim (Středočeský kraj),2014-04-11 08:10:00,silnice 2.třídy,125,řidičem motorového vozidla,s řidičským oprávněním skupiny d,řidič nebyl ovlivněn,ne,dobrý -žádné nepříznivé okolnosti nebyly zjištěny,0,0,0,1,IVECO,žádná z uvedených,70,žádné z uvedených,"nákladní automobil (včetně multikáry, au",2005,"soukromá organizace (podnikatel, s.r.o.,",20,nebylo třeba užít násilí,nehoda pouze s hmotnou škodou,"nepřichází v úvahu, nejde o srážku jedou",řidič se plně nevěnoval řízení vozidla,"povrch suchý, neznečistěný",neztížené,dobré,na jízdním pruhu,žádná místní úprava,přímý úsek,neurčeno,jedoucí - proti směru staničení na komun,srážka s pevnou překážkou,závory železničního přejezdu,živice,"dobrý, bez závad","ve dne, viditelnost nezhoršená vlivem po",dvoupruhová,žádný způsob řízení provozu,železniční přejezd zabezpečený,mimo křižovatku,ne,P6053,3.65415560761,žst. Vlašim,"22,579",Ne,II.,125,ul. Blanická,49° 42' 07.31827'' N,14° 53' 41.40338'' E,49.70203,14.89483
14.581623979346015,49.605368031587354,10106140986,Heřmaničky (Středočeský kraj),2014-11-30 08:25:00,silnice 2.třídy,121,řidičem motorového vozidla,s řidičským oprávněním skupiny c,řidič nebyl ovlivněn,nezjišťováno,dobrý -žádné nepříznivé okolnosti nebyly zjištěny,0,0,0,1,MAN,řidič ujel - zjištěn,200,žádné z uvedených,"nákladní automobil (včetně multikáry, au",1997,"soukromé, využívané k výdělečné činnosti",10,nebylo třeba užít násilí,nehoda pouze s hmotnou škodou,"nepřichází v úvahu, nejde o srážku jedou",řidič se plně nevěnoval řízení vozidla,povrch mokrý,neztížené,dobré,na krajnici,žádná místní úprava,zatáčka,neurčeno,jedoucí - proti směru staničení na komun,srážka s pevnou překážkou,závory železničního přejezdu,živice,"dobrý, bez závad","ve dne, viditelnost nezhoršená vlivem po",dvoupruhová,žádný způsob řízení provozu,železniční přejezd zabezpečený,mimo křižovatku,ne,P5662,16.5103282769,Heřmaničky - Votice,"111,134",Ano,II.,121,za žst.Heřmaničky,49° 36' 19.69942'' N,14° 34' 54.45880'' E,49.60547,14.58179
14.581841603774748,49.608428067659389,10106140997,Heřmaničky (Středočeský kraj),2014-12-12 14:00:00,silnice 3.třídy,12138,řidičem motorového vozidla,nezjištěno,jiné ovlivnění,nezjišťováno,jiný nepříznivý stav,0,0,0,1,žádná z uvedených,žádná z uvedených,50,žádné z uvedených,"nezjištěno, řidič ujel",,žádná z uvedených,0,žádná z uvedených,nehoda pouze s hmotnou škodou,"nepřichází v úvahu, nejde o srážku jedou",řidič se plně nevěnoval řízení vozidla,"povrch suchý, neznečistěný",neztížené,dobré,na jízdním pruhu,žádná místní úprava,přímý úsek,neurčeno,žádná z uvedených,srážka s pevnou překážkou,závory železničního přejezdu,živice,"dobrý, bez závad","ve dne, viditelnost nezhoršená vlivem po",dvoupruhová,žádný způsob řízení provozu,železniční přejezd zabezpečený,mimo křižovatku,ne,P5663,1.34636631462,Heřmaničky - Votice,"111,469",Ano,III.,12138,,49° 36' 30.33761'' N,14° 34' 54.70491'' E,49.60843,14.58186
14.54738461750892,49.856531528954896,10106150072,Krhanice (Středočeský kraj),2015-02-02 19:10:00,komunikace místní,0,řidičem motorového vozidla,nezjištěno,jiné ovlivnění,nezjišťováno,jiný nepříznivý stav,0,0,0,2,žádná z uvedených,žádná z uvedených,150,žádné z uvedených,"nezjištěno, řidič ujel",,žádná z uvedených,0,žádná z uvedených,nehoda pouze s hmotnou škodou,z boku,proti příkazu dopravní značky STŮJ DEJ PŘEDNOST,"povrch suchý, neznečistěný",neztížené,dobré,na jízdním pruhu,přednost vyznačena dopravními značkami,přímý úsek,neurčeno,žádná z uvedených,srážka s vlakem,"nepřichází v úvahu, nejde o srážku s pev",živice,"dobrý, bez závad","v noci - bez veřejného osvětlení,viditel",dvoupruhová,místní úprava (vyplní se pol. 24),železniční přejezd nezabezpečený,mimo křižovatku,ne,P5697,3.65573665079,,"0,111",ne,,,místní kom.,49° 51' 24.000'' N,14° 32' 51.000'' E,49.85667,14.5475
14.081974939398997,49.970062318882228,10206140295,Beroun (Středočeský kraj),2014-07-07 23:59:00,silnice 2.třídy,118,řidičem motorového vozidla,nezjištěno,jiné ovlivnění,nezjišťováno,jiný nepříznivý stav,0,0,0,1,žádná z uvedených,žádná z uvedených,20,žádné z uvedených,"nezjištěno, řidič ujel",,žádná z uvedených,0,žádná z uvedených,nehoda pouze s hmotnou škodou,"nepřichází v úvahu, nejde o srážku jedou",jiný druh nesprávného způsobu jízdy,"povrch suchý, neznečistěný",neztížené,dobré,na jízdním pruhu,žádná místní úprava,přímý úsek,neurčeno,žádná z uvedených,srážka s pevnou překážkou,závory železničního přejezdu,živice,"dobrý, bez závad","v noci - s veřejným osvětlením,viditelno",dvoupruhová,žádný způsob řízení provozu,železniční přejezd zabezpečený,mimo křižovatku,ne,P2203,3.78370638107,Beroun-Závodí - Vráž u Berouna,"2,022",Ne,II.,605,,49° 58' 12.30247'' N,14° 04' 55.27214'' E,49.97008,14.08202
14.03552401491616,49.990843715516981,10206140384,Hýskov (Středočeský kraj),2014-08-24 17:22:00,silnice 3.třídy,1164,řidičem motorového vozidla,s řidičským oprávněním skupiny b,řidič nebyl ovlivněn,ano - obsah alkoholu v krvi 1‰ a více,"pod vlivem alkoholu, obsah alkoholu v krvi do 0,99‰",0,3,0,1,VOLKSWAGEN,nedošlo k požáru,400,žádné z uvedených,osobní automobil bez přívěsu,1997,"soukromé, nevyužívané k výdělečné činnos",400,nebylo třeba užít násilí,nehoda s následky na životě nebo zdraví,"nepřichází v úvahu, nejde o srážku jedou","nepř. rychlosti dopravně technickému stavu vozovky (zatáčka,klesání,stoupání,šířka apod.)","povrch suchý, neznečistěný",neztížené,dobré,mimo komunikaci,žádná místní úprava,přímý úsek po projetí zatáčkou (do vzdál,neurčeno,vozidlo jedoucí - na komunikaci bez stan,havárie,"nepřichází v úvahu, nejde o srážku s pev",živice,"dobrý, bez závad","ve dne, viditelnost nezhoršená vlivem po",dvoupruhová,žádný způsob řízení provozu,železniční přejezd zabezpečený,mimo křižovatku,ano,P2319,2.61212411608,Hýskov - Nižbor,"6,431",Ne,III.,1164,,49° 59' 27.03707'' N,14° 02' 08.00780'' E,49.99084,14.03556
13.984736538489333,49.854928891729557,10206140464,Lochovice (Středočeský kraj),2014-10-15 07:44:00,silnice 2.třídy,118,řidičem motorového vozidla,s řidičským oprávněním skupiny b,řidič nebyl ovlivněn,ne,dobrý -žádné nepříznivé okolnosti nebyly zjištěny,0,1,0,2,PEUGEOT,žádná z uvedených,5650,"došlo k úniku pohonných hmot, oleje, chl",osobní automobil bez přívěsu,2012,"soukromé, nevyužívané k výdělečné činnos",2500,použitím speciální vyprošťovací techniky,nehoda s následky na životě nebo zdraví,z boku,jiné nedání přednosti,"povrch suchý, neznečistěný",neztížené,dobré,na jízdním pruhu,žádná místní úprava,přímý úsek,neurčeno,jedoucí - ve směru staničení na komunika,srážka s vlakem,"nepřichází v úvahu, nejde o srážku s pev",živice,"dobrý, bez závad","ve dne, viditelnost nezhoršená vlivem po",dvoupruhová,světelným signalizačním zařízením,železniční přejezd zabezpečený,mimo křižovatku,ne,P597,1.0180706928,Neumětely - Lochovice,"24,981",Ne,II.,118,okr.silnice,49° 51' 17.71568'' N,13° 59' 05.07162'' E,49.85492,13.98474
14.125617728263638,49.984863159158998,10206140492,Vráž (Středočeský kraj),2014-11-11 10:25:00,silnice 3.třídy,522,řidičem motorového vozidla,s řidičským oprávněním skupiny c,řidič nebyl ovlivněn,nezjišťováno,dobrý -žádné nepříznivé okolnosti nebyly zjištěny,0,0,0,1,IVECO,řidič ujel - zjištěn,40,žádné z uvedených,"nákladní automobil (včetně multikáry, au",2009,"soukromá organizace (podnikatel, s.r.o.,",0,nebylo třeba užít násilí,nehoda pouze s hmotnou škodou,"nepřichází v úvahu, nejde o srážku jedou",jiný druh nesprávného způsobu jízdy,"povrch suchý, neznečistěný",neztížené,dobré,na jízdním pruhu,žádná místní úprava,zatáčka,neurčeno,jedoucí - ve směru staničení na komunika,srážka s pevnou překážkou,závory železničního přejezdu,živice,"dobrý, bez závad","ve dne, viditelnost nezhoršená vlivem po",dvoupruhová,žádný způsob řízení provozu,železniční přejezd zabezpečený,mimo křižovatku,ne,P2207,3.12506442109,žst. Vráž u Berouna,"5,772",Ne,III.,,,49° 59' 05.52211'' N,14° 07' 32.37738'' E,49.98487,14.12566
14.164905490506461,49.931217454956915,10206150029,Karlštejn (Středočeský kraj),2015-01-29 12:50:00,komunikace místní,0,řidičem motorového vozidla,s řidičským oprávněním skupiny c,řidič nebyl ovlivněn,ne,dobrý -žádné nepříznivé okolnosti nebyly zjištěny,0,0,0,1,FIAT,žádná z uvedených,70,žádné z uvedených,"nákladní automobil (včetně multikáry, au",2003,"soukromá organizace (podnikatel, s.r.o.,",50,nebylo třeba užít násilí,nehoda pouze s hmotnou škodou,"nepřichází v úvahu, nejde o srážku jedou",jiný druh nesprávného způsobu jízdy,"povrch suchý, neznečistěný",neztížené,dobré,na jízdním pruhu,přednost vyznačena dopravními značkami,přímý úsek po projetí zatáčkou (do vzdál,neurčeno,vozidlo jedoucí - na komunikaci bez stan,srážka s pevnou překážkou,závory železničního přejezdu,živice,"dobrý, bez závad","ve dne, viditelnost nezhoršená vlivem po",dvoupruhová,místní úprava (vyplní se pol. 24),železniční přejezd zabezpečený,mimo křižovatku,ne,P276,3.30011722135,žst. Karlštejn,"30,469",Ano,MK,,,49° 55' 52.34042'' N,14° 09' 53.82488'' E,49.93121,14.16495
14.100423115802359,49.857123450382012,10206150101,Vižina (Středočeský kraj),2015-03-21 15:00:00,silnice 3.třídy,11412,řidičem motorového vozidla,nezjištěno,jiné ovlivnění,nezjišťováno,jiný nepříznivý stav,0,0,0,2,žádná z uvedených,žádná z uvedených,200,žádné z uvedených,"nezjištěno, řidič ujel",,žádná z uvedených,0,žádná z uvedených,nehoda pouze s hmotnou škodou,čelní,"nepř. rychlosti dopravně technickému stavu vozovky (zatáčka,klesání,stoupání,šířka apod.)","povrch suchý, znečist. (písek,listí,štěr",neztížené,dobré,na jízdním pruhu,žádná místní úprava,přímý úsek po projetí zatáčkou (do vzdál,neurčeno,žádná z uvedených,srážka s vlakem,"nepřichází v úvahu, nejde o srážku s pev",živice,"dobrý, bez závad","ve dne, viditelnost nezhoršená vlivem po",dvoupruhová,žádný způsob řízení provozu,železniční přejezd nezabezpečený,mimo křižovatku,ne,P584,2.65295739692,Všeradice - Hostomice pod Brdy,"13,243",Ne,III.,11412,okr.silnice,49° 51' 25.55400'' N,14° 06' 01.54723'' E,49.8571,14.10043
14.131844806395858,50.156457237351653,10306130976,Kladno (Středočeský kraj),2013-11-14 16:10:00,komunikace místní,0,řidičem motorového vozidla,bez příslušného řidičského oprávnění,řidič nebyl ovlivněn,ne,dobrý -žádné nepříznivé okolnosti nebyly zjištěny,0,0,0,2,MERCEDES,nedošlo k požáru,670,žádné z uvedených,"nákladní automobil (včetně multikáry, au",2004,"soukromá organizace (podnikatel, s.r.o.,",500,nebylo třeba užít násilí,nehoda pouze s hmotnou škodou,z boku,proti příkazu dopravní značky STŮJ DEJ PŘEDNOST,"povrch suchý, neznečistěný",neztížené,dobré,na jízdním pruhu,přednost vyznačena dopravními značkami,přímý úsek,neurčeno,vozidlo jedoucí - na komunikaci bez stan,srážka s vlakem,"nepřichází v úvahu, nejde o srážku s pev",živice,"dobrý, bez závad","ve dne, viditelnost nezhoršená vlivem po",dvoupruhová,místní úprava (vyplní se pol. 24),železniční přejezd nezabezpečený,mimo křižovatku,ne,P2449,1339.92883769,Kladno-Ostrovec - Kladno-Dubí,"6,303",Ne,MK,,ul. Na Cikánce,50° 09' 41.06217'' N,14° 06' 53.11319'' E,50.16141,14.11475
14.166104233788912,50.094775679395013,10306131114,Pavlov (Středočeský kraj),2013-12-27 13:35:00,silnice 3.třídy,67,řidičem motorového vozidla,s řidičským oprávněním skupiny b,oslněn sluncem,ne,dobrý -žádné nepříznivé okolnosti nebyly zjištěny,0,0,0,1,Kia,nedošlo k požáru,320,žádné z uvedených,osobní automobil bez přívěsu,2008,"soukromé, nevyužívané k výdělečné činnos",300,nebylo třeba užít násilí,nehoda pouze s hmotnou škodou,"nepřichází v úvahu, nejde o srážku jedou",nepř. rychlosti vlastnostem vozidla a nákladu,"povrch suchý, neznečistěný",neztížené,dobré,na jízdním pruhu,žádná místní úprava,přímý úsek,neurčeno,vozidlo jedoucí - na komunikaci bez stan,srážka s pevnou překážkou,závory železničního přejezdu,živice,"dobrý, bez závad","ve dne, viditelnost nezhoršená vlivem po",dvoupruhová,žádný způsob řízení provozu,železniční přejezd zabezpečený,mimo křižovatku,ne,P20,3.00636615252,Jeneč - Unhošť,"21,831",Ne,III.,67,,50° 05' 41.14515'' N,14° 09' 57.85884'' E,50.09476,14.16607
14.089955489432853,50.126988208891326,10306131119,Kladno (Středočeský kraj),2013-12-30 06:00:00,silnice 3.třídy,2385,řidičem motorového vozidla,nezjištěno,jiné ovlivnění,nezjišťováno,jiný nepříznivý stav,0,0,0,1,žádná z uvedených,žádná z uvedených,100,žádné z uvedených,"nezjištěno, řidič ujel",,žádná z uvedených,0,žádná z uvedených,nehoda pouze s hmotnou škodou,"nepřichází v úvahu, nejde o srážku jedou",řidič se plně nevěnoval řízení vozidla,"na vozovce je náledí, ujetý sníh - nepos",neztížené,dobré,na jízdním pruhu,žádná místní úprava,přímý úsek,neurčeno,žádná z uvedených,srážka s pevnou překážkou,závory železničního přejezdu,živice,"dobrý, bez závad","v noci - bez veřejného osvětlení,viditel",dvoupruhová,žádný způsob řízení provozu,železniční přejezd zabezpečený,mimo křižovatku,ne,P27,8.76715412215,Kladno - Kamenné Žehrovice,"29,851",Ne,III.,2385,,50° 07' 36.88893'' N,14° 05' 23.79064'' E,50.12691,14.08994
14.091490087417437,50.149168207502129,10306140034,Kladno (Středočeský kraj),2014-01-12 10:55:00,komunikace místní,0,řidičem motorového vozidla,s řidičským oprávněním skupiny b,řidič nebyl ovlivněn,ne,dobrý -žádné nepříznivé okolnosti nebyly zjištěny,0,0,0,2,ŠKODA,nedošlo k požáru,1120,žádné z uvedených,osobní automobil bez přívěsu,2005,"soukromé, nevyužívané k výdělečné činnos",1000,nebylo třeba užít násilí,nehoda pouze s hmotnou škodou,z boku,jiné nedání přednosti,"povrch suchý, neznečistěný",neztížené,špatné vlivem profilu komunikace (nepřeh,na jízdním pruhu,žádná místní úprava,přímý úsek,neurčeno,vozidlo jedoucí - na komunikaci bez stan,srážka s vlakem,"nepřichází v úvahu, nejde o srážku s pev",živice,"dobrý, bez závad","ve dne, viditelnost nezhoršená vlivem po",dvoupruhová,světelným signalizačním zařízením,železniční přejezd nezabezpečený,mimo křižovatku,ne,P2446,1.49174175605,Kladno-Ostrovec - Kladno-Dubí,"4,039",Ne,MK,,,50° 08' 57.04260'' N,14° 05' 29.41526'' E,50.14918,14.0915
14.07790091981872,50.234018254876226,10306140420,Slaný (Středočeský kraj),2014-05-27 18:00:00,silnice 1.třídy,16,řidičem motorového vozidla,s řidičským oprávněním skupiny b,řidič nebyl ovlivněn,ne,dobrý -žádné nepříznivé okolnosti nebyly zjištěny,0,0,0,1,Kia,nedošlo k požáru,1500,"došlo k úniku pohonných hmot, oleje, chl",osobní automobil bez přívěsu,2006,"soukromé, nevyužívané k výdělečné činnos",1000,nebylo třeba užít násilí,nehoda pouze s hmotnou škodou,"nepřichází v úvahu, nejde o srážku jedou","nepř. rychlosti dopravně technickému stavu vozovky (zatáčka,klesání,stoupání,šířka apod.)","povrch suchý, neznečistěný",neztížené,dobré,mimo komunikaci,přednost vyznačena dopravními značkami,přímý úsek po projetí zatáčkou (do vzdál,neurčeno,jedoucí - ve směru staničení na komunika,srážka s pevnou překážkou,závory železničního přejezdu,živice,"dobrý, bez závad","ve dne, viditelnost nezhoršená vlivem po",dvoupruhová,místní úprava (vyplní se pol. 24),železniční přejezd zabezpečený,mimo křižovatku,ano,P2134,3.19951667646,Slaný - Zlonice,"55,545",Ne,I.,16,,50° 14' 02.52151'' N,14° 04' 40.29135'' E,50.23403,14.07786
14.114744209313828,50.161400379002494,10306140492,Kladno (Středočeský kraj),2014-06-18 12:45:00,komunikace místní,0,řidičem motorového vozidla,s řidičským oprávněním skupiny c,řidič nebyl ovlivněn,ne,dobrý -žádné nepříznivé okolnosti nebyly zjištěny,0,0,0,1,DAF,nedošlo k požáru,150,žádné z uvedených,"nákladní automobil (včetně multikáry, au",2014,"soukromé, nevyužívané k výdělečné činnos",50,nebylo třeba užít násilí,nehoda pouze s hmotnou škodou,"nepřichází v úvahu, nejde o srážku jedou",jiný druh nesprávného způsobu jízdy,"povrch suchý, neznečistěný",neztížené,dobré,na jízdním pruhu,žádná místní úprava,přímý úsek,neurčeno,vozidlo jedoucí - na komunikaci bez stan,srážka s pevnou překážkou,závory železničního přejezdu,živice,"dobrý, bez závad","ve dne, viditelnost nezhoršená vlivem po",dvoupruhová,žádný způsob řízení provozu,železniční přejezd zabezpečený,mimo křižovatku,ne,P2449,1.14850858132,Kladno-Ostrovec - Kladno-Dubí,"6,303",Ne,MK,,ul. Na Cikánce,50° 09' 41.06217'' N,14° 06' 53.11319'' E,50.16141,14.11475
14.114754147289515,50.161394101129211,10306140687,Kladno (Středočeský kraj),2014-08-20 13:24:00,komunikace místní,0,řidičem motorového vozidla,s řidičským oprávněním skupiny b,řidič nebyl ovlivněn,ne,dobrý -žádné nepříznivé okolnosti nebyly zjištěny,0,0,0,2,HONDA,nedošlo k požáru,70,žádné z uvedených,osobní automobil bez přívěsu,1988,"soukromé, nevyužívané k výdělečné činnos",50,nebylo třeba užít násilí,nehoda pouze s hmotnou škodou,boční,"při předjíždění došlo k ohrožení předjížděného  řidiče (vynucované zařazení, předjížděný musel  prudce brzdit, měnit směr jízdy apod.)","povrch suchý, neznečistěný",neztížené,dobré,na jízdním pruhu,žádná místní úprava,přímý úsek,neurčeno,vozidlo jedoucí - na komunikaci bez stan,srážka s jedoucím nekolejovým vozidlem,"nepřichází v úvahu, nejde o srážku s pev",živice,"dobrý, bez závad","ve dne, viditelnost nezhoršená vlivem po",dvoupruhová,žádný způsob řízení provozu,železniční přejezd zabezpečený,mimo křižovatku,ne,P2449,1.79465928285,Kladno-Ostrovec - Kladno-Dubí,"6,303",Ne,MK,,ul. Na Cikánce,50° 09' 41.06217'' N,14° 06' 53.11319'' E,50.16141,14.11475
14.195817596118157,50.206616967986569,10306140692,Želenice (Středočeský kraj),2014-08-25 05:55:00,silnice 3.třídy,24023,řidičem motorového vozidla,s řidičským oprávněním skupiny c,řidič nebyl ovlivněn,ne,dobrý -žádné nepříznivé okolnosti nebyly zjištěny,0,0,0,1,OPEL,žádná z uvedených,110,žádné z uvedených,osobní automobil bez přívěsu,2000,"soukromé, nevyužívané k výdělečné činnos",100,nebylo třeba užít násilí,nehoda pouze s hmotnou škodou,"nepřichází v úvahu, nejde o srážku jedou","nepř. rychlosti stavu vozovky (náledí, výtluky, bláto, mokrý povrch apod.)","povrch suchý, neznečistěný",neztížené,dobré,na jízdním pruhu,žádná místní úprava,přímý úsek,neurčeno,jedoucí - proti směru staničení na komun,jiný druh nehody,"nepřichází v úvahu, nejde o srážku s pev",živice,zvlněný povrch v podélném směru,"ve dne, viditelnost nezhoršená vlivem po",dvoupruhová,žádný způsob řízení provozu,železniční přejezd zabezpečený,mimo křižovatku,ne,P2261,2.72992793291,Noutonice - Podlešín,"43,804",Ne,III.,24023,,50° 12' 23.85132'' N,14° 11' 45.06352'' E,50.20663,14.19585
13.960718519175709,50.141668342639505,10306140779,Stochov (Středočeský kraj),2014-09-17 17:08:00,komunikace místní,0,řidičem motorového vozidla,s řidičským oprávněním skupiny c,řidič nebyl ovlivněn,ne,dobrý -žádné nepříznivé okolnosti nebyly zjištěny,0,0,0,2,RENAULT,nedošlo k požáru,2110,žádné z uvedených,osobní automobil bez přívěsu,2003,"soukromé, nevyužívané k výdělečné činnos",600,nebylo třeba užít násilí,nehoda pouze s hmotnou škodou,z boku,jiné nedání přednosti,"povrch suchý, neznečistěný",neztížené,dobré,na jízdním pruhu,žádná místní úprava,přímý úsek,neurčeno,vozidlo jedoucí - na komunikaci bez stan,srážka s vlakem,"nepřichází v úvahu, nejde o srážku s pev",živice,"dobrý, bez závad","ve dne, viditelnost nezhoršená vlivem po",dvoupruhová,žádný způsob řízení provozu,železniční přejezd nezabezpečený,mimo křižovatku,ne,P35,1.30239634725,žst. Stochov,"41,466",Ne,MK,,,50° 08' 30.06270'' N,13° 57' 38.60983'' E,50.14168,13.96072