X,Y,id,obec,datum,komunikace,komunika_1,zavineni,ridic_kate,ridic_ovli,vinik_alko,ridic_stav,obeti_usmr,obeti_lehc,obeti_tezc,vozidel_ce,vinik_vozi,vinik_vo_1,skoda,unik_hmot,vinik_vo_2,vinik_vo_3,vinik_vo_4,vinik_skod,vyprosteni,nehoda_cha,srazka_voz,hlavni_pri,povrch_sta,meteo,rozhled,nehoda_pol,prednost_v,smerove_po,druh_krizu,smer_jizdy,nehoda_dru,pevna_prek,povrch_dru,komunika_2,viditelnos,komunika_3,rizeni_pro,objekty,misto_neho,smyk,neighbors_TargetID,neighbors_Distance,neighbors_prejezdy-dec_Název definičního úseku,neighbors_prejezdy-dec_Žkm přejezdu,neighbors_prejezdy-dec_Přejezd s trolejovým vedením,neighbors_prejezdy-dec_Třída pozemní komunikace,neighbors_prejezdy-dec_Číslo pozemní komunikace,neighbors_prejezdy-dec_Místní název přejezdu,neighbors_prejezdy-dec_Zeměpisná šířka,neighbors_prejezdy-dec_Zeměpisná délka,neighbors_prejezdy-dec_field_10,neighbors_prejezdy-dec_field_11
14.242048270337989,50.262350970237655,10306140980,Velvary (Středočeský kraj),2014-11-21 08:20:00,silnice 2.třídy,240,řidičem motorového vozidla,s řidičským oprávněním skupiny c,řidič nebyl ovlivněn,ne,dobrý -žádné nepříznivé okolnosti nebyly zjištěny,0,0,0,2,IVECO,nedošlo k požáru,400,žádné z uvedených,"nákladní automobil (včetně multikáry, au",2009,"soukromá organizace (podnikatel, s.r.o.,",200,nebylo třeba užít násilí,nehoda pouze s hmotnou škodou,boční,vyhýbání bez dostatečné boční vůle,"povrch suchý, neznečistěný",neztížené,dobré,na krajnici,žádná místní úprava,přímý úsek,neurčeno,jedoucí - proti směru staničení na komun,srážka s vlakem,"nepřichází v úvahu, nejde o srážku s pev",živice,"dobrý, bez závad","ve dne, viditelnost nezhoršená vlivem po",dvoupruhová,žádný způsob řízení provozu,železniční přejezd nezabezpečený,mimo křižovatku,ne,P2108,647.6279816,Velká Bučina - Velvary,"8,009",Ne,III.,24030,,50° 16' 04.66780'' N,14° 14' 22.61266'' E,50.26796,14.23961
14.253565776251611,50.247529918074974,10306150422,Olovnice (Středočeský kraj),2015-05-25 20:44:00,silnice 2.třídy,240,řidičem motorového vozidla,s řidičským oprávněním skupiny c,řidič nebyl ovlivněn,ne,dobrý -žádné nepříznivé okolnosti nebyly zjištěny,0,1,0,2,ŠKODA,žádná z uvedených,1800,"došlo k úniku pohonných hmot, oleje, chl",osobní automobil bez přívěsu,2001,"soukromé, nevyužívané k výdělečné činnos",800,nebylo třeba užít násilí,nehoda s následky na životě nebo zdraví,čelní,nepř. rychlosti vlastnostem vozidla a nákladu,"povrch suchý, neznečistěný",neztížené,dobré,na jízdním pruhu,přednost vyznačena dopravními značkami,přímý úsek,neurčeno,jedoucí - proti směru staničení na komun,srážka s vlakem,"nepřichází v úvahu, nejde o srážku s pev",živice,"dobrý, bez závad","ve dne, viditelnost nezhoršená vlivem po",dvoupruhová,místní úprava (vyplní se pol. 24),železniční přejezd nezabezpečený,mimo křižovatku,ne,P2106,10.0293803191,Kralupy nad Vltavou předměstí - Velká Bučina,"5,525",Ne,II.,240,,50° 14' 51.42116'' N,14° 15' 12.81318'' E,50.24762,14.25356
14.161376197112679,50.097697370174608,10306150426,Pavlov (Středočeský kraj),2015-05-27 23:59:00,silnice 1.třídy,6,řidičem motorového vozidla,nezjištěno,jiné ovlivnění,nezjišťováno,jiný nepříznivý stav,0,0,0,1,žádná z uvedených,žádná z uvedených,100,žádné z uvedených,"nezjištěno, řidič ujel",,žádná z uvedených,0,žádná z uvedených,nehoda pouze s hmotnou škodou,"nepřichází v úvahu, nejde o srážku jedou",nepř. rychlosti vlastnostem vozidla a nákladu,"povrch suchý, neznečistěný",neztížené,dobré,na jízdním pruhu,žádná místní úprava,přímý úsek,neurčeno,žádná z uvedených,srážka s pevnou překážkou,závory železničního přejezdu,živice,"dobrý, bez závad","ve dne, viditelnost nezhoršená vlivem po",dvoupruhová,žádný způsob řízení provozu,železniční přejezd zabezpečený,mimo křižovatku,ne,P21,30.478725102,Jeneč - Unhošť,"22,27",Ne,O,,,50° 05' 51.37920'' N,14° 09' 42.40171'' E,50.09761,14.16178
15.127999296508087,49.971504775778989,10406130457,Kořenice (Středočeský kraj),2013-09-25 20:00:00,silnice 2.třídy,125,řidičem motorového vozidla,nezjištěno,jiné ovlivnění,nezjišťováno,jiný nepříznivý stav,0,0,0,1,žádná z uvedených,žádná z uvedených,320,žádné z uvedených,"nezjištěno, řidič ujel",,žádná z uvedených,0,žádná z uvedených,nehoda pouze s hmotnou škodou,"nepřichází v úvahu, nejde o srážku jedou",jiný druh nesprávného způsobu jízdy,povrch mokrý,déšť,jiné špatné,na jízdním pruhu,žádná místní úprava,zatáčka,neurčeno,žádná z uvedených,srážka s pevnou překážkou,závory železničního přejezdu,živice,"dobrý, bez závad","v noci - s veřejným osvětlením, zhoršená",dvoupruhová,žádný způsob řízení provozu,železniční přejezd zabezpečený,mimo křižovatku,ne,P5911,9.50348435182,Ratboř vl.Cukrovar - Bečváry,"11,326",Ne,II.,125,,49° 58' 17.54524'' N,15° 07' 41.24952'' E,49.97154,15.12812
15.194693097673611,50.09654739896532,10406140016,Velký Osek (Středočeský kraj),2014-01-10 23:59:00,silnice 3.třídy,3287,řidičem motorového vozidla,nezjištěno,jiné ovlivnění,nezjišťováno,jiný nepříznivý stav,0,0,0,1,žádná z uvedených,žádná z uvedených,100,žádné z uvedených,"nezjištěno, řidič ujel",,žádná z uvedených,0,žádná z uvedených,nehoda pouze s hmotnou škodou,"nepřichází v úvahu, nejde o srážku jedou",jiný druh nesprávného způsobu jízdy,"povrch suchý, neznečistěný",neztížené,dobré,na jízdním pruhu,žádná místní úprava,přímý úsek,neurčeno,žádná z uvedených,srážka s pevnou překážkou,závory železničního přejezdu,živice,"dobrý, bez závad","ve dne, viditelnost nezhoršená vlivem po",dvoupruhová,světelným signalizačním zařízením,železniční přejezd zabezpečený,mimo křižovatku,ne,P3581,6.93861819065,žst. Velký Osek,"306,502",Ano,III.,3287,Osek - na prvním zhlaví,50° 05' 47.59415'' N,15° 11' 41.25054'' E,50.09655,15.19479
15.128545937352021,49.971835946583248,10406140037,Kořenice (Středočeský kraj),2014-01-18 07:58:00,silnice 2.třídy,125,řidičem motorového vozidla,s řidičským oprávněním skupiny b,řidič nebyl ovlivněn,ne,dobrý -žádné nepříznivé okolnosti nebyly zjištěny,1,0,0,3,MITSUBISHI,nedošlo k požáru,3800,žádné z uvedených,osobní automobil bez přívěsu,2012,"soukromé, nevyužívané k výdělečné činnos",1200,nebylo třeba užít násilí,nehoda s následky na životě nebo zdraví,"nepřichází v úvahu, nejde o srážku jedou","nepř. rychlosti stavu vozovky (náledí, výtluky, bláto, mokrý povrch apod.)","na vozovce je náledí, ujetý sníh - nepos",mlha,dobré,na jízdním pruhu,přednost nevyznačena - vyplývá z pravide,zatáčka,neurčeno,jedoucí - ve směru staničení na komunika,"srážka s vozidlem zaparkovaným, odstaven","nepřichází v úvahu, nejde o srážku s pev",živice,"dobrý, bez závad","ve dne, zhoršená viditelnost vlivem pově",dvoupruhová,místní úprava (vyplní se pol. 24),železniční přejezd zabezpečený,mimo křižovatku,ano,P5911,44.9088052288,Ratboř vl.Cukrovar - Bečváry,"11,326",Ne,II.,125,,49° 58' 17.54524'' N,15° 07' 41.24952'' E,49.97154,15.12812
15.212044041942928,50.032132557961127,10406140275,Kolín (Středočeský kraj),2014-06-06 09:00:00,komunikace místní,0,řidičem motorového vozidla,nezjištěno,jiné ovlivnění,nezjišťováno,jiný nepříznivý stav,0,0,0,1,žádná z uvedených,žádná z uvedených,160,žádné z uvedených,"nezjištěno, řidič ujel",,žádná z uvedených,0,žádná z uvedených,nehoda pouze s hmotnou škodou,"nepřichází v úvahu, nejde o srážku jedou","bezohledná, agresivní, neohleduplná jízda","povrch suchý, neznečistěný",neztížené,dobré,na jízdním pruhu,žádná místní úprava,přímý úsek,neurčeno,žádná z uvedených,srážka s pevnou překážkou,závory železničního přejezdu,živice,"dobrý, bez závad","ve dne, viditelnost nezhoršená vlivem po",dvoupruhová,světelným signalizačním zařízením,železniční přejezd zabezpečený,mimo křižovatku,ne,P3576,6.74380441841,žst. Kolín - žst. Kolín-Zálabí (odbočení vl.ar.),"299,224",Ano,C,,"Zálabí - \""Rozkoš\""",50° 01' 55.66885'' N,15° 12' 43.02319'' E,50.03213,15.21195
15.306118456992234,50.011508510599619,10406140445,Starý Kolín (Středočeský kraj),2014-09-11 10:35:00,komunikace místní,0,řidičem motorového vozidla,nezjištěno,jiné ovlivnění,nezjišťováno,jiný nepříznivý stav,0,0,0,1,žádná z uvedených,žádná z uvedených,150,žádné z uvedených,"nezjištěno, řidič ujel",,žádná z uvedených,0,žádná z uvedených,nehoda pouze s hmotnou škodou,"nepřichází v úvahu, nejde o srážku jedou",řidič se plně nevěnoval řízení vozidla,"povrch suchý, neznečistěný",neztížené,dobré,na krajnici,žádná místní úprava,přímý úsek,neurčeno,žádná z uvedených,srážka s pevnou překážkou,závory železničního přejezdu,živice,"dobrý, bez závad","ve dne, viditelnost nezhoršená vlivem po",dvoupruhová,žádný způsob řízení provozu,železniční přejezd zabezpečený,mimo křižovatku,ne,P4918,8.67813720431,Záboří nad Labem - Kolín,"340,395",Ano,O,,Bašta,50° 00' 41.69821'' N,15° 18' 21.85139'' E,50.01158,15.30607
15.214411020836193,50.069740167536992,10406140567,Kolín (Středočeský kraj),2014-11-18 22:00:00,komunikace místní,0,řidičem motorového vozidla,s řidičským oprávněním skupiny c,řidič nebyl ovlivněn,ne,dobrý -žádné nepříznivé okolnosti nebyly zjištěny,0,1,0,2,ŠKODA,nedošlo k požáru,1600,žádné z uvedených,osobní automobil bez přívěsu,2010,"soukromé, nevyužívané k výdělečné činnos",1200,nebylo třeba užít násilí,nehoda s následky na životě nebo zdraví,z boku,jiný druh nesprávného způsobu jízdy,povrch mokrý,"na počátku deště, slabý déšť",dobré,žádné z uvedených,přednost nevyznačena - vyplývá z pravide,přímý úsek,neurčeno,vozidlo jedoucí - na komunikaci bez stan,srážka s vlakem,"nepřichází v úvahu, nejde o srážku s pev",živice,"dobrý, bez závad","v noci - bez veřejného osvětlení,viditel",dvoupruhová,žádný způsob řízení provozu,železniční přejezd nezabezpečený,mimo křižovatku,ne,P2198,448.657832803,,"0,039",ne,U,,,50° 3' 57.249'' N,15° 12' 58.787'' E,50.0659,15.21633
15.127546595085153,50.067132238882685,10406140579,Velim (Středočeský kraj),2014-11-23 14:17:00,silnice 3.třídy,3299,řidičem motorového vozidla,s řidičským oprávněním skupiny b,řidič nebyl ovlivněn,ne,dobrý -žádné nepříznivé okolnosti nebyly zjištěny,0,0,0,2,CITROEN,nedošlo k požáru,1500,žádné z uvedených,osobní automobil bez přívěsu,2007,"soukromé, nevyužívané k výdělečné činnos",500,nebylo třeba užít násilí,nehoda pouze s hmotnou škodou,"nepřichází v úvahu, nejde o srážku jedou",jiné nedání přednosti,"povrch suchý, neznečistěný",neztížené,dobré,žádné z uvedených,žádná místní úprava,přímý úsek,neurčeno,jedoucí - proti směru staničení na komun,jiný druh nehody,"nepřichází v úvahu, nejde o srážku s pev","žádný z uvedených (písek,dřevo atd.)","dobrý, bez závad","ve dne, viditelnost nezhoršená vlivem po",dvoupruhová,světelným signalizačním zařízením,železniční přejezd zabezpečený,mimo křižovatku,ne,P4926,16.8425842767,žst. Velim,"355,584",Ano,III.,3299,,50° 04' 01.32747'' N,15° 07' 38.47854'' E,50.06704,15.12736
15.207731247886016,49.987961236645937,10406150056,Červené Pečky (Středočeský kraj),2015-01-29 09:00:00,silnice 3.třídy,12550,řidičem motorového vozidla,nezjištěno,jiné ovlivnění,nezjišťováno,jiný nepříznivý stav,0,0,0,1,žádná z uvedených,žádná z uvedených,100,žádné z uvedených,"nezjištěno, řidič ujel",,žádná z uvedených,0,žádná z uvedených,nehoda pouze s hmotnou škodou,"nepřichází v úvahu, nejde o srážku jedou",řidič se plně nevěnoval řízení vozidla,"povrch suchý, neznečistěný",neztížené,dobré,na jízdním pruhu,přednost vyznačena dopravními značkami,přímý úsek,neurčeno,žádná z uvedených,srážka s pevnou překážkou,"sloup - telefonní, veř.osvětlení, el.ved",živice,"dobrý, bez závad","ve dne, viditelnost nezhoršená vlivem po",dvoupruhová,místní úprava (vyplní se pol. 24),železniční přejezd zabezpečený,mimo křižovatku,ne,P5904,23.269647635,Kolín místní nádraží - Červené Pečky,"5,012",Ne,III.,12550,,49° 59' 17.39068'' N,15° 12' 27.46248'' E,49.98816,15.20763
15.265803621663027,50.009761756418122,10406150078,Starý Kolín (Středočeský kraj),2015-02-13 12:24:00,silnice 3.třídy,3275,řidičem motorového vozidla,nezjištěno,jiné ovlivnění,nezjišťováno,jiný nepříznivý stav,0,0,0,1,žádná z uvedených,žádná z uvedených,200,žádné z uvedených,"nezjištěno, řidič ujel",,žádná z uvedených,0,žádná z uvedených,nehoda pouze s hmotnou škodou,"nepřichází v úvahu, nejde o srážku jedou",nezvládnutí řízení vozidla,"povrch suchý, neznečistěný",neztížené,dobré,na jízdním pruhu,žádná místní úprava,přímý úsek,neurčeno,žádná z uvedených,srážka s pevnou překážkou,závory železničního přejezdu,živice,"dobrý, bez závad","ve dne, viditelnost nezhoršená vlivem po",dvoupruhová,světelným signalizačním zařízením,železniční přejezd zabezpečený,mimo křižovatku,ne,P4920,0.324329143312,Záboří nad Labem - Kolín,"343,291",Ano,III.,3275,"\""drbna\"", Dobřanský",50° 00' 35.12566'' N,15° 15' 56.88372'' E,50.00976,15.2658
15.265616384225268,50.009739111452703,10406150192,Starý Kolín (Středočeský kraj),2015-04-18 00:10:00,silnice 3.třídy,3275,řidičem motorového vozidla,s řidičským oprávněním skupiny b,řidič nebyl ovlivněn,ne,pod vlivem alkoholu obsah alkoholu v krvi 1‰ a více,0,0,0,1,ROVER,nedošlo k požáru,1150,"došlo k úniku pohonných hmot, oleje, chl",osobní automobil bez přívěsu,1999,"soukromé, nevyužívané k výdělečné činnos",150,použitím speciální vyprošťovací techniky,nehoda pouze s hmotnou škodou,"nepřichází v úvahu, nejde o srážku jedou","bezohledná, agresivní, neohleduplná jízda","povrch suchý, neznečistěný",neztížené,dobré,na jízdním pruhu,žádná místní úprava,zatáčka,neurčeno,jedoucí - proti směru staničení na komun,srážka s pevnou překážkou,"sloup - telefonní, veř.osvětlení, el.ved",živice,"dobrý, bez závad","v noci - bez veřejného osvětlení,viditel",dvoupruhová,žádný způsob řízení provozu,železniční přejezd zabezpečený,mimo křižovatku,ne,P4920,13.3639820796,Záboří nad Labem - Kolín,"343,291",Ano,III.,3275,"\""drbna\"", Dobřanský",50° 00' 35.12566'' N,15° 15' 56.88372'' E,50.00976,15.2658
15.060572078331672,49.883371594141309,10506130372,Uhlířské Janovice (Středočeský kraj),2013-10-15 12:47:00,silnice 3.třídy,12529,řidičem motorového vozidla,s řidičským oprávněním skupiny c,řidič nebyl ovlivněn,ne,dobrý -žádné nepříznivé okolnosti nebyly zjištěny,0,1,0,2,MAN,nedošlo k požáru,4000,žádné z uvedených,nákladní automobil s návěsem,2004,"soukromá organizace (podnikatel, s.r.o.,",0,nebylo třeba užít násilí,nehoda s následky na životě nebo zdraví,"nepřichází v úvahu, nejde o srážku jedou",proti příkazu dopravní značky STŮJ DEJ PŘEDNOST,"povrch suchý, neznečistěný",neztížené,dobré,na jízdním pruhu,přednost vyznačena dopravními značkami,přímý úsek,neurčeno,jedoucí - proti směru staničení na komun,srážka s vlakem,"nepřichází v úvahu, nejde o srážku s pev",živice,"dobrý, bez závad","ve dne, viditelnost nezhoršená vlivem po",dvoupruhová,místní úprava (vyplní se pol. 24),železniční přejezd nezabezpečený,mimo křižovatku,ne,P5930,1.40789090767,Chmeliště - Uhlířské Janovice,"24,31",Ne,III.,12529,,49° 53' 00.10355'' N,15° 03' 38.07062'' E,49.88336,15.06058
15.05657913043037,49.895067824869095,10506130439,Vavřinec (Středočeský kraj),2013-12-12 07:20:00,silnice 3.třídy,33338,řidičem motorového vozidla,s řidičským oprávněním skupiny c,řidič nebyl ovlivněn,ne,dobrý -žádné nepříznivé okolnosti nebyly zjištěny,0,0,1,2,ŠKODA,nedošlo k požáru,700,"došlo k úniku pohonných hmot, oleje, chl",osobní automobil bez přívěsu,1993,"soukromé, nevyužívané k výdělečné činnos",200,nebylo třeba užít násilí,nehoda s následky na životě nebo zdraví,z boku,proti příkazu dopravní značky STŮJ DEJ PŘEDNOST,povrch mokrý,neztížené,dobré,na jízdním pruhu,přednost vyznačena dopravními značkami,přímý úsek,neurčeno,jedoucí - ve směru staničení na komunika,srážka s vlakem,"nepřichází v úvahu, nejde o srážku s pev",živice,"dobrý, bez závad","ve dne, viditelnost nezhoršená vlivem po",dvoupruhová,místní úprava (vyplní se pol. 24),železniční přejezd nezabezpečený,mimo křižovatku,ne,P5929,1.50623134366,Chmeliště - Uhlířské Janovice,"22,965",Ne,III.,33338,,49° 53' 42.27624'' N,15° 03' 23.64076'' E,49.89508,15.05657
15.058022093807548,49.914048365507476,10506140076,Vavřinec (Středočeský kraj),2014-03-12 05:45:00,silnice 3.třídy,12530,řidičem motorového vozidla,s řidičským oprávněním skupiny b,řidič nebyl ovlivněn,ne,"unaven, usnul, náhlá fyzická indispozice",0,0,0,2,VOLKSWAGEN,nedošlo k požáru,250,žádné z uvedených,osobní automobil bez přívěsu,1993,"soukromé, nevyužívané k výdělečné činnos",50,nebylo třeba užít násilí,nehoda pouze s hmotnou škodou,z boku,proti příkazu dopravní značky STŮJ DEJ PŘEDNOST,"povrch suchý, neznečistěný",neztížené,dobré,na jízdním pruhu,přednost vyznačena dopravními značkami,přímý úsek,neurčeno,jedoucí - proti směru staničení na komun,srážka s vlakem,"nepřichází v úvahu, nejde o srážku s pev",živice,"dobrý, bez závad","ve dne, viditelnost nezhoršená vlivem po",dvoupruhová,místní úprava (vyplní se pol. 24),železniční přejezd nezabezpečený,mimo křižovatku,ne,P5926,8.07153521085,Bečváry - Chmeliště,"20,828",Ne,III.,12530,u zast. Hatě,49° 54' 50.83266'' N,15° 03' 28.95075'' E,49.91412,15.05804
15.422823982886301,49.917179076362231,10506140103,Vrdy (Středočeský kraj),2014-03-29 10:00:00,silnice 1.třídy,17,řidičem motorového vozidla,s řidičským oprávněním skupiny b,řidič nebyl ovlivněn,ne,dobrý -žádné nepříznivé okolnosti nebyly zjištěny,0,0,0,2,FORD,nedošlo k požáru,600,žádné z uvedených,osobní automobil bez přívěsu,2004,"soukromé, nevyužívané k výdělečné činnos",300,nebylo třeba užít násilí,nehoda pouze s hmotnou škodou,zezadu,nedodržení bezpečné vzdálenosti za vozidlem,"povrch suchý, neznečistěný",neztížené,dobré,na jízdním pruhu,žádná místní úprava,přímý úsek,neurčeno,jedoucí - proti směru staničení na komun,srážka s jedoucím nekolejovým vozidlem,"nepřichází v úvahu, nejde o srážku s pev",živice,"dobrý, bez závad","ve dne, viditelnost nezhoršená vlivem po",dvoupruhová,žádný způsob řízení provozu,železniční přejezd nezabezpečený,mimo křižovatku,ne,P3737,12.3118929644,Čáslav-místní nádr. - Skovice,"2,14",Ne,I.,17,,49° 55' 01.58172'' N,15° 25' 21.69407'' E,49.91711,15.42269
15.104236067615943,49.74171672519455,10506140174,Zruč nad Sázavou (Středočeský kraj),2014-06-06 09:24:00,silnice 2.třídy,126,řidičem motorového vozidla,s řidičským oprávněním skupiny b,řidič nebyl ovlivněn,ne,dobrý -žádné nepříznivé okolnosti nebyly zjištěny,0,0,0,2,ŠKODA,nedošlo k požáru,600,"došlo k úniku pohonných hmot, oleje, chl",osobní automobil bez přívěsu,2009,"soukromé, nevyužívané k výdělečné činnos",400,nebylo třeba užít násilí,nehoda pouze s hmotnou škodou,z boku,jiné nedání přednosti,"povrch suchý, neznečistěný",neztížené,dobré,žádné z uvedených,žádná místní úprava,křižovatka průsečná - čtyřramenná,silnice 2.třídy,zachycuje směr jízdy křižovatkou,srážka s vlakem,"nepřichází v úvahu, nejde o srážku s pev",živice,"dobrý, bez závad","ve dne, viditelnost nezhoršená vlivem po",dvoupruhová,světelným signalizačním zařízením,železniční přejezd nezabezpečený,"na křižovatce, uvnitř hranic křižovatky",ne,P6022,0.462355832257,Zbraslavice - Zruč n/Sázavou,"35,485",Ne,II.,126,,49° 44' 30.18953'' N,15° 06' 15.27217'' E,49.74172,15.10424
14.972236117815111,49.847807266579892,10506140175,Rataje nad Sázavou (Středočeský kraj),2014-06-06 16:30:00,silnice 3.třídy,11129,řidičem motorového vozidla,s řidičským oprávněním skupiny b,řidič nebyl ovlivněn,ne,dobrý -žádné nepříznivé okolnosti nebyly zjištěny,0,0,0,2,FORD,nedošlo k požáru,300,žádné z uvedených,osobní automobil bez přívěsu,2000,"soukromé, nevyužívané k výdělečné činnos",100,nebylo třeba užít násilí,nehoda pouze s hmotnou škodou,z boku,jiné nedání přednosti,"povrch suchý, neznečistěný",neztížené,dobré,žádné z uvedených,přednost vyznačena přenosnými dopravními,přímý úsek,neurčeno,jedoucí - proti směru staničení na komun,srážka s vlakem,"nepřichází v úvahu, nejde o srážku s pev",živice,"dobrý, bez závad","ve dne, viditelnost nezhoršená vlivem po",dvoupruhová,místní úprava (vyplní se pol. 24),železniční přejezd nezabezpečený,mimo křižovatku,ne,P5950,6.35387288648,Rataje n/Sáz. předměstí - odb. Rataje n/Sáz.,"33,597",Ne,III.,11129,,49° 50' 52.16806'' N,14° 58' 19.73068'' E,49.84782,14.97215
15.422688936854636,49.917120295228806,10506140178,Vrdy (Středočeský kraj),2014-06-06 11:05:00,silnice 1.třídy,17,řidičem nemotorového vozidla,ostatní řidiči vozidel,řidič nebyl ovlivněn,"ano, obsah alkoholu v&nbsp;krvi 1,5‰ a více",pod vlivem alkoholu obsah alkoholu v krvi 1‰ a více,0,0,1,2,žádná z uvedených,nedošlo k požáru,70,žádné z uvedených,jízdní kolo,,"soukromé, nevyužívané k výdělečné činnos",10,nebylo třeba užít násilí,nehoda s následky na životě nebo zdraví,boční,nezvládnutí řízení vozidla,"povrch suchý, neznečistěný",neztížené,dobré,na jízdním pruhu,žádná místní úprava,přímý úsek,neurčeno,jedoucí - proti směru staničení na komun,srážka s jedoucím nekolejovým vozidlem,"nepřichází v úvahu, nejde o srážku s pev",živice,"dobrý, bez závad","ve dne, viditelnost nezhoršená vlivem po",dvoupruhová,žádný způsob řízení provozu,železniční přejezd nezabezpečený,mimo křižovatku,ne,P3737,1.14596864806,Čáslav-místní nádr. - Skovice,"2,14",Ne,I.,17,,49° 55' 01.58172'' N,15° 25' 21.69407'' E,49.91711,15.42269
15.282693491563441,49.960837942764847,10506140301,Kutná Hora (Středočeský kraj),2014-09-09 15:00:00,komunikace účelová - ostatní (parkoviště apod.),0,řidičem motorového vozidla,nezjištěno,jiné ovlivnění,nezjišťováno,jiný nepříznivý stav,0,0,0,2,žádná z uvedených,žádná z uvedených,150,žádné z uvedených,"nezjištěno, řidič ujel",,žádná z uvedených,0,žádná z uvedených,nehoda pouze s hmotnou škodou,"nepřichází v úvahu, nejde o srážku jedou",nesprávné otáčení nebo couvání,povrch mokrý,déšť,dobré,na jízdním pruhu,žádná místní úprava,přímý úsek,neurčeno,žádná z uvedených,"srážka s vozidlem zaparkovaným, odstaven","nepřichází v úvahu, nejde o srážku s pev",živice,"dobrý, bez závad","ve dne, viditelnost nezhoršená vlivem po",dvoupruhová,žádný způsob řízení provozu,železniční přejezd nezabezpečený,mimo křižovatku,ne,P5959,661.887740573,Kutná Hora hl.n. - Kutná Hora město,"1,395",Ne,MK,,,49° 57' 27.86200'' N,15° 17' 26.04248'' E,49.95774,15.29057
15.389532188990275,49.919201676899739,10506150038,Čáslav (Středočeský kraj),2015-01-28 05:30:00,silnice 3.třídy,33824,řidičem motorového vozidla,nezjištěno,jiné ovlivnění,nezjišťováno,jiný nepříznivý stav,0,1,0,2,žádná z uvedených,žádná z uvedených,50,žádné z uvedených,"nezjištěno, řidič ujel",,žádná z uvedených,0,žádná z uvedených,nehoda s následky na životě nebo zdraví,boční,"při předjíždění došlo k ohrožení předjížděného  řidiče (vynucované zařazení, předjížděný musel  prudce brzdit, měnit směr jízdy apod.)",povrch mokrý,neztížené,dobré,na jízdním pruhu,žádná místní úprava,přímý úsek,neurčeno,žádná z uvedených,srážka s jedoucím nekolejovým vozidlem,"nepřichází v úvahu, nejde o srážku s pev",živice,"dobrý, bez závad","v noci - s veřejným osvětlením,viditelno",dvoupruhová,žádný způsob řízení provozu,železniční přejezd zabezpečený,mimo křižovatku,ne,P3717,4.47006764189,Čáslav - Kutná Hora hl.n.,"278,758",Ano,III.,33824,Chotusická,49° 55' 09.11000'' N,15° 23' 22.08683'' E,49.9192,15.38947
15.055538160989071,49.89883435824634,10506150040,Vavřinec (Středočeský kraj),2015-01-29 08:45:00,silnice 3.třídy,33514,řidičem motorového vozidla,s řidičským oprávněním skupiny b,řidič nebyl ovlivněn,ne,dobrý -žádné nepříznivé okolnosti nebyly zjištěny,0,0,0,2,FORD,nedošlo k požáru,650,žádné z uvedených,osobní automobil bez přívěsu,1996,"soukromé, nevyužívané k výdělečné činnos",150,nebylo třeba užít násilí,nehoda pouze s hmotnou škodou,z boku,"nepř. rychlosti stavu vozovky (náledí, výtluky, bláto, mokrý povrch apod.)","souvislá sněhová vrstva, rozbředlý sníh",neztížené,dobré,na jízdním pruhu,přednost vyznačena dopravními značkami,přímý úsek,neurčeno,jedoucí - ve směru staničení na komunika,srážka s vlakem,"nepřichází v úvahu, nejde o srážku s pev",živice,"dobrý, bez závad","ve dne, viditelnost nezhoršená vlivem po",dvoupruhová,místní úprava (vyplní se pol. 24),železniční přejezd nezabezpečený,mimo křižovatku,ne,P5927,7.34791968898,Bečváry - Chmeliště,"22,543",Ne,III.,33514,,49° 53' 55.62396'' N,15° 03' 19.71215'' E,49.89878,15.05548
14.972181120413271,49.847850260540767,10506150152,Rataje nad Sázavou (Středočeský kraj),2015-04-26 16:10:00,silnice 3.třídy,11129,řidičem motorového vozidla,s řidičským oprávněním skupiny b,oslněn sluncem,ne,dobrý -žádné nepříznivé okolnosti nebyly zjištěny,0,0,0,2,RENAULT,nedošlo k požáru,185,žádné z uvedených,osobní automobil bez přívěsu,1999,"soukromé, nevyužívané k výdělečné činnos",150,nebylo třeba užít násilí,nehoda pouze s hmotnou škodou,z boku,jiné nedání přednosti,"povrch suchý, neznečistěný",neztížené,dobré,na jízdním pruhu,žádná místní úprava,přímý úsek,neurčeno,jedoucí - proti směru staničení na komun,srážka s vlakem,"nepřichází v úvahu, nejde o srážku s pev",živice,"dobrý, bez závad","ve dne, viditelnost nezhoršená vlivem po",dvoupruhová,žádný způsob řízení provozu,železniční přejezd nezabezpečený,mimo křižovatku,ne,P5950,4.04066302933,Rataje n/Sáz. předměstí - odb. Rataje n/Sáz.,"33,597",Ne,III.,11129,,49° 50' 52.16806'' N,14° 58' 19.73068'' E,49.84782,14.97215
14.418351551016491,50.366098425481823,10606130486,Cítov (Středočeský kraj),2013-10-10 10:00:00,silnice 2.třídy,246,řidičem motorového vozidla,nezjištěno,jiné ovlivnění,nezjišťováno,jiný nepříznivý stav,0,0,0,1,žádná z uvedených,žádná z uvedených,200,žádné z uvedených,"nezjištěno, řidič ujel",,žádná z uvedených,0,žádná z uvedených,nehoda pouze s hmotnou škodou,"nepřichází v úvahu, nejde o srážku jedou",řidič se plně nevěnoval řízení vozidla,"povrch suchý, neznečistěný",neztížené,dobré,na jízdním pruhu,přednost nevyznačena - vyplývá z pravide,přímý úsek,neurčeno,žádná z uvedených,srážka s pevnou překážkou,"jiná překážka (zábradlí,oplocení,násep,n",živice,"dobrý, bez závad","ve dne, viditelnost nezhoršená vlivem po",dvoupruhová,místní úprava (vyplní se pol. 24),železniční přejezd zabezpečený,mimo křižovatku,ne,P2405,1.83922549825,Vraňany - Dolní Beřkovice,"455,046",Ano,II.,246,,50° 21' 58.00291'' N,14° 25' 06.13580'' E,50.36611,14.41837