X,Y,id,obec,datum,komunikace,komunika_1,zavineni,ridic_kate,ridic_ovli,vinik_alko,ridic_stav,obeti_usmr,obeti_lehc,obeti_tezc,vozidel_ce,vinik_vozi,vinik_vo_1,skoda,unik_hmot,vinik_vo_2,vinik_vo_3,vinik_vo_4,vinik_skod,vyprosteni,nehoda_cha,srazka_voz,hlavni_pri,povrch_sta,meteo,rozhled,nehoda_pol,prednost_v,smerove_po,druh_krizu,smer_jizdy,nehoda_dru,pevna_prek,povrch_dru,komunika_2,viditelnos,komunika_3,rizeni_pro,objekty,misto_neho,smyk,neighbors_TargetID,neighbors_Distance,neighbors_prejezdy-dec_Název definičního úseku,neighbors_prejezdy-dec_Žkm přejezdu,neighbors_prejezdy-dec_Přejezd s trolejovým vedením,neighbors_prejezdy-dec_Třída pozemní komunikace,neighbors_prejezdy-dec_Číslo pozemní komunikace,neighbors_prejezdy-dec_Místní název přejezdu,neighbors_prejezdy-dec_Zeměpisná šířka,neighbors_prejezdy-dec_Zeměpisná délka,neighbors_prejezdy-dec_field_10,neighbors_prejezdy-dec_field_11
14.764893401996845,50.204378349780129,10706140318,Sojovice (Středočeský kraj),2014-04-23 14:00:00,komunikace místní,0,řidičem nemotorového vozidla,ostatní řidiči vozidel,řidič nebyl ovlivněn,ne,dobrý -žádné nepříznivé okolnosti nebyly zjištěny,1,0,0,2,žádná z uvedených,nedošlo k požáru,50,žádné z uvedených,jízdní kolo,,"soukromé, nevyužívané k výdělečné činnos",50,nebylo třeba užít násilí,nehoda s následky na životě nebo zdraví,z boku,jiné nedání přednosti,"povrch suchý, neznečistěný",neztížené,dobré,žádné z uvedených,žádná místní úprava,přímý úsek,neurčeno,vozidlo jedoucí - na komunikaci bez stan,srážka s vlakem,"nepřichází v úvahu, nejde o srážku s pev",živice,"dobrý, bez závad","ve dne, viditelnost nezhoršená vlivem po",dvoupruhová,světelným signalizačním zařízením,železniční přejezd zabezpečený,mimo křižovatku,ne,P2776,1.91108308232,Lysá nad Labem - Stará Boleslav,"343,109",Ano,O,,,50° 12' 15.73287'' N,14° 45' 53.54620'' E,50.20437,14.76487
14.748714295390513,50.314638846553784,10706140490,Dolní Slivno (Středočeský kraj),2014-06-14 07:48:00,silnice 3.třídy,2752,řidičem motorového vozidla,s řidičským oprávněním skupiny c,řidič nebyl ovlivněn,ne,"unaven, usnul, náhlá fyzická indispozice",0,0,1,2,OPEL,nedošlo k požáru,2400,"došlo k úniku pohonných hmot, oleje, chl",osobní automobil bez přívěsu,1995,"soukromé, nevyužívané k výdělečné činnos",400,nebylo třeba užít násilí,nehoda s následky na životě nebo zdraví,"nepřichází v úvahu, nejde o srážku jedou",jiný druh nesprávného způsobu jízdy,"povrch suchý, neznečistěný",neztížené,dobré,na jízdním pruhu,žádná místní úprava,přímý úsek,neurčeno,jedoucí - ve směru staničení na komunika,srážka s pevnou překážkou,"sloup - telefonní, veř.osvětlení, el.ved",živice,"dobrý, bez závad","ve dne, viditelnost nezhoršená vlivem po",dvoupruhová,žádný způsob řízení provozu,železniční přejezd zabezpečený,mimo křižovatku,ne,P2690,29.2949675886,Kropáčova Vrutice - Chotětov,"54,561",Ne,III.,2752,,50° 18' 52.09029'' N,14° 44' 56.50233'' E,50.31447,14.74903
15.049301790245071,50.55355178461884,10706140891,Loukov (Středočeský kraj),2014-10-10 09:00:00,silnice 3.třídy,27922,jiné zavinění,s řidičským oprávněním skupiny c,řidič nebyl ovlivněn,nezjišťováno,dobrý -žádné nepříznivé okolnosti nebyly zjištěny,0,0,0,1,žádná z uvedených,žádná z uvedených,120,žádné z uvedených,traktor (i s přívěsem),2012,"soukromá organizace (podnikatel, s.r.o.,",0,nebylo třeba užít násilí,nehoda pouze s hmotnou škodou,"nepřichází v úvahu, nejde o srážku jedou",nezaviněná řidičem,"povrch suchý, neznečistěný",neztížené,dobré,na jízdním pruhu,žádná místní úprava,přímý úsek,neurčeno,jedoucí - proti směru staničení na komun,srážka s pevnou překážkou,závory železničního přejezdu,živice,"dobrý, bez závad","ve dne, viditelnost nezhoršená vlivem po",dvoupruhová,žádný způsob řízení provozu,železniční přejezd zabezpečený,mimo křižovatku,ne,P2717,5.09200909907,Mnichovo Hradiště - Loukov u Mnichova Hradiště,"95,782",Ne,III.,27922,druhý přejezd před Loukovem,50° 33' 12.78698'' N,15° 02' 57.23823'' E,50.55355,15.04923
14.738429606557357,50.206068875804363,10706150255,Skorkov (Středočeský kraj),2015-03-25 11:17:00,komunikace místní,0,řidičem motorového vozidla,s řidičským oprávněním skupiny b,řidič nebyl ovlivněn,ne,dobrý -žádné nepříznivé okolnosti nebyly zjištěny,0,2,0,2,RENAULT,nedošlo k požáru,550,"došlo k úniku pohonných hmot, oleje, chl",osobní automobil bez přívěsu,2007,"soukromá organizace (podnikatel, s.r.o.,",500,nebylo třeba užít násilí,nehoda s následky na životě nebo zdraví,boční,jiné nedání přednosti,"povrch suchý, neznečistěný",neztížené,dobré,na jízdním pruhu,žádná místní úprava,přímý úsek,neurčeno,vozidlo jedoucí - na komunikaci bez stan,srážka s vlakem,"nepřichází v úvahu, nejde o srážku s pev",živice,"dobrý, bez závad","ve dne, viditelnost nezhoršená vlivem po",dvoupruhová,světelným signalizačním zařízením,železniční přejezd nezabezpečený,mimo křižovatku,ne,P2778,10.4989081866,Lysá nad Labem - Stará Boleslav,"345,017",Ano,2L,,,50° 12' 21.52771'' N,14° 44' 18.17293'' E,50.20598,14.73838
14.938569955698023,50.478390210828209,10706150462,Bakov nad Jizerou (Středočeský kraj),2015-05-12 13:25:00,silnice 3.třídy,2767,řidičem motorového vozidla,s řidičským oprávněním skupiny c,řidič nebyl ovlivněn,ne,dobrý -žádné nepříznivé okolnosti nebyly zjištěny,0,0,0,1,MERCEDES,nedošlo k požáru,300,žádné z uvedených,"nákladní automobil (včetně multikáry, au",2009,"soukromá organizace (podnikatel, s.r.o.,",150,nebylo třeba užít násilí,nehoda pouze s hmotnou škodou,"nepřichází v úvahu, nejde o srážku jedou",jiné nedání přednosti,"povrch suchý, neznečistěný",neztížené,dobré,na jízdním pruhu,žádná místní úprava,křižovatka styková - tříramenná,místní komunikace,jedoucí - ve směru staničení na komunika,srážka s pevnou překážkou,závory železničního přejezdu,živice,"dobrý, bez závad","ve dne, viditelnost nezhoršená vlivem po",dvoupruhová,světelným signalizačním zařízením,železniční přejezd zabezpečený,"na křižovatce, uvnitř hranic křižovatky",ne,P2704,33.6197837257,Bakov nad Jizerou - Zálučí,"83,428",Ne,III.,2767,"ul.Boleslavská,kdysi R.armády",50° 28' 43.29968'' N,14° 56' 19.06851'' E,50.47869,14.93863
14.859786963411311,50.193614064261524,10806130499,Lysá nad Labem (Středočeský kraj),2013-10-11 14:12:00,komunikace účelová - ostatní (parkoviště apod.),0,řidičem motorového vozidla,s řidičským oprávněním skupiny t,řidič nebyl ovlivněn,ne,dobrý -žádné nepříznivé okolnosti nebyly zjištěny,0,0,0,1,žádná z uvedených,žádná z uvedených,100,žádné z uvedených,traktor (i s přívěsem),1991,"soukromá organizace (podnikatel, s.r.o.,",0,nebylo třeba užít násilí,nehoda pouze s hmotnou škodou,"nepřichází v úvahu, nejde o srážku jedou",jiný druh nesprávného způsobu jízdy,povrch mokrý,"na počátku deště, slabý déšť",dobré,žádné z uvedených,žádná místní úprava,přímý úsek,neurčeno,vozidlo jedoucí - na komunikaci bez stan,srážka s pevnou překážkou,závory železničního přejezdu,"žádný z uvedených (písek,dřevo atd.)","dobrý, bez závad","ve dne, viditelnost nezhoršená vlivem po",dvoupruhová,světelným signalizačním zařízením,železniční přejezd zabezpečený,mimo křižovatku,ne,P3609,0.696254160031,Kostomlaty nad Labem - Lysá nad Labem,"336,233",Ano,O,,U Výtahu,50° 11' 37.03370'' N,14° 51' 35.23998'' E,50.19362,14.85979
15.039439782430145,50.18908173371711,10806130618,Nymburk (Středočeský kraj),2013-12-18 15:35:00,komunikace účelová - ostatní (parkoviště apod.),0,řidičem motorového vozidla,s řidičským oprávněním skupiny b,řidič nebyl ovlivněn,ne,dobrý -žádné nepříznivé okolnosti nebyly zjištěny,0,0,0,2,SUZUKI,žádná z uvedených,50,žádné z uvedených,osobní automobil bez přívěsu,2009,"soukromé, nevyužívané k výdělečné činnos",50,nebylo třeba užít násilí,nehoda pouze s hmotnou škodou,"nepřichází v úvahu, nejde o srážku jedou",řidič se plně nevěnoval řízení vozidla,"povrch suchý, neznečistěný",neztížené,dobré,na jízdním pruhu,žádná místní úprava,přímý úsek,neurčeno,vozidlo jedoucí - na komunikaci bez stan,"srážka s vozidlem zaparkovaným, odstaven","nepřichází v úvahu, nejde o srážku s pev",živice,"dobrý, bez závad","ve dne, viditelnost nezhoršená vlivem po",dvoupruhová,žádný způsob řízení provozu,železniční přejezd nezabezpečený,mimo křižovatku,ne,P4950,436.920269892,žst. Nymburk město,"14,083",Ano,III.,3318,U Družstva,50° 11' 17.69094'' N,15° 02' 00.47249'' E,50.18825,15.03346
15.284006731362339,50.146952577081564,10806140068,Žehuň (Středočeský kraj),2014-02-10 08:40:00,silnice 3.třídy,32818,řidičem motorového vozidla,s řidičským oprávněním skupiny b,řidič nebyl ovlivněn,ne,dobrý -žádné nepříznivé okolnosti nebyly zjištěny,1,0,0,2,FIAT,nedošlo k požáru,1360,"došlo k úniku pohonných hmot, oleje, chl",osobní automobil bez přívěsu,1996,"soukromé, nevyužívané k výdělečné činnos",300,nebylo třeba užít násilí,nehoda s následky na životě nebo zdraví,z boku,řidič se plně nevěnoval řízení vozidla,"povrch suchý, neznečistěný",neztížené,dobré,na jízdním pruhu,žádná místní úprava,zatáčka,neurčeno,jedoucí - ve směru staničení na komunika,srážka s vlakem,"nepřichází v úvahu, nejde o srážku s pev",živice,"dobrý, bez závad","ve dne, viditelnost nezhoršená vlivem po",dvoupruhová,světelným signalizačním zařízením,železniční přejezd zabezpečený,mimo křižovatku,ne,P3972,3.19552090015,Dobšice nad Cidlinou - Choťovice,"8,427",Ano,III.,32818,Hradčanský,50° 08' 49.14576'' N,15° 17' 02.46093'' E,50.14698,15.28402
14.955641128398131,50.106033483514089,10806140089,Hořany (Středočeský kraj),2014-03-03 01:10:00,silnice 3.třídy,3341,řidičem motorového vozidla,s řidičským oprávněním skupiny b,řidič nebyl ovlivněn,"ano, obsah alkoholu v&nbsp;krvi 1,5‰ a více",pod vlivem alkoholu obsah alkoholu v krvi 1‰ a více,0,1,0,1,ŠKODA,žádná z uvedených,2300,žádné z uvedených,osobní automobil bez přívěsu,2007,"soukromé, nevyužívané k výdělečné činnos",1500,nebylo třeba užít násilí,nehoda s následky na životě nebo zdraví,"nepřichází v úvahu, nejde o srážku jedou","nepř. rychlosti dopravně technickému stavu vozovky (zatáčka,klesání,stoupání,šířka apod.)","povrch suchý, neznečistěný",neztížené,dobré,mimo komunikaci,žádná místní úprava,zatáčka,neurčeno,jedoucí - proti směru staničení na komun,srážka s pevnou překážkou,"jiná překážka (zábradlí,oplocení,násep,n",živice,"dobrý, bez závad","v noci - bez veřejného osvětlení,viditel",dvoupruhová,žádný způsob řízení provozu,železniční přejezd zabezpečený,mimo křižovatku,ano,P4932,2.96774309583,Pečky - Poříčany,"368,619",Ano,III.,3341,,50° 06' 21.70719'' N,14° 57' 20.16243'' E,50.10603,14.9556
14.955634514930905,50.106029247823855,10806140158,Hořany (Středočeský kraj),2014-04-10 10:00:00,silnice 3.třídy,3341,řidičem motorového vozidla,nezjištěno,jiné ovlivnění,nezjišťováno,jiný nepříznivý stav,0,0,0,1,žádná z uvedených,žádná z uvedených,80,žádné z uvedených,"nezjištěno, řidič ujel",,žádná z uvedených,0,žádná z uvedených,nehoda pouze s hmotnou škodou,"nepřichází v úvahu, nejde o srážku jedou",jiný druh nesprávného způsobu jízdy,"povrch suchý, neznečistěný",neztížené,dobré,na jízdním pruhu,žádná místní úprava,přímý úsek po projetí zatáčkou (do vzdál,neurčeno,žádná z uvedených,srážka s pevnou překážkou,závory železničního přejezdu,živice,"dobrý, bez závad","ve dne, viditelnost nezhoršená vlivem po",dvoupruhová,žádný způsob řízení provozu,železniční přejezd zabezpečený,mimo křižovatku,ne,P4932,2.47095163586,Pečky - Poříčany,"368,619",Ano,III.,3341,,50° 06' 21.70719'' N,14° 57' 20.16243'' E,50.10603,14.9556
15.129125321543382,50.145933076005818,10806140171,Poděbrady (Středočeský kraj),2014-04-16 07:10:00,silnice 3.třídy,32916,řidičem motorového vozidla,s řidičským oprávněním skupiny c,řidič nebyl ovlivněn,ne,dobrý -žádné nepříznivé okolnosti nebyly zjištěny,0,0,0,1,DAF,žádná z uvedených,100,žádné z uvedených,nákladní automobil s návěsem,2005,registrované mimo území ČR,0,nebylo třeba užít násilí,nehoda pouze s hmotnou škodou,"nepřichází v úvahu, nejde o srážku jedou",řidič se plně nevěnoval řízení vozidla,"povrch suchý, neznečistěný",neztížené,dobré,na jízdním pruhu,přednost vyznačena přenosnými dopravními,křižovatka styková - tříramenná,místní komunikace,zachycuje směr jízdy křižovatkou,srážka s pevnou překážkou,závory železničního přejezdu,živice,"dobrý, bez závad","ve dne, viditelnost nezhoršená vlivem po",dvoupruhová,místní úprava (vyplní se pol. 24),železniční přejezd zabezpečený,"na křižovatce, uvnitř hranic křižovatky",ne,P3588,19.7308006796,Libice nad Cidlinou - Poděbrady,"314,595",Ano,III.,32916,U Sklárny,50° 08' 45.89144'' N,15° 07' 45.41397'' E,50.14608,15.12928
15.332430752193021,50.190849508405336,10806140195,Běrunice (Středočeský kraj),2014-05-05 15:50:00,silnice 3.třídy,3249,řidičem motorového vozidla,s řidičským oprávněním skupiny b,řidič nebyl ovlivněn,ne,dobrý -žádné nepříznivé okolnosti nebyly zjištěny,0,0,0,2,ŠKODA,nedošlo k požáru,1780,žádné z uvedených,osobní automobil bez přívěsu,2011,"soukromé, nevyužívané k výdělečné činnos",1500,nebylo třeba užít násilí,nehoda pouze s hmotnou škodou,z boku,proti příkazu dopravní značky STŮJ DEJ PŘEDNOST,"povrch suchý, neznečistěný",neztížené,dobré,na jízdním pruhu,přednost vyznačena dopravními značkami,přímý úsek,neurčeno,jedoucí - proti směru staničení na komun,srážka s vlakem,"nepřichází v úvahu, nejde o srážku s pev",živice,"dobrý, bez závad","ve dne, viditelnost nezhoršená vlivem po",dvoupruhová,místní úprava (vyplní se pol. 24),železniční přejezd nezabezpečený,mimo křižovatku,ne,P4574,6.75839669042,Chlumec n/Cidlinou - Městec Králové,"10,383",Ne,III.,3249,,50° 11' 26.83671'' N,15° 19' 56.81250'' E,50.19079,15.33245
15.067009793293545,50.189183484191012,10806140217,Nymburk (Středočeský kraj),2014-05-16 09:15:00,komunikace účelová - ostatní (parkoviště apod.),0,řidičem nemotorového vozidla,s řidičským oprávněním skupiny c,řidič nebyl ovlivněn,ne,dobrý -žádné nepříznivé okolnosti nebyly zjištěny,0,1,0,1,žádná z uvedených,žádná z uvedených,0,žádné z uvedených,"jiné motorové vozidlo (zemědělské, stave",,"soukromá organizace (podnikatel, s.r.o.,",0,nebylo třeba užít násilí,nehoda s následky na životě nebo zdraví,"nepřichází v úvahu, nejde o srážku jedou",řidič se plně nevěnoval řízení vozidla,"povrch suchý, neznečistěný",neztížené,dobré,žádné z uvedených,žádná místní úprava,přímý úsek,neurčeno,vozidlo jedoucí - na komunikaci bez stan,srážka s chodcem,"nepřichází v úvahu, nejde o srážku s pev",dlažba,"dobrý, bez závad","ve dne, viditelnost nezhoršená vlivem po",žádná z uvedených,žádný způsob řízení provozu,železniční přejezd nezabezpečený,mimo křižovatku,ne,P3595,198.235328287,žst. Nymburk hl.n.,"321,18",Ano,O,,Do Depa,50° 11' 17.90360'' N,15° 03' 52.51242'' E,50.18831,15.06459
15.014069392649668,50.190663321797118,10806140233,Kamenné Zboží (Středočeský kraj),2014-05-23 23:17:00,silnice 3.třídy,3318,řidičem motorového vozidla,s řidičským oprávněním skupiny b,řidič nebyl ovlivněn,ne,dobrý -žádné nepříznivé okolnosti nebyly zjištěny,0,0,0,2,ŠKODA,nedošlo k požáru,600,žádné z uvedených,osobní automobil bez přívěsu,2004,"soukromé, nevyužívané k výdělečné činnos",500,nebylo třeba užít násilí,nehoda pouze s hmotnou škodou,z boku,"nepř. rychlosti dopravně technickému stavu vozovky (zatáčka,klesání,stoupání,šířka apod.)",povrch mokrý,déšť,dobré,mimo komunikaci,žádná místní úprava,zatáčka,neurčeno,jedoucí - ve směru staničení na komunika,srážka s vlakem,"nepřichází v úvahu, nejde o srážku s pev",živice,"dobrý, bez závad","v noci - bez veřejného osvětlení,viditel",dvoupruhová,žádný způsob řízení provozu,železniční přejezd zabezpečený,mimo křižovatku,ano,P3598,28.7324547682,Nymburk hl.n. - Kostomlaty nad Labem,"325,008",Ano,III.,3318,Zbožský,50° 11' 27.29028'' N,15° 00' 50.21541'' E,50.19091,15.01395
14.855056062167449,50.198269130352344,10806140297,Lysá nad Labem (Středočeský kraj),2014-06-25 09:05:00,komunikace místní,0,řidičem motorového vozidla,s řidičským oprávněním skupiny c,řidič nebyl ovlivněn,ne,dobrý -žádné nepříznivé okolnosti nebyly zjištěny,0,0,0,1,DAF,nedošlo k požáru,60,žádné z uvedených,nákladní automobil s návěsem,2004,"soukromá organizace (podnikatel, s.r.o.,",0,nebylo třeba užít násilí,nehoda pouze s hmotnou škodou,"nepřichází v úvahu, nejde o srážku jedou",jiný druh nesprávného způsobu jízdy,"povrch suchý, neznečistěný",neztížené,dobré,na jízdním pruhu,žádná místní úprava,přímý úsek,neurčeno,vozidlo jedoucí - na komunikaci bez stan,srážka s pevnou překážkou,závory železničního přejezdu,živice,"dobrý, bez závad","ve dne, viditelnost nezhoršená vlivem po",dvoupruhová,žádný způsob řízení provozu,železniční přejezd zabezpečený,mimo křižovatku,ne,P2922,16.5688492614,Lysá nad Labem - Milovice,"1,207",Ano,C,,,50° 11' 53.61830'' N,14° 51' 19.02210'' E,50.19823,14.85528
15.340329591294468,50.186477979155669,10806140343,Běrunice (Středočeský kraj),2014-07-18 12:10:00,silnice 3.třídy,32820,řidičem motorového vozidla,s řidičským oprávněním skupiny b,řidič nebyl ovlivněn,ne,dobrý -žádné nepříznivé okolnosti nebyly zjištěny,0,0,0,2,PEUGEOT,žádná z uvedených,170,žádné z uvedených,osobní automobil bez přívěsu,1997,"soukromé, nevyužívané k výdělečné činnos",150,nebylo třeba užít násilí,nehoda pouze s hmotnou škodou,z boku,proti příkazu dopravní značky STŮJ DEJ PŘEDNOST,"povrch suchý, neznečistěný",neztížené,dobré,na jízdním pruhu,přednost vyznačena dopravními značkami,přímý úsek po projetí zatáčkou (do vzdál,neurčeno,jedoucí - ve směru staničení na komunika,srážka s vlakem,"nepřichází v úvahu, nejde o srážku s pev",živice,"dobrý, bez závad","ve dne, viditelnost nezhoršená vlivem po",dvoupruhová,místní úprava (vyplní se pol. 24),železniční přejezd nezabezpečený,mimo křižovatku,ne,P4573,2.96336093624,Chlumec n/Cidlinou - Městec Králové,"9,643",Ne,III.,32820,,50° 11' 11.29577'' N,15° 20' 25.04272'' E,50.18647,15.34029
15.026426849852506,50.151445576760196,10806140379,Hořátev (Středočeský kraj),2014-08-08 20:15:00,silnice 3.třídy,33011,řidičem motorového vozidla,s řidičským oprávněním skupiny c,řidič nebyl ovlivněn,ne,dobrý -žádné nepříznivé okolnosti nebyly zjištěny,0,1,0,2,žádná z uvedených,žádná z uvedených,6000,žádné z uvedených,traktor (i s přívěsem),2006,"soukromá organizace (podnikatel, s.r.o.,",3000,nebylo třeba užít násilí,nehoda s následky na životě nebo zdraví,z boku,jiné nedání přednosti,"povrch suchý, neznečistěný",neztížené,dobré,na jízdním pruhu,žádná místní úprava,přímý úsek,neurčeno,jedoucí - proti směru staničení na komun,srážka s vlakem,"nepřichází v úvahu, nejde o srážku s pev",živice,"dobrý, bez závad","ve dne, viditelnost nezhoršená vlivem po",dvoupruhová,světelným signalizačním zařízením,železniční přejezd zabezpečený,mimo křižovatku,ne,P4943,3.43035022202,Sadská - Hořátev,"9,694",Ano,III.,33011,U INFUZIE,50° 09' 05.12888'' N,15° 01' 35.03245'' E,50.15142,15.0264
15.033579743479558,50.183176110189464,10806150010,Nymburk (Středočeský kraj),2015-01-01 23:59:00,silnice 2.třídy,331,řidičem motorového vozidla,s řidičským oprávněním skupiny c,řidič nebyl ovlivněn,nezjišťováno,dobrý -žádné nepříznivé okolnosti nebyly zjištěny,0,0,0,1,MERCEDES,řidič ujel - zjištěn,480,žádné z uvedených,"nákladní automobil (včetně multikáry, au",2007,"soukromá organizace (podnikatel, s.r.o.,",0,nebylo třeba užít násilí,nehoda pouze s hmotnou škodou,"nepřichází v úvahu, nejde o srážku jedou",nesprávné otáčení nebo couvání,povrch mokrý,sněžení,dobré,na krajnici,žádná místní úprava,přímý úsek,neurčeno,jedoucí - ve směru staničení na komunika,srážka s pevnou překážkou,závory železničního přejezdu,živice,"dobrý, bez závad","ve dne, zhoršená viditelnost vlivem pově",dvoupruhová,žádný způsob řízení provozu,železniční přejezd zabezpečený,mimo křižovatku,ne,P4949,9.36604925386,"žst. Nymburk město-""U pivovaru"" - žst. Nymburk město","13,514",Ano,II.,331,U Stadionu,50° 10' 59.25162'' N,15° 02' 00.47496'' E,50.18313,15.03347
15.033452392891203,50.183145330238077,10806150023,Nymburk (Středočeský kraj),2015-01-15 08:00:00,silnice 2.třídy,331,řidičem motorového vozidla,s řidičským oprávněním skupiny b,řidič nebyl ovlivněn,ne,dobrý -žádné nepříznivé okolnosti nebyly zjištěny,0,0,0,2,FIAT,nedošlo k požáru,2350,žádné z uvedených,"nákladní automobil (včetně multikáry, au",2010,"soukromé, využívané k výdělečné činnosti",1800,nebylo třeba užít násilí,nehoda pouze s hmotnou škodou,boční,jiné nedání přednosti,povrch mokrý,neztížené,dobré,na jízdním pruhu,žádná místní úprava,přímý úsek,neurčeno,jedoucí - ve směru staničení na komunika,srážka s vlakem,"nepřichází v úvahu, nejde o srážku s pev",živice,"dobrý, bez závad","ve dne, viditelnost nezhoršená vlivem po",dvoupruhová,policistou nebo jiným pověřeným orgánem,železniční přejezd zabezpečený,mimo křižovatku,ne,P4949,2.11699555229,"žst. Nymburk město-""U pivovaru"" - žst. Nymburk město","13,514",Ano,II.,331,U Stadionu,50° 10' 59.25162'' N,15° 02' 00.47496'' E,50.18313,15.03347
15.181561477976432,50.129205240228231,10806150203,Libice nad Cidlinou (Středočeský kraj),2015-04-28 12:45:00,silnice 3.třídy,32812,řidičem motorového vozidla,s řidičským oprávněním skupiny b,řidič nebyl ovlivněn,ne,dobrý -žádné nepříznivé okolnosti nebyly zjištěny,0,1,0,1,jiné vyrobené mimo ČR,nedošlo k požáru,10,žádné z uvedených,malý motocykl (do 50 ccm),2014,"soukromé, nevyužívané k výdělečné činnos",5,nebylo třeba užít násilí,nehoda s následky na životě nebo zdraví,"nepřichází v úvahu, nejde o srážku jedou","nepř. rychlosti stavu vozovky (náledí, výtluky, bláto, mokrý povrch apod.)",povrch mokrý,"na počátku deště, slabý déšť",dobré,na jízdním pruhu,žádná místní úprava,přímý úsek,neurčeno,jedoucí - ve směru staničení na komunika,havárie,"nepřichází v úvahu, nejde o srážku s pev",živice,"příčná stružka, hrbol, vystouplé,propadl","ve dne, viditelnost nezhoršená vlivem po",dvoupruhová,žádný způsob řízení provozu,železniční přejezd nezabezpečený,mimo křižovatku,ano,P3584,165.422491269,žst. Libice nad Cidlinou,"310,44",Ano,III.,32812,Na druhém zhlaví,50° 07' 48.78662'' N,15° 10' 47.54208'' E,50.13022,15.17987
13.917683918204832,49.52856239350573,11106130848,Hudčice (Středočeský kraj),2013-10-10 15:30:00,silnice 2.třídy,174,řidičem motorového vozidla,s řidičským oprávněním skupiny c,řidič nebyl ovlivněn,ne,dobrý -žádné nepříznivé okolnosti nebyly zjištěny,0,0,0,2,FIAT,žádná z uvedených,800,žádné z uvedených,osobní automobil bez přívěsu,2000,"soukromé, nevyužívané k výdělečné činnos",300,nebylo třeba užít násilí,nehoda pouze s hmotnou škodou,z boku,proti příkazu dopravní značky STŮJ DEJ PŘEDNOST,"povrch suchý, neznečistěný",neztížené,dobré,na jízdním pruhu,přednost vyznačena dopravními značkami,přímý úsek,neurčeno,jedoucí - ve směru staničení na komunika,srážka s vlakem,"nepřichází v úvahu, nejde o srážku s pev",živice,"dobrý, bez závad","ve dne, viditelnost nezhoršená vlivem po",dvoupruhová,místní úprava (vyplní se pol. 24),železniční přejezd nezabezpečený,mimo křižovatku,ne,P1313,7.81256926526,HUDČICE - Bělčice,"7,009",Ne,II.,174,Koupský vršek,49° 31' 42.67409'' N,13° 55' 03.95711'' E,49.52852,13.91777
14.184844036313951,49.789836675600547,11106130960,Dobříš (Středočeský kraj),2013-11-11 23:00:00,silnice 3.třídy,11628,řidičem motorového vozidla,s řidičským oprávněním skupiny b,řidič nebyl ovlivněn,ne,dobrý -žádné nepříznivé okolnosti nebyly zjištěny,0,0,0,1,BMW,žádná z uvedených,50,žádné z uvedených,osobní automobil bez přívěsu,2009,"soukromé, nevyužívané k výdělečné činnos",50,nebylo třeba užít násilí,nehoda pouze s hmotnou škodou,"nepřichází v úvahu, nejde o srážku jedou","nepř. rychlosti stavu vozovky (náledí, výtluky, bláto, mokrý povrch apod.)",povrch mokrý,déšť,dobré,na jízdním pruhu,přednost vyznačena dopravními značkami,přímý úsek,neurčeno,jedoucí - ve směru staničení na komunika,srážka s pevnou překážkou,"jiná překážka (zábradlí,oplocení,násep,n",živice,"příčná stružka, hrbol, vystouplé,propadl","v noci - s veřejným osvětlením, zhoršená",dvoupruhová,místní úprava (vyplní se pol. 24),železniční přejezd zabezpečený,mimo křižovatku,ne,P5731,12.981225947,,"0,117",ne,místní komunikace,,,49° 47' 23.356'' N,14° 11' 4.203'' E,49.78982,14.1845
13.936004535660111,49.536548701027193,11106140088,Hudčice (Středočeský kraj),2014-02-02 11:26:00,silnice 2.třídy,174,řidičem motorového vozidla,s řidičským oprávněním skupiny b,řidič nebyl ovlivněn,ne,dobrý -žádné nepříznivé okolnosti nebyly zjištěny,1,0,0,2,FORD,žádná z uvedených,4010,"došlo k úniku pohonných hmot, oleje, chl",osobní automobil bez přívěsu,2011,"soukromé, nevyužívané k výdělečné činnos",1000,použitím speciální vyprošťovací techniky,nehoda s následky na životě nebo zdraví,z boku,řidič se plně nevěnoval řízení vozidla,"povrch suchý, neznečistěný",neztížené,dobré,na jízdním pruhu,žádná místní úprava,zatáčka,neurčeno,jedoucí - proti směru staničení na komun,srážka s vlakem,"nepřichází v úvahu, nejde o srážku s pev",živice,"dobrý, bez závad","ve dne, viditelnost nezhoršená vlivem po",dvoupruhová,žádný způsob řízení provozu,železniční přejezd nezabezpečený,mimo křižovatku,ne,P1309,1.3185278818,Březnice - HUDČICE,"4,447",Ne,II.,174,Stará hudčická zastávka,49° 32' 11.60843'' N,13° 56' 09.64952'' E,49.53656,13.93601