X,Y,id,obec,datum,komunikace,komunika_1,zavineni,ridic_kate,ridic_ovli,vinik_alko,ridic_stav,obeti_usmr,obeti_lehc,obeti_tezc,vozidel_ce,vinik_vozi,vinik_vo_1,skoda,unik_hmot,vinik_vo_2,vinik_vo_3,vinik_vo_4,vinik_skod,vyprosteni,nehoda_cha,srazka_voz,hlavni_pri,povrch_sta,meteo,rozhled,nehoda_pol,prednost_v,smerove_po,druh_krizu,smer_jizdy,nehoda_dru,pevna_prek,povrch_dru,komunika_2,viditelnos,komunika_3,rizeni_pro,objekty,misto_neho,smyk,neighbors_TargetID,neighbors_Distance,neighbors_prejezdy-dec_Název definičního úseku,neighbors_prejezdy-dec_Žkm přejezdu,neighbors_prejezdy-dec_Přejezd s trolejovým vedením,neighbors_prejezdy-dec_Třída pozemní komunikace,neighbors_prejezdy-dec_Číslo pozemní komunikace,neighbors_prejezdy-dec_Místní název přejezdu,neighbors_prejezdy-dec_Zeměpisná šířka,neighbors_prejezdy-dec_Zeměpisná délka,neighbors_prejezdy-dec_field_10,neighbors_prejezdy-dec_field_11
14.466260530984156,48.774743312780167,20206150037,Střítež (Jihočeský kraj),2015-02-02 09:15:00,silnice 1.třídy,3,řidičem motorového vozidla,s řidičským oprávněním skupiny b,řidič nebyl ovlivněn,ne,dobrý -žádné nepříznivé okolnosti nebyly zjištěny,1,0,1,2,NISSAN,nedošlo k požáru,9200,"došlo k úniku pohonných hmot, oleje, chl",osobní automobil bez přívěsu,,registrované mimo území ČR,3000,použitím speciální vyprošťovací techniky,nehoda s následky na životě nebo zdraví,z boku,jiné nedání přednosti,"povrch suchý, neznečistěný",neztížené,dobré,na jízdním pruhu,žádná místní úprava,přímý úsek po projetí zatáčkou (do vzdál,neurčeno,jedoucí - ve směru staničení na komunika,srážka s vlakem,"nepřichází v úvahu, nejde o srážku s pev",živice,"dobrý, bez závad","ve dne, viditelnost nezhoršená vlivem po",dvoupruhová,žádný způsob řízení provozu,železniční přejezd zabezpečený,mimo křižovatku,ne,P5563,192.000165654,Omlenice - Kaplice,"86,142",Ano,I.,,před žst.Kaplice,48° 46' 30.80291'' N,14° 27' 49.50269'' E,48.77522,14.46375
14.432665181675914,48.821522849845771,20206150052,Velešín (Jihočeský kraj),2015-02-22 12:45:00,silnice 3.třídy,15710,řidičem motorového vozidla,s řidičským oprávněním skupiny b,řidič nebyl ovlivněn,ne,dobrý -žádné nepříznivé okolnosti nebyly zjištěny,0,0,0,1,VOLKSWAGEN,nedošlo k požáru,2000,žádné z uvedených,osobní automobil bez přívěsu,2009,"soukromá organizace (podnikatel, s.r.o.,",1500,nebylo třeba užít násilí,nehoda pouze s hmotnou škodou,"nepřichází v úvahu, nejde o srážku jedou",vjetí na nezpevněnou krajnici,"povrch suchý, neznečistěný",neztížené,dobré,na jízdním pruhu,žádná místní úprava,zatáčka,neurčeno,jedoucí - ve směru staničení na komunika,srážka s pevnou překážkou,"sloup - telefonní, veř.osvětlení, el.ved",živice,"dobrý, bez závad","ve dne, viditelnost nezhoršená vlivem po",dvoupruhová,žádný způsob řízení provozu,železniční přejezd zabezpečený,mimo křižovatku,ne,P5566,34.3563309603,žst. Velešín,"94,08",Ano,III.,15710,žst.Velešín,48° 49' 17.37489'' N,14° 25' 55.93128'' E,48.82149,14.4322
14.874219186634637,49.175392328158416,20306130381,Kardašova Řečice (Jihočeský kraj),2013-09-24 11:55:00,silnice 1.třídy,23,řidičem motorového vozidla,bez příslušného řidičského oprávnění,řidič nebyl ovlivněn,ne,dobrý -žádné nepříznivé okolnosti nebyly zjištěny,0,0,0,1,ŠKODA,nedošlo k požáru,200,žádné z uvedených,osobní automobil bez přívěsu,2002,"soukromá organizace (podnikatel, s.r.o.,",100,nebylo třeba užít násilí,nehoda pouze s hmotnou škodou,"nepřichází v úvahu, nejde o srážku jedou",řidič se plně nevěnoval řízení vozidla,"povrch suchý, neznečistěný",neztížené,dobré,na jízdním pruhu,žádná místní úprava,přímý úsek,neurčeno,jedoucí - proti směru staničení na komun,srážka s pevnou překážkou,závory železničního přejezdu,živice,"dobrý, bez závad","ve dne, viditelnost nezhoršená vlivem po",dvoupruhová,žádný způsob řízení provozu,železniční přejezd zabezpečený,mimo křižovatku,ne,P6151,3.68717003572,Kardašova Řečice - Velký Ratmírov,"15,014",Ano,I.,23,"\""15\""",49° 10' 31.43340'' N,14° 52' 27.01543'' E,49.1754,14.87417
15.443433137670768,49.09195981251041,20306130476,Dačice (Jihočeský kraj),2013-11-22 09:55:00,komunikace účelová - ostatní (parkoviště apod.),0,řidičem motorového vozidla,s řidičským oprávněním skupiny c,řidič nebyl ovlivněn,ne,dobrý -žádné nepříznivé okolnosti nebyly zjištěny,0,1,0,2,TATRA,nedošlo k požáru,9500,"došlo k úniku pohonných hmot, oleje, chl","nákladní automobil (včetně multikáry, au",1990,"soukromá organizace (podnikatel, s.r.o.,",1500,nebylo třeba užít násilí,nehoda s následky na životě nebo zdraví,z boku,proti příkazu dopravní značky STŮJ DEJ PŘEDNOST,povrch mokrý,neztížené,špatné vlivem profilu komunikace (nepřeh,na jízdním pruhu,přednost vyznačena dopravními značkami,zatáčka,neurčeno,vozidlo jedoucí - na komunikaci bez stan,srážka s vlakem,"nepřichází v úvahu, nejde o srážku s pev",štěrk,"dobrý, bez závad","ve dne, viditelnost nezhoršená vlivem po",žádná z uvedených,místní úprava (vyplní se pol. 24),železniční přejezd nezabezpečený,mimo křižovatku,ne,P6463,3.47754588243,Dačice - Telč,"55,222",Ne,O,,,49° 05' 30.99418'' N,15° 26' 36.49912'' E,49.09194,15.44347
14.935032066921892,48.775411199920832,20306130520,České Velenice (Jihočeský kraj),2013-12-21 19:20:00,silnice 3.třídy,15618,řidičem motorového vozidla,s řidičským oprávněním skupiny c,řidič nebyl ovlivněn,ne,dobrý -žádné nepříznivé okolnosti nebyly zjištěny,0,0,0,1,MITSUBISHI,nedošlo k požáru,310,"došlo k úniku pohonných hmot, oleje, chl",osobní automobil bez přívěsu,1998,"soukromé, nevyužívané k výdělečné činnos",200,nebylo třeba užít násilí,nehoda pouze s hmotnou škodou,"nepřichází v úvahu, nejde o srážku jedou","nepř. rychlosti stavu vozovky (náledí, výtluky, bláto, mokrý povrch apod.)","na vozovce je náledí, ujetý sníh - nepos",neztížené,"špatné vlivem okolní zástavby (budovy,pl",na jízdním pruhu,žádná místní úprava,zatáčka,neurčeno,jedoucí - ve směru staničení na komunika,srážka s pevnou překážkou,"odrazník, patník, sloupek, dopr.značky a",živice,"dobrý, bez závad","ve dne, zhoršená viditelnost (svítání,so",žádná z uvedených,žádný způsob řízení provozu,železniční přejezd zabezpečený,mimo křižovatku,ano,P1085,6.85477604371,České Velenice - Nové Hrady,"165,875",Ano,II.,156,"\""Novohradská silnice\""",48° 46' 31.69155'' N,14° 56' 06.20247'' E,48.77547,14.93506
14.879490160335161,48.873562807434269,20306140036,Suchdol nad Lužnicí (Jihočeský kraj),2014-01-25 08:55:00,silnice 3.třídy,1506,řidičem motorového vozidla,s řidičským oprávněním skupiny c,řidič nebyl ovlivněn,ne,dobrý -žádné nepříznivé okolnosti nebyly zjištěny,0,0,0,1,BMW,nedošlo k požáru,1100,"došlo k úniku pohonných hmot, oleje, chl",osobní automobil bez přívěsu,2007,"soukromé, nevyužívané k výdělečné činnos",600,nebylo třeba užít násilí,nehoda pouze s hmotnou škodou,"nepřichází v úvahu, nejde o srážku jedou","nepř. rychlosti stavu vozovky (náledí, výtluky, bláto, mokrý povrch apod.)","na vozovce je náledí, ujetý sníh - nepos","tvoří se námraza, náledí",dobré,na krajnici,žádná místní úprava,zatáčka,neurčeno,jedoucí - ve směru staničení na komunika,srážka s pevnou překážkou,závory železničního přejezdu,živice,"dobrý, bez závad","ve dne, viditelnost nezhoršená vlivem po",žádná z uvedených,žádný způsob řízení provozu,železniční přejezd zabezpečený,mimo křižovatku,ano,P5596,12.5369868729,Nová Ves n/Lužnicí - Suchdol n/Lužnicí,"13,737",Ne,III.,1506,zast.Hrdlořezy,48° 52' 24.43948'' N,14° 52' 45.89761'' E,48.87346,14.87942
14.727219480746045,49.076760505631505,20306140041,Lomnice nad Lužnicí (Jihočeský kraj),2014-01-30 08:30:00,silnice 1.třídy,24,řidičem motorového vozidla,s řidičským oprávněním skupiny b,řidič nebyl ovlivněn,ne,dobrý -žádné nepříznivé okolnosti nebyly zjištěny,0,1,0,1,MERCEDES,nedošlo k požáru,800,"došlo k úniku pohonných hmot, oleje, chl",osobní automobil bez přívěsu,1997,"soukromé, nevyužívané k výdělečné činnos",600,nebylo třeba užít násilí,nehoda s následky na životě nebo zdraví,"nepřichází v úvahu, nejde o srážku jedou","nepř. rychlosti dopravně technickému stavu vozovky (zatáčka,klesání,stoupání,šířka apod.)",povrch mokrý,neztížené,dobré,mimo komunikaci,žádná místní úprava,zatáčka,neurčeno,jedoucí - proti směru staničení na komun,srážka s pevnou překážkou,"jiná překážka (zábradlí,oplocení,násep,n",živice,"dobrý, bez závad","ve dne, viditelnost nezhoršená vlivem po",dvoupruhová,žádný způsob řízení provozu,železniční přejezd zabezpečený,mimo křižovatku,ano,P5627,3.60950536611,Třeboň - Lomnice n/Lužnicí,"41,583",Ne,I.,24,býv.str.stan.č.41,49° 04' 36.39879'' N,14° 43' 37.84462'' E,49.07678,14.72718
15.174895735390335,49.219248146842894,20306140061,Popelín (Jihočeský kraj),2014-02-14 07:30:00,silnice 3.třídy,1324,řidičem motorového vozidla,s řidičským oprávněním skupiny c,řidič nebyl ovlivněn,ne,dobrý -žádné nepříznivé okolnosti nebyly zjištěny,0,0,0,1,VOLVO,řidič ujel - zjištěn,60,žádné z uvedených,nákladní automobil s návěsem,2006,"soukromá organizace (podnikatel, s.r.o.,",0,nebylo třeba užít násilí,nehoda pouze s hmotnou škodou,"nepřichází v úvahu, nejde o srážku jedou",jiný druh nesprávného způsobu jízdy,"povrch suchý, znečist. (písek,listí,štěr",neztížené,dobré,na jízdním pruhu,žádná místní úprava,přímý úsek po projetí zatáčkou (do vzdál,neurčeno,jedoucí - ve směru staničení na komunika,srážka s pevnou překážkou,závory železničního přejezdu,živice,"dobrý, bez závad","ve dne, viditelnost nezhoršená vlivem po",žádná z uvedených,žádný způsob řízení provozu,železniční přejezd zabezpečený,mimo křižovatku,ne,P6183,0.373136357796,Kamenný Malíkov - Popelín,"44,155",Ano,III.,1324,před žst.Popelín,49° 13' 09.28534'' N,15° 10' 29.63893'' E,49.21925,15.1749
14.880869939006724,48.892842124124677,20306140112,Suchdol nad Lužnicí (Jihočeský kraj),2014-03-29 18:20:00,silnice 1.třídy,24,řidičem nemotorového vozidla,ostatní řidiči vozidel,řidič nebyl ovlivněn,ne,dobrý -žádné nepříznivé okolnosti nebyly zjištěny,0,1,0,1,žádná z uvedených,nedošlo k požáru,0,žádné z uvedených,jízdní kolo,,"soukromé, nevyužívané k výdělečné činnos",0,nebylo třeba užít násilí,nehoda s následky na životě nebo zdraví,"nepřichází v úvahu, nejde o srážku jedou",řidič se plně nevěnoval řízení vozidla,"povrch suchý, neznečistěný",neztížené,dobré,na jízdním pruhu,žádná místní úprava,přímý úsek,neurčeno,jedoucí - ve směru staničení na komunika,havárie,"nepřichází v úvahu, nejde o srážku s pev",beton,"dobrý, bez závad","ve dne, zhoršená viditelnost (svítání,so",dvoupruhová,žádný způsob řízení provozu,železniční přejezd zabezpečený,mimo křižovatku,ne,P5599,7.69143307386,Nová Ves n/Lužnicí - Suchdol n/Lužnicí,"15,942",Ne,I.,24,býv.str.stan.č.16,48° 53' 34.47644'' N,14° 52' 51.20821'' E,48.89291,14.88089
14.852402808051407,49.189462085042273,20306140118,Kardašova Řečice (Jihočeský kraj),2014-04-04 17:35:00,silnice 3.třídy,13525,řidičem motorového vozidla,s řidičským oprávněním skupiny b,řidič nebyl ovlivněn,ne,dobrý -žádné nepříznivé okolnosti nebyly zjištěny,1,0,0,2,HYUNDAI,nedošlo k požáru,2900,"došlo k úniku pohonných hmot, oleje, chl",osobní automobil bez přívěsu,2007,"soukromé, nevyužívané k výdělečné činnos",1200,použitím páčidel apod.,nehoda s následky na životě nebo zdraví,z boku,jiné nedání přednosti,"povrch suchý, neznečistěný",neztížené,"špatné vlivem okolní zástavby (budovy,pl",na jízdním pruhu,žádná místní úprava,přímý úsek po projetí zatáčkou (do vzdál,neurčeno,jedoucí - proti směru staničení na komun,srážka s vlakem,"nepřichází v úvahu, nejde o srážku s pev",živice,"dobrý, bez závad","ve dne, viditelnost nezhoršená vlivem po",žádná z uvedených,žádný způsob řízení provozu,železniční přejezd zabezpečený,mimo křižovatku,ne,P6146,0.962161526088,Doňov - Kardašova Řečice,"12,659",Ano,III.,13525,u Másílka,49° 11' 22.07059'' N,14° 51' 08.61354'' E,49.18946,14.85239
14.796190814952533,49.207686949954144,20306140398,Záhoří (Jihočeský kraj),2014-09-28 08:30:00,silnice 1.třídy,23,řidičem motorového vozidla,s řidičským oprávněním skupiny c,řidič nebyl ovlivněn,ne,dobrý -žádné nepříznivé okolnosti nebyly zjištěny,0,0,1,1,YAMAHA,žádná z uvedených,1300,žádné z uvedených,"motocykl (včetně sidecarů, skútrů apod.)",2002,"soukromé, nevyužívané k výdělečné činnos",1200,nebylo třeba užít násilí,nehoda s následky na životě nebo zdraví,"nepřichází v úvahu, nejde o srážku jedou",řidič se plně nevěnoval řízení vozidla,"povrch suchý, neznečistěný",neztížené,dobré,na jízdním pruhu,žádná místní úprava,přímý úsek,neurčeno,jedoucí - ve směru staničení na komunika,srážka s pevnou překážkou,závory železničního přejezdu,živice,"dobrý, bez závad","ve dne, viditelnost nezhoršená vlivem po",dvoupruhová,světelným signalizačním zařízením,železniční přejezd zabezpečený,mimo křižovatku,ne,P6141,0.858988077486,Veselí n/ Lužnicí - Doňov,"7,383",Ano,I.,23,před žst.Doňov,49° 12' 27.68403'' N,14° 47' 46.23811'' E,49.20769,14.79618
15.114412836690482,49.143724603718148,20306150006,Blažejov (Jihočeský kraj),2015-01-01 17:10:00,silnice 3.třídy,1343,řidičem motorového vozidla,s řidičským oprávněním skupiny b,řidič nebyl ovlivněn,ne,dobrý -žádné nepříznivé okolnosti nebyly zjištěny,0,0,0,2,PEUGEOT,nedošlo k požáru,200,žádné z uvedených,osobní automobil bez přívěsu,2000,"soukromé, nevyužívané k výdělečné činnos",100,nebylo třeba užít násilí,nehoda pouze s hmotnou škodou,z boku,proti příkazu dopravní značky STŮJ DEJ PŘEDNOST,"na vozovce je náledí, ujetý sníh - nepos",sněžení,dobré,na jízdním pruhu,přednost vyznačena dopravními značkami,přímý úsek,neurčeno,jedoucí - ve směru staničení na komunika,srážka s vlakem,"nepřichází v úvahu, nejde o srážku s pev",živice,"dobrý, bez závad","ve dne, zhoršená viditelnost vlivem pově",žádná z uvedených,místní úprava (vyplní se pol. 24),železniční přejezd nezabezpečený,mimo křižovatku,ne,P6174,4990.36318874,Jarošov n/Nežárkou - Kamenný Malíkov,"35,593",Ano,O,,,49° 11' 13.22627'' N,15° 05' 46.88268'' E,49.18701,15.09636
14.74989914366668,49.054152566387685,20306150055,Lužnice (Jihočeský kraj),2015-02-10 23:00:00,silnice 1.třídy,24,řidičem motorového vozidla,nezjištěno,jiné ovlivnění,nezjišťováno,jiný nepříznivý stav,0,0,0,1,žádná z uvedených,žádná z uvedených,200,žádné z uvedených,"nezjištěno, řidič ujel",,žádná z uvedených,0,žádná z uvedených,nehoda pouze s hmotnou škodou,"nepřichází v úvahu, nejde o srážku jedou",řidič se plně nevěnoval řízení vozidla,povrch mokrý,neztížené,dobré,na jízdním pruhu,žádná místní úprava,zatáčka,neurčeno,žádná z uvedených,srážka s pevnou překážkou,závory železničního přejezdu,živice,"dobrý, bez závad","v noci - bez veřejného osvětlení,viditel",dvoupruhová,světelným signalizačním zařízením,železniční přejezd zabezpečený,mimo křižovatku,ne,P5622,9.61628508816,Třeboň - Lomnice n/Lužnicí,"38,555",Ne,I.,24,zastávka Lužnice,49° 03' 14.65260'' N,14° 44' 59.48228'' E,49.05407,14.74986
15.188434819503616,49.223157411593291,20306150063,Popelín (Jihočeský kraj),2015-02-18 23:59:00,silnice 3.třídy,1327,řidičem motorového vozidla,nezjištěno,jiné ovlivnění,nezjišťováno,jiný nepříznivý stav,0,0,0,1,žádná z uvedených,žádná z uvedených,50,žádné z uvedených,"nezjištěno, řidič ujel",,žádná z uvedených,0,žádná z uvedených,nehoda pouze s hmotnou škodou,"nepřichází v úvahu, nejde o srážku jedou",řidič se plně nevěnoval řízení vozidla,"povrch suchý, neznečistěný",neztížené,dobré,na krajnici,přednost nevyznačena - vyplývá z pravide,přímý úsek,neurčeno,žádná z uvedených,srážka s pevnou překážkou,závory železničního přejezdu,živice,"dobrý, bez závad","ve dne, zhoršená viditelnost (svítání,so",žádná z uvedených,místní úprava (vyplní se pol. 24),železniční přejezd zabezpečený,mimo křižovatku,ne,P6184,4.42475841336,Popelín - Počátky-Žirovnice,"45,236",Ano,III.,1327,za žst.Popelín,49° 13' 23.48702'' N,15° 11' 18.24414'' E,49.22319,15.1884
14.727266606357443,49.076749449981619,20306150106,Lomnice nad Lužnicí (Jihočeský kraj),2015-03-31 15:30:00,silnice 1.třídy,24,řidičem motorového vozidla,nezjištěno,jiné ovlivnění,nezjišťováno,jiný nepříznivý stav,0,0,0,1,žádná z uvedených,žádná z uvedených,20,žádné z uvedených,"nezjištěno, řidič ujel",,žádná z uvedených,0,žádná z uvedených,nehoda pouze s hmotnou škodou,"nepřichází v úvahu, nejde o srážku jedou",řidič se plně nevěnoval řízení vozidla,povrch mokrý,"na počátku deště, slabý déšť",dobré,na jízdním pruhu,žádná místní úprava,zatáčka,neurčeno,žádná z uvedených,srážka s pevnou překážkou,závory železničního přejezdu,živice,"dobrý, bez závad","ve dne, zhoršená viditelnost vlivem pově",dvoupruhová,žádný způsob řízení provozu,železniční přejezd zabezpečený,mimo křižovatku,ne,P5627,7.18276548537,Třeboň - Lomnice n/Lužnicí,"41,583",Ne,I.,24,býv.str.stan.č.41,49° 04' 36.39879'' N,14° 43' 37.84462'' E,49.07678,14.72718
15.067057350084285,49.236315820271514,20306150117,Nová Včelnice (Jihočeský kraj),2015-04-13 07:13:00,silnice 3.třídy,12826,řidičem motorového vozidla,s řidičským oprávněním skupiny b,řidič nebyl ovlivněn,ne,dobrý -žádné nepříznivé okolnosti nebyly zjištěny,0,3,0,2,FORD,žádná z uvedených,1300,"došlo k úniku pohonných hmot, oleje, chl",osobní automobil bez přívěsu,2002,"soukromé, nevyužívané k výdělečné činnos",300,nebylo třeba užít násilí,nehoda s následky na životě nebo zdraví,z boku,jiné nedání přednosti,"povrch suchý, neznečistěný",neztížené,dobré,mimo komunikaci,žádná místní úprava,přímý úsek,neurčeno,jedoucí - proti směru staničení na komun,srážka s vlakem,"nepřichází v úvahu, nejde o srážku s pev",živice,"dobrý, bez závad","ve dne, viditelnost nezhoršená vlivem po",dvoupruhová,světelným signalizačním zařízením,železniční přejezd zabezpečený,mimo křižovatku,ne,P6176,4796.72285399,Jarošov n/Nežárkou - Kamenný Malíkov,"37,235",Ano,II.,134,,49° 11' 53.20064'' N,15° 05' 51.44935'' E,49.19811,15.09762
14.115341862634743,49.302290706328485,20506130349,Písek (Jihočeský kraj),2013-11-26 10:50:00,komunikace účelová - ostatní (parkoviště apod.),0,řidičem motorového vozidla,bez příslušného řidičského oprávnění,řidič nebyl ovlivněn,pod vlivem drog,"pod vlivem léků, narkotik",0,0,0,1,OPEL,nedošlo k požáru,170,žádné z uvedených,osobní automobil bez přívěsu,1992,"soukromé, nevyužívané k výdělečné činnos",150,nebylo třeba užít násilí,nehoda pouze s hmotnou škodou,"nepřichází v úvahu, nejde o srážku jedou","nepř. rychlosti dopravně technickému stavu vozovky (zatáčka,klesání,stoupání,šířka apod.)",povrch mokrý,neztížené,dobré,mimo komunikaci,žádná místní úprava,přímý úsek po projetí zatáčkou (do vzdál,neurčeno,vozidlo jedoucí - na komunikaci bez stan,srážka s pevnou překážkou,strom,živice,"dobrý, bez závad","ve dne, viditelnost nezhoršená vlivem po",dvoupruhová,žádný způsob řízení provozu,železniční přejezd nezabezpečený,mimo křižovatku,ne,P485,1548.763588,Písek - Čížová,"13,281",Ano,III.,1401,,49° 18' 06.86094'' N,14° 08' 11.87203'' E,49.30191,14.13663
14.203445546916262,49.215616966836791,20506130378,Protivín (Jihočeský kraj),2013-12-19 13:00:00,silnice 3.třídy,1404,řidičem motorového vozidla,s řidičským oprávněním skupiny c,řidič nebyl ovlivněn,ne,dobrý -žádné nepříznivé okolnosti nebyly zjištěny,0,0,0,1,LIAZ,nedošlo k požáru,40,žádné z uvedených,"nákladní automobil (včetně multikáry, au",1995,"soukromá organizace (podnikatel, s.r.o.,",0,nebylo třeba užít násilí,nehoda pouze s hmotnou škodou,"nepřichází v úvahu, nejde o srážku jedou",jiný druh nesprávného způsobu jízdy,"povrch suchý, neznečistěný",neztížené,dobré,na jízdním pruhu,žádná místní úprava,přímý úsek po projetí zatáčkou (do vzdál,neurčeno,jedoucí - ve směru staničení na komunika,srážka s pevnou překážkou,"jiná překážka (zábradlí,oplocení,násep,n",živice,"dobrý, bez závad","ve dne, viditelnost nezhoršená vlivem po",dvoupruhová,žádný způsob řízení provozu,železniční přejezd zabezpečený,mimo křižovatku,ne,P1150,0.468526750182,Protivín - Ražice,"250,568",Ano,III.,1404,U Protivína,49° 12' 56.23070'' N,14° 12' 12.40633'' E,49.21562,14.20345
14.094312126491413,49.441084150274627,20506140003,Smetanova Lhota (Jihočeský kraj),2014-01-01 23:59:00,silnice 2.třídy,121,řidičem motorového vozidla,nezjištěno,jiné ovlivnění,nezjišťováno,jiný nepříznivý stav,0,0,0,1,žádná z uvedených,žádná z uvedených,500,žádné z uvedených,"nezjištěno, řidič ujel",,žádná z uvedených,0,žádná z uvedených,nehoda pouze s hmotnou škodou,"nepřichází v úvahu, nejde o srážku jedou",jiný druh nesprávného způsobu jízdy,povrch mokrý,neztížené,dobré,mimo komunikaci,žádná místní úprava,přímý úsek,neurčeno,žádná z uvedených,srážka s pevnou překážkou,závory železničního přejezdu,živice,"dobrý, bez závad","ve dne, viditelnost nezhoršená vlivem po",dvoupruhová,žádný způsob řízení provozu,železniční přejezd zabezpečený,mimo křižovatku,ne,P502,19.6370107706,Vráž u Písku - Čimelice,"34,115",Ne,II.,121,,49° 26' 28.01241'' N,14° 05' 40.47926'' E,49.44111,14.09458
14.074723969668813,49.460031336825672,20506140179,Čimelice (Jihočeský kraj),2014-07-07 16:00:00,silnice 3.třídy,1217,řidičem motorového vozidla,nezjištěno,jiné ovlivnění,nezjišťováno,jiný nepříznivý stav,0,0,0,1,žádná z uvedených,žádná z uvedených,500,žádné z uvedených,"nezjištěno, řidič ujel",,žádná z uvedených,0,žádná z uvedených,nehoda pouze s hmotnou škodou,"nepřichází v úvahu, nejde o srážku jedou",vjetí na nezpevněnou krajnici,"povrch suchý, neznečistěný",neztížené,dobré,na krajnici,přednost vyznačena přenosnými dopravními,křižovatka styková - tříramenná,silnice 3.třídy,žádná z uvedených,srážka s pevnou překážkou,"sloup - telefonní, veř.osvětlení, el.ved",živice,"dobrý, bez závad","ve dne, viditelnost nezhoršená vlivem po",dvoupruhová,místní úprava (vyplní se pol. 24),železniční přejezd zabezpečený,"na křižovatce, uvnitř hranic křižovatky",ne,P505,13.2712606093,Vráž u Písku - Čimelice,"37,007",Ne,III.,1217,,49° 27' 35.82403'' N,14° 04' 28.51893'' E,49.45995,14.07459
14.081550992752941,49.250045473036707,20506140183,Ražice (Jihočeský kraj),2014-07-15 19:01:00,silnice 3.třídy,1406,řidičem motorového vozidla,s řidičským oprávněním skupiny b,řidič nebyl ovlivněn,ne,dobrý -žádné nepříznivé okolnosti nebyly zjištěny,0,0,2,2,PEUGEOT,nedošlo k požáru,1900,"došlo k úniku pohonných hmot, oleje, chl",osobní automobil bez přívěsu,2001,"soukromé, nevyužívané k výdělečné činnos",400,použitím speciální vyprošťovací techniky,nehoda s následky na životě nebo zdraví,z boku,jiné nedání přednosti,"povrch suchý, neznečistěný",neztížené,dobré,na jízdním pruhu,žádná místní úprava,přímý úsek,neurčeno,jedoucí - ve směru staničení na komunika,srážka s vlakem,"nepřichází v úvahu, nejde o srážku s pev",živice,"dobrý, bez závad","ve dne, viditelnost nezhoršená vlivem po",dvoupruhová,žádný způsob řízení provozu,železniční přejezd zabezpečený,mimo křižovatku,ne,P1158,23.5703288646,Ražice - Čejetice,"260,34",Ano,III.,1406,Na vysoké,49° 14' 59.67632'' N,14° 04' 54.49051'' E,49.24991,14.0818
14.203413559665112,49.215591039449862,20506140242,Protivín (Jihočeský kraj),2014-09-15 14:53:00,silnice 3.třídy,1404,řidičem motorového vozidla,nezjištěno,jiné ovlivnění,nezjišťováno,jiný nepříznivý stav,0,0,0,1,žádná z uvedených,žádná z uvedených,50,žádné z uvedených,"nezjištěno, řidič ujel",,žádná z uvedených,0,žádná z uvedených,nehoda pouze s hmotnou škodou,"nepřichází v úvahu, nejde o srážku jedou",řidič se plně nevěnoval řízení vozidla,"povrch suchý, neznečistěný",neztížené,dobré,na jízdním pruhu,žádná místní úprava,přímý úsek,neurčeno,žádná z uvedených,srážka s pevnou překážkou,závory železničního přejezdu,živice,"dobrý, bez závad","ve dne, viditelnost nezhoršená vlivem po",dvoupruhová,žádný způsob řízení provozu,železniční přejezd zabezpečený,mimo křižovatku,ne,P1150,4.17446859339,Protivín - Ražice,"250,568",Ano,III.,1404,U Protivína,49° 12' 56.23070'' N,14° 12' 12.40633'' E,49.21562,14.20345
14.055892344789266,48.950850679174543,20606130255,Chroboly (Jihočeský kraj),2013-12-12 11:20:00,silnice 3.třídy,1431,řidičem motorového vozidla,s řidičským oprávněním skupiny c,řidič nebyl ovlivněn,ne,dobrý -žádné nepříznivé okolnosti nebyly zjištěny,1,0,0,2,FORD,nedošlo k požáru,1400,žádné z uvedených,osobní automobil bez přívěsu,2008,"soukromé, nevyužívané k výdělečné činnos",400,použitím páčidel apod.,nehoda s následky na životě nebo zdraví,z boku,proti příkazu dopravní značky STŮJ DEJ PŘEDNOST,"na vozovce je náledí, ujetý sníh - nepos",sněžení,dobré,na jízdním pruhu,přednost vyznačena přenosnými dopravními,přímý úsek po projetí zatáčkou (do vzdál,neurčeno,jedoucí - proti směru staničení na komun,srážka s vlakem,"nepřichází v úvahu, nejde o srážku s pev",živice,"dobrý, bez závad","ve dne, viditelnost nezhoršená vlivem po",dvoupruhová,místní úprava (vyplní se pol. 24),železniční přejezd nezabezpečený,mimo křižovatku,ne,P1467,3.78329780302,Chroboly - Zbytiny,"37,303",Ne,III.,1431,,48° 57' 02.94009'' N,14° 03' 21.12739'' E,48.95082,14.05587
14.024024029271347,48.989134576908299,20606140206,Prachatice (Jihočeský kraj),2014-08-08 16:45:00,komunikace místní,0,řidičem motorového vozidla,s řidičským oprávněním skupiny c,řidič nebyl ovlivněn,ne,dobrý -žádné nepříznivé okolnosti nebyly zjištěny,0,0,0,2,MAZDA,žádná z uvedených,550,žádné z uvedených,osobní automobil bez přívěsu,2008,"soukromé, nevyužívané k výdělečné činnos",300,nebylo třeba užít násilí,nehoda pouze s hmotnou škodou,boční,proti příkazu dopravní značky STŮJ DEJ PŘEDNOST,"povrch suchý, neznečistěný",neztížené,"špatné vlivem trvalé vegetace (stromy,ke",na jízdním pruhu,přednost vyznačena dopravními značkami,zatáčka,neurčeno,vozidlo jedoucí - na komunikaci bez stan,srážka s vlakem,"nepřichází v úvahu, nejde o srážku s pev",živice,"dobrý, bez závad","ve dne, viditelnost nezhoršená vlivem po",dvoupruhová,místní úprava (vyplní se pol. 24),železniční přejezd zabezpečený,mimo křižovatku,ne,P1461,5.18128764731,Prachatice - Chroboly,"32,043",Ne,C,,U Maršana,48° 59' 21.02648'' N,14° 01' 26.65667'' E,48.98917,14.02407