X,Y,id,obec,datum,komunikace,komunika_1,zavineni,ridic_kate,ridic_ovli,vinik_alko,ridic_stav,obeti_usmr,obeti_lehc,obeti_tezc,vozidel_ce,vinik_vozi,vinik_vo_1,skoda,unik_hmot,vinik_vo_2,vinik_vo_3,vinik_vo_4,vinik_skod,vyprosteni,nehoda_cha,srazka_voz,hlavni_pri,povrch_sta,meteo,rozhled,nehoda_pol,prednost_v,smerove_po,druh_krizu,smer_jizdy,nehoda_dru,pevna_prek,povrch_dru,komunika_2,viditelnos,komunika_3,rizeni_pro,objekty,misto_neho,smyk,neighbors_TargetID,neighbors_Distance,neighbors_prejezdy-dec_Název definičního úseku,neighbors_prejezdy-dec_Žkm přejezdu,neighbors_prejezdy-dec_Přejezd s trolejovým vedením,neighbors_prejezdy-dec_Třída pozemní komunikace,neighbors_prejezdy-dec_Číslo pozemní komunikace,neighbors_prejezdy-dec_Místní název přejezdu,neighbors_prejezdy-dec_Zeměpisná šířka,neighbors_prejezdy-dec_Zeměpisná délka,neighbors_prejezdy-dec_field_10,neighbors_prejezdy-dec_field_11
12.873197565058106,49.416514137499085,30106140190,Babylon (Plzeňský kraj),2014-07-18 07:05:00,silnice 1.třídy,26,řidičem motorového vozidla,s řidičským oprávněním skupiny b,řidič nebyl ovlivněn,ne,dobrý -žádné nepříznivé okolnosti nebyly zjištěny,0,0,0,2,CITROEN,nedošlo k požáru,4800,"došlo k úniku pohonných hmot, oleje, chl",osobní automobil bez přívěsu,2001,"soukromé, nevyužívané k výdělečné činnos",800,nebylo třeba užít násilí,nehoda pouze s hmotnou škodou,z boku,řidič se plně nevěnoval řízení vozidla,"povrch suchý, neznečistěný",neztížené,dobré,na jízdním pruhu,žádná místní úprava,přímý úsek,neurčeno,jedoucí - ve směru staničení na komunika,srážka s vlakem,"nepřichází v úvahu, nejde o srážku s pev",živice,"dobrý, bez závad","ve dne, viditelnost nezhoršená vlivem po",dvoupruhová,světelným signalizačním zařízením,železniční přejezd zabezpečený,mimo křižovatku,ne,P687,13.2665837248,Havlovice - Trhanov,"6,24",Ne,I.,26,zast. Havlovice st.sil. I./26,49° 24' 59.69087'' N,12° 52' 24.05002'' E,49.41658,12.87335
13.077092206969377,49.550869541669805,30106140347,Staňkov (Plzeňský kraj),2014-12-12 08:10:00,silnice 3.třídy,18323,řidičem motorového vozidla,s řidičským oprávněním skupiny b,řidič nebyl ovlivněn,ne,dobrý -žádné nepříznivé okolnosti nebyly zjištěny,0,0,0,2,ŠKODA,žádná z uvedených,700,"došlo k úniku pohonných hmot, oleje, chl",osobní automobil bez přívěsu,1995,"soukromé, nevyužívané k výdělečné činnos",200,nebylo třeba užít násilí,nehoda pouze s hmotnou škodou,"nepřichází v úvahu, nejde o srážku jedou",řidič se plně nevěnoval řízení vozidla,povrch mokrý,neztížené,dobré,na jízdním pruhu,žádná místní úprava,přímý úsek,neurčeno,jedoucí - ve směru staničení na komunika,jiný druh nehody,"nepřichází v úvahu, nejde o srážku s pev",živice,"dobrý, bez závad","ve dne, viditelnost nezhoršená vlivem po",dvoupruhová,světelným signalizačním zařízením,železniční přejezd zabezpečený,mimo křižovatku,ne,P619,4.56269119648,Holýšov - Staňkov,"148,28",Ne,III.,18323,Staňkov-Krchleby,49° 33' 03.24152'' N,13° 04' 37.37328'' E,49.5509,13.07705
12.81769577469518,49.490813625665567,30106150043,Vlkanov (Plzeňský kraj),2015-02-02 10:45:00,silnice 3.třídy,19522,řidičem motorového vozidla,s řidičským oprávněním skupiny c,řidič nebyl ovlivněn,ne,dobrý -žádné nepříznivé okolnosti nebyly zjištěny,0,1,0,2,TATRA,nedošlo k požáru,500,žádné z uvedených,"nákladní automobil (včetně multikáry, au",2007,"státní podnik, státní organizace",100,nebylo třeba užít násilí,nehoda s následky na životě nebo zdraví,z boku,jiné nedání přednosti,povrch mokrý,neztížené,dobré,na jízdním pruhu,přednost vyznačena přenosnými dopravními,přímý úsek,neurčeno,jedoucí - ve směru staničení na komunika,srážka s vlakem,"nepřichází v úvahu, nejde o srážku s pev",živice,"dobrý, bez závad","ve dne, viditelnost nezhoršená vlivem po",dvoupruhová,místní úprava (vyplní se pol. 24),železniční přejezd nezabezpečený,mimo křižovatku,ne,P703,2.68842050096,Nový Kramolín - Poběžovice,"18,012",Ne,III.,19522,Vlkanov - Ohnišťovice 19522,49° 29' 26.95361'' N,12° 49' 03.57151'' E,49.49082,12.81766
12.817418505796642,49.512691067887665,30106150063,Poběžovice (Plzeňský kraj),2015-02-22 06:00:00,silnice 2.třídy,196,řidičem motorového vozidla,s řidičským oprávněním skupiny c,řidič nebyl ovlivněn,"ano, obsah alkoholu v&nbsp;krvi 1,5‰ a více",pod vlivem alkoholu obsah alkoholu v krvi 1‰ a více,0,0,0,1,OPEL,nedošlo k požáru,100,"došlo k úniku pohonných hmot, oleje, chl",osobní automobil bez přívěsu,1999,"soukromé, nevyužívané k výdělečné činnos",100,nebylo třeba užít násilí,nehoda pouze s hmotnou škodou,"nepřichází v úvahu, nejde o srážku jedou","nepř. rychlosti stavu vozovky (náledí, výtluky, bláto, mokrý povrch apod.)",povrch mokrý,sněžení,dobré,mimo komunikaci,žádná místní úprava,zatáčka,neurčeno,jedoucí - proti směru staničení na komun,havárie,"nepřichází v úvahu, nejde o srážku s pev",živice,"dobrý, bez závad","v noci - bez veřejného osvětlení, vidite",dvoupruhová,žádný způsob řízení provozu,železniční přejezd nezabezpečený,mimo křižovatku,ano,P706,2.26518419819,Nový Kramolín - Poběžovice,"20,905",Ne,II.,196,Hor.Týn-Poběžovice st.sil.,49° 30' 45.76202'' N,12° 49' 02.73889'' E,49.51271,12.81743
13.700145518630899,49.345946163690428,30406140073,Velký Bor (Plzeňský kraj),2014-03-11 11:00:00,silnice 2.třídy,188,řidičem motorového vozidla,nezjištěno,jiné ovlivnění,nezjišťováno,jiný nepříznivý stav,0,0,0,1,žádná z uvedených,žádná z uvedených,50,žádné z uvedených,"nezjištěno, řidič ujel",,žádná z uvedených,0,žádná z uvedených,nehoda pouze s hmotnou škodou,"nepřichází v úvahu, nejde o srážku jedou",jiný druh nesprávného způsobu jízdy,"povrch suchý, neznečistěný",neztížené,dobré,na jízdním pruhu,žádná místní úprava,přímý úsek,neurčeno,žádná z uvedených,srážka s pevnou překážkou,"jiná překážka (zábradlí,oplocení,násep,n",živice,"dobrý, bez závad","ve dne, viditelnost nezhoršená vlivem po",dvoupruhová,žádný způsob řízení provozu,železniční přejezd zabezpečený,mimo křižovatku,ne,P1178,1.90512941694,Horažďovice předměstí - Pačejov,"293,204",Ano,II.,188,U zastávky Velký Bor,49° 20' 45.37522'' N,13° 42' 00.61962'' E,49.34594,13.70017
13.299156216757234,49.526599309394022,30406140128,Borovy (Plzeňský kraj),2014-05-05 14:28:00,silnice 2.třídy,182,řidičem motorového vozidla,s řidičským oprávněním skupiny d,řidič nebyl ovlivněn,ne,dobrý -žádné nepříznivé okolnosti nebyly zjištěny,0,0,0,2,SCANIA,nedošlo k požáru,21500,žádné z uvedených,nákladní automobil s návěsem,2011,registrované mimo území ČR,0,nebylo třeba užít násilí,nehoda pouze s hmotnou škodou,z boku,jiné nedání přednosti,"povrch suchý, neznečistěný",neztížené,špatné vlivem profilu komunikace (nepřeh,na jízdním pruhu,žádná místní úprava,přímý úsek,neurčeno,jedoucí - ve směru staničení na komunika,srážka s vlakem,"nepřichází v úvahu, nejde o srážku s pev",živice,"dobrý, bez závad","ve dne, viditelnost nezhoršená vlivem po",dvoupruhová,světelným signalizačním zařízením,železniční přejezd nezabezpečený,mimo křižovatku,ne,P866,1.55275912031,Švihov u Klatov - Přeštice,"66,362",Ano,II.,182,Borovy st.sil. II.tř. č.182,49° 31' 35.78154'' N,13° 17' 57.01426'' E,49.52661,13.29917
13.498826697261253,49.257720539423296,30406140328,Hrádek (Plzeňský kraj),2014-11-10 18:25:00,silnice 2.třídy,187,řidičem motorového vozidla,s řidičským oprávněním skupiny d,řidič nebyl ovlivněn,ne,dobrý -žádné nepříznivé okolnosti nebyly zjištěny,0,0,0,2,PEUGEOT,nedošlo k požáru,400,žádné z uvedených,osobní automobil bez přívěsu,2004,"soukromé, nevyužívané k výdělečné činnos",400,nebylo třeba užít násilí,nehoda pouze s hmotnou škodou,boční,proti příkazu dopravní značky STŮJ DEJ PŘEDNOST,"povrch suchý, neznečistěný",neztížené,"špatné vlivem okolní zástavby (budovy,pl",na jízdním pruhu,přednost vyznačena přenosnými dopravními,přímý úsek po projetí zatáčkou (do vzdál,neurčeno,jedoucí - ve směru staničení na komunika,srážka s vlakem,"nepřichází v úvahu, nejde o srážku s pev",živice,"dobrý, bez závad","v noci - bez veřejného osvětlení,viditel",dvoupruhová,místní úprava (vyplní se pol. 24),železniční přejezd zabezpečený,mimo křižovatku,ne,P902,1.68820901206,Sušice - Hrádek u Sušice,"22,777",Ne,II.,187,Hrádek u S. - Sušice,49° 15' 27.77048'' N,13° 29' 55.72816'' E,49.25771,13.49881
13.1780552862724,49.250832029583542,30406150023,Nýrsko (Plzeňský kraj),2015-01-31 17:30:00,komunikace místní,0,řidičem motorového vozidla,s řidičským oprávněním skupiny c,řidič nebyl ovlivněn,ne,dobrý -žádné nepříznivé okolnosti nebyly zjištěny,0,0,0,1,TOYOTA,nedošlo k požáru,420,"došlo k úniku pohonných hmot, oleje, chl","nákladní automobil (včetně multikáry, au",2006,"soukromá organizace (podnikatel, s.r.o.,",400,nebylo třeba užít násilí,nehoda pouze s hmotnou škodou,"nepřichází v úvahu, nejde o srážku jedou","nepř. rychlosti stavu vozovky (náledí, výtluky, bláto, mokrý povrch apod.)","na vozovce je náledí, ujetý sníh - nepos",neztížené,dobré,mimo komunikaci,žádná místní úprava,přímý úsek po projetí zatáčkou (do vzdál,neurčeno,vozidlo jedoucí - na komunikaci bez stan,srážka s pevnou překážkou,závory železničního přejezdu,živice,"dobrý, bez závad","ve dne, zhoršená viditelnost (svítání,so",dvoupruhová,policistou nebo jiným pověřeným orgánem,železniční přejezd zabezpečený,mimo křižovatku,ano,P834,2.89671705336,Zelená Lhota - Nýrsko,"23,468",Ne,C,,Zelená Lhota u žst.-Prenet,49° 15' 02.94447'' N,13° 10' 40.87133'' E,49.25082,13.17802
13.346180075599074,49.283122433004259,30406150071,Velhartice (Plzeňský kraj),2015-04-04 23:59:00,silnice 2.třídy,171,řidičem motorového vozidla,nezjištěno,jiné ovlivnění,nezjišťováno,jiný nepříznivý stav,0,0,0,1,žádná z uvedených,žádná z uvedených,200,žádné z uvedených,"nezjištěno, řidič ujel",,žádná z uvedených,0,žádná z uvedených,nehoda pouze s hmotnou škodou,"nepřichází v úvahu, nejde o srážku jedou","nepř. rychlosti stavu vozovky (náledí, výtluky, bláto, mokrý povrch apod.)",povrch mokrý,neztížené,dobré,mimo komunikaci,žádná místní úprava,přímý úsek po projetí zatáčkou (do vzdál,neurčeno,žádná z uvedených,srážka s pevnou překážkou,"sloup - telefonní, veř.osvětlení, el.ved",živice,"dobrý, bez závad","ve dne, viditelnost nezhoršená vlivem po",dvoupruhová,světelným signalizačním zařízením,železniční přejezd zabezpečený,mimo křižovatku,ne,P921,13.1054247817,žst. Nemilkov,"39,853",Ne,II.,171,Nemilkov - Běšiny II.tř.,49° 16' 59.21797'' N,13° 20' 45.59088'' E,49.28312,13.346
13.602139075896845,49.736114681377813,30806130097,Rokycany (Plzeňský kraj),2013-09-27 15:20:00,silnice 3.třídy,11732,řidičem motorového vozidla,s řidičským oprávněním skupiny b,řidič nebyl ovlivněn,ne,dobrý -žádné nepříznivé okolnosti nebyly zjištěny,0,0,0,1,CITROEN,nedošlo k požáru,30,žádné z uvedených,osobní automobil bez přívěsu,1995,"soukromé, nevyužívané k výdělečné činnos",10,nebylo třeba užít násilí,nehoda pouze s hmotnou škodou,"nepřichází v úvahu, nejde o srážku jedou",nezvládnutí řízení vozidla,"povrch suchý, neznečistěný",neztížené,dobré,mimo komunikaci,žádná místní úprava,přímý úsek,neurčeno,jedoucí - ve směru staničení na komunika,srážka s pevnou překážkou,"jiná překážka (zábradlí,oplocení,násep,n",živice,"dobrý, bez závad","ve dne, viditelnost nezhoršená vlivem po",dvoupruhová,žádný způsob řízení provozu,železniční přejezd zabezpečený,mimo křižovatku,ne,P1207,9.4101736936,Rokycany - KOVOHUTĚ,"0,348",Ne,III.,11732,U stavebnin Šabata,49° 44' 09.88619'' N,13° 36' 07.28610'' E,49.73608,13.60202
13.665622164278254,49.668276743978922,30806130098,Příkosice (Plzeňský kraj),2013-09-28 16:56:00,silnice 3.třídy,1783,řidičem motorového vozidla,s řidičským oprávněním skupiny b,řidič nebyl ovlivněn,ne,dobrý -žádné nepříznivé okolnosti nebyly zjištěny,0,0,0,2,Kia,nedošlo k požáru,1020,žádné z uvedených,osobní automobil bez přívěsu,2013,"soukromé, nevyužívané k výdělečné činnos",1000,nebylo třeba užít násilí,nehoda pouze s hmotnou škodou,z boku,jiné nedání přednosti,"povrch suchý, neznečistěný",neztížené,dobré,na jízdním pruhu,přednost vyznačena přenosnými dopravními,přímý úsek,neurčeno,jedoucí - proti směru staničení na komun,srážka s vlakem,"nepřichází v úvahu, nejde o srážku s pev",živice,"dobrý, bez závad","ve dne, viditelnost nezhoršená vlivem po",dvoupruhová,místní úprava (vyplní se pol. 24),železniční přejezd nezabezpečený,mimo křižovatku,ne,P1229,1.86730303968,ROSSO STELL MIROŠOV - Příkosice,"11,718",Ne,III.,1783,Příkosice - na Štitov,49° 40' 05.73937'' N,13° 39' 56.23762'' E,49.66826,13.66562
13.601986027017041,49.736088222868759,30806140077,Rokycany (Plzeňský kraj),2014-07-16 11:45:00,komunikace místní,0,řidičem motorového vozidla,s řidičským oprávněním skupiny b,řidič nebyl ovlivněn,ne,dobrý -žádné nepříznivé okolnosti nebyly zjištěny,0,1,0,2,SEAT,nedošlo k požáru,15,žádné z uvedených,osobní automobil bez přívěsu,2007,"soukromé, nevyužívané k výdělečné činnos",0,nebylo třeba užít násilí,nehoda s následky na životě nebo zdraví,boční,předjíždění bez dostatečného bočního odstupu,"povrch suchý, neznečistěný",neztížené,dobré,na jízdním pruhu,žádná místní úprava,přímý úsek,neurčeno,vozidlo jedoucí - na komunikaci bez stan,srážka s jedoucím nekolejovým vozidlem,"nepřichází v úvahu, nejde o srážku s pev",živice,"dobrý, bez závad","ve dne, viditelnost nezhoršená vlivem po",žádná z uvedených,žádný způsob řízení provozu,železniční přejezd zabezpečený,mimo křižovatku,ne,P1207,2.61274570866,Rokycany - KOVOHUTĚ,"0,348",Ne,III.,11732,U stavebnin Šabata,49° 44' 09.88619'' N,13° 36' 07.28610'' E,49.73608,13.60202
13.603659386252769,49.73130818255261,30806150004,Rokycany (Plzeňský kraj),2015-01-12 21:24:00,silnice 3.třídy,11732,řidičem motorového vozidla,s řidičským oprávněním skupiny c,řidič nebyl ovlivněn,ne,dobrý -žádné nepříznivé okolnosti nebyly zjištěny,0,0,0,2,MAN,nedošlo k požáru,1800,žádné z uvedených,nákladní automobil s návěsem,2011,"soukromá organizace (podnikatel, s.r.o.,",0,nebylo třeba užít násilí,nehoda pouze s hmotnou škodou,z boku,jiné nedání přednosti,"povrch suchý, neznečistěný",neztížené,dobré,na jízdním pruhu,žádná místní úprava,zatáčka,neurčeno,jedoucí - ve směru staničení na komunika,srážka s vlakem,"nepřichází v úvahu, nejde o srážku s pev",živice,"dobrý, bez závad","v noci - bez veřejného osvětlení,viditel",dvoupruhová,žádný způsob řízení provozu,železniční přejezd nezabezpečený,mimo křižovatku,ne,P1208,13.0304415428,Rokycany - KOVOHUTĚ,"0,895",Ne,III.,11732,U zastávky Rokycany předměstí,49° 43' 53.07904'' N,13° 36' 12.86055'' E,49.73141,13.60357
13.603664280037748,49.731257284025382,30806150045,Rokycany (Plzeňský kraj),2015-04-17 07:40:00,silnice 3.třídy,11732,řidičem motorového vozidla,s řidičským oprávněním skupiny b,řidič nebyl ovlivněn,ne,dobrý -žádné nepříznivé okolnosti nebyly zjištěny,0,0,0,2,ŠKODA,nedošlo k požáru,1100,"došlo k úniku pohonných hmot, oleje, chl",osobní automobil bez přívěsu,2012,"soukromá organizace (podnikatel, s.r.o.,",600,nebylo třeba užít násilí,nehoda pouze s hmotnou škodou,zezadu,nedodržení bezpečné vzdálenosti za vozidlem,"povrch suchý, znečist. (písek,listí,štěr",neztížené,dobré,na jízdním pruhu,žádná místní úprava,přímý úsek,neurčeno,jedoucí - proti směru staničení na komun,srážka s jedoucím nekolejovým vozidlem,"nepřichází v úvahu, nejde o srážku s pev",živice,"dobrý, bez závad","ve dne, viditelnost nezhoršená vlivem po",dvoupruhová,žádný způsob řízení provozu,železniční přejezd nezabezpečený,mimo křižovatku,ne,P1208,18.2954844876,Rokycany - KOVOHUTĚ,"0,895",Ne,III.,11732,U zastávky Rokycany předměstí,49° 43' 53.07904'' N,13° 36' 12.86055'' E,49.73141,13.60357
12.678739841170307,49.771236405907167,31006130262,Částkov (Plzeňský kraj),2013-10-30 17:45:00,silnice 2.třídy,198,řidičem motorového vozidla,s řidičským oprávněním skupiny b,řidič nebyl ovlivněn,ne,dobrý -žádné nepříznivé okolnosti nebyly zjištěny,0,0,0,2,ŠKODA,nedošlo k požáru,400,žádné z uvedených,osobní automobil bez přívěsu,2004,"soukromá organizace (podnikatel, s.r.o.,",200,nebylo třeba užít násilí,nehoda pouze s hmotnou škodou,"nepřichází v úvahu, nejde o srážku jedou",jiné nedání přednosti,"povrch suchý, neznečistěný",neztížené,dobré,na jízdním pruhu,přednost vyznačena dopravními značkami,křižovatka průsečná - čtyřramenná,silnice 2.třídy,zachycuje směr jízdy křižovatkou,jiný druh nehody,"nepřichází v úvahu, nejde o srážku s pev",živice,"dobrý, bez závad","v noci - bez veřejného osvětlení,viditel",dvoupruhová,místní úprava (vyplní se pol. 24),železniční přejezd nezabezpečený,mimo zónu 11-19 a 22-28,ne,P766,9.47546964381,Staré Sedliště - Tachov zastávka,"68,493",Ne,II.,198,Částkov II/198 u zast.Pernolec,49° 46' 16.48634'' N,12° 40' 42.99192'' E,49.77125,12.67861
12.72276075322133,49.894875203122055,31006140157,Chodová Planá (Plzeňský kraj),2014-07-11 15:11:00,silnice 2.třídy,201,řidičem motorového vozidla,nezjištěno,jiné ovlivnění,nezjišťováno,jiný nepříznivý stav,0,0,0,1,žádná z uvedených,žádná z uvedených,300,žádné z uvedených,"nezjištěno, řidič ujel",,žádná z uvedených,0,žádná z uvedených,nehoda pouze s hmotnou škodou,"nepřichází v úvahu, nejde o srážku jedou",jiný druh nesprávného způsobu jízdy,povrch mokrý,neztížené,dobré,na jízdním pruhu,žádná místní úprava,přímý úsek,neurčeno,žádná z uvedených,srážka s pevnou překážkou,závory železničního přejezdu,živice,"dobrý, bez závad","ve dne, viditelnost nezhoršená vlivem po",dvoupruhová,žádný způsob řízení provozu,železniční přejezd zabezpečený,mimo křižovatku,ne,P298,5.80521151938,Planá u Mar.Lázní - Chodová Planá,"416,557",Ano,II.,201,okr.silnice,49° 53' 41.46879'' N,12° 43' 21.66621'' E,49.89485,12.72269
12.726708348075384,49.899317834863403,31006140377,Chodová Planá (Plzeňský kraj),2014-12-26 19:15:00,silnice 1.třídy,21,řidičem motorového vozidla,nezjištěno,řidič nebyl ovlivněn,ne,dobrý -žádné nepříznivé okolnosti nebyly zjištěny,0,1,0,1,FORD,nedošlo k požáru,5000,"došlo k úniku pohonných hmot, oleje, chl",osobní automobil bez přívěsu,2013,registrované mimo území ČR,3000,nebylo třeba užít násilí,nehoda s následky na životě nebo zdraví,"nepřichází v úvahu, nejde o srážku jedou","nepř. rychlosti dopravně technickému stavu vozovky (zatáčka,klesání,stoupání,šířka apod.)","na vozovce je náledí, ujetý sníh - posyp",neztížené,dobré,na jízdním pruhu,žádná místní úprava,zatáčka,neurčeno,jedoucí - ve směru staničení na komunika,srážka s pevnou překážkou,závory železničního přejezdu,živice,"dobrý, bez závad","v noci - s veřejným osvětlením,viditelno",dvoupruhová,žádný způsob řízení provozu,železniční přejezd zabezpečený,mimo křižovatku,ne,P299,11.5531028707,Planá u Mar.Lázní - Chodová Planá,"417,128",Ano,I.,21,silnice I tř. č.21,49° 53' 57.85461'' N,12° 43' 35.80611'' E,49.8994,12.72661
12.678553838240187,49.771177408922284,31006150103,Částkov (Plzeňský kraj),2015-04-17 17:43:00,silnice 2.třídy,198,řidičem motorového vozidla,s řidičským oprávněním skupiny b,řidič nebyl ovlivněn,ne,dobrý -žádné nepříznivé okolnosti nebyly zjištěny,0,0,0,2,ŠKODA,nedošlo k požáru,850,žádné z uvedených,osobní automobil bez přívěsu,2004,"soukromé, nevyužívané k výdělečné činnos",600,nebylo třeba užít násilí,nehoda pouze s hmotnou škodou,boční,jiné nedání přednosti,"povrch suchý, neznečistěný",neztížené,dobré,na jízdním pruhu,přednost vyznačena dopravními značkami,přímý úsek,neurčeno,jedoucí - ve směru staničení na komunika,srážka s vlakem,"nepřichází v úvahu, nejde o srážku s pev",živice,"dobrý, bez závad","ve dne, viditelnost nezhoršená vlivem po",dvoupruhová,místní úprava (vyplní se pol. 24),železniční přejezd nezabezpečený,mimo křižovatku,ne,P766,9.03139658389,Staré Sedliště - Tachov zastávka,"68,493",Ne,II.,198,Částkov II/198 u zast.Pernolec,49° 46' 16.48634'' N,12° 40' 42.99192'' E,49.77125,12.67861
13.278801754483418,49.728006049561692,31106130534,Vejprnice (Plzeňský kraj),2013-11-11 22:15:00,silnice 3.třídy,2032,řidičem motorového vozidla,s řidičským oprávněním skupiny c,řidič nebyl ovlivněn,ne,dobrý -žádné nepříznivé okolnosti nebyly zjištěny,0,0,0,2,RENAULT,nedošlo k požáru,600,žádné z uvedených,osobní automobil bez přívěsu,1999,"soukromé, nevyužívané k výdělečné činnos",500,nebylo třeba užít násilí,nehoda pouze s hmotnou škodou,boční,jiný druh nesprávného způsobu jízdy,"povrch suchý, neznečistěný",neztížené,dobré,na jízdním pruhu,přednost vyznačena dopravními značkami,přímý úsek,neurčeno,jedoucí - ve směru staničení na komunika,srážka s vlakem,"nepřichází v úvahu, nejde o srážku s pev",živice,"dobrý, bez závad","v noci - bez veřejného osvětlení,viditel",dvoupruhová,místní úprava (vyplní se pol. 24),železniční přejezd nezabezpečený,mimo křižovatku,ne,P599,3.28310685326,Vejprnice - Nýřany,"117,86",Ne,III.,2032,Vejprnice-Líně,49° 43' 40.77222'' N,13° 16' 43.82827'' E,49.72799,13.27884
13.488373856671492,49.988355971733448,31106130582,Kralovice (Plzeňský kraj),2013-12-12 07:40:00,silnice 1.třídy,27,řidičem motorového vozidla,s řidičským oprávněním skupiny b,řidič nebyl ovlivněn,"ano, obsah alkoholu v&nbsp;krvi od 1,0‰ do 1,5‰",pod vlivem alkoholu obsah alkoholu v krvi 1‰ a více,0,0,0,2,jiné vyrobené mimo ČR,nedošlo k požáru,60,žádné z uvedených,"nákladní automobil (včetně multikáry, au",2011,"soukromé, využívané k výdělečné činnosti",10,nebylo třeba užít násilí,nehoda pouze s hmotnou škodou,boční,"při předjíždění došlo k ohrožení předjížděného  řidiče (vynucované zařazení, předjížděný musel  prudce brzdit, měnit směr jízdy apod.)",povrch mokrý,neztížené,dobré,na jízdním pruhu,žádná místní úprava,přímý úsek,neurčeno,jedoucí - ve směru staničení na komunika,srážka s jedoucím nekolejovým vozidlem,"nepřichází v úvahu, nejde o srážku s pev",živice,"dobrý, bez závad","ve dne, viditelnost nezhoršená vlivem po",dvoupruhová,žádný způsob řízení provozu,železniční přejezd zabezpečený,mimo křižovatku,ne,P1758,5.1302177074,dD3 Kralovice u Rakovníka,"27,065",Ne,A,27,,49° 59' 17.90179'' N,13° 29' 18.16962'' E,49.98831,13.48838
13.536417627726108,49.571813012764338,31106130591,Blovice (Plzeňský kraj),2013-12-12 01:35:00,komunikace místní,0,řidičem motorového vozidla,s řidičským oprávněním skupiny c,řidič nebyl ovlivněn,ne,dobrý -žádné nepříznivé okolnosti nebyly zjištěny,0,0,1,2,IVECO,nedošlo k požáru,17500,žádné z uvedených,"nákladní automobil (včetně multikáry, au",2011,"soukromá organizace (podnikatel, s.r.o.,",3000,nebylo třeba užít násilí,nehoda s následky na životě nebo zdraví,boční,jízda na “červené světlo“,povrch mokrý,mlha,dobré,na jízdním pruhu,žádná místní úprava,přímý úsek,neurčeno,vozidlo jedoucí - na komunikaci bez stan,srážka s vlakem,"nepřichází v úvahu, nejde o srážku s pev",živice,"dobrý, bez závad","v noci - bez veřejného osvětlení,viditel",dvoupruhová,světelným signalizačním zařízením,železniční přejezd nezabezpečený,mimo křižovatku,ne,P1190,1.89839549516,Ždírec u Plzně - Blovice,"324,205",Ano,C,,Blovice U SILA,49° 34' 18.58715'' N,13° 32' 11.11819'' E,49.57183,13.53642
13.387953412600819,49.872808083268716,31106140023,Horní Bříza (Plzeňský kraj),2014-01-14 06:40:00,silnice 1.třídy,27,řidičem motorového vozidla,s řidičským oprávněním skupiny c,řidič nebyl ovlivněn,ne,dobrý -žádné nepříznivé okolnosti nebyly zjištěny,0,0,0,2,ŠKODA,nedošlo k požáru,1030,žádné z uvedených,osobní automobil bez přívěsu,2011,"soukromé, nevyužívané k výdělečné činnos",500,nebylo třeba užít násilí,nehoda pouze s hmotnou škodou,boční,přehlédnutí již předjíždějícího souběžně jedoucího vozidla,povrch mokrý,mlha,dobré,na jízdním pruhu,žádná místní úprava,přímý úsek,neurčeno,jedoucí - ve směru staničení na komunika,srážka s jedoucím nekolejovým vozidlem,"nepřichází v úvahu, nejde o srážku s pev",živice,"dobrý, bez závad","ve dne, zhoršená viditelnost vlivem pově",dvoupruhová,žádný způsob řízení provozu,železniční přejezd zabezpečený,mimo křižovatku,ne,P1679,2.96377142241,Horní Bříza - Kaznějov,"22,694",Ne,I.,27,st.silnice I./27,49° 52' 22.18883'' N,13° 23' 16.53547'' E,49.87283,13.38793
13.732882090387474,49.461137589090093,31106140191,Kasejovice (Plzeňský kraj),2014-05-19 16:55:00,silnice 3.třídy,1882,řidičem motorového vozidla,s řidičským oprávněním skupiny c,řidič nebyl ovlivněn,ne,dobrý -žádné nepříznivé okolnosti nebyly zjištěny,0,0,0,2,ŠKODA,nedošlo k požáru,600,žádné z uvedených,osobní automobil bez přívěsu,1998,"soukromé, nevyužívané k výdělečné činnos",150,nebylo třeba užít násilí,nehoda pouze s hmotnou škodou,z boku,jiné nedání přednosti,"povrch suchý, neznečistěný",neztížené,dobré,na jízdním pruhu,přednost nevyznačena - vyplývá z pravide,přímý úsek,neurčeno,jedoucí - ve směru staničení na komunika,srážka s vlakem,"nepřichází v úvahu, nejde o srážku s pev",živice,"dobrý, bez závad","ve dne, viditelnost nezhoršená vlivem po",dvoupruhová,místní úprava (vyplní se pol. 24),železniční přejezd nezabezpečený,mimo křižovatku,ne,P1282,2.96412518467,Kasejovice - Kotouň,"11,757",Ne,III.,1882,,49° 27' 40.16642'' N,13° 43' 58.29196'' E,49.46116,13.73286
13.38787571124494,49.872928611564603,31106140326,Horní Bříza (Plzeňský kraj),2014-07-24 05:50:00,silnice 1.třídy,27,řidičem motorového vozidla,s řidičským oprávněním skupiny b,řidič nebyl ovlivněn,ne,dobrý -žádné nepříznivé okolnosti nebyly zjištěny,0,0,0,3,ŠKODA,nedošlo k požáru,250,"došlo k úniku pohonných hmot, oleje, chl",osobní automobil bez přívěsu,1998,"soukromé, nevyužívané k výdělečné činnos",100,nebylo třeba užít násilí,nehoda pouze s hmotnou škodou,boční,"při předjíždění došlo k ohrožení předjížděného  řidiče (vynucované zařazení, předjížděný musel  prudce brzdit, měnit směr jízdy apod.)","povrch suchý, neznečistěný",neztížené,dobré,na jízdním pruhu,žádná místní úprava,přímý úsek,neurčeno,jedoucí - ve směru staničení na komunika,srážka s jedoucím nekolejovým vozidlem,"nepřichází v úvahu, nejde o srážku s pev",živice,"dobrý, bez závad","ve dne, viditelnost nezhoršená vlivem po",dvoupruhová,žádný způsob řízení provozu,železniční přejezd zabezpečený,mimo křižovatku,ne,P1679,11.6391295949,Horní Bříza - Kaznějov,"22,694",Ne,I.,27,st.silnice I./27,49° 52' 22.18883'' N,13° 23' 16.53547'' E,49.87283,13.38793