X,Y,id,obec,datum,komunikace,komunika_1,zavineni,ridic_kate,ridic_ovli,vinik_alko,ridic_stav,obeti_usmr,obeti_lehc,obeti_tezc,vozidel_ce,vinik_vozi,vinik_vo_1,skoda,unik_hmot,vinik_vo_2,vinik_vo_3,vinik_vo_4,vinik_skod,vyprosteni,nehoda_cha,srazka_voz,hlavni_pri,povrch_sta,meteo,rozhled,nehoda_pol,prednost_v,smerove_po,druh_krizu,smer_jizdy,nehoda_dru,pevna_prek,povrch_dru,komunika_2,viditelnos,komunika_3,rizeni_pro,objekty,misto_neho,smyk,neighbors_TargetID,neighbors_Distance,neighbors_prejezdy-dec_Název definičního úseku,neighbors_prejezdy-dec_Žkm přejezdu,neighbors_prejezdy-dec_Přejezd s trolejovým vedením,neighbors_prejezdy-dec_Třída pozemní komunikace,neighbors_prejezdy-dec_Číslo pozemní komunikace,neighbors_prejezdy-dec_Místní název přejezdu,neighbors_prejezdy-dec_Zeměpisná šířka,neighbors_prejezdy-dec_Zeměpisná délka,neighbors_prejezdy-dec_field_10,neighbors_prejezdy-dec_field_11
16.063257818149346,50.130036769756671,50706140259,Žďár nad Orlicí (Královéhradecký kraj),2014-07-07 23:59:00,silnice 2.třídy,305,řidičem motorového vozidla,nezjištěno,jiné ovlivnění,nezjišťováno,jiný nepříznivý stav,0,0,0,1,žádná z uvedených,žádná z uvedených,250,žádné z uvedených,"nezjištěno, řidič ujel",,žádná z uvedených,0,žádná z uvedených,nehoda pouze s hmotnou škodou,"nepřichází v úvahu, nejde o srážku jedou",jiný druh nesprávného způsobu jízdy,"povrch suchý, neznečistěný",neztížené,dobré,na jízdním pruhu,žádná místní úprava,přímý úsek,neurčeno,žádná z uvedených,srážka s pevnou překážkou,závory železničního přejezdu,živice,"dobrý, bez závad","ve dne, viditelnost nezhoršená vlivem po",dvoupruhová,žádný způsob řízení provozu,železniční přejezd zabezpečený,mimo křižovatku,ne,P4880,5.68665609782,Borohrádek - Měnírna Týniště n. Orlicí,"20,34",Ano,II.,305,,50° 07' 47.95217'' N,16° 03' 47.86085'' E,50.12999,16.06329
16.086231947653189,50.277306595878052,50706140267,Opočno (Královéhradecký kraj),2014-07-13 19:20:00,silnice 3.třídy,30815,řidičem motorového vozidla,s řidičským oprávněním skupiny b,oslněn sluncem,ne,dobrý -žádné nepříznivé okolnosti nebyly zjištěny,0,0,0,1,ŠKODA,žádná z uvedených,200,žádné z uvedených,osobní automobil bez přívěsu,1999,"soukromé, nevyužívané k výdělečné činnos",100,nebylo třeba užít násilí,nehoda pouze s hmotnou škodou,"nepřichází v úvahu, nejde o srážku jedou",jiný druh nesprávného způsobu jízdy,"povrch suchý, neznečistěný",jiné ztížené,dobré,na jízdním pruhu,přednost vyznačena dopravními značkami,přímý úsek,neurčeno,jedoucí - proti směru staničení na komun,srážka s pevnou překážkou,závory železničního přejezdu,živice,"dobrý, bez závad","ve dne, zhoršená viditelnost (svítání,so",dvoupruhová,místní úprava (vyplní se pol. 24),železniční přejezd zabezpečený,mimo křižovatku,ne,P5087,27.4360842962,žst. Opočno pod Orl. hor.,"38,998",Ne,III.,30815,,50° 16' 38.54988'' N,16° 05' 09.09232'' E,50.27737,16.08586
16.375145069269827,50.136970936222504,50706140336,Slatina nad Zdobnicí (Královéhradecký kraj),2014-09-09 10:20:00,komunikace místní,0,řidičem motorového vozidla,s řidičským oprávněním skupiny b,řidič nebyl ovlivněn,ne,dobrý -žádné nepříznivé okolnosti nebyly zjištěny,0,1,0,2,PEUGEOT,nedošlo k požáru,2950,"došlo k úniku pohonných hmot, oleje, chl","nákladní automobil (včetně multikáry, au",2013,"státní podnik, státní organizace",2500,nebylo třeba užít násilí,nehoda s následky na životě nebo zdraví,z boku,proti příkazu dopravní značky STŮJ DEJ PŘEDNOST,"povrch suchý, neznečistěný",neztížené,dobré,na jízdním pruhu,přednost vyznačena dopravními značkami,přímý úsek,neurčeno,vozidlo jedoucí - na komunikaci bez stan,srážka s vlakem,"nepřichází v úvahu, nejde o srážku s pev",živice,"dobrý, bez závad","ve dne, viditelnost nezhoršená vlivem po",dvoupruhová,místní úprava (vyplní se pol. 24),železniční přejezd nezabezpečený,mimo křižovatku,ne,P4132,9.82439749731,Vamberk - Slatina n/Zdobnicí,"10,365",Ne,C,,,50° 08' 12.78846'' N,16° 22' 30.33070'' E,50.13689,16.37509
16.068413852441367,50.158854360243694,50706140449,Týniště nad Orlicí (Královéhradecký kraj),2014-11-21 23:59:00,komunikace místní,0,řidičem motorového vozidla,nezjištěno,jiné ovlivnění,nezjišťováno,jiný nepříznivý stav,0,0,0,1,žádná z uvedených,žádná z uvedených,40,žádné z uvedených,"nezjištěno, řidič ujel",,žádná z uvedených,0,žádná z uvedených,nehoda pouze s hmotnou škodou,"nepřichází v úvahu, nejde o srážku jedou",nesprávné otáčení nebo couvání,povrch mokrý,neztížené,dobré,na jízdním pruhu,žádná místní úprava,přímý úsek,neurčeno,žádná z uvedených,srážka s pevnou překážkou,závory železničního přejezdu,živice,"dobrý, bez závad","v noci - s veřejným osvětlením,viditelno",dvoupruhová,žádný způsob řízení provozu,železniční přejezd zabezpečený,mimo křižovatku,ne,P4023,24.2764466797,žst. Týniště n/Orlicí,"49,172",Ano,C,,0,50° 09' 32.37517'' N,16° 04' 07.24217'' E,50.15899,16.06868
16.255579199568931,50.109971341085561,50706150027,Doudleby nad Orlicí (Královéhradecký kraj),2015-01-21 07:30:00,komunikace místní,0,řidičem motorového vozidla,s řidičským oprávněním skupiny c,řidič nebyl ovlivněn,ne,dobrý -žádné nepříznivé okolnosti nebyly zjištěny,0,0,0,1,RENAULT,nedošlo k požáru,30,žádné z uvedených,nákladní automobil s návěsem,2014,registrované mimo území ČR,0,nebylo třeba užít násilí,nehoda pouze s hmotnou škodou,"nepřichází v úvahu, nejde o srážku jedou",jiný druh nesprávného způsobu jízdy,povrch mokrý,neztížené,dobré,na jízdním pruhu,přednost vyznačena přenosnými dopravními,přímý úsek,neurčeno,vozidlo jedoucí - na komunikaci bez stan,srážka s pevnou překážkou,"jiná překážka (zábradlí,oplocení,násep,n",živice,"dobrý, bez závad","ve dne, viditelnost nezhoršená vlivem po",dvoupruhová,místní úprava (vyplní se pol. 24),železniční přejezd zabezpečený,mimo křižovatku,ne,P4037,15.9859897739,žst. Doudleby n/Orlicí,"64,112",Ne,O,,,50° 06' 35.42417'' N,16° 15' 20.40130'' E,50.10984,16.25567
15.927660377892755,50.567229266227756,51006130705,Trutnov (Královéhradecký kraj),2013-10-29 05:18:00,silnice 1.třídy,16,řidičem motorového vozidla,nezjištěno,jiné ovlivnění,nezjišťováno,jiný nepříznivý stav,0,0,0,1,žádná z uvedených,žádná z uvedených,100,žádné z uvedených,"nezjištěno, řidič ujel",,žádná z uvedených,0,žádná z uvedených,nehoda pouze s hmotnou škodou,"nepřichází v úvahu, nejde o srážku jedou",řidič se plně nevěnoval řízení vozidla,"povrch suchý, neznečistěný",neztížené,dobré,na jízdním pruhu,žádná místní úprava,přímý úsek,neurčeno,žádná z uvedených,havárie,"nepřichází v úvahu, nejde o srážku s pev",živice,"dobrý, bez závad","ve dne, viditelnost nezhoršená vlivem po",dvoupruhová,žádný způsob řízení provozu,železniční přejezd zabezpečený,mimo křižovatku,ne,P4561,24.7002139719,Trutnov hl.n. - Trutnov střed,"126,191",Ne,I.,16,Polská,50° 34' 02.54443'' N,15° 55' 40.53505'' E,50.56737,15.92793
15.889860288453738,50.394990473292658,51006130744,Kuks (Královéhradecký kraj),2013-11-11 23:59:00,komunikace místní,0,řidičem motorového vozidla,nezjištěno,jiné ovlivnění,nezjišťováno,jiný nepříznivý stav,0,0,0,1,žádná z uvedených,žádná z uvedených,100,žádné z uvedených,"nezjištěno, řidič ujel",,žádná z uvedených,0,žádná z uvedených,nehoda pouze s hmotnou škodou,"nepřichází v úvahu, nejde o srážku jedou",řidič se plně nevěnoval řízení vozidla,povrch mokrý,neztížené,dobré,na jízdním pruhu,žádná místní úprava,přímý úsek,neurčeno,žádná z uvedených,srážka s pevnou překážkou,závory železničního přejezdu,živice,"dobrý, bez závad","ve dne, viditelnost nezhoršená vlivem po",dvoupruhová,žádný způsob řízení provozu,železniční přejezd zabezpečený,mimo křižovatku,ne,P5230,100.739778208,Jaroměř - Dvůr Králové n/Labem,"47,327",Ne,O,,,50° 23' 43.25768'' N,15° 53' 18.83125'' E,50.39535,15.88856
15.616887159706955,50.593865864189901,51006130810,Vrchlabí (Královéhradecký kraj),2013-12-12 15:05:00,komunikace místní,0,řidičem motorového vozidla,s řidičským oprávněním skupiny b,řidič nebyl ovlivněn,ne,dobrý -žádné nepříznivé okolnosti nebyly zjištěny,0,1,0,2,VOLKSWAGEN,žádná z uvedených,3050,žádné z uvedených,osobní automobil bez přívěsu,2013,"soukromá organizace (podnikatel, s.r.o.,",3000,nebylo třeba užít násilí,nehoda s následky na životě nebo zdraví,z boku,proti příkazu dopravní značky STŮJ DEJ PŘEDNOST,"na vozovce je náledí, ujetý sníh - posyp",neztížené,dobré,na jízdním pruhu,přednost vyznačena dopravními značkami,přímý úsek,neurčeno,vozidlo jedoucí - na komunikaci bez stan,srážka s vlakem,"nepřichází v úvahu, nejde o srážku s pev",živice,"dobrý, bez závad","ve dne, viditelnost nezhoršená vlivem po",dvoupruhová,místní úprava (vyplní se pol. 24),železniční přejezd nezabezpečený,mimo křižovatku,ano,P4783,0.686118096393,Kunčice n/L. - Vrchlabí,"1,324",Ne,C,,U mlékárny,50° 35' 37.93440'' N,15° 37' 00.77839'' E,50.59387,15.61688
15.870029941615165,50.396717493752007,51006140056,Kuks (Královéhradecký kraj),2014-01-22 13:49:00,silnice 3.třídy,29915,řidičem motorového vozidla,s řidičským oprávněním skupiny c,řidič nebyl ovlivněn,ne,dobrý -žádné nepříznivé okolnosti nebyly zjištěny,0,0,0,1,DAF,žádná z uvedených,10,žádné z uvedených,nákladní automobil s návěsem,2011,"soukromá organizace (podnikatel, s.r.o.,",0,nebylo třeba užít násilí,nehoda pouze s hmotnou škodou,"nepřichází v úvahu, nejde o srážku jedou",vjetí na nezpevněnou krajnici,povrch mokrý,neztížené,dobré,na jízdním pruhu,žádná místní úprava,zatáčka,neurčeno,jedoucí - ve směru staničení na komunika,srážka s pevnou překážkou,závory železničního přejezdu,živice,"dobrý, bez závad","ve dne, viditelnost nezhoršená vlivem po",dvoupruhová,žádný způsob řízení provozu,železniční přejezd zabezpečený,mimo křižovatku,ne,P5231,3.37288199606,Jaroměř - Dvůr Králové n/Labem,"48,673",Ne,III.,29915,,50° 23' 48.07822'' N,15° 52' 12.17983'' E,50.39669,15.87005
15.881748601500533,50.591218956775684,51006140484,Trutnov (Královéhradecký kraj),2014-07-19 12:00:00,komunikace místní,0,technickou závadou vozidla,s řidičským oprávněním skupiny b,řidič nebyl ovlivněn,nezjišťováno,dobrý -žádné nepříznivé okolnosti nebyly zjištěny,0,0,0,1,CITROEN,žádná z uvedených,800,žádné z uvedených,osobní automobil bez přívěsu,2007,"soukromé, nevyužívané k výdělečné činnos",300,nebylo třeba užít násilí,nehoda pouze s hmotnou škodou,"nepřichází v úvahu, nejde o srážku jedou",závada řízení,"povrch suchý, neznečistěný",neztížené,dobré,mimo komunikaci,žádná místní úprava,přímý úsek,neurčeno,vozidlo jedoucí - na komunikaci bez stan,srážka s pevnou překážkou,závory železničního přejezdu,živice,"dobrý, bez závad","ve dne, viditelnost nezhoršená vlivem po",dvoupruhová,žádný způsob řízení provozu,železniční přejezd zabezpečený,mimo křižovatku,ne,P4794,5.65803812496,Trutnov hl.n. - Kalná Voda,"3,918",Ne,A,,ul. Horská,50° 35' 28.26372'' N,15° 52' 54.48234'' E,50.59118,15.8818
15.897368950306509,50.568727988991824,51006140836,Trutnov (Královéhradecký kraj),2014-11-24 17:55:00,komunikace místní,0,řidičem motorového vozidla,s řidičským oprávněním skupiny b,řidič nebyl ovlivněn,ne,dobrý -žádné nepříznivé okolnosti nebyly zjištěny,0,1,0,1,ŠKODA,žádná z uvedených,100,žádné z uvedených,osobní automobil bez přívěsu,1999,"soukromé, nevyužívané k výdělečné činnos",100,nebylo třeba užít násilí,nehoda s následky na životě nebo zdraví,"nepřichází v úvahu, nejde o srážku jedou",řidič se plně nevěnoval řízení vozidla,povrch mokrý,neztížené,dobré,na jízdním pruhu,žádná místní úprava,zatáčka,neurčeno,vozidlo jedoucí - na komunikaci bez stan,havárie,"nepřichází v úvahu, nejde o srážku s pev",živice,"dobrý, bez závad","v noci - s veřejným osvětlením,viditelno",dvoupruhová,žádný způsob řízení provozu,železniční přejezd zabezpečený,mimo křižovatku,ne,P4788,2.86475156481,Trutnov hl.n. - Kalná Voda,"1,104",Ne,C,,ul. Skřivánčí,50° 34' 07.34689'' N,15° 53' 50.42672'' E,50.56871,15.89734
15.968016963806841,50.659914091994814,51006150035,Bernartice (Královéhradecký kraj),2015-01-11 15:00:00,silnice 1.třídy,16,řidičem motorového vozidla,s řidičským oprávněním skupiny b,řidič nebyl ovlivněn,ne,dobrý -žádné nepříznivé okolnosti nebyly zjištěny,0,0,0,1,SEAT,nedošlo k požáru,900,žádné z uvedených,osobní automobil bez přívěsu,1999,registrované mimo území ČR,400,nebylo třeba užít násilí,nehoda pouze s hmotnou škodou,"nepřichází v úvahu, nejde o srážku jedou","nepř. rychlosti stavu vozovky (náledí, výtluky, bláto, mokrý povrch apod.)","souvislá sněhová vrstva, rozbředlý sníh",sněžení,dobré,na krajnici,žádná místní úprava,přímý úsek po projetí zatáčkou (do vzdál,neurčeno,jedoucí - proti směru staničení na komun,srážka s pevnou překážkou,závory železničního přejezdu,živice,"dobrý, bez závad","ve dne, zhoršená viditelnost vlivem pově",dvoupruhová,žádný způsob řízení provozu,železniční přejezd zabezpečený,mimo křižovatku,ano,P5486,1.02704323813,Trutnov střed - obvod Poříčí - Královec,"58,734",Ne,I.,16,,50° 39' 35.65872'' N,15° 58' 04.92316'' E,50.65991,15.96803
16.067223864074311,50.519299320141975,51006150358,Rtyně v Podkrkonoší (Královéhradecký kraj),2015-05-12 08:05:00,silnice 3.třídy,1417,řidičem motorového vozidla,s řidičským oprávněním skupiny b,řidič nebyl ovlivněn,ne,dobrý -žádné nepříznivé okolnosti nebyly zjištěny,0,0,0,2,PEUGEOT,nedošlo k požáru,2000,žádné z uvedených,osobní automobil bez přívěsu,2014,"soukromá organizace (podnikatel, s.r.o.,",2000,nebylo třeba užít násilí,nehoda pouze s hmotnou škodou,z boku,jiný druh nesprávného způsobu jízdy,"povrch suchý, neznečistěný",neztížené,dobré,na jízdním pruhu,žádná místní úprava,přímý úsek,neurčeno,jedoucí - ve směru staničení na komunika,srážka s vlakem,"nepřichází v úvahu, nejde o srážku s pev",živice,"dobrý, bez závad","ve dne, viditelnost nezhoršená vlivem po",dvoupruhová,žádný způsob řízení provozu,železniční přejezd zabezpečený,mimo křižovatku,ne,P5474,2.20237073865,Červený Kostelec - Malé Svatoňovice,"33,665",Ne,III.,1417,Na Haldě,50° 31' 09.52809'' N,16° 04' 02.08645'' E,50.51931,16.06725
16.635350988095645,49.382159354761242,60106140046,Blansko (Jihomoravský kraj),2014-02-16 01:50:00,silnice 3.třídy,37435,řidičem motorového vozidla,s řidičským oprávněním skupiny b,řidič nebyl ovlivněn,ne,dobrý -žádné nepříznivé okolnosti nebyly zjištěny,0,0,0,1,ŠKODA,žádná z uvedených,100,žádné z uvedených,osobní automobil bez přívěsu,2000,"soukromé, nevyužívané k výdělečné činnos",100,nebylo třeba užít násilí,nehoda pouze s hmotnou škodou,"nepřichází v úvahu, nejde o srážku jedou",řidič se plně nevěnoval řízení vozidla,"povrch suchý, neznečistěný",neztížené,dobré,žádné z uvedených,žádná místní úprava,zatáčka,neurčeno,jedoucí - ve směru staničení na komunika,havárie,"nepřichází v úvahu, nejde o srážku s pev",živice,"dobrý, bez závad","v noci - bez veřejného osvětlení,viditel",žádná z uvedených,žádný způsob řízení provozu,železniční přejezd zabezpečený,mimo křižovatku,ne,P6803,3.55634831048,Blansko - Rájec Jestřebí,"182,324",Ano,III.,37435,Ráječko,49° 22' 55.71205'' N,16° 38' 07.40454'' E,49.38214,16.63539
16.63529269101803,49.382199408150619,60106140104,Blansko (Jihomoravský kraj),2014-04-10 14:27:00,silnice 3.třídy,37435,řidičem motorového vozidla,s řidičským oprávněním skupiny c,řidič nebyl ovlivněn,nezjišťováno,dobrý -žádné nepříznivé okolnosti nebyly zjištěny,0,0,0,1,TATRA,nedošlo k požáru,75,žádné z uvedených,"nákladní automobil (včetně multikáry, au",1986,"soukromá organizace (podnikatel, s.r.o.,",0,nebylo třeba užít násilí,nehoda pouze s hmotnou škodou,"nepřichází v úvahu, nejde o srážku jedou",jiné nedání přednosti,"povrch suchý, neznečistěný",neztížené,dobré,na jízdním pruhu,žádná místní úprava,přímý úsek,neurčeno,jedoucí - proti směru staničení na komun,srážka s pevnou překážkou,závory železničního přejezdu,živice,"dobrý, bez závad","ve dne, viditelnost nezhoršená vlivem po",dvoupruhová,světelným signalizačním zařízením,železniční přejezd zabezpečený,mimo křižovatku,ne,P6803,9.67149038128,Blansko - Rájec Jestřebí,"182,324",Ano,III.,37435,Ráječko,49° 22' 55.71205'' N,16° 38' 07.40454'' E,49.38214,16.63539
16.642468176295733,49.478043590220167,60106140258,Boskovice (Jihomoravský kraj),2014-07-17 13:25:00,silnice 2.třídy,374,řidičem motorového vozidla,nezjištěno,jiné ovlivnění,nezjišťováno,jiný nepříznivý stav,0,0,0,1,žádná z uvedených,žádná z uvedených,150,žádné z uvedených,"nezjištěno, řidič ujel",,žádná z uvedených,0,žádná z uvedených,nehoda pouze s hmotnou škodou,"nepřichází v úvahu, nejde o srážku jedou",jiný druh nesprávného způsobu jízdy,"povrch suchý, neznečistěný",neztížené,dobré,mimo komunikaci,žádná místní úprava,zatáčka,neurčeno,žádná z uvedených,srážka s pevnou překážkou,"odrazník, patník, sloupek, dopr.značky a",živice,"dobrý, bez závad","ve dne, viditelnost nezhoršená vlivem po",dvoupruhová,žádný způsob řízení provozu,železniční přejezd zabezpečený,mimo křižovatku,ne,P6978,20.1173868853,Boskovice - Skalice n.Svit.,"29,209",Ne,II.,374,horní dvojče,49° 28' 40.33056'' N,16° 38' 32.61289'' E,49.47787,16.64239
16.639971698199279,49.360226713795441,60106140370,Blansko (Jihomoravský kraj),2014-09-26 14:30:00,silnice 3.třídy,37937,řidičem motorového vozidla,s řidičským oprávněním skupiny b,řidič nebyl ovlivněn,ne,dobrý -žádné nepříznivé okolnosti nebyly zjištěny,0,0,0,1,MITSUBISHI,nedošlo k požáru,120,žádné z uvedených,"nákladní automobil (včetně multikáry, au",2011,registrované mimo území ČR,20,nebylo třeba užít násilí,nehoda pouze s hmotnou škodou,"nepřichází v úvahu, nejde o srážku jedou",jiný druh nesprávného způsobu jízdy,"povrch suchý, neznečistěný",neztížené,dobré,na jízdním pruhu,žádná místní úprava,přímý úsek,neurčeno,vozidlo jedoucí - na komunikaci bez stan,srážka s pevnou překážkou,závory železničního přejezdu,živice,"dobrý, bez závad","ve dne, viditelnost nezhoršená vlivem po",dvoupruhová,světelným signalizačním zařízením,železniční přejezd zabezpečený,mimo křižovatku,ne,P6801,5.56090773594,Blansko - Rájec Jestřebí,"179,826",Ano,III.,37937,u žel.zast.Blansko-město,49° 21' 36.98034'' N,16° 38' 24.03237'' E,49.36027,16.64001
16.692165478394045,49.53047763765337,60106150003,Vážany (Jihomoravský kraj),2015-01-01 11:25:00,komunikace místní,0,řidičem motorového vozidla,s řidičským oprávněním skupiny c,řidič nebyl ovlivněn,ne,dobrý -žádné nepříznivé okolnosti nebyly zjištěny,0,0,0,1,RENAULT,žádná z uvedených,50,žádné z uvedených,"nákladní automobil (včetně multikáry, au",2004,"soukromé, využívané k výdělečné činnosti",0,nebylo třeba užít násilí,nehoda pouze s hmotnou škodou,"nepřichází v úvahu, nejde o srážku jedou",nesprávné otáčení nebo couvání,"na vozovce je náledí, ujetý sníh - nepos",neztížené,dobré,na jízdním pruhu,žádná místní úprava,přímý úsek,neurčeno,vozidlo jedoucí - na komunikaci bez stan,srážka s pevnou překážkou,"odrazník, patník, sloupek, dopr.značky a",živice,"dobrý, bez závad","ve dne, viditelnost nezhoršená vlivem po",dvoupruhová,žádný způsob řízení provozu,železniční přejezd nezabezpečený,mimo křižovatku,ne,P6968,12.7049989815,Knínice u Bosk. - Boskovice,"21,706",Ne,MK,,ve Váženech u Boskovic,49° 31' 49.72716'' N,16° 41' 31.17064'' E,49.53048,16.69199
16.387133227056577,49.17752287235836,60306140452,Rosice (Jihomoravský kraj),2014-06-06 09:10:00,komunikace místní,0,řidičem motorového vozidla,s řidičským oprávněním skupiny c,řidič nebyl ovlivněn,ne,dobrý -žádné nepříznivé okolnosti nebyly zjištěny,1,0,0,2,RENAULT,nedošlo k požáru,2150,žádné z uvedených,osobní automobil bez přívěsu,2006,"soukromé, nevyužívané k výdělečné činnos",500,použitím speciální vyprošťovací techniky,nehoda s následky na životě nebo zdraví,boční,jiné nedání přednosti,"povrch suchý, neznečistěný",neztížené,dobré,žádné z uvedených,žádná místní úprava,přímý úsek,neurčeno,vozidlo jedoucí - na komunikaci bez stan,srážka s vlakem,"nepřichází v úvahu, nejde o srážku s pev",živice,"dobrý, bez závad","ve dne, viditelnost nezhoršená vlivem po",dvoupruhová,světelným signalizačním zařízením,železniční přejezd zabezpečený,mimo křižovatku,ne,P3822,4.4638318705,Tetčice - CRYSTALEX Rosice,"8,177",Ne,MK,,"v Rosicích u Brna; ul.Zbýšovská",49° 10' 39.21032'' N,16° 23' 13.57923'' E,49.17756,16.38711
16.647577040725931,49.156131579435957,60206141364,Brno (Jihomoravský kraj),2014-07-11 17:47:00,komunikace sledovaná (ve vybraných městech),0,řidičem motorového vozidla,s řidičským oprávněním skupiny c,řidič nebyl ovlivněn,ne,dobrý -žádné nepříznivé okolnosti nebyly zjištěny,0,2,0,2,MAN,nedošlo k požáru,6500,žádné z uvedených,"nákladní automobil (včetně multikáry, au",2007,"soukromá organizace (podnikatel, s.r.o.,",1500,nebylo třeba užít násilí,nehoda s následky na životě nebo zdraví,z boku,jiné nedání přednosti,povrch mokrý,neztížené,dobré,na jízdním pruhu,žádná místní úprava,přímý úsek,neurčeno,jedoucí - proti směru staničení na komun,srážka s vlakem,"nepřichází v úvahu, nejde o srážku s pev",živice,"dobrý, bez závad","ve dne, viditelnost nezhoršená vlivem po",dvoupruhová,světelným signalizačním zařízením,železniční přejezd zabezpečený,mimo křižovatku,ne,P7179,21.038249194,Brno hl.n. - Brno-Chrlice,"6,006",Ano,II.,380,ul.Kaštanová,49° 09' 21.67440'' N,16° 38' 52.13061'' E,49.15602,16.64781
16.647558042963151,49.156212589525367,60206141429,Brno (Jihomoravský kraj),2014-07-21 16:50:00,komunikace sledovaná (ve vybraných městech),0,řidičem nemotorového vozidla,ostatní řidiči vozidel,řidič nebyl ovlivněn,ne,dobrý -žádné nepříznivé okolnosti nebyly zjištěny,0,0,1,1,žádná z uvedených,žádná z uvedených,50,žádné z uvedených,jízdní kolo,,"soukromé, nevyužívané k výdělečné činnos",50,nebylo třeba užít násilí,nehoda s následky na životě nebo zdraví,"nepřichází v úvahu, nejde o srážku jedou","nepř. rychlosti stavu vozovky (náledí, výtluky, bláto, mokrý povrch apod.)",povrch mokrý,déšť,dobré,na jízdním pruhu,žádná místní úprava,přímý úsek,neurčeno,jedoucí - proti směru staničení na komun,havárie,"nepřichází v úvahu, nejde o srážku s pev",živice,"dobrý, bez závad","ve dne, zhoršená viditelnost vlivem pově",dvoupruhová,žádný způsob řízení provozu,železniční přejezd zabezpečený,mimo křižovatku,ne,P7179,28.2186415552,Brno hl.n. - Brno-Chrlice,"6,006",Ano,II.,380,ul.Kaštanová,49° 09' 21.67440'' N,16° 38' 52.13061'' E,49.15602,16.64781
16.612231557851469,49.165086534964971,60206142539,Brno (Jihomoravský kraj),2014-12-15 18:10:00,uzel (křižovatka sledovaná ve vybraných městech),0,řidičem motorového vozidla,nezjištěno,jiné ovlivnění,nezjišťováno,jiný nepříznivý stav,0,0,0,2,žádná z uvedených,žádná z uvedených,500,žádné z uvedených,"nezjištěno, řidič ujel",,žádná z uvedených,0,žádná z uvedených,nehoda pouze s hmotnou škodou,"nepřichází v úvahu, nejde o srážku jedou",řidič se plně nevěnoval řízení vozidla,povrch mokrý,neztížené,dobré,na jízdním pruhu,přednost vyznačena dopravními značkami,křižovatka průsečná - čtyřramenná,neurčeno,žádná z uvedených,"srážka s vozidlem zaparkovaným, odstaven","nepřichází v úvahu, nejde o srážku s pev",živice,"dobrý, bez závad","v noci - s veřejným osvětlením,viditelno",dvoupruhová,místní úprava (vyplní se pol. 24),železniční přejezd nezabezpečený,"na křižovatce, uvnitř hranic křižovatky",ne,P6799,572.049102681,žst. Brno-Horní Heršpice (DKV),"140,71",Ne,O,,k horní remíze depa Horní Herš,49° 10' 03.08014'' N,16° 36' 19.14895'' E,49.16752,16.60532
16.341854401988439,49.452845113554787,60306130933,Nedvědice (Jihomoravský kraj),2013-11-11 07:05:00,komunikace místní,0,řidičem motorového vozidla,s řidičským oprávněním skupiny b,řidič nebyl ovlivněn,ne,dobrý -žádné nepříznivé okolnosti nebyly zjištěny,0,0,0,2,PEUGEOT,nedošlo k požáru,1350,žádné z uvedených,osobní automobil bez přívěsu,2008,"soukromé, nevyužívané k výdělečné činnos",150,nebylo třeba užít násilí,nehoda pouze s hmotnou škodou,z boku,proti příkazu dopravní značky STŮJ DEJ PŘEDNOST,povrch mokrý,neztížené,dobré,na jízdním pruhu,přednost vyznačena dopravními značkami,přímý úsek,neurčeno,vozidlo jedoucí - na komunikaci bez stan,srážka s vlakem,"nepřichází v úvahu, nejde o srážku s pev",živice,"dobrý, bez závad","ve dne, viditelnost nezhoršená vlivem po",dvoupruhová,místní úprava (vyplní se pol. 24),železniční přejezd nezabezpečený,mimo křižovatku,ne,P7071,10.4970726787,žst. Nedvědice,"80,152",Ne,MK,,místní kom. do Klečan,49° 27' 10.12954'' N,16° 20' 30.17729'' E,49.45281,16.34172
16.729443540045732,49.108383594660616,60306140172,Telnice (Jihomoravský kraj),2014-03-03 14:30:00,silnice 3.třídy,4184,řidičem motorového vozidla,s řidičským oprávněním skupiny c,řidič nebyl ovlivněn,ne,dobrý -žádné nepříznivé okolnosti nebyly zjištěny,0,0,0,1,MAN,žádná z uvedených,80,žádné z uvedených,"nákladní automobil (včetně multikáry, au",1994,"soukromá organizace (podnikatel, s.r.o.,",10,nebylo třeba užít násilí,nehoda pouze s hmotnou škodou,"nepřichází v úvahu, nejde o srážku jedou",překročení předepsané rychl.stanovené pravidly,"povrch suchý, neznečistěný",neztížené,dobré,na jízdním pruhu,žádná místní úprava,přímý úsek,neurčeno,jedoucí - ve směru staničení na komunika,srážka s pevnou překážkou,závory železničního přejezdu,živice,"dobrý, bez závad","ve dne, viditelnost nezhoršená vlivem po",dvoupruhová,žádný způsob řízení provozu,železniční přejezd zabezpečený,mimo křižovatku,ne,P7183,7.45158292038,ROZVODNA Sokolnice - Sokolnice,"15,142",Ano,III.,4184,před žst.Sokolnice do Telnice,49° 06' 30.41296'' N,16° 43' 45.96131'' E,49.10845,16.72943