X,Y,id,obec,datum,komunikace,komunika_1,zavineni,ridic_kate,ridic_ovli,vinik_alko,ridic_stav,obeti_usmr,obeti_lehc,obeti_tezc,vozidel_ce,vinik_vozi,vinik_vo_1,skoda,unik_hmot,vinik_vo_2,vinik_vo_3,vinik_vo_4,vinik_skod,vyprosteni,nehoda_cha,srazka_voz,hlavni_pri,povrch_sta,meteo,rozhled,nehoda_pol,prednost_v,smerove_po,druh_krizu,smer_jizdy,nehoda_dru,pevna_prek,povrch_dru,komunika_2,viditelnos,komunika_3,rizeni_pro,objekty,misto_neho,smyk,neighbors_TargetID,neighbors_Distance,neighbors_prejezdy-dec_Název definičního úseku,neighbors_prejezdy-dec_Žkm přejezdu,neighbors_prejezdy-dec_Přejezd s trolejovým vedením,neighbors_prejezdy-dec_Třída pozemní komunikace,neighbors_prejezdy-dec_Číslo pozemní komunikace,neighbors_prejezdy-dec_Místní název přejezdu,neighbors_prejezdy-dec_Zeměpisná šířka,neighbors_prejezdy-dec_Zeměpisná délka,neighbors_prejezdy-dec_field_10,neighbors_prejezdy-dec_field_11
16.396499563505024,49.098109742521693,60306150145,Ivančice (Jihomoravský kraj),2015-02-26 20:13:00,silnice 2.třídy,152,řidičem motorového vozidla,s řidičským oprávněním skupiny b,řidič nebyl ovlivněn,ne,dobrý -žádné nepříznivé okolnosti nebyly zjištěny,0,0,0,1,VOLKSWAGEN,nedošlo k požáru,60,žádné z uvedených,osobní automobil bez přívěsu,1995,registrované mimo území ČR,50,nebylo třeba užít násilí,nehoda pouze s hmotnou škodou,"nepřichází v úvahu, nejde o srážku jedou",nezvládnutí řízení vozidla,"povrch suchý, neznečistěný",neztížené,špatné vlivem profilu komunikace (nepřeh,mimo komunikaci,žádná místní úprava,zatáčka,neurčeno,jedoucí - proti směru staničení na komun,srážka s pevnou překážkou,"jiná překážka (zábradlí,oplocení,násep,n",živice,"dobrý, bez závad","v noci - bez veřejného osvětlení,viditel",dvoupruhová,žádný způsob řízení provozu,železniční přejezd zabezpečený,mimo křižovatku,ne,P3950,5.92127272871,Moravské Bránice - Ivančice,"3,78",Ne,II.,152,Skřípák,49° 05' 53.22600'' N,16° 23' 47.12000'' E,49.09812,16.39642
16.361634706843489,49.186162208640965,60306150316,Zastávka (Jihomoravský kraj),2015-05-05 17:40:00,silnice 2.třídy,395,řidičem motorového vozidla,s řidičským oprávněním skupiny b,řidič nebyl ovlivněn,ne,dobrý -žádné nepříznivé okolnosti nebyly zjištěny,0,0,0,1,Kia,nedošlo k požáru,2800,žádné z uvedených,osobní automobil bez přívěsu,2007,"soukromé, nevyužívané k výdělečné činnos",800,nebylo třeba užít násilí,nehoda pouze s hmotnou škodou,"nepřichází v úvahu, nejde o srážku jedou",řidič se plně nevěnoval řízení vozidla,"povrch suchý, neznečistěný",neztížené,dobré,na krajnici,žádná místní úprava,přímý úsek,neurčeno,jedoucí - ve směru staničení na komunika,srážka s pevnou překážkou,závory železničního přejezdu,živice,"dobrý, bez závad","ve dne, viditelnost nezhoršená vlivem po",dvoupruhová,žádný způsob řízení provozu,železniční přejezd zabezpečený,mimo křižovatku,ne,P3823,4.82285880125,žst. Zastávka u Brna,"10,289",Ne,II.,395,v Zastávce u Brna,49° 11' 10.01935'' N,16° 21' 41.94239'' E,49.18612,16.36165
16.907754747621244,48.947873401007335,60406140140,Kobylí (Jihomoravský kraj),2014-05-11 19:33:00,silnice 2.třídy,421,řidičem motorového vozidla,s řidičským oprávněním skupiny b,řidič nebyl ovlivněn,ne,dobrý -žádné nepříznivé okolnosti nebyly zjištěny,0,0,0,1,ŠKODA,žádná z uvedených,600,žádné z uvedených,osobní automobil bez přívěsu,2000,"soukromé, nevyužívané k výdělečné činnos",200,nebylo třeba užít násilí,nehoda pouze s hmotnou škodou,"nepřichází v úvahu, nejde o srážku jedou",překročení předepsané rychl.stanovené pravidly,povrch mokrý,déšť,dobré,na krajnici,žádná místní úprava,zatáčka,neurčeno,jedoucí - proti směru staničení na komun,srážka s pevnou překážkou,závory železničního přejezdu,živice,"dobrý, bez závad","ve dne, zhoršená viditelnost vlivem pově",dvoupruhová,žádný způsob řízení provozu,železniční přejezd zabezpečený,mimo křižovatku,ne,P7148,3.63898131311,Kobylí na Moravě - Čejč -výhybka 101,"14,49",Ne,II.,421,u žel.zast.Brumovice,48° 56' 52.24490'' N,16° 54' 27.78904'' E,48.94785,16.90772
16.822733966859179,48.89748475942541,60406150159,Velké Pavlovice (Jihomoravský kraj),2015-05-25 11:14:00,silnice 2.třídy,421,řidičem motorového vozidla,s řidičským oprávněním skupiny c,řidič nebyl ovlivněn,nezjišťováno,dobrý -žádné nepříznivé okolnosti nebyly zjištěny,0,7,3,2,LIAZ,žádná z uvedených,51000,"došlo k úniku pohonných hmot, oleje, chl","nákladní automobil (včetně multikáry, au",1990,"soukromá organizace (podnikatel, s.r.o.,",1000,použitím speciální vyprošťovací techniky,nehoda s následky na životě nebo zdraví,boční,řidič se plně nevěnoval řízení vozidla,"povrch suchý, neznečistěný",neztížené,dobré,na jízdním pruhu,žádná místní úprava,přímý úsek,neurčeno,jedoucí - ve směru staničení na komunika,srážka s vlakem,"nepřichází v úvahu, nejde o srážku s pev",živice,"dobrý, bez závad","ve dne, viditelnost nezhoršená vlivem po",dvoupruhová,žádný způsob řízení provozu,železniční přejezd zabezpečený,mimo křižovatku,ne,P7140,5.66565073843,Velké Pavlovice - Bořetice,"4,74",Ne,II.,421,u Vinopy,48° 53' 50.90547'' N,16° 49' 21.58921'' E,48.89747,16.82266
17.115990913224831,48.878765790921847,60606130535,Hodonín (Jihomoravský kraj),2013-11-15 05:50:00,silnice 2.třídy,380,řidičem motorového vozidla,s řidičským oprávněním skupiny c,řidič nebyl ovlivněn,ne,dobrý -žádné nepříznivé okolnosti nebyly zjištěny,0,0,0,1,DAF,žádná z uvedených,180,žádné z uvedených,nákladní automobil s návěsem,2007,"soukromá organizace (podnikatel, s.r.o.,",0,nebylo třeba užít násilí,nehoda pouze s hmotnou škodou,"nepřichází v úvahu, nejde o srážku jedou",řidič se plně nevěnoval řízení vozidla,povrch mokrý,neztížené,dobré,na jízdním pruhu,žádná místní úprava,zatáčka,neurčeno,jedoucí - ve směru staničení na komunika,srážka s pevnou překážkou,závory železničního přejezdu,živice,"dobrý, bez závad","v noci - bez veřejného osvětlení,viditel",dvoupruhová,světelným signalizačním zařízením,železniční přejezd zabezpečený,mimo křižovatku,ne,P7176,38.1852994984,Mutěnice-výhybka 101 - Hodonín,"34,423",Ne,II.,380,Pánov-hlavní na Mutěnice,48° 52' 42.35188'' N,17° 06' 57.95479'' E,48.87843,17.1161
17.053316659244647,48.889429820730257,60606130582,Mutěnice (Jihomoravský kraj),2013-12-10 09:30:00,silnice 2.třídy,380,řidičem motorového vozidla,s řidičským oprávněním skupiny b,řidič nebyl ovlivněn,ne,"unaven, usnul, náhlá fyzická indispozice",0,0,1,1,PEUGEOT,žádná z uvedených,250,"došlo k úniku pohonných hmot, oleje, chl",osobní automobil bez přívěsu,1997,"soukromé, nevyužívané k výdělečné činnos",200,použitím speciální vyprošťovací techniky,nehoda s následky na životě nebo zdraví,"nepřichází v úvahu, nejde o srážku jedou",řidič se plně nevěnoval řízení vozidla,"povrch suchý, neznečistěný",neztížené,dobré,mimo komunikaci,žádná místní úprava,přímý úsek,neurčeno,jedoucí - proti směru staničení na komun,srážka s pevnou překážkou,"odrazník, patník, sloupek, dopr.značky a",živice,"dobrý, bez závad","ve dne, viditelnost nezhoršená vlivem po",dvoupruhová,žádný způsob řízení provozu,železniční přejezd nezabezpečený,mimo křižovatku,ne,P7167,33.988111016,Mutěnice-výhybka 101 - Hodonín,"29,479",Ne,O,,k novému rybníku,48° 53' 22.82703'' N,17° 03' 10.89912'' E,48.88967,17.05303
17.304430855354255,48.893945802318967,60606130596,Strážnice (Jihomoravský kraj),2013-12-20 09:22:00,komunikace místní,0,řidičem motorového vozidla,s řidičským oprávněním skupiny c,řidič nebyl ovlivněn,ne,dobrý -žádné nepříznivé okolnosti nebyly zjištěny,0,0,0,2,ŠKODA,nedošlo k požáru,600,žádné z uvedených,osobní automobil bez přívěsu,1993,"soukromé, nevyužívané k výdělečné činnos",100,nebylo třeba užít násilí,nehoda pouze s hmotnou škodou,z boku,jiné nedání přednosti,"povrch suchý, neznečistěný",neztížené,dobré,na jízdním pruhu,žádná místní úprava,přímý úsek,neurčeno,vozidlo jedoucí - na komunikaci bez stan,srážka s vlakem,"nepřichází v úvahu, nejde o srážku s pev",živice,"dobrý, bez závad","ve dne, viditelnost nezhoršená vlivem po",dvoupruhová,žádný způsob řízení provozu,železniční přejezd zabezpečený,mimo křižovatku,ne,P8143,11.9687421491,Strážnice - Sudoměřice nad Moravou,"8,985",Ne,C,,"ul.Za Drahou; k vinohradům",48° 53' 38.57109'' N,17° 18' 15.80150'' E,48.89405,17.30439
17.122747669853485,49.003744743180633,60606140011,Kyjov (Jihomoravský kraj),2014-01-13 12:50:00,komunikace místní,0,řidičem motorového vozidla,nezjištěno,jiné ovlivnění,nezjišťováno,jiný nepříznivý stav,0,0,0,1,žádná z uvedených,žádná z uvedených,150,žádné z uvedených,"nezjištěno, řidič ujel",,žádná z uvedených,0,žádná z uvedených,nehoda pouze s hmotnou škodou,"nepřichází v úvahu, nejde o srážku jedou",řidič se plně nevěnoval řízení vozidla,"povrch suchý, neznečistěný",neztížené,dobré,na jízdním pruhu,žádná místní úprava,přímý úsek,neurčeno,žádná z uvedených,srážka s pevnou překážkou,závory železničního přejezdu,živice,"dobrý, bez závad","ve dne, viditelnost nezhoršená vlivem po",dvoupruhová,žádný způsob řízení provozu,železniční přejezd zabezpečený,mimo křižovatku,ne,P7935,11.5334649036,,"0,701853 Kolej č.1",ne,místní,,"""šroubárenský přejed 64 km""",49° 0' 33.93''N,17° 0' 21.981''E,49.00943,17.00611
17.122805362756168,49.003802123198135,60606140174,Kyjov (Jihomoravský kraj),2014-04-30 12:35:00,komunikace místní,0,řidičem motorového vozidla,s řidičským oprávněním skupiny b,řidič nebyl ovlivněn,nezjišťováno,jiný nepříznivý stav,1,0,0,2,ŠKODA,nedošlo k požáru,4500,žádné z uvedených,osobní automobil bez přívěsu,2009,"soukromá organizace (podnikatel, s.r.o.,",2000,použitím speciální vyprošťovací techniky,nehoda s následky na životě nebo zdraví,boční,proti příkazu dopravní značky STŮJ DEJ PŘEDNOST,"povrch suchý, neznečistěný",neztížené,dobré,na jízdním pruhu,přednost vyznačena dopravními značkami,přímý úsek,neurčeno,vozidlo jedoucí - na komunikaci bez stan,srážka s vlakem,"nepřichází v úvahu, nejde o srážku s pev",živice,"dobrý, bez závad","ve dne, viditelnost nezhoršená vlivem po",dvoupruhová,místní úprava (vyplní se pol. 24),železniční přejezd nezabezpečený,mimo křižovatku,ne,P7935,4.22681721063,,"0,701853 Kolej č.1",ne,místní,,"""šroubárenský přejed 64 km""",49° 0' 33.93''N,17° 0' 21.981''E,49.00943,17.00611
17.070851272255858,48.83184218051089,60606140184,Lužice (Jihomoravský kraj),2014-05-10 00:48:00,komunikace místní,0,řidičem motorového vozidla,s řidičským oprávněním skupiny b,řidič nebyl ovlivněn,ne,dobrý -žádné nepříznivé okolnosti nebyly zjištěny,0,0,0,2,ŠKODA,žádná z uvedených,5200,"došlo k úniku pohonných hmot, oleje, chl",osobní automobil bez přívěsu,2008,TAXI,1200,nebylo třeba užít násilí,nehoda pouze s hmotnou škodou,boční,jiný druh nesprávného způsobu jízdy,"povrch suchý, neznečistěný",neztížené,dobré,na jízdním pruhu,žádná místní úprava,přímý úsek,neurčeno,vozidlo jedoucí - na komunikaci bez stan,srážka s vlakem,"nepřichází v úvahu, nejde o srážku s pev",živice,"dobrý, bez závad","v noci - bez veřejného osvětlení,viditel",dvoupruhová,žádný způsob řízení provozu,železniční přejezd zabezpečený,mimo křižovatku,ne,P8153,3.244038051,Lužice - Hodonín,"99,698",Ano,C,,"sev.zhlaví žst.Lužice, ul.Důlní",48° 49' 54.55235'' N,17° 04' 15.17087'' E,48.83182,17.07088
17.333192115136434,48.993803661847522,60606140308,Moravský Písek (Jihomoravský kraj),2014-07-16 21:20:00,silnice 2.třídy,427,řidičem motorového vozidla,nezjištěno,jiné ovlivnění,nezjišťováno,jiný nepříznivý stav,0,0,0,1,žádná z uvedených,žádná z uvedených,200,žádné z uvedených,"nezjištěno, řidič ujel",,žádná z uvedených,0,žádná z uvedených,nehoda pouze s hmotnou škodou,"nepřichází v úvahu, nejde o srážku jedou",jiný druh nesprávného způsobu jízdy,"povrch suchý, neznečistěný",neztížené,dobré,na jízdním pruhu,žádná místní úprava,přímý úsek,neurčeno,žádná z uvedených,srážka s pevnou překážkou,závory železničního přejezdu,živice,"dobrý, bez závad","ve dne, zhoršená viditelnost (svítání,so",dvoupruhová,žádný způsob řízení provozu,železniční přejezd zabezpečený,mimo křižovatku,ne,P8158,46.7420469869,Moravský Písek - Nedakonice-25kV,"126,755",Ano,II.,427,"Mor.Písek-Polešovice; hr.Chlad",48° 59' 39.17440'' N,17° 19' 59.80264'' E,48.99422,17.33328
17.304438704849638,48.89393274949537,60606140344,Strážnice (Jihomoravský kraj),2014-08-08 16:26:00,komunikace místní,0,řidičem motorového vozidla,s řidičským oprávněním skupiny c,řidič nebyl ovlivněn,ne,dobrý -žádné nepříznivé okolnosti nebyly zjištěny,2,0,1,2,PEUGEOT,nedošlo k požáru,7200,žádné z uvedených,"nákladní automobil (včetně multikáry, au",2004,"soukromá organizace (podnikatel, s.r.o.,",700,použitím páčidel apod.,nehoda s následky na životě nebo zdraví,boční,jiné nedání přednosti,"povrch suchý, neznečistěný",neztížené,dobré,na jízdním pruhu,žádná místní úprava,přímý úsek,neurčeno,vozidlo jedoucí - na komunikaci bez stan,srážka s vlakem,"nepřichází v úvahu, nejde o srážku s pev",živice,"dobrý, bez závad","ve dne, viditelnost nezhoršená vlivem po",dvoupruhová,světelným signalizačním zařízením,železniční přejezd zabezpečený,mimo křižovatku,ne,P8143,13.5194206965,Strážnice - Sudoměřice nad Moravou,"8,985",Ne,C,,"ul.Za Drahou; k vinohradům",48° 53' 38.57109'' N,17° 18' 15.80150'' E,48.89405,17.30439
17.334544471424266,48.919613544713258,60606140382,Vnorovy (Jihomoravský kraj),2014-08-27 17:18:00,komunikace místní,0,řidičem motorového vozidla,s řidičským oprávněním skupiny b,řidič nebyl ovlivněn,ne,dobrý -žádné nepříznivé okolnosti nebyly zjištěny,0,0,0,2,CHRYSLER,nedošlo k požáru,700,žádné z uvedených,osobní automobil bez přívěsu,2005,"soukromé, nevyužívané k výdělečné činnos",400,nebylo třeba užít násilí,nehoda pouze s hmotnou škodou,z boku,jiné nedání přednosti,"povrch suchý, neznečistěný",neztížené,dobré,na jízdním pruhu,žádná místní úprava,přímý úsek,neurčeno,vozidlo jedoucí - na komunikaci bez stan,srážka s vlakem,"nepřichází v úvahu, nejde o srážku s pev",živice,"dobrý, bez závad","ve dne, viditelnost nezhoršená vlivem po",dvoupruhová,žádný způsob řízení provozu,železniční přejezd zabezpečený,mimo křižovatku,ne,P8139,5.27475240678,Veselí nad Moravou - Strážnice,"4,982",Ne,C,,"k družstvu, ul.Průhony",48° 55' 10.75966'' N,17° 20' 04.30153'' E,48.91966,17.33453
16.994218090612456,48.969953796473256,60606140435,Šardice (Jihomoravský kraj),2014-09-27 07:13:00,komunikace účelová - polní a lesní cesty atd.,0,řidičem motorového vozidla,s řidičským oprávněním skupiny b,řidič nebyl ovlivněn,ne,dobrý -žádné nepříznivé okolnosti nebyly zjištěny,0,1,0,2,ŠKODA,nedošlo k požáru,200,žádné z uvedených,"nákladní automobil (včetně multikáry, au",1996,"soukromé, využívané k výdělečné činnosti",150,nebylo třeba užít násilí,nehoda s následky na životě nebo zdraví,čelní,"nepř. rychlosti dopravně technickému stavu vozovky (zatáčka,klesání,stoupání,šířka apod.)",povrch mokrý,neztížené,špatné vlivem profilu komunikace (nepřeh,na jízdním pruhu,žádná místní úprava,zatáčka,neurčeno,vozidlo jedoucí - na komunikaci bez stan,srážka s jedoucím nekolejovým vozidlem,"nepřichází v úvahu, nejde o srážku s pev",živice,"dobrý, bez závad","ve dne, viditelnost nezhoršená vlivem po",dvoupruhová,žádný způsob řízení provozu,železniční přejezd nezabezpečený,mimo křižovatku,ano,P7152,3956.04141115,Čejč - Mutěnice,"18,751",Ne,II.,422,v žst. Čejč,48° 56' 31.07827'' N,16° 57' 39.09120'' E,48.94197,16.96086
17.219207820690766,48.976620871174532,60606150048,Vracov (Jihomoravský kraj),2015-01-23 14:01:00,komunikace místní,0,řidičem motorového vozidla,s řidičským oprávněním skupiny c,řidič nebyl ovlivněn,ne,dobrý -žádné nepříznivé okolnosti nebyly zjištěny,0,1,0,2,RENAULT,nedošlo k požáru,3400,"došlo k úniku pohonných hmot, oleje, chl",osobní automobil bez přívěsu,2003,"soukromé, nevyužívané k výdělečné činnos",800,nebylo třeba užít násilí,nehoda s následky na životě nebo zdraví,z boku,jiné nedání přednosti,"povrch suchý, neznečistěný",neztížené,dobré,žádné z uvedených,žádná místní úprava,přímý úsek,neurčeno,vozidlo jedoucí - na komunikaci bez stan,srážka s vlakem,"nepřichází v úvahu, nejde o srážku s pev","žádný z uvedených (písek,dřevo atd.)","dobrý, bez závad","ve dne, viditelnost nezhoršená vlivem po",dvoupruhová,světelným signalizačním zařízením,železniční přejezd zabezpečený,mimo křižovatku,ne,P7940,3.29060680863,Vlkoš - Bzenec,"74,286",Ne,C,,u žel.zastávky Vracov,48° 58' 35.92532'' N,17° 13' 09.12114'' E,48.97665,17.2192
17.368734283540022,48.943125150474643,60606150071,Veselí nad Moravou (Jihomoravský kraj),2015-02-02 07:17:00,silnice 1.třídy,55,řidičem motorového vozidla,s řidičským oprávněním skupiny c,řidič nebyl ovlivněn,ne,dobrý -žádné nepříznivé okolnosti nebyly zjištěny,0,0,0,1,DAF,nedošlo k požáru,300,žádné z uvedených,nákladní automobil s návěsem,2007,"soukromá organizace (podnikatel, s.r.o.,",150,nebylo třeba užít násilí,nehoda pouze s hmotnou škodou,"nepřichází v úvahu, nejde o srážku jedou",jiné nedání přednosti,povrch mokrý,neztížené,dobré,na jízdním pruhu,žádná místní úprava,přímý úsek,neurčeno,jedoucí - proti směru staničení na komun,srážka s pevnou překážkou,závory železničního přejezdu,živice,"dobrý, bez závad","ve dne, zhoršená viditelnost (svítání,so",dvoupruhová,žádný způsob řízení provozu,železniční přejezd zabezpečený,mimo křižovatku,ne,P7945,7.4594040919,Bzenec - Veselí nad Moravou,"86,488",Ne,I.,55,zarazický,48° 56' 35.41684'' N,17° 22' 07.70833'' E,48.94317,17.36881
17.285532545191703,48.967682633175862,60606150112,Bzenec (Jihomoravský kraj),2015-03-03 07:00:00,silnice 2.třídy,426,řidičem motorového vozidla,s řidičským oprávněním skupiny c,řidič nebyl ovlivněn,"ano, obsah alkoholu v&nbsp;krvi 1,5‰ a více",pod vlivem alkoholu obsah alkoholu v krvi 1‰ a více,0,2,0,1,SEAT,nedošlo k požáru,2100,"došlo k úniku pohonných hmot, oleje, chl",osobní automobil bez přívěsu,2003,"soukromé, nevyužívané k výdělečné činnos",300,použitím speciální vyprošťovací techniky,nehoda s následky na životě nebo zdraví,"nepřichází v úvahu, nejde o srážku jedou",řidič se plně nevěnoval řízení vozidla,povrch mokrý,mlha,jiné špatné,mimo komunikaci,žádná místní úprava,zatáčka,neurčeno,jedoucí - proti směru staničení na komun,srážka s pevnou překážkou,závory železničního přejezdu,živice,"dobrý, bez závad","ve dne, zhoršená viditelnost vlivem pově",dvoupruhová,žádný způsob řízení provozu,železniční přejezd zabezpečený,mimo křižovatku,ne,P7943,6.33677156117,Bzenec - Moravský Písek,"79,39",Ne,II.,426,z Bzence na Strážnici,48° 58' 03.49718'' N,17° 17' 08.12195'' E,48.96764,17.28559
17.333292849920738,48.994129758698406,60606150149,Moravský Písek (Jihomoravský kraj),2015-03-20 01:04:00,silnice 2.třídy,427,řidičem motorového vozidla,nezjištěno,jiné ovlivnění,nezjišťováno,jiný nepříznivý stav,0,0,0,1,žádná z uvedených,žádná z uvedených,80,žádné z uvedených,"nezjištěno, řidič ujel",,žádná z uvedených,0,žádná z uvedených,nehoda pouze s hmotnou škodou,"nepřichází v úvahu, nejde o srážku jedou",jiný druh nesprávného způsobu jízdy,"povrch suchý, neznečistěný",neztížené,dobré,na jízdním pruhu,přednost vyznačena dopravními značkami,křižovatka styková - tříramenná,místní komunikace,žádná z uvedených,srážka s pevnou překážkou,závory železničního přejezdu,živice,"dobrý, bez závad","v noci - s veřejným osvětlením,viditelno",dvoupruhová,místní úprava (vyplní se pol. 24),železniční přejezd zabezpečený,uvnitř zóny 1 předmětné křižovatky,ne,P8158,10.0799997259,Moravský Písek - Nedakonice-25kV,"126,755",Ano,II.,427,"Mor.Písek-Polešovice; hr.Chlad",48° 59' 39.17440'' N,17° 19' 59.80264'' E,48.99422,17.33328
16.834398297310628,49.143987170409041,61206130335,Křenovice (Jihomoravský kraj),2013-09-29 08:12:00,silnice 2.třídy,416,řidičem motorového vozidla,s řidičským oprávněním skupiny c,řidič nebyl ovlivněn,ne,dobrý -žádné nepříznivé okolnosti nebyly zjištěny,0,1,0,2,PEUGEOT,nedošlo k požáru,4300,žádné z uvedených,"nákladní automobil (včetně multikáry, au",2012,"soukromé, využívané k výdělečné činnosti",4000,nebylo třeba užít násilí,nehoda s následky na životě nebo zdraví,"nepřichází v úvahu, nejde o srážku jedou",jiné nedání přednosti,"povrch suchý, neznečistěný",neztížené,dobré,na jízdním pruhu,žádná místní úprava,přímý úsek,neurčeno,jedoucí - ve směru staničení na komunika,jiný druh nehody,"nepřichází v úvahu, nejde o srážku s pev",živice,"dobrý, bez závad","ve dne, viditelnost nezhoršená vlivem po",dvoupruhová,policistou nebo jiným pověřeným orgánem,železniční přejezd zabezpečený,mimo křižovatku,ne,P7909,3.30195642253,Blažovice - Slavkov u Brna,"20,548",Ne,II.,416,u žel.zast Křenovice dolní n.,49° 08' 38.24736'' N,16° 50' 03.77474'' E,49.14396,16.83438
17.082779550364357,49.149651043296842,61206130387,Nesovice (Jihomoravský kraj),2013-11-15 23:59:00,silnice 1.třídy,50,řidičem motorového vozidla,nezjištěno,jiné ovlivnění,nezjišťováno,jiný nepříznivý stav,0,0,0,1,žádná z uvedených,žádná z uvedených,100,žádné z uvedených,"nezjištěno, řidič ujel",,žádná z uvedených,0,žádná z uvedených,nehoda pouze s hmotnou škodou,"nepřichází v úvahu, nejde o srážku jedou",řidič se plně nevěnoval řízení vozidla,"povrch suchý, neznečistěný",neztížené,dobré,na jízdním pruhu,žádná místní úprava,křižovatka průsečná - čtyřramenná,silnice 2.třídy,žádná z uvedených,srážka s pevnou překážkou,"sloup - telefonní, veř.osvětlení, el.ved",živice,"dobrý, bez závad","ve dne, viditelnost nezhoršená vlivem po",dvoupruhová,světelným signalizačním zařízením,železniční přejezd zabezpečený,"na křižovatce, uvnitř hranic křižovatky",ne,P7924,23.5560679356,žst. Nesovice,"40,188",Ne,II.,429,hlavní na zhlaví-ocelogumový,49° 08' 58.04570'' N,17° 04' 57.50068'' E,49.14946,17.08264
17.113993628507483,49.088442532786139,61206140006,Mouchnice (Jihomoravský kraj),2014-01-01 23:59:00,komunikace místní,0,"lesní zvěří, domácím zvířectvem",s řidičským oprávněním skupiny b,"ovlivněn při vyhýbání zvěři, domácímu zvířectvu",nezjišťováno,dobrý -žádné nepříznivé okolnosti nebyly zjištěny,0,4,0,1,BMW,nedošlo k požáru,400,žádné z uvedených,osobní automobil bez přívěsu,1996,"soukromé, nevyužívané k výdělečné činnos",400,nebylo třeba užít násilí,nehoda s následky na životě nebo zdraví,"nepřichází v úvahu, nejde o srážku jedou",nezaviněná řidičem,povrch mokrý,neztížené,dobré,mimo komunikaci,žádná místní úprava,zatáčka,neurčeno,vozidlo jedoucí - na komunikaci bez stan,havárie,"nepřichází v úvahu, nejde o srážku s pev",živice,"dobrý, bez závad","v noci - bez veřejného osvětlení,viditel",žádná z uvedených,žádný způsob řízení provozu,železniční přejezd nezabezpečený,mimo křižovatku,ne,P7931,70.003747165,Nemotice - Kyjov,"53,575",Ne,O,,"u žel.zast.Jestřabice;STABILA",49° 05' 19.92954'' N,17° 06' 47.84763'' E,49.08887,17.11329
16.834455459755365,49.144007875761112,61206140025,Křenovice (Jihomoravský kraj),2014-02-02 22:50:00,silnice 2.třídy,416,řidičem motorového vozidla,s řidičským oprávněním skupiny b,řidič nebyl ovlivněn,ne,dobrý -žádné nepříznivé okolnosti nebyly zjištěny,1,0,0,2,MAZDA,žádná z uvedených,1440,žádné z uvedených,osobní automobil bez přívěsu,2008,"soukromé, nevyužívané k výdělečné činnos",800,použitím speciální vyprošťovací techniky,nehoda s následky na životě nebo zdraví,z boku,jízda na “červené světlo“,povrch mokrý,neztížené,dobré,na jízdním pruhu,žádná místní úprava,přímý úsek,neurčeno,jedoucí - ve směru staničení na komunika,srážka s vlakem,"nepřichází v úvahu, nejde o srážku s pev",živice,"dobrý, bez závad","v noci - s veřejným osvětlením,viditelno",dvoupruhová,světelným signalizačním zařízením,železniční přejezd zabezpečený,mimo křižovatku,ne,P7909,7.65745874013,Blažovice - Slavkov u Brna,"20,548",Ne,II.,416,u žel.zast Křenovice dolní n.,49° 08' 38.24736'' N,16° 50' 03.77474'' E,49.14396,16.83438
17.082690383200724,49.149388414775693,61206140192,Nesovice (Jihomoravský kraj),2014-06-20 17:20:00,silnice 2.třídy,429,řidičem motorového vozidla,s řidičským oprávněním skupiny d,řidič nebyl ovlivněn,ne,dobrý -žádné nepříznivé okolnosti nebyly zjištěny,0,0,0,1,jiné vyrobené mimo ČR,nedošlo k požáru,120,žádné z uvedených,autobus,2004,veřejná hromadná doprava,100,nebylo třeba užít násilí,nehoda pouze s hmotnou škodou,"nepřichází v úvahu, nejde o srážku jedou",nezvládnutí řízení vozidla,"povrch suchý, neznečistěný",neztížené,dobré,na odstavném pruhu,žádná místní úprava,křižovatka průsečná - čtyřramenná,silnice 2.třídy,zachycuje směr jízdy křižovatkou,srážka s pevnou překážkou,"odrazník, patník, sloupek, dopr.značky a",živice,"dobrý, bez závad","ve dne, viditelnost nezhoršená vlivem po",dvoupruhová,světelným signalizačním zařízením,železniční přejezd zabezpečený,"na křižovatce, uvnitř hranic křižovatky",ne,P7924,8.76914622225,žst. Nesovice,"40,188",Ne,II.,429,hlavní na zhlaví-ocelogumový,49° 08' 58.04570'' N,17° 04' 57.50068'' E,49.14946,17.08264
16.870872848714285,49.198182018224557,61206140291,Rousínov (Jihomoravský kraj),2014-09-09 17:50:00,silnice 3.třídy,473,řidičem motorového vozidla,s řidičským oprávněním skupiny c,řidič nebyl ovlivněn,ne,dobrý -žádné nepříznivé okolnosti nebyly zjištěny,1,0,0,2,jiné vyrobené mimo ČR,nedošlo k požáru,500,žádné z uvedených,"motocykl (včetně sidecarů, skútrů apod.)",2014,"soukromé, nevyužívané k výdělečné činnos",450,nebylo třeba užít násilí,nehoda s následky na životě nebo zdraví,boční,jízda na “červené světlo“,"povrch suchý, neznečistěný",neztížené,dobré,na jízdním pruhu,žádná místní úprava,přímý úsek,neurčeno,jedoucí - ve směru staničení na komunika,srážka s vlakem,"nepřichází v úvahu, nejde o srážku s pev",panely,"dobrý, bez závad","ve dne, viditelnost nezhoršená vlivem po",dvoupruhová,světelným signalizačním zařízením,železniční přejezd zabezpečený,mimo křižovatku,ne,P7188,7.03297476879,Rousínov - Komořany u Vyškova,"32,623",Ano,III.,473,"Rousínov-Slavíkovice, místní",49° 11' 53.61723'' N,16° 52' 14.91934'' E,49.19823,16.87081