X,Y,id,obec,datum,komunikace,komunika_1,zavineni,ridic_kate,ridic_ovli,vinik_alko,ridic_stav,obeti_usmr,obeti_lehc,obeti_tezc,vozidel_ce,vinik_vozi,vinik_vo_1,skoda,unik_hmot,vinik_vo_2,vinik_vo_3,vinik_vo_4,vinik_skod,vyprosteni,nehoda_cha,srazka_voz,hlavni_pri,povrch_sta,meteo,rozhled,nehoda_pol,prednost_v,smerove_po,druh_krizu,smer_jizdy,nehoda_dru,pevna_prek,povrch_dru,komunika_2,viditelnos,komunika_3,rizeni_pro,objekty,misto_neho,smyk,neighbors_TargetID,neighbors_Distance,neighbors_prejezdy-dec_Název definičního úseku,neighbors_prejezdy-dec_Žkm přejezdu,neighbors_prejezdy-dec_Přejezd s trolejovým vedením,neighbors_prejezdy-dec_Třída pozemní komunikace,neighbors_prejezdy-dec_Číslo pozemní komunikace,neighbors_prejezdy-dec_Místní název přejezdu,neighbors_prejezdy-dec_Zeměpisná šířka,neighbors_prejezdy-dec_Zeměpisná délka,neighbors_prejezdy-dec_field_10,neighbors_prejezdy-dec_field_11
17.0055278393985,49.966326066541491,140906140034,Vikýřovice (Olomoucký kraj),2014-01-23 10:00:00,silnice 3.třídy,44638,řidičem motorového vozidla,s řidičským oprávněním skupiny b,řidič nebyl ovlivněn,ne,"unaven, usnul, náhlá fyzická indispozice",0,0,0,2,BMW,nedošlo k požáru,6030,žádné z uvedených,osobní automobil bez přívěsu,2007,"soukromá organizace (podnikatel, s.r.o.,",5000,nebylo třeba užít násilí,nehoda pouze s hmotnou škodou,boční,jiné nedání přednosti,"povrch suchý, neznečistěný",neztížené,dobré,na jízdním pruhu,žádná místní úprava,přímý úsek,neurčeno,jedoucí - ve směru staničení na komunika,srážka s vlakem,"nepřichází v úvahu, nejde o srážku s pev",živice,"dobrý, bez závad","ve dne, viditelnost nezhoršená vlivem po",dvoupruhová,světelným signalizačním zařízením,železniční přejezd zabezpečený,mimo křižovatku,ne,P4237,1.87200705153,Nový Malín - Šumperk,"42,1",Ne,III.,44638,u Benziny,49° 57' 58.71497'' N,17° 00' 19.85552'' E,49.96631,17.00552
16.891348942672739,49.98919850228684,140906140409,Bohdíkov (Olomoucký kraj),2014-07-27 18:50:00,silnice 2.třídy,369,řidičem nemotorového vozidla,ostatní řidiči vozidel,řidič nebyl ovlivněn,ne,dobrý -žádné nepříznivé okolnosti nebyly zjištěny,0,1,0,1,žádná z uvedených,žádná z uvedených,10,žádné z uvedených,jízdní kolo,,"soukromé, nevyužívané k výdělečné činnos",5,nebylo třeba užít násilí,nehoda s následky na životě nebo zdraví,"nepřichází v úvahu, nejde o srážku jedou",nezvládnutí řízení vozidla,povrch mokrý,"na počátku deště, slabý déšť",dobré,na jízdním pruhu,žádná místní úprava,přímý úsek,neurčeno,jedoucí - proti směru staničení na komun,havárie,"nepřichází v úvahu, nejde o srážku s pev",živice,"dobrý, bez závad","ve dne, viditelnost nezhoršená vlivem po",dvoupruhová,žádný způsob řízení provozu,železniční přejezd nezabezpečený,mimo křižovatku,ne,P4252,255.31881322,Ruda n/Moravou - Bohdíkov,"60,227",Ne,O,,,49° 59' 28.87784'' N,16° 53' 33.31048'' E,49.99135,16.89259
16.883162814918126,49.878535252133496,140906140542,Zábřeh (Olomoucký kraj),2014-09-27 19:10:00,silnice 2.třídy,315,řidičem motorového vozidla,nezjištěno,jiné ovlivnění,nezjišťováno,jiný nepříznivý stav,0,0,0,1,žádná z uvedených,žádná z uvedených,50,žádné z uvedených,"nezjištěno, řidič ujel",,žádná z uvedených,0,žádná z uvedených,nehoda pouze s hmotnou škodou,"nepřichází v úvahu, nejde o srážku jedou","bezohledná, agresivní, neohleduplná jízda","povrch suchý, neznečistěný",neztížené,dobré,na jízdním pruhu,žádná místní úprava,přímý úsek,neurčeno,žádná z uvedených,srážka s pevnou překážkou,závory železničního přejezdu,živice,"dobrý, bez závad","ve dne, viditelnost nezhoršená vlivem po",dvoupruhová,světelným signalizačním zařízením,železniční přejezd zabezpečený,mimo křižovatku,ne,P6648,3.12269963705,Zábřeh na Moravě - Postřelmov,"0,577",Ano,II.,315,Zabreh,49° 52' 42.73198'' N,16° 52' 59.24645'' E,49.87854,16.88312
16.935387981472577,49.924142553016459,140906150058,Bludov (Olomoucký kraj),2015-01-27 14:25:00,silnice 3.třídy,3704,řidičem motorového vozidla,s řidičským oprávněním skupiny b,řidič nebyl ovlivněn,ne,dobrý -žádné nepříznivé okolnosti nebyly zjištěny,0,0,0,1,TOYOTA,nedošlo k požáru,1500,žádné z uvedených,osobní automobil bez přívěsu,2003,"soukromé, nevyužívané k výdělečné činnos",500,nebylo třeba užít násilí,nehoda pouze s hmotnou škodou,"nepřichází v úvahu, nejde o srážku jedou","nepř. rychlosti stavu vozovky (náledí, výtluky, bláto, mokrý povrch apod.)","souvislá sněhová vrstva, rozbředlý sníh",neztížené,dobré,na jízdním pruhu,žádná místní úprava,přímý úsek po projetí zatáčkou (do vzdál,neurčeno,jedoucí - ve směru staničení na komunika,srážka s pevnou překážkou,"sloup - telefonní, veř.osvětlení, el.ved",živice,"dobrý, bez závad","ve dne, viditelnost nezhoršená vlivem po",žádná z uvedených,žádný způsob řízení provozu,železniční přejezd zabezpečený,mimo křižovatku,ne,P4245,8.66750421087,Bludov - Bludov-Chromeč,"49,46",Ne,III.,3704,u stanice,49° 55' 26.68289'' N,16° 56' 07.66055'' E,49.92408,16.93546
16.987313191680027,49.962512398287252,140906150199,Šumperk (Olomoucký kraj),2015-04-04 17:55:00,silnice 2.třídy,446,řidičem nemotorového vozidla,ostatní řidiči vozidel,řidič nebyl ovlivněn,nezjišťováno,dobrý -žádné nepříznivé okolnosti nebyly zjištěny,1,0,0,2,žádná z uvedených,žádná z uvedených,30,žádné z uvedených,jízdní kolo,,"soukromé, nevyužívané k výdělečné činnos",30,nebylo třeba užít násilí,nehoda s následky na životě nebo zdraví,z boku,proti příkazu dopravní značky STŮJ DEJ PŘEDNOST,povrch mokrý,neztížené,dobré,na jízdním pruhu,"světelná signalizace, přerušovaná žlutá",přímý úsek,neurčeno,jedoucí - ve směru staničení na komunika,srážka s vlakem,"nepřichází v úvahu, nejde o srážku s pev",živice,"dobrý, bez závad","ve dne, viditelnost nezhoršená vlivem po",dvoupruhová,místní úprava (vyplní se pol. 24),železniční přejezd zabezpečený,mimo křižovatku,ne,P4240,4.28964380142,žst. Šumperk,"43,49",Ne,II.,446,Lidická,49° 57' 45.18662'' N,16° 59' 14.27139'' E,49.96255,16.9873
16.922029744943128,49.928827471289651,140906150229,Bludov (Olomoucký kraj),2015-04-18 02:59:00,silnice 1.třídy,44,řidičem motorového vozidla,s řidičským oprávněním skupiny b,řidič nebyl ovlivněn,"ano, obsah alkoholu v&nbsp;krvi od 1,0‰ do 1,5‰",pod vlivem alkoholu obsah alkoholu v krvi 1‰ a více,0,1,0,1,OPEL,nedošlo k požáru,3250,"došlo k úniku pohonných hmot, oleje, chl",osobní automobil bez přívěsu,1997,"soukromé, nevyužívané k výdělečné činnos",250,nebylo třeba užít násilí,nehoda s následky na životě nebo zdraví,"nepřichází v úvahu, nejde o srážku jedou","nepř. rychlosti dopravně technickému stavu vozovky (zatáčka,klesání,stoupání,šířka apod.)","povrch suchý, neznečistěný",neztížené,dobré,mimo komunikaci,žádná místní úprava,přímý úsek po projetí zatáčkou (do vzdál,neurčeno,jedoucí - ve směru staničení na komunika,srážka s pevnou překážkou,"odrazník, patník, sloupek, dopr.značky a",živice,"dobrý, bez závad","v noci - bez veřejného osvětlení,viditel",dvoupruhová,světelným signalizačním zařízením,železniční přejezd zabezpečený,mimo křižovatku,ano,P4246,3.61960197167,"Bludov-Chromeč - OP papírna, s.r.o. vlečka Olšany","50,66",Ne,I.,44,,49° 55' 43.91187'' N,16° 55' 19.32238'' E,49.92886,16.92203
16.922031626454491,49.928830571374384,140906150269,Bludov (Olomoucký kraj),2015-05-05 18:05:00,silnice 1.třídy,44,řidičem motorového vozidla,s řidičským oprávněním skupiny c,řidič nebyl ovlivněn,ne,dobrý -žádné nepříznivé okolnosti nebyly zjištěny,0,0,0,2,ŠKODA,nedošlo k požáru,1000,žádné z uvedených,osobní automobil bez přívěsu,1997,"soukromé, nevyužívané k výdělečné činnos",100,nebylo třeba užít násilí,nehoda pouze s hmotnou škodou,zezadu,nedodržení bezpečné vzdálenosti za vozidlem,"povrch suchý, neznečistěný",neztížené,dobré,na jízdním pruhu,žádná místní úprava,přímý úsek,neurčeno,jedoucí - ve směru staničení na komunika,srážka s jedoucím nekolejovým vozidlem,"nepřichází v úvahu, nejde o srážku s pev",živice,"dobrý, bez závad","ve dne, viditelnost nezhoršená vlivem po",dvoupruhová,žádný způsob řízení provozu,železniční přejezd zabezpečený,mimo křižovatku,ne,P4246,3.27683913062,"Bludov-Chromeč - OP papírna, s.r.o. vlečka Olšany","50,66",Ne,I.,44,,49° 55' 43.91187'' N,16° 55' 19.32238'' E,49.92886,16.92203
17.087366796154715,50.07562403716333,140906150280,Loučná nad Desnou (Olomoucký kraj),2015-05-05 13:50:00,silnice 3.třídy,447,řidičem motorového vozidla,s řidičským oprávněním skupiny d,oslněn sluncem,ne,dobrý -žádné nepříznivé okolnosti nebyly zjištěny,0,0,0,2,ŠKODA,nedošlo k požáru,570,žádné z uvedených,osobní automobil bez přívěsu,1996,"soukromé, využívané k výdělečné činnosti",70,nebylo třeba užít násilí,nehoda pouze s hmotnou škodou,boční,jiné nedání přednosti,"povrch suchý, neznečistěný",neztížené,dobré,na jízdním pruhu,žádná místní úprava,přímý úsek,neurčeno,jedoucí - ve směru staničení na komunika,srážka s vlakem,"nepřichází v úvahu, nejde o srážku s pev",živice,"dobrý, bez závad","ve dne, viditelnost nezhoršená vlivem po",dvoupruhová,světelným signalizačním zařízením,železniční přejezd zabezpečený,mimo křižovatku,ne,P4276,7276.7260933,Jindřichov na Moravě - Branná,"6,965",Ne,O,,,50° 06' 11.91839'' N,16° 59' 42.88110'' E,50.10331,16.99524
17.109209329605957,50.272308501356669,141106140035,Vápenná (Olomoucký kraj),2014-02-02 08:50:00,komunikace místní,0,řidičem motorového vozidla,s řidičským oprávněním skupiny b,řidič nebyl ovlivněn,ne,dobrý -žádné nepříznivé okolnosti nebyly zjištěny,0,0,0,2,VOLKSWAGEN,nedošlo k požáru,1100,"došlo k úniku pohonných hmot, oleje, chl",osobní automobil bez přívěsu,2005,registrované mimo území ČR,200,nebylo třeba užít násilí,nehoda pouze s hmotnou škodou,boční,jiné nedání přednosti,"povrch suchý, neznečistěný",neztížené,dobré,na jízdním pruhu,přednost nevyznačena - vyplývá z pravide,přímý úsek,neurčeno,vozidlo jedoucí - na komunikaci bez stan,srážka s vlakem,"nepřichází v úvahu, nejde o srážku s pev",živice,"dobrý, bez závad","ve dne, viditelnost nezhoršená vlivem po",žádná z uvedených,místní úprava (vyplní se pol. 24),železniční přejezd nezabezpečený,mimo křižovatku,ne,P4340,4.70348476815,Lipová Lázně jeskyně - Vápenná,"8,081",Ne,O,,,50° 16' 20.24058'' N,17° 06' 32.95179'' E,50.27229,17.10915
17.124165107744279,49.476586296481059,141206130454,Prostějov (Olomoucký kraj),2013-10-17 05:45:00,komunikace účelová - ostatní (parkoviště apod.),0,řidičem motorového vozidla,s řidičským oprávněním skupiny b,řidič nebyl ovlivněn,ne,dobrý -žádné nepříznivé okolnosti nebyly zjištěny,0,1,0,2,jiné vyrobené mimo ČR,žádná z uvedených,201,žádné z uvedených,"motocykl (včetně sidecarů, skútrů apod.)",2013,"soukromé, nevyužívané k výdělečné činnos",200,nebylo třeba užít násilí,nehoda s následky na životě nebo zdraví,z boku,jiný druh nesprávného způsobu jízdy,"povrch suchý, neznečistěný",neztížené,dobré,na jízdním pruhu,žádná místní úprava,přímý úsek,neurčeno,vozidlo jedoucí - na komunikaci bez stan,srážka s jedoucím nekolejovým vozidlem,"nepřichází v úvahu, nejde o srážku s pev",živice,nesouvislé výtluky,"v noci - bez veřejného osvětlení,viditel",dvoupruhová,žádný způsob řízení provozu,železniční přejezd nezabezpečený,mimo křižovatku,ne,P6541,186.35571356,TOMI-REMONT - Prostějov míst.n.,"1,053",Ne,C,,na ulici Českobratrská,49° 28' 39.86362'' N,17° 07' 20.29068'' E,49.47774,17.1223
17.116867137534975,49.47813659756207,141206130546,Prostějov (Olomoucký kraj),2013-12-20 22:15:00,komunikace místní,0,řidičem motorového vozidla,s řidičským oprávněním skupiny b,řidič nebyl ovlivněn,ne,dobrý -žádné nepříznivé okolnosti nebyly zjištěny,0,0,0,2,PEUGEOT,nedošlo k požáru,4870,žádné z uvedených,osobní automobil bez přívěsu,2010,registrované mimo území ČR,2000,nebylo třeba užít násilí,nehoda pouze s hmotnou škodou,z boku,jízda na “červené světlo“,"povrch suchý, neznečistěný",neztížené,dobré,žádné z uvedených,žádná místní úprava,přímý úsek,neurčeno,vozidlo jedoucí - na komunikaci bez stan,srážka s vlakem,"nepřichází v úvahu, nejde o srážku s pev",panely,"dobrý, bez závad","v noci - s veřejným osvětlením,viditelno",dvoupruhová,světelným signalizačním zařízením,železniční přejezd nezabezpečený,mimo křižovatku,ne,P6542,28.8742256039,TOMI-REMONT - Prostějov míst.n.,"1,424",Ne,III.,44934,na ulici Olomoucká,49° 28' 41.43021'' N,17° 07' 02.12067'' E,49.47818,17.11726
17.122285090844642,49.477830131443696,141206140081,Prostějov (Olomoucký kraj),2014-03-13 14:30:00,komunikace místní,0,řidičem motorového vozidla,s řidičským oprávněním skupiny b,řidič nebyl ovlivněn,ne,dobrý -žádné nepříznivé okolnosti nebyly zjištěny,0,0,1,2,ŠKODA,žádná z uvedených,1100,žádné z uvedených,osobní automobil bez přívěsu,2003,"soukromé, nevyužívané k výdělečné činnos",600,použitím páčidel apod.,nehoda s následky na životě nebo zdraví,boční,jiné nedání přednosti,"povrch suchý, neznečistěný",neztížené,dobré,na jízdním pruhu,žádná místní úprava,křižovatka styková - tříramenná,místní komunikace,vozidlo jedoucí - na komunikaci bez stan,srážka s vlakem,"nepřichází v úvahu, nejde o srážku s pev","žádný z uvedených (písek,dřevo atd.)","dobrý, bez závad","ve dne, viditelnost nezhoršená vlivem po",dvoupruhová,světelným signalizačním zařízením,železniční přejezd nezabezpečený,"na křižovatce,jedná-li se o křížení siln",ne,P6541,10.0800734552,TOMI-REMONT - Prostějov míst.n.,"1,053",Ne,C,,na ulici Českobratrská,49° 28' 39.86362'' N,17° 07' 20.29068'' E,49.47774,17.1223
17.081020496337377,49.513554789659395,141206140140,Čelechovice na Hané (Olomoucký kraj),2014-04-30 18:21:00,silnice 3.třídy,36638,řidičem motorového vozidla,s řidičským oprávněním skupiny b,řidič nebyl ovlivněn,ne,dobrý -žádné nepříznivé okolnosti nebyly zjištěny,0,0,0,2,CITROEN,nedošlo k požáru,600,žádné z uvedených,"nákladní automobil (včetně multikáry, au",2012,"soukromá organizace (podnikatel, s.r.o.,",200,nebylo třeba užít násilí,nehoda pouze s hmotnou škodou,z boku,proti příkazu dopravní značky STŮJ DEJ PŘEDNOST,"povrch suchý, neznečistěný",neztížené,dobré,na jízdním pruhu,přednost vyznačena dopravními značkami,přímý úsek,neurčeno,jedoucí - proti směru staničení na komun,srážka s vlakem,"nepřichází v úvahu, nejde o srážku s pev",živice,"dobrý, bez závad","ve dne, viditelnost nezhoršená vlivem po",dvoupruhová,místní úprava (vyplní se pol. 24),železniční přejezd nezabezpečený,mimo křižovatku,ne,P7657,0.927413312545,Kostelec na Hané - Čelechovice na Hané,"1,748",Ne,III.,36638,u samoty,49° 30' 48.77337'' N,17° 04' 51.61832'' E,49.51355,17.08101
17.075081735607725,49.499950340815936,141206150015,Kostelec na Hané (Olomoucký kraj),2015-01-14 12:17:00,silnice 3.třídy,36638,řidičem motorového vozidla,s řidičským oprávněním skupiny b,řidič nebyl ovlivněn,nezjišťováno,dobrý -žádné nepříznivé okolnosti nebyly zjištěny,0,0,1,2,MERCEDES,žádná z uvedených,18500,"došlo k úniku pohonných hmot, oleje, chl",osobní automobil bez přívěsu,2009,"soukromé, nevyužívané k výdělečné činnos",5000,použitím speciální vyprošťovací techniky,nehoda s následky na životě nebo zdraví,boční,řidič se plně nevěnoval řízení vozidla,"povrch suchý, neznečistěný",neztížené,dobré,na jízdním pruhu,přednost vyznačena dopravními značkami,přímý úsek,neurčeno,jedoucí - ve směru staničení na komunika,srážka s vlakem,"nepřichází v úvahu, nejde o srážku s pev",živice,"dobrý, bez závad","ve dne, zhoršená viditelnost (svítání,so",dvoupruhová,místní úprava (vyplní se pol. 24),železniční přejezd nezabezpečený,mimo křižovatku,ne,P6548,13.8964667719,Prostějov míst.n. - Kostelec na Hané,"5,45",Ne,III.,36638,u Smržic na Kostelec,49° 29' 59.38532'' N,17° 04' 30.11106'' E,49.49983,17.07503
17.200571290976015,49.503614888735875,141206150091,Vrbátky (Olomoucký kraj),2015-03-03 10:45:00,silnice 3.třídy,4354,řidičem motorového vozidla,s řidičským oprávněním skupiny c,řidič nebyl ovlivněn,ne,dobrý -žádné nepříznivé okolnosti nebyly zjištěny,0,0,0,1,SCANIA,nedošlo k požáru,120,žádné z uvedených,nákladní automobil s návěsem,1999,"soukromá organizace (podnikatel, s.r.o.,",0,nebylo třeba užít násilí,nehoda pouze s hmotnou škodou,"nepřichází v úvahu, nejde o srážku jedou",řidič se plně nevěnoval řízení vozidla,"povrch suchý, neznečistěný",neztížené,dobré,na jízdním pruhu,žádná místní úprava,přímý úsek,neurčeno,jedoucí - proti směru staničení na komun,srážka s pevnou překážkou,závory železničního přejezdu,živice,"dobrý, bez závad","ve dne, viditelnost nezhoršená vlivem po",dvoupruhová,žádný způsob řízení provozu,železniční přejezd zabezpečený,mimo křižovatku,ne,P7593,17.783078259,,"0,138",ne,III.třída,4354,U nádraží,49° 30' 13.497''N,17° 12' 1.595''E,49.50375,17.20044
17.526011233386296,49.207894602753555,150506130836,Otrokovice (Zlínský kraj),2013-09-24 07:25:00,komunikace místní,0,řidičem motorového vozidla,s řidičským oprávněním skupiny d,řidič nebyl ovlivněn,ne,dobrý -žádné nepříznivé okolnosti nebyly zjištěny,0,0,0,1,RENAULT,žádná z uvedených,15,žádné z uvedených,nákladní automobil s přívěsem,2005,"soukromá organizace (podnikatel, s.r.o.,",0,nebylo třeba užít násilí,nehoda pouze s hmotnou škodou,"nepřichází v úvahu, nejde o srážku jedou",řidič se plně nevěnoval řízení vozidla,"povrch suchý, neznečistěný",neztížené,dobré,na jízdním pruhu,přednost vyznačena dopravními značkami,křižovatka styková - tříramenná,účelová komunikace,vozidlo jedoucí - na komunikaci bez stan,srážka s pevnou překážkou,"odrazník, patník, sloupek, dopr.značky a",živice,"dobrý, bez závad","ve dne, viditelnost nezhoršená vlivem po",dvoupruhová,místní úprava (vyplní se pol. 24),železniční přejezd nezabezpečený,"na křižovatce,jedná-li se o křížení siln",ne,P8222,906.882234294,Otrokovice - ZPS Zlín,"0,214",Ne,MK,,u žst.Otrokovice,49° 12' 02.72107'' N,17° 31' 55.34861'' E,49.20076,17.53204
17.62316908048054,49.216285873836739,150506140300,Zlín (Zlínský kraj),2014-04-04 13:33:00,komunikace místní,0,řidičem motorového vozidla,s řidičským oprávněním skupiny b,řidič nebyl ovlivněn,ne,dobrý -žádné nepříznivé okolnosti nebyly zjištěny,0,0,0,2,ŠKODA,nedošlo k požáru,1500,žádné z uvedených,osobní automobil bez přívěsu,2002,"soukromé, nevyužívané k výdělečné činnos",600,nebylo třeba užít násilí,nehoda pouze s hmotnou škodou,z boku,jiné nedání přednosti,"povrch suchý, neznečistěný",neztížené,dobré,na jízdním pruhu,žádná místní úprava,přímý úsek,neurčeno,vozidlo jedoucí - na komunikaci bez stan,srážka s vlakem,"nepřichází v úvahu, nejde o srážku s pev",živice,"dobrý, bez závad","ve dne, viditelnost nezhoršená vlivem po",dvoupruhová,světelným signalizačním zařízením,železniční přejezd zabezpečený,mimo křižovatku,ne,P8233,5.67426265094,Zlín-Malenovice - Zlín střed,"7,27",Ne,C,,Louky - Lapaj,49° 12' 58.77957'' N,17° 37' 23.27338'' E,49.21633,17.62313
17.644140118442905,49.221681255004214,150506140740,Zlín (Zlínský kraj),2014-08-08 15:40:00,komunikace místní,0,řidičem nemotorového vozidla,ostatní řidiči vozidel,řidič nebyl ovlivněn,ne,dobrý -žádné nepříznivé okolnosti nebyly zjištěny,0,1,0,1,žádná z uvedených,žádná z uvedených,10,žádné z uvedených,jízdní kolo,,"soukromé, nevyužívané k výdělečné činnos",10,nebylo třeba užít násilí,nehoda s následky na životě nebo zdraví,"nepřichází v úvahu, nejde o srážku jedou",řidič se plně nevěnoval řízení vozidla,"povrch suchý, neznečistěný",neztížené,dobré,na jízdním pruhu,žádná místní úprava,přímý úsek,neurčeno,vozidlo jedoucí - na komunikaci bez stan,havárie,"nepřichází v úvahu, nejde o srážku s pev",beton,"dobrý, bez závad","ve dne, viditelnost nezhoršená vlivem po",dvoupruhová,žádný způsob řízení provozu,železniční přejezd nezabezpečený,mimo křižovatku,ano,P8235,277.397865028,Zlín-Malenovice - Zlín střed,"8,673",Ne,C,,U INTERŠPÁRU,49° 13' 12.27116'' N,17° 38' 28.39148'' E,49.22008,17.64122
17.537218895659326,49.199311618983401,150506140819,Otrokovice (Zlínský kraj),2014-08-28 23:10:00,silnice 1.třídy,55,řidičem motorového vozidla,s řidičským oprávněním skupiny b,řidič nebyl ovlivněn,ne,dobrý -žádné nepříznivé okolnosti nebyly zjištěny,0,0,0,2,CITROEN,nedošlo k požáru,150,žádné z uvedených,osobní automobil bez přívěsu,1998,registrované mimo území ČR,100,nebylo třeba užít násilí,nehoda pouze s hmotnou škodou,z boku,jiné nedání přednosti,"povrch suchý, neznečistěný",neztížené,dobré,na jízdním pruhu,přednost vyznačena dopravními značkami,křižovatka průsečná - čtyřramenná,silnice 1.třídy,zachycuje směr jízdy křižovatkou,srážka s vlakem,"nepřichází v úvahu, nejde o srážku s pev",živice,"dobrý, bez závad","v noci - s veřejným osvětlením,viditelno",dvoupruhová,místní úprava (vyplní se pol. 24),železniční přejezd zabezpečený,"na křižovatce, uvnitř hranic křižovatky",ne,P8223,3.4446490455,Otrokovice - ZPS Zlín,"0,624",Ne,I.,,Kvítkovice,49° 11' 57.64152'' N,17° 32' 13.90729'' E,49.19934,17.5372
17.498891136354676,49.258181963172419,150506140942,Tlumačov (Zlínský kraj),2014-10-10 03:44:00,silnice 3.třídy,43826,řidičem motorového vozidla,s řidičským oprávněním skupiny d,řidič nebyl ovlivněn,ne,dobrý -žádné nepříznivé okolnosti nebyly zjištěny,0,0,0,2,MAN,nedošlo k požáru,700,žádné z uvedených,nákladní automobil s návěsem,2005,registrované mimo území ČR,0,nebylo třeba užít násilí,nehoda pouze s hmotnou škodou,boční,jiné nedání přednosti,"povrch suchý, neznečistěný",neztížené,dobré,na jízdním pruhu,žádná místní úprava,přímý úsek,neurčeno,jedoucí - proti směru staničení na komun,srážka s vlakem,"nepřichází v úvahu, nejde o srážku s pev",živice,"dobrý, bez závad","v noci - s veřejným osvětlením,viditelno",dvoupruhová,světelným signalizačním zařízením,železniční přejezd zabezpečený,mimo křižovatku,ne,P8170,13.0211624943,,"0,116",Ano,III,43826,,49° 15' 5.284'' N,17° 29' 4.949'' E,49.25147,17.48471
17.7356571895162,49.08961107804857,150506141193,Luhačovice (Zlínský kraj),2014-12-12 15:14:00,komunikace místní,0,řidičem motorového vozidla,s řidičským oprávněním skupiny c,řidič nebyl ovlivněn,ne,dobrý -žádné nepříznivé okolnosti nebyly zjištěny,0,1,0,2,RENAULT,nedošlo k požáru,1900,žádné z uvedených,osobní automobil bez přívěsu,2000,"soukromé, nevyužívané k výdělečné činnos",900,nebylo třeba užít násilí,nehoda s následky na životě nebo zdraví,z boku,proti příkazu dopravní značky STŮJ DEJ PŘEDNOST,"povrch suchý, neznečistěný",mlha,dobré,na jízdním pruhu,přednost vyznačena dopravními značkami,přímý úsek,neurčeno,vozidlo jedoucí - na komunikaci bez stan,srážka s vlakem,"nepřichází v úvahu, nejde o srážku s pev",živice,"dobrý, bez závad","ve dne, zhoršená viditelnost vlivem pově",dvoupruhová,místní úprava (vyplní se pol. 24),železniční přejezd nezabezpečený,mimo křižovatku,ne,P8043,7.32731351779,Újezdec u Luhačovic - Luhačovice,"7,914",Ne,B,,u firmy TOKO,49° 05' 22.78672'' N,17° 44' 08.12401'' E,49.08966,17.73559
17.7532369058741,49.217364732175952,150506150017,Želechovice nad Dřevnicí (Zlínský kraj),2015-01-01 18:00:00,komunikace místní,0,řidičem motorového vozidla,s řidičským oprávněním skupiny c,řidič nebyl ovlivněn,ne,dobrý -žádné nepříznivé okolnosti nebyly zjištěny,0,0,0,2,VOLKSWAGEN,nedošlo k požáru,350,žádné z uvedených,osobní automobil bez přívěsu,1998,"soukromé, nevyužívané k výdělečné činnos",150,nebylo třeba užít násilí,nehoda pouze s hmotnou škodou,z boku,jiné nedání přednosti,"na vozovce je náledí, ujetý sníh - nepos",neztížené,dobré,na jízdním pruhu,žádná místní úprava,přímý úsek,neurčeno,vozidlo jedoucí - na komunikaci bez stan,srážka s vlakem,"nepřichází v úvahu, nejde o srážku s pev",živice,"dobrý, bez závad","v noci - s veřejným osvětlením,viditelno",dvoupruhová,žádný způsob řízení provozu,železniční přejezd nezabezpečený,mimo křižovatku,ne,P8251,7.32178639967,Zlín střed - Lípa n.Dřevnicí,"17,427",Ne,O,,u firmy - plastová okna,49° 13' 02.75836'' N,17° 45' 11.70816'' E,49.21743,17.75325
17.502674139025942,49.2514473437408,150506150434,Tlumačov (Zlínský kraj),2015-05-15 07:50:00,silnice 3.třídy,43835,řidičem motorového vozidla,s řidičským oprávněním skupiny b,řidič nebyl ovlivněn,ne,dobrý -žádné nepříznivé okolnosti nebyly zjištěny,0,0,0,1,žádná z uvedených,nedošlo k požáru,75,žádné z uvedených,traktor (i s přívěsem),1981,"soukromá organizace (podnikatel, s.r.o.,",5,nebylo třeba užít násilí,nehoda pouze s hmotnou škodou,"nepřichází v úvahu, nejde o srážku jedou",řidič se plně nevěnoval řízení vozidla,"povrch suchý, neznečistěný",neztížené,dobré,na jízdním pruhu,žádná místní úprava,přímý úsek,neurčeno,jedoucí - proti směru staničení na komun,srážka s pevnou překážkou,závory železničního přejezdu,živice,"dobrý, bez závad","ve dne, viditelnost nezhoršená vlivem po",dvoupruhová,světelným signalizačním zařízením,železniční přejezd zabezpečený,mimo křižovatku,ne,P8169,7.39934734644,žst. Tlumačov,"160,859",Ano,III.,43835,na Machovou,49° 15' 05.07239'' N,17° 30' 09.32390'' E,49.25141,17.50259
17.401039527872424,49.3032466324048,150806150090,Kroměříž (Zlínský kraj),2015-02-23 14:42:00,silnice 3.třídy,36733,řidičem motorového vozidla,nezjištěno,jiné ovlivnění,nezjišťováno,jiný nepříznivý stav,0,0,0,1,žádná z uvedených,žádná z uvedených,150,žádné z uvedených,"nezjištěno, řidič ujel",,žádná z uvedených,0,žádná z uvedených,nehoda pouze s hmotnou škodou,"nepřichází v úvahu, nejde o srážku jedou",řidič se plně nevěnoval řízení vozidla,"povrch suchý, neznečistěný",neztížené,dobré,na jízdním pruhu,žádná místní úprava,přímý úsek,neurčeno,žádná z uvedených,srážka s pevnou překážkou,závory železničního přejezdu,živice,"dobrý, bez závad","ve dne, viditelnost nezhoršená vlivem po",čtyřpruhová s dělící čarou,světelným signalizačním zařízením,železniční přejezd zabezpečený,mimo křižovatku,ne,P7243,19.4105855456,,"0,175",ne,II,432,ul. Hulínská,49° 18' 11.04'' N,17° 24' 3.445'' E,49.30307,17.40096